ItemNum,ItemName,Dept_ID,Cost,Category_ID,Category_Name,AltSku
000000002,PANDA JOY 60ML,ZIIPLAB,0.00000000,NONE,NONE,649275504440
00000004,FRUT 60ML,10,0.00000000,NONE,NONE,685349763061
00000005,MELON BALL 60ML,10,0.00000000,NONE,NONE,685349763238
00000006,VAPE MAID 60ML,10,0.00000000,NONE,NONE,685349763160
0000003,COCONUT H20 60ML,10,0.00000000,NONE,NONE,685349763030
00000170259,DAZZVAPE MECH KIT,2,0.00000000,NONE,NONE,
000308,BAMBINO RDA,6,0.00000000,NONE,NONE,
000310,KENNEDY RDA CLONE,6,0.00000000,NONE,NONE,
000312,HOBO RDA,6,0.00000000,NONE,NONE,
000315,NEMESIS BOX MOD,3,20.00000000,NONE,NONE,
0006419926,vaporesso xros mini,2,0.00000000,NONE,NONE,
00091,Bulb Clearomizer,5,0.00000000,NONE,NONE,
00123,LITHICORE 18650,4,0.00000000,NONE,NONE,001234
0013415350400,OFF THE RECORD SALT,SALT NIC,0.00000000,NONE,NONE,
00304,IPV 5 200W,3,47.00000000,NONE,NONE,
0043131940,VAPORESSO ECO NANP SPRKLG PRPL,2,0.00000000,NONE,NONE,
0043425189,VAPORESSO ECO NANO FOGGY BLUE,2,0.00000000,NONE,NONE,
0043645967,VAPORESSO ECO NANO UNVRSL GREY,2,0.00000000,NONE,NONE,
00856840006135,vocc-t coil,5,0.00000000,NONE,NONE,852401007238
008660006066,ZIG ZAG 1 1/4 UNBLEACHED CONES,1,0.00000000,NONE,NONE,
008660006097,ZIG ZAG 1 1/4 ORG HEMP CONES,1,0.00000000,NONE,NONE,
008660007292,ZIGZAG UNBLEACH KGSLIM,TOBACCO,0.00000000,NONE,NONE,
008660007384,ZIG ZAG ORGHEMP 1 1/4 PAPER EA,TOBACCO,0.00000000,NONE,NONE,
008660007988,ZIGZAG ORGHEMP KINGSLIM,TOBACCO,0.00000000,NONE,NONE,
008660008664,ZZ 70S ULTRA THIN MINI CONES,1,0.00000000,NONE,NONE,
008660008848,ZZ 70S UNBLEACHED CONES 24PACK,1,0.00000000,NONE,NONE,
008660097354,ZIGZAG BR FR ULTRATHIN 1 1/2,TOBACCO,0.00000000,NONE,NONE,
00866246,ZIG ZAG ORANGE 1 1/4 PAPER EA,TOBACCO,0.00000000,NONE,NONE,
00866741,ZIGZAG KING SIZE EA PAPER,TOBACCO,0.00000000,NONE,NONE,
009763697922,APPLE(]MANGO(]ORANGE(]PEACH ICE,ZIIPLAB,0.00000000,NONE,NONE,
009763697946,MR SKY BERRY ICE / GRAPE ICE,ZIIPLAB,0.00000000,NONE,NONE,
009763697960,MR SKY 2IN1 SNOW MINT(] MENTHOL,ZIIPLAB,0.00000000,NONE,NONE,
009763697977,MR SKY LUSH ICE / PINK LEMONAD,ZIIPLAB,0.00000000,NONE,NONE,
009800001026,TIC TAC FRESHMINTS,9,0.00000000,NONE,NONE,
009800001033,TIC TAC ORANGE,9,0.00000000,NONE,NONE,
009800006304,TIC TAC,9,0.00000000,NONE,NONE,
009800007462,TIC TAC,9,0.00000000,NONE,NONE,
010101010101,CBD GUMMIES 250MG,CBD,0.00000000,NONE,NONE,
01012,TFV 16 DRIP TIPS,8,0.00000000,NONE,NONE,01012
01018989234,HYDE COLOR EDITION,ZIIPLAB,0.00000000,NONE,NONE,725272730744
010205,CLOAK BATTERY,4,0.00000000,NONE,NONE,8500121480122
010700060808,HEATH BAR,9,0.00000000,NONE,NONE,
01111,SPINNER III S,4,0.00000000,NONE,NONE,
012000028632,MTN DEW VOLTAGE RASPBERRY,9,0.00000000,NONE,NONE,
012000161155,LIFE WATER 1 LITER WATER,9,0.00000000,NONE,NONE,
012000171635,LIFEWATER 20 OZ,9,0.00000000,NONE,NONE,
012000286193,PURE LEAF SWT TEA,9,0.00000000,NONE,NONE,
012000813313,STARNUCKS FRAP VANILLA,9,0.00000000,NONE,NONE,
01201303,PEPSI 12OZ CAN,9,0.00000000,NONE,NONE,
012019000711,BLACK DIAMOND 2ML D8,ZIIPLAB,0.00000000,NONE,NONE,102019000207
01212901,PEPSI 20OZ BOTTLE,ZIIPLAB,0.00000000,NONE,NONE,
01213104,MOUNTAIN DEW 20OZ BOTTLE,9,0.00000000,NONE,NONE,
01215908,AQUAFINA 20 OZ,9,0.00000000,NONE,NONE,
01218002,STARBUCKS FRAPPE COFFEE,9,0.00000000,NONE,NONE,
012300197410,camel crush,CIGARETE,0.00000000,NONE,NONE,
01230331,CAMEL FILTERS,CIGARETE,0.00000000,NONE,NONE,
01230739,CAMEL BLUE KING,CIGARETE,0.00000000,NONE,NONE,
01239332,CAMEL CRUSH MENTHOL,CIGARETE,0.00000000,NONE,NONE,
01239439,CAMEL CRUSH MENTHOL SILVER,CIGARETE,0.00000000,NONE,NONE,
012436990367,TWIST TOBACCO GOLD N1,SALT NIC,0.00000000,NONE,NONE,
012436990374,TWIST TOBACCO GOLD N1,SALT NIC,0.00000000,NONE,NONE,019213583729
012436990381,TWIST SALT TOBACCO GOLD,SALT NIC,0.00000000,NONE,NONE,
012436990398,TWIST GOLD 1,CLEARNCE,0.00000000,NONE,NONE,
012436991166,TWIST 3MG BANANA AMBER,10,0.00000000,NONE,NONE,
012436991173,TWIST 6MG BANANA  AMBER,10,0.00000000,NONE,NONE,
012436991258,TWIST 120ML FROSTED AMBER 3MG,10,0.00000000,NONE,NONE,
012436991265,TWIST 120ML FROSTED AMBER 6MG,10,0.00000000,NONE,NONE,
012436991326,TWIST BERRY AMBER 120ML 6MG,10,0.00000000,NONE,NONE,
012436991418,TWIST 120ML SOUR RED 6MG,10,0.00000000,NONE,NONE,
012436991463,TWIST WILDRED 120ML 3MG,10,0.00000000,NONE,NONE,
012436991470,TWIST WILDRED 120ML 6MG,10,0.00000000,NONE,NONE,
012436992538,TWIST RAINBOW NO.1 35MG,10,0.00000000,NONE,NONE,
012436992545,TWIST RAINBOW NO.1 50MG,10,0.00000000,NONE,NONE,
012436992552,TWIST RAINBOW 35MG,10,0.00000000,NONE,NONE,
012436992569,TWIST SOUR RED 50MG,10,0.00000000,NONE,NONE,
012436992590,TWIST WHITE GRAPE 35MG,SALT NIC,0.00000000,NONE,NONE,
012436992606,TWIST WHITE GRAPE 50MG,SALT NIC,0.00000000,NONE,NONE,
012436993115,TWIST 120ML MINT 0,10,0.00000000,NONE,NONE,
012436993122,TWIST 120ML MINT 0,10,0.00000000,NONE,NONE,
012436993283,TWIST MINT NO.1 35MG,10,0.00000000,NONE,NONE,
012436993290,TWIST MINT NO.1 50MG,10,0.00000000,NONE,NONE,
012436996499,CN WATERMELON BERRY 3MG,10,0.00000000,NONE,NONE,
012436996505,CN WATERMELON BERRY 6MG,10,0.00000000,NONE,NONE,
012436996529,CN WATERMELON BERRY ICE 3MG,10,0.00000000,NONE,NONE,
012436996536,CN WATERMELON BERRY ICE 6MG,10,0.00000000,NONE,NONE,
012436997656,CN SOUR WTRMLN STRAWBERRY 6MG,10,0.00000000,NONE,NONE,
012436997663,CN SOUR WTRMLN STRAWBERRY 6MG,10,0.00000000,NONE,NONE,
01245200,STARBUCKS FRAPPE MOCHA,9,0.00000000,NONE,NONE,
01280504,DIET PEPSI 12OZ CAN,9,0.00000000,NONE,NONE,
01281804,DIET PEPSI ZERO CAF 12OZ CAN,9,0.00000000,NONE,NONE,
013415350554,TWIST MINT 0,SALT NIC,0.00000000,NONE,NONE,
013415350561,TWIST MINT 0,SALT NIC,0.00000000,NONE,NONE,
013415352114,TWIST MINT 0,SALT NIC,0.00000000,NONE,NONE,
013415353111,TWIST PURPLE N0.1,10,0.00000000,NONE,NONE,
013415358284,TWIST MENTHOL NO.1 3MG,10,0.00000000,NONE,NONE,
013415358291,TWIST MENTHOL NO.1 6MG,10,0.00000000,NONE,NONE,
013415358307,TWIST MENTHOL NO.1 12 MG,10,0.00000000,NONE,NONE,
013415358314,TWIST MENTHOL NO.1 18 MG,10,0.00000000,NONE,NONE,
017082000033,JACK LINKS OG STICK 1 OZ,9,0.00000000,NONE,NONE,
017082000231,JACK LINKS PEPPERED,9,0.00000000,NONE,NONE,
017082000392,JACK LINKS BEEF STICK & AM CH,9,0.00000000,NONE,NONE,
017082000408,JACK LINKS BEEF & CHEESE JALAP,9,0.00000000,NONE,NONE,
017082000453,JACK LINKS ORIG JERKY CHEW,9,0.00000000,NONE,NONE,
017082000484,JACK LINKS TERYAKI JERKY CHEW,9,0.00000000,NONE,NONE,
017082000736,JACK LINKS TERIYAKI STICK 1 OZ,9,0.00000000,NONE,NONE,
017082010155,JACK LINKS OG MEAT SNACK STICK,9,0.00000000,NONE,NONE,
017082011626,JACK LINKS SWEET & HOT,9,0.00000000,NONE,NONE,
017082600035,JACK LINKS ORIGINAL 2 OZ,9,0.00000000,NONE,NONE,
017082600233,JACK LINKS PEPPERED 2 OZ,9,0.00000000,NONE,NONE,
017082600738,JACK LINKS TERYAKI,9,0.00000000,NONE,NONE,
017082883889,JACK LINKS SWEET & HOT JERKY,9,0.00000000,NONE,NONE,
017082883896,JACK LINKS TERIYAKI 3.25,9,0.00000000,NONE,NONE,
017082883902,JACK LINKS JAL BEEF JERKY 3.25,9,0.00000000,NONE,NONE,
017082883919,JACK LINKS ORIGINAL 3.25,9,0.00000000,NONE,NONE,
017082883926,JACK LINKS PEPPERED 3.25,9,0.00000000,NONE,NONE,
017082885845,JACK LINKS ORIG BEEF JERKY,9,0.00000000,NONE,NONE,
017082885852,JACK LINKS BEEF TENDER BITES T,9,0.00000000,NONE,NONE,
018230,VT75 MOD,3,34.50000000,NONE,NONE,002307
019213583774,TWIST RED NO.1,10,0.00000000,NONE,NONE,
019213583781,TWIST RED NO.1  50MG,SALT NIC,0.00000000,NONE,NONE,
01928345,TFV16 REPLACEMENT GALSS SMOK,8,0.00000000,NONE,NONE,6940695631070
019951995234,HEMP TINCTURE 500MG,CBD,0.00000000,NONE,NONE,810015390337
019962815140,CBD EDIBLES,8,0.00000000,NONE,NONE,
021136010374,TOPO CHICO MINERAL WATER 12 OZ,9,0.00000000,NONE,NONE,
021893839645,Hawaiian Pog 50mg,SALT NIC,0.00000000,NONE,NONE,
021893839683,Lava Flow 50mg,SALT NIC,0.00000000,NONE,NONE,
021893839805,MELON KIWI 35MG,SALT NIC,0.00000000,NONE,NONE,
021893839812,Melon Kiwi 50mg,SALT NIC,0.00000000,NONE,NONE,
021893839928,Really Berrry 35mg,SALT NIC,0.00000000,NONE,NONE,
021893840092,MENTHOL MELON 35MG,SALT NIC,0.00000000,NONE,NONE,
021893840108,MELON MENTHOL 50MG,SALT NIC,0.00000000,NONE,NONE,
021893840146,Mint 35mg,SALT NIC,0.00000000,NONE,NONE,
021893840153,Mint 50mg,SALT NIC,0.00000000,NONE,NONE,
021893840153Q,NKD 100 MINT 50 MG,SALT NIC,0.00000000,NONE,NONE,
021893840184,Menthol Stawberry Pom 35mg,SALT NIC,0.00000000,NONE,NONE,
021893840191,STRAWBERRY POM MENTHOL 50MG,SALT NIC,0.00000000,NONE,NONE,
021893840221,American Patriots 35mg,SALT NIC,0.00000000,NONE,NONE,
021893840238,American Patriots 50mg,SALT NIC,0.00000000,NONE,NONE,
021893840269,Cuban Blend 35mg,SALT NIC,0.00000000,NONE,NONE,
021893840283,Cuban blend 50mg,SALT NIC,0.00000000,NONE,NONE,
021893840313,Euro Gold 35mg,SALT NIC,0.00000000,NONE,NONE,
021893840320,EURO GOLD 50MG,SALT NIC,0.00000000,NONE,NONE,
022000005120,5 PEPPERMINT COBALT GUM,9,0.00000000,NONE,NONE,
022000005144,5 SPEARMINT RAIN GUM,9,0.00000000,NONE,NONE,
022000013200,ECLIPSE GUM,9,0.00000000,NONE,NONE,
022000013316,ECLIPSE GUM,9,0.00000000,NONE,NONE,
022000159342,ALTOIDS,9,0.00000000,NONE,NONE,
022592007014,OZARKA SMALL WATER,9,0.00000000,NONE,NONE,
02266503,WRIGLEY SPEARMINT GUM,9,0.00000000,NONE,NONE,
02266600,WRIGLEYS DOUBLEMINT GUM,9,0.00000000,NONE,NONE,
02266804,WRIGLEYS BIG RED GUM,9,0.00000000,NONE,NONE,
02266901,WRIGLEYS WINTERFRESH GUM,9,0.00000000,NONE,NONE,
02283801,EXTRA SWEET WATERMELON GUM,9,0.00000000,NONE,NONE,
02284509,EXTRA CLASSIC BUBBLEGUM GUM,9,0.00000000,NONE,NONE,
02289106,EXTRA PEPPERMINT GUM,9,0.00000000,NONE,NONE,
02289805,EXTRA POLAR ICE GUM,9,0.00000000,NONE,NONE,
02289902,EXTRA SPEARMINT GUM,9,0.00000000,NONE,NONE,
023867979494,Kush Burst D8 Watermelon Bliss,CBD,0.00000000,NONE,NONE,023867979494
023867979586,Kust Burst D8 Blue Raspberry,CBD,0.00000000,NONE,NONE,023867979586
023942394023,PUFF MINI ENERGY DRINK,ZIIPLAB,0.00000000,NONE,NONE,
024589790923,SILVER BACK JENNY,10,0.00000000,NONE,NONE,024589790930
024589790947,SILVER BACK SANDY,10,0.00000000,NONE,NONE,024589790954
024589790961,SILVER BACK ROCKY,10,0.00000000,NONE,NONE,024589790978
024589790985,SILVER BACK BOOBOO,10,0.00000000,NONE,NONE,024589790992
024589791005,SILVER BACK LOLA,10,0.00000000,NONE,NONE,024589791012
024589791029,SILVER BACK AMY,10,0.00000000,NONE,NONE,
024589791036,SILVER BACK AMY 6MG 1220ML,10,0.00000000,NONE,NONE,
024589791043,SILVER BACK HARAMBE,10,0.00000000,NONE,NONE,024589791050
025000066016,MINUTE MAID STRAW LEMONADE FZN,9,0.00000000,NONE,NONE,
025900225452,SWISHER COOKIES&CREAM 2/$1.39,TOBACCO,0.00000000,NONE,NONE,
025900236762,SWISHER BLK $1.49 COCOA,TOBACCO,0.00000000,NONE,NONE,
025900236878,SWISHER BLK $1.49 SMOOTH,TOBACCO,0.00000000,NONE,NONE,
025900236885,SWISHER BLK $1.49 CHERRY,TOBACCO,0.00000000,NONE,NONE,
025900236892,SWISHER BLK $1.49 GRAPE,TOBACCO,0.00000000,NONE,NONE,
025900236908,SWISHER BLK $1.49 BERRY,TOBACCO,0.00000000,NONE,NONE,
025900236915,SWISHER BLK $1.49 WINE,TOBACCO,0.00000000,NONE,NONE,
025900255657,MANGO BLAZE 2 FOR 1.39,TOBACCO,0.00000000,NONE,NONE,
025900442538,DIAMONDS 2 FOR 1.39,TOBACCO,0.00000000,NONE,NONE,
025900445522,CLASSIC 2 FOR 1.39,TOBACCO,0.00000000,NONE,NONE,
025900445546,GRAPE 2 FOR 1.39,TOBACCO,0.00000000,NONE,NONE,
025900445553,SWISHER GREEN  2/$1.39,TOBACCO,0.00000000,NONE,NONE,
025900445560,SWISHER BLUEBERRY 2/$1.39,TOBACCO,0.00000000,NONE,NONE,
025900445584,SWISHER CREAM 2/$1.39,TOBACCO,0.00000000,NONE,NONE,
025900445591,SWISHER STRAWBERRY 2/$1.39,TOBACCO,0.00000000,NONE,NONE,
025900445607,TROPICAL FUSION 2 FOR 1.39,TOBACCO,0.00000000,NONE,NONE,
025900445614,SWISHER WILDRUSH 2/$1.39,TOBACCO,0.00000000,NONE,NONE,
025900445621,WHITE GRAPE 2 FOR 1.39,TOBACCO,0.00000000,NONE,NONE,
025900445638,SWISHER PEACH 2/$1.39,TOBACCO,0.00000000,NONE,NONE,
025900445652,SWISHER BANANA SMASH  2/$1.39,TOBACCO,0.00000000,NONE,NONE,
025900445676,HONEY BANANA 2 FOR 1.39,TOBACCO,0.00000000,NONE,NONE,
026200117003,SLIM JIM ORIG GIANT SLIM,9,0.00000000,NONE,NONE,
026200117508,SLIM JIM GIANT MILD,9,0.00000000,NONE,NONE,
026200140605,SLIM JIM OG MONSTER SIZE,9,0.00000000,NONE,NONE,
026200144771,SLIM JIM SAVAGE ORIG,9,0.00000000,NONE,NONE,
02657318,NEWPORT MENTHOL 100 BOX,CIGARETE,0.00000000,NONE,NONE,
02657512,NEWPORT MENTHOL KING BOX,CIGARETE,0.00000000,NONE,NONE,
02665618,NEWPORT RED KING,CIGARETE,0.00000000,NONE,NONE,
02665715,NEWPORT RED 100,CIGARETE,0.00000000,NONE,NONE,
027541000481,NIAGRA GALLON,ZIIPLAB,0.00000000,NONE,NONE,
02754185,NIAGRA WATER 16.9OZ,9,0.27000000,NONE,NONE,
02835727,MARLBORO RED KING BOX,CIGARETE,0.00000000,NONE,NONE,
02836328,MARLBORO RED 100 BOX,CIGARETE,0.00000000,NONE,NONE,
02838423,MARLBOROGOLD KING BOX,CIGARETE,0.00000000,NONE,NONE,
028400331548,LAYS BAKED ORIGINAL,9,0.00000000,NONE,NONE,
028400355599,LAYS BARBECUE CHIPS,9,0.00000000,NONE,NONE,
028400355841,RUFFLES CHEDDAR & SOUR CREAM,9,0.00000000,NONE,NONE,
028400356145,CHEETOS CRUNCHY 2.75 OZ,9,0.00000000,NONE,NONE,
028400356169,CHEETOS FLAMIN HOT2.75 OZ,9,0.00000000,NONE,NONE,
028400356787,DORITOS COOL RANCH,9,0.00000000,NONE,NONE,
028400357012,DORITOS NACHO CHEESE,9,0.00000000,NONE,NONE,
028400357395,FUNYUNS 1 7/8 OZ,9,0.00000000,NONE,NONE,
028400357449,SUN CHIP HARVEST CHEDDAR,9,0.00000000,NONE,NONE,
028400357777,MISS VICKIES JALAPENO CHIPS,9,0.00000000,NONE,NONE,
028400357838,MISS VICKIES SEA SALT CHIPS,9,0.00000000,NONE,NONE,
02846529,MARLBORO GOLD 100 BOX,CIGARETE,0.00000000,NONE,NONE,
029428394823,PUFF MINI MIXED FRUIT,ZIIPLAB,0.00000000,NONE,NONE,
02TG5FIG33301125,CALIBURN A2 0.9 EACH,5,0.00000000,NONE,NONE,6941736502601
030100125150,KEEBLER CHEESE & PEANUT BUTTER,9,0.00000000,NONE,NONE,
030100125181,KEEBLER PEANUT BUTTER CRACKERS,9,0.00000000,NONE,NONE,
030100125211,KEEBLER CLUB AND CHEDDAR,9,0.00000000,NONE,NONE,
030100211488,KEEBLER CHEESE & CHEDDAR,9,0.00000000,NONE,NONE,
03206262,$10 60ML CLEARANCE,CLEARNCE,0.00000000,NONE,NONE,040232393068
03230350,LIX SALT NIC 35MG,SALT NIC,0.00000000,NONE,NONE,02533353
03248234823890,PUFF MINI RED WINE,ZIIPLAB,0.00000000,NONE,NONE,
032733898470,HELIX BAR STRAWBERRY,ZIIPLAB,0.00000000,NONE,NONE,032733898470
032733898487,HELIX BAR STRAWBERRY ICED,ZIIPLAB,0.00000000,NONE,NONE,032733898487
032733898494,HELIXBAR mango disposable,ZIIPLAB,0.00000000,NONE,NONE,
032733898500,HELIX BAR - MANGO ICED,ZIIPLAB,0.00000000,NONE,NONE,
032733898524,HELIXBAR blue raspberry ice,ZIIPLAB,0.00000000,NONE,NONE,
032733898531,HELIX BAR CAKE,ZIIPLAB,0.00000000,NONE,NONE,
032733898548,HELIXBAR mint,ZIIPLAB,0.00000000,NONE,NONE,
032733898555,HELIXBAR apple,ZIIPLAB,0.00000000,NONE,NONE,
032733898562,HELIX BAR APPLE ICED,ZIIPLAB,0.00000000,NONE,NONE,
032733898586,HELIX BAR WATERMELON ICE,ZIIPLAB,0.00000000,NONE,NONE,
032733900975,HELIX BAR - GRAPE,ZIIPLAB,0.00000000,NONE,NONE,
032733900982,HELIX BAR - GRAPE ICE,ZIIPLAB,0.00000000,NONE,NONE,
032733901033,HELIX BAR - PEACH,ZIIPLAB,0.00000000,NONE,NONE,
032733901040,HELIX BAR - PEACH ICE,ZIIPLAB,0.00000000,NONE,NONE,
032733903082,DAZE SALT APPLE 30MG,10,0.00000000,NONE,NONE,032733903198
032733903105,DAZE SALT APPLE GRAPE 30MG,10,0.00000000,NONE,NONE,
032733903112,DAZE SALT GRAPE ICED 30MG,10,0.00000000,NONE,NONE,
032733903143,Daze Apple Peach,ZIIPLAB,0.00000000,NONE,NONE,
032733903204,DAZE SALT APPLWATRMELN 30MG,10,0.00000000,NONE,NONE,
032733903228,DAZE SALT APPLE GUAVA 30MG,10,0.00000000,NONE,NONE,
032733903242,DAZE SALT APPLE BERRIES 30MG,10,0.00000000,NONE,NONE,
032733903266,DAZE SALT APPLE 50MG,10,0.00000000,NONE,NONE,
032733903327,,SALT NIC,0.00000000,NONE,NONE,
032733903341,DAZE SALT APPL FRT MIX 50MG,10,0.00000000,NONE,NONE,032733903099
032733903389,DAZE SALT APPLWATERMLN 50MG,10,0.00000000,NONE,NONE,
032733903426,DAZE SALT APPLE BERRIES 50MG,10,0.00000000,NONE,NONE,
03400607,ICE BREAKERS SPEARMINT,9,0.00000000,NONE,NONE,
03400704,ICE BREAKERS COOL MINT,9,0.00000000,NONE,NONE,
03400908,ICE BREAKERS WINTERGREEN,9,0.00000000,NONE,NONE,
03405204,REESES FAST BREAK,9,0.00000000,NONE,NONE,
03423909,HERSHEYS COOKIES N CREME BAR,9,0.00000000,NONE,NONE,
03424005,HERSHEYS MILK CHOCOLATE BAR,9,0.00000000,NONE,NONE,
03424102,HERSHEYS ALMOND BAR,9,0.00000000,NONE,NONE,
03424607,KIT KAT BAR,9,0.00000000,NONE,NONE,
03434002,CADBURY CARAMELLO BAR,9,0.00000000,NONE,NONE,
03438600,REESES TAKE 5,9,0.00000000,NONE,NONE,
03444009,REESES PEANUT BUTTER CUPS 2PK,9,0.00000000,NONE,NONE,
03452202,ALMOND JOY,9,0.00000000,NONE,NONE,
03476406,BREATH SAVERS PEPPERMINT,9,0.00000000,NONE,NONE,
03476707,BREATH SAVERS WINTERGREEN,9,0.00000000,NONE,NONE,
03477104,BREATH SAVERS,9,0.00000000,NONE,NONE,
036,CAKE LINE 60ML,10,7.00000000,NONE,NONE,
036000291452,VAPE TRICK KIT,8,0.00000000,NONE,NONE,
038000183690,PRINGLES BBQ,9,0.00000000,NONE,NONE,
038000328534,PRINGLES HOT ONES BARBACOA,9,0.00000000,NONE,NONE,
03924823984,PUFF MINI MANGO SLUSH,ZIIPLAB,0.00000000,NONE,NONE,
039339999464,NIC BAR BLOOD ORANGE,ZIIPLAB,0.00000000,NONE,NONE,
039339999471,NIC BAR BLOOD ORANGE ICE,ZIIPLAB,0.00000000,NONE,NONE,
039339999495,NIC BAR STRAWBERRY GUAVA ICE,ZIIPLAB,0.00000000,NONE,NONE,
039339999518,NIC BAR RASPBERRY ICE,ZIIPLAB,0.00000000,NONE,NONE,
039339999525,NIC BAR SOUR APPLE ICE,ZIIPLAB,0.00000000,NONE,NONE,
040000000310,M&M MILK CHOCOLATE,9,0.00000000,NONE,NONE,
040000000327,M&MS PEANUT,9,0.00000000,NONE,NONE,
040000001447,M&M PEANUT BUTTER,9,0.00000000,NONE,NONE,
040000001607,SKITTLES ORIGINAL,9,0.00000000,NONE,NONE,
040000004356,TWIX BAR,9,0.00000000,NONE,NONE,
040000006039,3 MUSKATEERS,9,0.00000000,NONE,NONE,
040000422068,MILKY WAY BAR,9,0.00000000,NONE,NONE,
040000424314,SNICKERS BAR,9,0.00000000,NONE,NONE,
040000459842,DOVE MILK CHOCOLATE,9,0.00000000,NONE,NONE,
040232393006,CRISPY TREATS 60ML,10,12.00000000,NONE,NONE,040232392986
040232443572,BOMB SAUCE 120ML PEACH 3MG,10,0.00000000,NONE,NONE,040232443527
040232443916,AP SALT(BOMB SAUCE)30ML,SALT NIC,0.00000000,NONE,NONE,040232444555
040232468964,ZABBA 100ML,10,0.00000000,NONE,NONE,040232468926
040232540059,CLASSIC PEPPERMINT SALT 30ML,10,0.00000000,NONE,NONE,040232540059
040232541346,LOST BLCKBRY PNCH 3MG 60ML,10,0.00000000,NONE,NONE,
040232541377,LOST PINAPPL GUVA MLN 3MG 60ML,10,0.00000000,NONE,NONE,
040232651878,AP V 120ML MG grape,10,0.00000000,NONE,NONE,
040232663833,ETHOS CANDY TREATS 120ML,10,0.00000000,NONE,NONE,040232663826
040385160838,ACTIVE,3,0.00000000,NONE,NONE,
0404199504,ZSTICK ZIIP,ZIIPLAB,0.00000000,NONE,NONE,673869550636
046139377064,TREETOP D8 ORANGE COOKIES,CBD,0.00000000,NONE,NONE,
046139377071,TREETOP DELTA 8 ORANGE COOKIE,ZIIPLAB,0.00000000,NONE,NONE,
046139377095,TREETOP DELTA 8 CHERRY PIE,ZIIPLAB,0.00000000,NONE,NONE,
046139377118,TREETOP D8 CHERRY PIE,CBD,0.00000000,NONE,NONE,
046139377125,TREETOP D8 GUMMY PEACH,CBD,0.00000000,NONE,NONE,
046139377132,TREETOP PEACH 30MG,CBD,0.00000000,NONE,NONE,
046149838982,PROPHET STRAW MELON TWIST,ZIIPLAB,0.00000000,NONE,NONE,
046149839002,PROPHET TROPI BLUE RASP,ZIIPLAB,0.00000000,NONE,NONE,
046149839026,PROPHET BLU LEMON DRP,ZIIPLAB,0.00000000,NONE,NONE,
046149839040,PROPHET FRUITY BUBBLEGUM,ZIIPLAB,0.00000000,NONE,NONE,
046149839064,PROPHET PINEAPPLE BURST,ZIIPLAB,0.00000000,NONE,NONE,763331694125
046708726729,WATER SOLUBLE 150MG CBD,CBD,10.00000000,NONE,NONE,
046708726736,WATER SOLUBLE 300MG CBD,CBD,13.00000000,NONE,NONE,
046708726743,WATER SOLUBLE 500MG CBD,CBD,17.00000000,NONE,NONE,
046708726750,WATER SOLUBLE 1000MG CBD,CBD,25.00000000,NONE,NONE,
046708726767,MCT OIL 250MG CBD,CBD,11.00000000,NONE,NONE,
046708726774,MCT OIL 500MG,CBD,17.00000000,NONE,NONE,
046708726781,MCT OIL 100MG CBD,CBD,25.00000000,NONE,NONE,
046708726798,MCT OIL 1500MG CBD,CBD,34.99000000,NONE,NONE,
046708726804,WATER SOLUBLE 1500MG CBD,CBD,36.00000000,NONE,NONE,
047393691859,COTTON BACON PRIME,1,0.00000000,NONE,NONE,
047995855055,AMERICAN SPIRIT LGHT GREEN,CIGARETE,0.00000000,NONE,NONE,
047995855079,AMERICA SPIRIT BLACK,CIGARETE,0.00000000,NONE,NONE,
047995855086,AMERICA SPIRIT BLUE,CIGARETE,0.00000000,NONE,NONE,
047995855087,AMERICA SPIRIT GREEN,CIGARETE,0.00000000,NONE,NONE,
047995855093,AMERICA SPIRIT YELLOW,CIGARETE,0.00000000,NONE,NONE,
047995855222,AMERICA SPIRIT DARK GREEN,CIGARETE,0.00000000,NONE,NONE,
047995855246,AMERICA SPIRIT TORQUOISE,CIGARETE,0.00000000,NONE,NONE,
048500001769,TROPICANA APPLE JUICE 10OZ,9,0.00000000,NONE,NONE,
048500008386,TROPICANA CRANBERRY JUICE 10OZ,9,0.00000000,NONE,NONE,
049000014235,FANTA ORANGE 12OZ CAN,9,0.00000000,NONE,NONE,
049000014266,FANTA STRAWBERRY 12OZ CAN,9,0.00000000,NONE,NONE,
049000014273,FANTA PINEAPPLE 12OZ CAN,9,0.00000000,NONE,NONE,
049000023855,BARQS ROOT BEER 12 OZ CAN,9,0.00000000,NONE,NONE,
049000029901,PIBB XTRA CAN 12 OZ,9,0.00000000,NONE,NONE,
049000040869,COCA COLA ZERO BOTTLE 20OZ,9,0.00000000,NONE,NONE,
049000042566,COCA COLA ZERO 12OZ,9,0.00000000,NONE,NONE,
049000067330,GOLD PEAK SWEET TEA16.9 OZ,9,0.00000000,NONE,NONE,083900005757
049000558760,COCA COLA ORANGE CREAM 12OZ,9,0.00000000,NONE,NONE,
049000559064,SPRITE TROPICAL MIX,9,0.00000000,NONE,NONE,
049000562545,MR PIBB,9,0.00000000,NONE,NONE,
04904403,COCA COLA 20 OZ BOTTLE,9,0.00000000,NONE,NONE,
04904500,COCA COLA DIET 20 OZ BOTTLE,9,0.00000000,NONE,NONE,
04905004,COCA COLA CHERRY 12 OZ CAN,9,0.00000000,NONE,NONE,
04913207,Sprite Can 12oz can,9,0.00000000,NONE,NONE,
04936509,COCA COLA VANILLA 12 OZ CAN,9,0.00000000,NONE,NONE,
04963406,COCA COLA 12 OZ CAN,9,0.00000000,NONE,NONE,
04965802,DIET COKE 12OZ CAN,9,0.00000000,NONE,NONE,
04976400,SPRITE DIET 20 OZ BOTTLE,9,0.00000000,NONE,NONE,
04997704,DASANI WATER 20 OZ,9,1.79000000,NONE,NONE,
04997705,DASANI WATER 20 OZ,9,1.79000000,NONE,NONE,
050620007002,JEWEL MINT,ZIIPLAB,0.00000000,NONE,NONE,
051000272935,V8 ENERGY PEACH MANGO,9,0.00000000,NONE,NONE,
051000272942,V8 ENERGY POMEGRANATE BLUEBERY,9,0.00000000,NONE,NONE,
051497066741,Blazy Susan fanny pack,8,0.00000000,NONE,NONE,
051497221768,BLAZY SUSAN 32MM DAB JAR SILI,1,0.00000000,NONE,NONE,
052000010121,GATORADE PROTEIN BAR PB CHOC,9,0.00000000,NONE,NONE,
052000043549,GATORADE ZERO GLACIER FREEZE,9,0.00000000,NONE,NONE,052000324815
052000102475,GATORADE GLCR CHRY,CLEARNCE,0.00000000,NONE,NONE,
052000104325,GATORADE PROTEIN BAR CHOC CHIP,9,0.00000000,NONE,NONE,
052000104332,GATORADE PROTEIN BAR CHOC CRML,9,0.00000000,NONE,NONE,
052000208429,GATORADE GRAPE,9,0.00000000,NONE,NONE,
052000324860,GATORADE GLCR FRZ,9,0.00000000,NONE,NONE,
052000328660,GATORADE FRUIT PUNCH 20OZ,9,0.00000000,NONE,NONE,
052000328677,GATORADE ORANGE 20OZ,9,0.00000000,NONE,NONE,
053176356723,CAROUSEL SALTS 50MG,10,0.00000000,NONE,NONE,
053176359793,CAROUSEL SALT 24MG,10,0.00000000,NONE,NONE,
053176359946,CAROUSEL ICE SALT 24MG,10,0.00000000,NONE,NONE,
053176360348,INNEVAPE SALT,SALT NIC,0.00000000,NONE,NONE,053176356723
053176360362,TNT MENTHOL,SALT NIC,0.00000000,NONE,NONE,053176358284
053176361116,HEISENBERG MENTHOL,10,0.00000000,NONE,NONE,
053176361123,HEISENBERG MENTHOL,10,0.00000000,NONE,NONE,
053176362861,HEISENBERG OR CAROUSEL75ml,10,0.00000000,NONE,NONE,053176357829
053176377759,THE BERG ICE 24MG,SALT NIC,0.00000000,NONE,NONE,
053176378183,HEISENBERG BERRY MENTHOL 3MG,10,0.00000000,NONE,NONE,
053176378190,HEISENBERG BERRY MENTHOL 6MG,10,0.00000000,NONE,NONE,
053176378237,HEISENBERG LEMON SOUR,10,0.00000000,NONE,NONE,
053176378282,HEISENBERG MENTHOL LEMON SOUR,10,0.00000000,NONE,NONE,
053176378534,INNEVAPE SALT MOCHA LATTE 24MG,SALT NIC,0.00000000,NONE,NONE,
053176378541,INNEVAPE SALT MOCHA LATTE 50MG,SALT NIC,0.00000000,NONE,NONE,
05BG5FID30900147,UWELL CALIBURN A2,2,0.00000000,NONE,NONE,6941736502564
05lk1ghy20003764,UWELL CALIBURN X RED,2,0.00000000,NONE,NONE,
060920231014,SPACE MARY TRIPLE BERRIES,ZIIPLAB,0.00000000,NONE,NONE,
060920231021,SPACE MARY BUBBLEGANG,ZIIPLAB,0.00000000,NONE,NONE,
060920231038,SPACE MARY STRAWBERRY ICE,ZIIPLAB,0.00000000,NONE,NONE,
060920231106,SPACE MARY BLUEBERRY ICE,ZIIPLAB,0.00000000,NONE,NONE,
060920232226,SPACE MARY BLUE TRIO LEMON,ZIIPLAB,0.00000000,NONE,NONE,
064140607062,Flavor Drips 60ml,10,0.00000000,NONE,NONE,064140603002
0670087227142,blaze d8 disp blue dream,ZIIPLAB,0.00000000,NONE,NONE,
0670087227272,wave cart blue dream,CBD,0.00000000,NONE,NONE,
0670087227289,wave cart sour diesel,CBD,0.00000000,NONE,NONE,
0670087227340,wave cart maui waui,CBD,0.00000000,NONE,NONE,
0670087227357,wave cart strawberry cough,CBD,0.00000000,NONE,NONE,
0670087227364,wave cart northern lights,CBD,0.00000000,NONE,NONE,
0670087227371,wave cart blackberry kush,CBD,0.00000000,NONE,NONE,
0670087227388,wave cart island zkittlez,CBD,0.00000000,NONE,NONE,
0670087227470,BLANQ MAUI WAUI D8 DISPO,ZIIPLAB,0.00000000,NONE,NONE,
0670087227487,BLANQ GORILLA GLUE D8 DISPO,ZIIPLAB,0.00000000,NONE,NONE,
0670087227494,BLANQ BLUE WIDOW D8 DISPO,ZIIPLAB,0.00000000,NONE,NONE,
0670087227500,BLANQ GELATO D8 DISPO,ZIIPLAB,0.00000000,NONE,NONE,
0670087227517,BLANQ SOUR DIESEL D8 DISPO,ZIIPLAB,0.00000000,NONE,NONE,
0670087227524,BLANQ FIRE OG D8 DISPO,ZIIPLAB,0.00000000,NONE,NONE,
0670087227555,essential 9 gummies,CBD,0.00000000,NONE,NONE,
068274342653,PURE LIFE WATER 1.5L,9,0.00000000,NONE,NONE,
069027778740,BANG XXL RED RAZ PASSION FRUIT,ZIIPLAB,0.00000000,NONE,NONE,
069027778741,BANG XXL PINEAPPLE MANGO,ZIIPLAB,0.00000000,NONE,NONE,
069027778742,BANG XXL STRAWBERRY WATERMELON,ZIIPLAB,0.00000000,NONE,NONE,
069027796085,RAZZO BLUE RAZZ LEMONADE,ZIIPLAB,0.00000000,NONE,NONE,
069027796103,RAZZO STRAW GRAPE 1500PUFF,ZIIPLAB,0.00000000,NONE,NONE,
069027796105,RAZZO STRAW WATERMELON,ZIIPLAB,0.00000000,NONE,NONE,
069027796112,KING PLUTO LEMON BERRY GUM,ZIIPLAB,0.00000000,NONE,NONE,
0690277961121,RAZZO FROZEN LUSH,ZIIPLAB,0.00000000,NONE,NONE,
069027796115,RAZZO FROZEN PINEAPLE,ZIIPLAB,0.00000000,NONE,NONE,
069027796117,KING PLUTO LUSH ICE,ZIIPLAB,0.00000000,NONE,NONE,
06921426600084,ICLEAR 30,7,7.00000000,NONE,NONE,
06921426600176,ICLEAR 30S,7,7.00000000,NONE,NONE,
06921426600497,MVP 20W,4,15.00000000,NONE,NONE,
06921426600510,ITASTE VV BATERY,4,29.00000000,NONE,NONE,
06921426600596,MVP 30W,4,34.99000000,NONE,NONE,
06921426600770,ENDURA T18,2,20.00000000,NONE,NONE,
06921426600831,ENDURA T22,2,25.00000000,NONE,NONE,
06972119060043,stars icon,2,0.00000000,NONE,NONE,06972119060012
06972119060128,stars icon pod each,5,0.00000000,NONE,NONE,
070137000181,BLACK AND MILD CLASSIC,TOBACCO,0.00000000,NONE,NONE,
070137211167,BLACK AND MILD,TOBACCO,0.00000000,NONE,NONE,
070330600065,BIC LIGHTER FULL SIZE,8,0.00000000,NONE,NONE,070330622401
070330632103,BX7 LIGHTER,1,0.00000000,NONE,NONE,
07033245,BIC MINI LIGHTER,8,0.00000000,NONE,NONE,070330643321
070847000303,MONSTER ENERGY 12OZ,9,0.00000000,NONE,NONE,
070847012474,MONSTER ZERO ULTRA 16OZ,9,0.00000000,NONE,NONE,
070847022909,MONSTER PIPELINE PUNCH 16OZ,9,0.00000000,NONE,NONE,
070847029014,MONSTER MANGO LOCO 16OZ,9,0.00000000,NONE,NONE,
070847037545,MONSTER ENERGY ZERO ULTRA 12OZ,9,0.00000000,NONE,NONE,
070847811169,MONSTER ENERGY DRINK 16oz,9,0.00000000,NONE,NONE,
070847891833,MONSTER ENERGY STRAWBERRY DRM,9,0.00000000,NONE,NONE,
070847899563,MONSTER JUICE BAD APPLE 16OZ,9,0.00000000,NONE,NONE,
070847900030,MONSTER ENERGY BLUE ULTRA 12OZ,9,0.00000000,NONE,NONE,
071610212305,BACKWOODS SUMMERTIME ATL EA,TOBACCO,0.00000000,NONE,NONE,
071610212312,BACKWOODS SUMMERTIME CHI EA,TOBACCO,0.00000000,NONE,NONE,
071610212329,BACKWOODS SUMMERTIME HOU EA,TOBACCO,0.00000000,NONE,NONE,
072554111563,NESTLE CRUNCH ICE CREAM BAR,9,0.00000000,NONE,NONE,
072600063297,HERRS HOT N HONEY CURLS,9,0.00000000,NONE,NONE,
072600065383,HERRS SOUR CREAM AND ONION,9,0.00000000,NONE,NONE,
072600065406,HERRS BABY BACK RIBS CHIPS,9,0.00000000,NONE,NONE,
072600065437,HERRS BUFFALO BLUE CHEESE,9,0.00000000,NONE,NONE,
072600081727,HERRS JALAPENO POPPERS CURLS,9,0.00000000,NONE,NONE,
073321368432,ICEE CHERRY FREEZE,9,0.00000000,NONE,NONE,
073321368449,ICEE BLUE RASPBERRY FREEZE,9,0.00000000,NONE,NONE,
073390000110,MENTOS MINT,9,0.00000000,NONE,NONE,
073390000165,MENTOS FRUIT,9,0.00000000,NONE,NONE,
073390008383,AIRHEADS XTREMES RAINBOW BERRY,9,0.00000000,NONE,NONE,
073390009342,AIRHEAD 5 PC,9,0.00000000,NONE,NONE,
0741718960162,NICKLESS STICK PEACH MNAGO WAT,ZIIPLAB,0.00000000,NONE,NONE,
0741718960179,NICKLESS STICK BLUE RAZZ,ZIIPLAB,0.00000000,NONE,NONE,
0741718960193,NICLESS STICK STRAW BANANA,ZIIPLAB,0.00000000,NONE,NONE,
0741718960216,NICKLESS STICK LUSH ICE,ZIIPLAB,0.00000000,NONE,NONE,741718960216
074403558987,SOL TOBACCO DIS 5%,ZIIPLAB,0.00000000,NONE,NONE,
074690019154,RIPPLES FRENCH ONION CHIPS,9,0.00000000,NONE,NONE,
074690019284,RIPPLES CHEDDAR & SOUR CREAM,9,0.00000000,NONE,NONE,
074690020082,OLD DUTCH ORIGINAL,9,0.00000000,NONE,NONE,
074690020112,OLD DUTCH SOUR CREAM & ONION,9,0.00000000,NONE,NONE,
074690020242,OLD DUTCH DILL PICKLE CHIPS,9,0.00000000,NONE,NONE,
074690020433,OLD DUTCH BAR-B-Q CHIPS,9,0.00000000,NONE,NONE,
074690064284,OLD DUTCH ARRIBA NACHO CHIP,9,0.00000000,NONE,NONE,
074690066646,ARRIBA SOUR CREAM & ONION RING,9,0.00000000,NONE,NONE,
07831504,DR PEPPER 12OZ CAN,9,0.00000000,NONE,NONE,
078612201047,GONESH STICKS NO 4,12345678,0.00000000,NONE,NONE,
078612201078,GONESH STICKS NO 7,12345678,0.00000000,NONE,NONE,
078612201085,GONESH STICKS NO 8,12345678,0.00000000,NONE,NONE,
078612201108,GONESH STICKS NO 10,12345678,0.00000000,NONE,NONE,
078612201122,GONESH STICKS NO 12,12345678,0.00000000,NONE,NONE,
078612201139,GONESH STICKS CLASSIC PACK 1,12345678,0.00000000,NONE,NONE,
078612201146,GONESH STICKS CLASSIC PACK 2,12345678,0.00000000,NONE,NONE,
078612201245,GONESH STICKS NO 14,12345678,0.00000000,NONE,NONE,
078612208015,GONESH STICKS JASMINE,12345678,0.00000000,NONE,NONE,
078612208022,GONESH STICKS SANDALWOOD,12345678,0.00000000,NONE,NONE,
078612208039,GONESH STICKS STRAWBERRY,12345678,0.00000000,NONE,NONE,
078612208046,GONESH STICKS MUSK,12345678,0.00000000,NONE,NONE,
078612208084,GONESH STICKS COCONUT,12345678,0.00000000,NONE,NONE,
078612208091,GONESH STICKS HONEYSUCKLE,12345678,0.00000000,NONE,NONE,
078612208121,GONESH STICKS PATCHOULI,12345678,0.00000000,NONE,NONE,
078612208183,GONESH STICKS LAVENDER,12345678,0.00000000,NONE,NONE,
078612208237,GONESH STICKS DREAMCICLE,12345678,0.00000000,NONE,NONE,
078612208244,GONESH STICKS NAG CHAMPA,12345678,0.00000000,NONE,NONE,
078612208282,GONESH STICKS AMBER,12345678,0.00000000,NONE,NONE,
078612208312,GONESH STICKS ROSE,12345678,0.00000000,NONE,NONE,
078612208367,GONESH STICKS OCEAN,12345678,0.00000000,NONE,NONE,
078612900322,DRAGON BLOOD GONESH STICKS,12345678,0.00000000,NONE,NONE,
078742150598,MAKERS M 1 GAL WATER,9,0.00000000,NONE,NONE,
078907450396,ORIGINAL SALSITAS,9,0.00000000,NONE,NONE,
0790492267905,SIMPLY 1000MG CBD KIT,CBD,0.00000000,NONE,NONE,
079694221053,OLD TRAPPER OLD FASHIONED JERK,9,0.00000000,NONE,NONE,
079694222050,OLD TRAPPER PEPPERED JERKY,9,0.00000000,NONE,NONE,
079694223057,OLD TRAPPER TERIYAKI JERKY,9,0.00000000,NONE,NONE,
0810164285812,GEEK BAR HOOKAH X DTL BRY ICE,ZIIPLAB,0.00000000,NONE,NONE,
081334023378,SPACE ROCKZ ICED,SALT NIC,0.00000000,NONE,NONE,
081635144437,cheech&chong puffit stuffit,1,0.00000000,NONE,NONE,
081635400328,fujima car ash tray,1,0.00000000,NONE,NONE,
081816,TUG BOAT RDA CLONE,6,0.00000000,NONE,NONE,
082948093480923084,PUFF MINI COOL MINT,ZIIPLAB,0.00000000,NONE,NONE,
084114112699,KETTLE BRAND SEA SALT CHIPS,9,0.00000000,NONE,NONE,
084114112729,KETTLE BRAND JALAPENO CHIPS,9,0.00000000,NONE,NONE,
084114112750,KETTLE BRAND SALT & VIN CHIPS,9,0.00000000,NONE,NONE,
087860720002,BLUNTEFFECTS ASSORTED INCENSE,12345678,0.00000000,NONE,NONE,
0878607200021,BLUNT EFFECTS ASSORTED INCENSE,12345678,0.00000000,NONE,NONE,
090257140017,CANCUN VIBEZ SC 1.05LT TANK,8,0.00000000,NONE,NONE,
090257140031,CANCUN VIBEZ BM1.05LT TANK,8,0.00000000,NONE,NONE,
090257140055,CANCUN VIBEZ TP 1.05LT TANK,8,0.00000000,NONE,NONE,
090257140079,CANCUN VIBEZ WL 1.05LT TANK,8,0.00000000,NONE,NONE,
090257140130,CANCUN VIBEZ WC 1.05LT TANK,8,0.00000000,NONE,NONE,
090257140154,CANCUN VIBEZ MP 1.05LT TANK,8,0.00000000,NONE,NONE,
0908030934,EMASK 218W,3,0.00000000,NONE,NONE,
091752001001,OTISSPUNKMEYER MUFFIN MIX,9,0.00000000,NONE,NONE,091752001056
0923,Pop Oil Vaporizer,4,0.00000000,NONE,NONE,
099900100873,BUTTERFINGER BAR,9,0.00000000,NONE,NONE,
0999947,SKY PODS,ZIIPLAB,0.00000000,NONE,NONE,Lush Ice?
1,PUREVAPE 30ML,10,5.00000000,NONE,NONE,
10,CUTTWOOD 30ML,10,11.00000000,NONE,NONE,
100003061739,POD JUICE 100ML,10,0.00000000,NONE,NONE,100003061104
1001,LED Fidget Spinner!,8,0.00000000,NONE,NONE,
10010,CHUBBY GORILLA 75ML BOTTLES,8,0.00000000,NONE,NONE,
1002,MOKURU DESKTOP TOY,8,0.00000000,NONE,NONE,
10035700,THE MILK MAN SALT,2,0.00000000,NONE,NONE,602573876916
1004,ONI FIDGET SPINNER,8,0.00000000,NONE,NONE,A91560
1005,SELECTVAPE 120ML,10,0.00000000,NONE,NONE,SELECT
1007,SPACEJAM 60ML GLASS BOTTLE ONL,10,0.00000000,NONE,NONE,813239025740
1008,SUPERHERO SPINNER,8,0.00000000,NONE,NONE,
1009,DRIP CO HAT,8,0.00000000,NONE,NONE,
100906120,SUICIDE BUNNY 120ML,10,0.00000000,NONE,NONE,,°
100ML,BLUE BERRY LEMN SWRL MNTHL 3MG,10,0.00000000,NONE,NONE,
101,DRIPSTER 30ML,10,10.00000000,NONE,NONE,
1010,VAPE TAKE OUT 60ML,10,0.00000000,NONE,NONE,
101051001456,EXUS SLIM BLACK 510 BATTERY,4,0.00000000,NONE,NONE,
101051001463,EXUS SLIM SILVER 510 BATTERY,4,0.00000000,NONE,NONE,
101051002965,EXUS SLIM BLUE 510 BATTERY,4,0.00000000,NONE,NONE,
101051003153,EXUS SLIM RAINBOW 510 BATTERY,4,0.00000000,NONE,NONE,
101051004150,SUTRA SQUEEZE CARTRIDGE VAPE,1,0.00000000,NONE,NONE,101051004143
101051004358,micare device exus unicorn,3,0.00000000,NONE,NONE,
1011,METAL PIPE,1,0.00000000,NONE,NONE,
1012,METAL BULLET,1,0.00000000,NONE,NONE,
1013,VAPORALL 30ML,10,0.00000000,NONE,NONE,
1014,TF-V8 ACRYLIC GLASS REPLACEMEN,8,0.00000000,NONE,NONE,
1015,KNOCKOUT 5ML CBD,CBD,0.00000000,NONE,NONE,
1016,JOYETECH CUBOID PRO,3,0.00000000,NONE,NONE,6956916408475
101654,21700 BATTERY,4,0.00000000,NONE,NONE,
1017,CAPTAIN PD270 RAINBOW,3,0.00000000,NONE,NONE,
1018,FRESH & SOUR 60ML,10,0.00000000,NONE,NONE,
101854,18650 MURATA 2600,4,0.00000000,NONE,NONE,
101855,18650 MURATA 2100,4,0.00000000,NONE,NONE,
1019,ZIIP POD WATERMELON,ZIIPLAB,0.00000000,NONE,NONE,856078008369
101908042212,Blue Dream 3ml D-8,ZIIPLAB,0.00000000,NONE,NONE,
101908042229,Lemon Kush 3ML D-8,ZIIPLAB,0.00000000,NONE,NONE,
101908042236,Super Sour Diesel 3ML D-8,ZIIPLAB,0.00000000,NONE,NONE,
101908042243,Watermelon Skelddelzz 3ML D-8,ZIIPLAB,0.00000000,NONE,NONE,
101908042250,Wedding Cake 3ml D-8,ZIIPLAB,0.00000000,NONE,NONE,
101910010018,SPACE MARY GRAPE GUMMY,ZIIPLAB,0.00000000,NONE,NONE,
101910010025,SPACE MARY KIWIPOM MANGO,ZIIPLAB,0.00000000,NONE,NONE,
102,THE HYPE 60ML,10,25.54111111,NONE,NONE,851257006808
1020,ZIIP POD MANGO,ZIIPLAB,0.00000000,NONE,NONE,856078008123
102019009033,BLACK DIAMOND D9 JAR,CBD,0.00000000,NONE,NONE,
1021,ZIIP POD STRAWBERRY MILK,ZIIPLAB,0.00000000,NONE,NONE,856078008284
1022,EL CAPITAN 30ML,10,0.00000000,NONE,NONE,
1023,INDE DUO 30MM RDA,6,0.00000000,NONE,NONE,
1025,ZIIP POD CAPPUCCINO,ZIIPLAB,0.00000000,NONE,NONE,856078008048
1026,TUGBOAT 24MM RDA,6,0.00000000,NONE,NONE,
1027,ZIIP POD TOBACCO,ZIIPLAB,0.00000000,NONE,NONE,856078008321
10319659,WIDOWMAKER RTA,7,32.00000000,NONE,NONE,
1036,YOCAN TORCH,1,0.00000000,NONE,NONE,
1046,PUMA BOX MOD,3,0.00000000,NONE,NONE,
1047,CRAVINGS 120ML,10,0.00000000,NONE,NONE,
1048,KNOCKOUT 12ML BOTTLE,CBD,0.00000000,NONE,NONE,
1049,FIRELUKE (RAINBOW),7,0.00000000,NONE,NONE,
1050,FIRELUKE (BLACK),7,0.00000000,NONE,NONE,
1051,FIRELUKE (GREEN),7,0.00000000,NONE,NONE,
1052,FIRELOCK COIL .25OHM KANTHAL,5,0.00000000,NONE,NONE,
1053,FIRELOCK SEXTUPLE COIL,5,0.00000000,NONE,NONE,6971492190354
1054,FIRELUKE (RED),7,0.00000000,NONE,NONE,1333001900024
1054-01843-5,Alien Gelato D8 1 Gram,ZIIPLAB,0.00000000,NONE,NONE,
1055,FIRELUKE (YELLOW),7,0.00000000,NONE,NONE,
1056,FIRELUKE RTA TANK,7,0.00000000,NONE,NONE,
10810089618723,BLUMM BEAR PINKROSE GUMMY EA,CBD,0.00000000,NONE,NONE,
10819436019268,WHITE RHINO 8MM TERP BALL EACH,KRATOM,0.00000000,NONE,NONE,
10819436019329,WHITE RHINO QUARTZ DROP SM EA,KRATOM,0.00000000,NONE,NONE,
10819436019350,WHITE RHINO CERAMIC LARGE EA,KRATOM,0.00000000,NONE,NONE,
1086,TSUNAMI PREMIUM,4,0.00000000,NONE,NONE,
11009658211,DOUBLE SHOP HEAVY 60ML,CBD,0.00000000,NONE,NONE,
1101,LEAF BUDDI KEY BOX PRO,4,0.00000000,NONE,NONE,
1102,RITUAL 60ML (UNICORN),10,0.00000000,NONE,NONE,
110207,AFTERSHOCK SALT NIC,SALT NIC,0.00000000,NONE,NONE,110207
110220,GHOST THC-P ROYAL GORILLA,ZIIPLAB,0.00000000,NONE,NONE,
110221,GHOST THC-P BLUEDREAM 2GM DISP,ZIIPLAB,0.00000000,NONE,NONE,
110492401008,POD TWIST BANANA ICE,ZIIPLAB,0.00000000,NONE,NONE,
110492406003,POD TWIST FUJI APPLE TANG ICE,ZIIPLAB,0.00000000,NONE,NONE,
110492411007,POD TWIST LUSH ICE,ZIIPLAB,0.00000000,NONE,NONE,
110492423000,POD TWIST STRAW LMON,ZIIPLAB,0.00000000,NONE,NONE,
110492424007,POD TWIST STRAW APPPLE WATERME,ZIIPLAB,0.00000000,NONE,NONE,
110492425004,POD TWIST STRAW GUAVA ICE,ZIIPLAB,0.00000000,NONE,NONE,
110502400861,JEWEL MINT SAPPHIRE 60 ML,10,0.00000000,NONE,NONE,
110502400915,POD JUICE BANGIN BLUE RAZZ 3MG,10,0.00000000,NONE,NONE,
111,SUBVOD-C KIT,2,17.99000000,NONE,NONE,
1110,55MM 4 PART GRINDER,1,0.00000000,NONE,NONE,10477
1111,BLITZ,8,0.00000000,NONE,NONE,
111111111111,Wood smoke kit,NONE,5.00000000,NONE,NONE,
1113-CC,CG COLOR CHANGE WATER PIPE,1,0.00000000,NONE,NONE,
1113-STR-CLR,CG CLEAR WATER PIPE,1,0.00000000,NONE,NONE,
1115-BKR-C,CG CLEAR 12IN WATER PIPE,1,0.00000000,NONE,NONE,
1115-BKR-CC,CG 9IN COLOR CHANGE WATER PIPE,1,0.00000000,NONE,NONE,1114-BKR-CC
1115-BKR-CC-12IN,CG 12'''' CLEAR WATER PIPE BEAKR,1,0.00000000,NONE,NONE,
1115-STR-CC,CG 12'''' COLOR CHANGE WATER BK,1,0.00000000,NONE,NONE,
1116-BKR-CC,CG 9IN CC WATER PIPE BEAKER,1,0.00000000,NONE,NONE,
1118-BKR-CC,CG SHIELD GENERATOR BEAKER BAS,1,0.00000000,NONE,NONE,
1122,COIL MASTER ORAGANIC COTTON,8,0.00000000,NONE,NONE,
1124-MARINES,CG MARINES LABEL WATER BEAKER,1,0.00000000,NONE,NONE,
1124-RX,CG 9" CC WATER PIPE BEAKER,1,0.00000000,NONE,NONE,
1131-P,CG MONSOON SPILL PROOF PIPE PK,1,0.00000000,NONE,NONE,
1134,HALF MOON TIPS,7,0.00000000,NONE,NONE,
1138,HYDE TYPE-C CHARGER,1,0.00000000,NONE,NONE,
1156,SALTY PODZ 30ML (SALT NIC),SALT NIC,0.00000000,NONE,NONE,
1157,EXODUS VAPOR 60ML,10,0.00000000,NONE,NONE,
116,WHIP''D 60ML,10,0.00000000,NONE,NONE,
1164,High Voltage 60ml,10,0.00000000,NONE,NONE,851496007079
1185,VAPECRAFT 30ML,10,0.00000000,NONE,NONE,
1186,VAPECRAFT 60ML,10,0.00000000,NONE,NONE,
1187,LAISIMO 2OOW TS MOD,3,0.00000000,NONE,NONE,
1188,NAKED HAT,8,0.00000000,NONE,NONE,
1189,BAD DRIP 60ML,10,0.00000000,NONE,NONE,
1190,CEREAL TREATS 100ML,10,0.00000000,NONE,NONE,
1191,FLITE RDA,6,0.00000000,NONE,NONE,
1192,FALCON TANK 5-7ML,7,0.00000000,NONE,NONE,040385137779
1193,FALCON MESH COIL,5,0.00000000,NONE,NONE,
1195,TINY KIT (RESIN BLUE),2,0.00000000,NONE,NONE,
1199,FOCUS V CARTA LASER EDITION,1,0.00000000,NONE,NONE,
12,BOMB SAUCE 15ML,10,6.00000000,NONE,NONE,
120,CLEITO 120,7,0.00000000,NONE,NONE,160803900952
12001,backwoods scale,1,0.00000000,NONE,NONE,
1208,X-MOD,3,0.00000000,NONE,NONE,
1211,DELTA8 CART,CBD,0.00000000,NONE,NONE,020190081214
121212,HOHM TECH BATTERY HOLDER,8,0.00000000,NONE,NONE,
12121233,Royal Kratom hat,8,0.00000000,NONE,NONE,
12121321,ISUB SS BVC .5OHM,5,0.00000000,NONE,NONE,
121583213813,STACHE PRODUCTS RIG IN ONE,1,0.00000000,NONE,NONE,
1221,MELONBERRY 100ML,10,0.00000000,NONE,NONE,
1221003900039,SPEEDER 200W,3,0.00000000,NONE,NONE,
1222,ONE UP 100ML,10,0.00000000,NONE,NONE,52830217195
1223,EMOJI 100ML,10,0.00000000,NONE,NONE,
1224,SIMPLE BLENDS 30ML SALT NIC,SALT NIC,0.00000000,NONE,NONE,
123,TFV8 BABY BLACK,7,14.00000000,NONE,NONE,170214607273
123023320321,CHILLOHS 4D/5D 1G DISPO,ZIIPLAB,0.00000000,NONE,NONE,
1231,25 MM SUPER TANK MULTI COLORS,7,0.00000000,NONE,NONE,1231
123345654765,JGO STRAW MANGO HAZE 8G,CBD,0.00000000,NONE,NONE,
1234,DVAPE VAPORIZER,1,30.00000000,NONE,NONE,
123456,FUCHAI 213 PLUS KIT,2,42.50000000,NONE,NONE,
1234566654321,DELTA DEAL,CBD,0.00000000,NONE,NONE,
123456776,RITUAL 120ml,10,0.00000000,NONE,NONE,708744214355
1234567890,SPOOKY GIRL SCOUT COOKIES DISP,CBD,0.00000000,NONE,NONE,
123645,PIXIE CONNECT ZKITTLES INDICA,CBD,0.00000000,NONE,NONE,
123646,PIXIE CONNECT BLUE DRM HYBRID,CBD,0.00000000,NONE,NONE,
123655,PIXIE CONNECT PINEEXPR HUBRID,CBD,0.00000000,NONE,NONE,
123656,PIXIE CONNECT STRCOUGH SATIVA,CBD,0.00000000,NONE,NONE,
123PUFFPLUS,PUFF PLUS STRAW KIWI,ZIIPLAB,0.00000000,NONE,NONE,
123WOW123,WOW CART D11 CART,CBD,0.00000000,NONE,NONE,
124,TFV8 BABY STAINLESS,7,14.00000000,NONE,NONE,6970232212165
1241-WBOY,CG ITS A BOY PIPE BLUE,1,0.00000000,NONE,NONE,
1241-WGIRL,CG ITS A GIRL PIPE WHITE,1,0.00000000,NONE,NONE,
1242-WGROOM,CG SO GROOM,1,0.00000000,NONE,NONE,
124PUFF,PUFF PLUS BLURAZZ LEMONADE,ZIIPLAB,0.00000000,NONE,NONE,
125,JGO CBD 625MG CART,CBD,0.00000000,NONE,NONE,
125689,KAMRY LEGEN 2,2,17.00000000,NONE,NONE,
126,CLEITO 120 MESH COIL EACH,5,2.40000000,NONE,NONE,6958947126335
127,JGO 250MG CBD CART,CBD,0.00000000,NONE,NONE,
1275,MISSION POD SYSTEM,2,0.00000000,NONE,NONE,
1276,MISSION REPLACEMENT POD,5,0.00000000,NONE,NONE,
12893478500123,HEMP E-LIQUID 300MG,CBD,0.00000000,NONE,NONE,810015390009
129,8 BIT GAMING SYSTEM,8,0.00000000,NONE,NONE,
1303000700079,T2 TANK,7,2.00000000,NONE,NONE,
1321001900014,Aspire K2,7,0.00000000,NONE,NONE,1321001900014
1324004100047,TFV8 BIG BABY (RAINBOW),7,0.00000000,NONE,NONE,
1324004900029,BABY BEAST CLEARANCE,7,0.00000000,NONE,NONE,170329045615
1329001700023,LIMITLESS IJOY,7,0.00000000,NONE,NONE,
13413241412134,810 DRIP TIP,8,0.00000000,NONE,NONE,6940695609239
135009990134,hyde pod juice salt nic,10,0.00000000,NONE,NONE,135009990110
13541243513,CLOUD CHASERS Strife 25MM,6,0.00000000,NONE,NONE,
1362,CARTO 900MAH BATTERY,4,0.00000000,NONE,NONE,
1378,MFENG MOD RED,3,0.00000000,NONE,NONE,
1379,Omega XL Menthol Ice,ZIIPLAB,0.00000000,NONE,NONE,
13floorelevapors,13TH FLOOR DJANGO 6MG,10,0.00000000,NONE,NONE,
13floorelevapors1,13TH FLOOR DJANGO 3MG,10,0.00000000,NONE,NONE,
13FLOORELEVAPORS2,13TH FLOOR DJANGO 12MG,10,0.00000000,NONE,NONE,
14,BOMB SAUCE 60ML,10,0.00000000,NONE,NONE,040232443855
1401402871,HYDE PLUS BANANA ICE,ZIIPLAB,0.00000000,NONE,NONE,
1403002100041,SSOCC 1.2OHM,5,1.81000000,NONE,NONE,
1411,legal hemp granddaddy purp,ZIIPLAB,0.00000000,NONE,NONE,
1412,legal hemp blue zkittlez,ZIIPLAB,0.00000000,NONE,NONE,782706863508
1413,legal hemp pineapple express,ZIIPLAB,0.00000000,NONE,NONE,
1414,PUFF PLUS MOJITO,ZIIPLAB,0.00000000,NONE,NONE,
141414,LIGHT UP GLOVES,8,0.00000000,NONE,NONE,
1415,legal hemp maui waui,ZIIPLAB,0.00000000,NONE,NONE,782706863515
1424005200019,HELMET NANO .4OHM COIL,5,0.00000000,NONE,NONE,
1433000800018,FIRELOCK COIL DVC 0.15OHM,5,0.00000000,NONE,NONE,
1446000100019,CCELL KANTHAL .9OHM,5,2.10000000,NONE,NONE,
1446866,RPM80 RGC POD EACH 1PCS,5,0.00000000,NONE,NONE,6940695641154
1451015001039,MINIFIT POD,5,0.00000000,NONE,NONE,
1451390003017,MINIFIT KIT,2,0.00000000,NONE,NONE,1451390001013
146-H,CG MOROCCAN WATER PIPE BOWL,1,0.00000000,NONE,NONE,
148099435010,KILLA FRUIT KIWI STRAWBERRY,CBD,0.00000000,NONE,NONE,
150,TORNADO 150,7,0.00000000,NONE,NONE,
150627,ASPIRE PREMIUM KIT,2,35.00000000,NONE,NONE,
150901178967,TF-Q4 COIL,5,3.70000000,NONE,NONE,
150C,TORNADO 150 COIL .3 OHM,5,0.00000000,NONE,NONE,
151017600614,TRITON 0.5 OHM,5,2.40000000,NONE,NONE,
151021500156,ASPIRE PREMIUM KIT,2,45.00000000,NONE,NONE,
151104188217,TF-T3 COIL,5,3.50000000,NONE,NONE,
151104312432,SMOKE NANO ONE,2,34.99000000,NONE,NONE,
151112505437,SMOKE R80 KIT,2,45.99000000,NONE,NONE,
151114200309,ODESSY MINI KIT,2,45.00000000,NONE,NONE,
1551,BLITZ,8,0.00000000,NONE,NONE,
15ML SIZE,15ML SIZE,NONE,3.00000000,NONE,NONE,
16,SUICIDE BUNNY 30ML,10,12.00000000,NONE,NONE,
160,CG PHATTY BATTY ISO CHILLUM,1,0.00000000,NONE,NONE,
160110800049,ASPIRE STARTER KIT,2,25.00000000,NONE,NONE,
160126300177,PROTEUS E HOOKAH,2,0.00000000,NONE,NONE,
160220700182,K4 STARTER KIT,2,30.90000000,NONE,NONE,
160329100795,CLEITO BLACK,7,14.80000000,NONE,NONE,
160329101179,CLEITO SS,7,14.80000000,NONE,NONE,
160408270052,SMOKE R80 KIT,2,45.99000000,NONE,NONE,
16050816692,Pure Clear D8 Zkittles Cart,CBD,0.00000000,NONE,NONE,616050816920
1605081734,Pure Clear D8 Stawnana Cart,CBD,0.00000000,NONE,NONE,616050817347
1605081735,Pure Clear D8 Skywalker OG,CBD,0.00000000,NONE,NONE,616050817354
1605081737,Pure Clear D8 Blueberry Kush,CBD,0.00000000,NONE,NONE,616050817378
1605081738,Pure Clear D8 Lemon Runtz Cart,CBD,0.00000000,NONE,NONE,
160716200201,ATLANTIS EVO BLACK,7,13.00000000,NONE,NONE,
160716200208,ATLANTIS EVO STAINLESS,7,12.50000000,NONE,NONE,
161125089517,TFV8 BABY COLORED,7,16.99000000,NONE,NONE,161125093590
161218600476,Pockex Starter,2,0.00000000,NONE,NONE,
166,CG SPOT ON MINI SPOON,1,0.00000000,NONE,NONE,
1691,JGO DELTA-8 WEDDING CAKE,CBD,0.00000000,NONE,NONE,
1692,JGO DELTA-8 STRAWBERRY AMNESIA,CBD,0.00000000,NONE,NONE,
1692371264458,PUFF BAR COOL MINT,ZIIPLAB,0.00000000,NONE,NONE,852662557619
1692371264465,PUFF BAR PINK LEMONADE,ZIIPLAB,0.00000000,NONE,NONE,852662557657
1693,JGO D8 ZKITTLES,CBD,0.00000000,NONE,NONE,
1694,JGO D8 ALIEN KUSH,CBD,0.00000000,NONE,NONE,
17,NON SCAN,NON SCAN,0.00000000,NONE,NONE,
170101206538,LIMITLESS RDTA MOD KIT,6,0.00000000,NONE,NONE,1234567890123
170301355249,Stick V8 Baby Kit,2,22.99000000,NONE,NONE,170227115925
170836100014,K2 KIT,2,20.00000000,NONE,NONE,6958947120463
179-CC,CG THE GRIPPER ERGONOMIC PIPE,1,0.00000000,NONE,NONE,
1821002000039,ASPIRE BREEZE KIT,2,0.00000000,NONE,NONE,6958947121576
1821002100036,SPEEDER 200W KIT,2,0.00000000,NONE,NONE,
1824002500042,AL85 SILVER KIT,2,0.00000000,NONE,NONE,
1824003200026,AL85 RAINBOW KIT,2,0.00000000,NONE,NONE,
1824004600115,T-PRIV KIT (SILVER),2,0.00000000,NONE,NONE,
1824004600184,T-PRIV KIT (PINK),2,0.00000000,NONE,NONE,6970232219539
1846001600035,Nebula Vaping Kit,2,41.99000000,NONE,NONE,
1865,SOURCE 510 BATTERY,4,0.00000000,NONE,NONE,
18650,EFEST 2600MAH,4,13.50000000,NONE,NONE,
1879111981987,CBD BATTERY,4,0.00000000,NONE,NONE,
190157000395,CHARGER FOR JUUL,JUUL LAB,0.00000000,NONE,NONE,
190157000401,COOKIE KIT,5,0.00000000,NONE,NONE,190157000401
190157000593,JC01 OVNS,5,0.00000000,NONE,NONE,
1906,SMALL SPOON GLASS PIPE,1,0.00000000,NONE,NONE,
1907,SILVER GRINDER,1,0.00000000,NONE,NONE,
19074026,AIR BAR LUX STRAWBERRY MANGO,ZIIPLAB,0.00000000,NONE,NONE,
192242124726,GEAR BOX MOD,3,45.00000000,NONE,NONE,
192786000074,Fireluke X1 Mesh Coil,5,0.00000000,NONE,NONE,6971492193638
192786000609,DOUBLE MESH .2OHM EACH,5,0.00000000,NONE,NONE,810050180085
192786000616,TRIPLE MESH .15OHM EACH,5,0.00000000,NONE,NONE,040385154899
192786000623,SINGLE MESH .15OHM,5,0.00000000,NONE,NONE,192786000593
192786000630,FREE MAX QUAD MESH,5,0.00000000,NONE,NONE,6971492192679
192786000647,FREEMAX REPLACEMENT GLASS,8,0.00000000,NONE,NONE,
192786000661,FREE MAX GLASS,8,0.00000000,NONE,NONE,
192786001255,Fireluke X2 Mesh Coil,5,0.00000000,NONE,NONE,192786001255
192786001446,FREEMAX TWISTER KIT,2,35.99000000,NONE,NONE,192786001422
192786001781,FREEMAX REPLACEMENT GLASS,5,0.00000000,NONE,NONE,
192786001965,FIRELUKE M COIL,5,0.00000000,NONE,NONE,192786001798
19278600236869714921,FREEMAX GEMM single/EACH,7,0.00000000,NONE,NONE,192786002368
192786002733,GEM 80W STARTER KIT,2,0.00000000,NONE,NONE,192786002726
192786003983,FREEMAX MAXUS 200W KIT,2,0.00000000,NONE,NONE,192786003952
192786004065,MAXUS PRO TANK RESIN EDITION,7,0.00000000,NONE,NONE,
192786004096,FREEMAX M3 0.15OHM/ EACH,5,0.00000000,NONE,NONE,
192786004157,FREEMAX MAXUS 100W KIT,2,0.00000000,NONE,NONE,192786004133
192786004171,FREEMAX MAXLUKE TANK,7,0.00000000,NONE,NONE,192786004188
192786004256,FREEMAX 904L X3 MESH EACH,5,0.00000000,NONE,NONE,192786004232
192786004263,FREEMAX 904L X MESH .15 EACH,5,0.00000000,NONE,NONE,
193250021502,CITO PRO KIT,8,0.00000000,NONE,NONE,193250021304
193778000652,swis pod,5,0.00000000,NONE,NONE,
193835000328,SUORIN EDGE,5,0.00000000,NONE,NONE,01451193
193835000502,SUORIN EDGE POD,5,0.00000000,NONE,NONE,
193835001257,SUORIN AIR PLUS,3,0.00000000,NONE,NONE,04784565
193835001301,SUORIN AIR PLUS PODS EACH,5,0.00000000,NONE,NONE,193835001110
193835002858,air bar lux strawberry waterme,ZIIPLAB,0.00000000,NONE,NONE,
193835002865,AIR BAR LUXE STRAW MANGO,ZIIPLAB,0.00000000,NONE,NONE,
193835002872,AIR BAR LUXE RASPBERRY WATER,ZIIPLAB,0.00000000,NONE,NONE,26132185
193835002889,AIR BAR LUX WATERMELON ICE,ZIIPLAB,0.00000000,NONE,NONE,
193835002902,AIR BAR LUXE BLUBERRY RASPBERY,ZIIPLAB,0.00000000,NONE,NONE,
193835002919,AIR BAR LUXE SUNSET COCKTAIL,ZIIPLAB,0.00000000,NONE,NONE,
193835002933,AIR BAR LUXE STRAW KIWI,ZIIPLAB,0.00000000,NONE,NONE,
193835002940,AIR BAR LUXE SHAKE SHKE,ZIIPLAB,0.00000000,NONE,NONE,
193835002957,AIR BAR LUX BANANA ICE,ZIIPLAB,0.00000000,NONE,NONE,
193835003848,AIR BAR LUX COCONUT GROVE,ZIIPLAB,0.00000000,NONE,NONE,
193835003879,AIR BAR LUX CRANBERRY LEMONADE,ZIIPLAB,0.00000000,NONE,NONE,25288556
193835003886,AIR BAR LUX TRIPLE SHAKE,ZIIPLAB,0.00000000,NONE,NONE,
193835003893,AIR BAR LUX RED BULL ICE,ZIIPLAB,0.00000000,NONE,NONE,
193835003909,AIR BAR LUX RAS GRAPEFRUIT,ZIIPLAB,0.00000000,NONE,NONE,
193835003947,AIR BAR LUX ALOE BLACKCURRANT,ZIIPLAB,0.00000000,NONE,NONE,
193835004951,AIR BAR MAX BERRIES SHAKE,ZIIPLAB,0.00000000,NONE,NONE,
193835004975,AIR BAR MAX WATERMELON ICE,ZIIPLAB,0.00000000,NONE,NONE,
193835005095,AIRBAR MAX BLUEBERRY LEMON ICE,ZIIPLAB,0.00000000,NONE,NONE,
193835005217,AIR BAR MAX PUDDING,ZIIPLAB,0.00000000,NONE,NONE,
193835005231,AIR BAR MAX KIWI BERRY ICE,ZIIPLAB,0.00000000,NONE,NONE,
194040002848,ONEE MAX SOUR APPLE ICE,ZIIPLAB,0.00000000,NONE,NONE,
194040002862,ONEE MAX MELON ICE,ZIIPLAB,0.00000000,NONE,NONE,
194040002879,ONEE MAX PASSION FRIUT,ZIIPLAB,0.00000000,NONE,NONE,
194040002893,ONEE MAX ALOE GRAPE,ZIIPLAB,0.00000000,NONE,NONE,
194040002909,ONEE MAX BLUR RAZZ ICE,ZIIPLAB,0.00000000,NONE,NONE,
194040002916,ONEE MAX RAINBOW CANDY,ZIIPLAB,0.00000000,NONE,NONE,
194040002923,ONEE MAX APPLES,ZIIPLAB,0.00000000,NONE,NONE,
194040002930,ONEE MAX COOL MINT,ZIIPLAB,0.00000000,NONE,NONE,
194040002954,ONE MAXX PINK LEMONADE,ZIIPLAB,0.00000000,NONE,NONE,
194040002961,ONEE MAXX CHERRY LEMONADE,ZIIPLAB,0.00000000,NONE,NONE,
194040002978,ONEE MAX STRAWBERRY,ZIIPLAB,0.00000000,NONE,NONE,
194040002985,ONEE MAX BLUEBERRY ICE,ZIIPLAB,0.00000000,NONE,NONE,
194040002992,ONEE MAX STRAWEBERRY MANGO,ZIIPLAB,0.00000000,NONE,NONE,
194040003005,ONEE MAX YUMMY BEAR,ZIIPLAB,0.00000000,NONE,NONE,
194040003029,ONEE MAX SPEARMINT,ZIIPLAB,0.00000000,NONE,NONE,
194040003036,ONEE MAX PEAR COTTON CANDY,ZIIPLAB,0.00000000,NONE,NONE,
194040003944,KANGVAPE ONEESTICK STRAWMANGO,ZIIPLAB,0.00000000,NONE,NONE,
194040003951,KANGVAPE ONEESTICK YUMMYBEAR,ZIIPLAB,0.00000000,NONE,NONE,
194040003999,KANGVAPE ONEESTICK PEARCOTTONC,ZIIPLAB,0.00000000,NONE,NONE,
197644094691,DOPE DOUGH 200MG,CBD,0.00000000,NONE,NONE,
199504040456367,CALI BAR CALI GROWN DISPOSABLE,ZIIPLAB,0.00000000,NONE,NONE,850008420320
200,SMOTHYMAN 60ML,10,8.00000000,NONE,NONE,
2000,BLITZ 810 DRIP TIP EACH,8,0.00000000,NONE,NONE,
2001,VOOPOO PNP RBA COIL,8,0.00000000,NONE,NONE,
200100,TESLA TWO 100W MOD,3,25.00000000,NONE,NONE,
200405,ATTY3 RDA,6,0.00000000,NONE,NONE,
200406,EVOD MT3 DUEL KIT,2,23.00000000,NONE,NONE,
2008221,MICRO G SET,1,0.00000000,NONE,NONE,
201241031147,POP''S THCA LD SOUR DIESEL,CBD,0.00000000,NONE,NONE,
201241031611,POP''S THCA LD WHITE RUNTZ,CBD,0.00000000,NONE,NONE,
201241031673,POP''S THCA LD BUBBA KUSH,CBD,0.00000000,NONE,NONE,
2015042015347,Superior Balance Scale,1,0.00000000,NONE,NONE,
2015092515460,KM-600 Scale,1,0.00000000,NONE,NONE,2597589600137
2016,SEGALI 150W TC BOX,3,65.00000000,NONE,NONE,
201622,INNOKIN T18 PRISM COIL EACH,5,0.00000000,NONE,NONE,6921426601883
2017,SEGALI 213,3,79.00000000,NONE,NONE,
2017083109,TFV8 EXTENDED GLASS,8,0.00000000,NONE,NONE,2017083112
2017083115161,Card-150 Scale,8,0.00000000,NONE,NONE,
2017083116,BIG BABY EXTENDED GLASS,8,0.00000000,NONE,NONE,2017083118
2017083147,PRINCE EXTENDER GLASS,8,0.00000000,NONE,NONE,6940695609369
2018,TESLA 80W KIT,2,34.90000000,NONE,NONE,
2023061711157,LEAF BUDDI AURA PRO,4,0.00000000,NONE,NONE,
2024682574,COILMASTER 510 TAB,8,0.00000000,NONE,NONE,
2030405,MINI PROTANK 3,2,0.00000000,NONE,NONE,
205207207858124,ARGUS X KIT,2,0.00000000,NONE,NONE,6941291508025
207-B,CG PAW PRINTS BLUE AND YELLOW,1,0.00000000,NONE,NONE,
207-G,CG PAW PRINTS GREEN AND ORANGE,1,0.00000000,NONE,NONE,
207-O,CG PAW PRINTS WHITE AND PINK,1,0.00000000,NONE,NONE,
207-OX,CG PAW PRINTS BLK WHITE GLOW,1,0.00000000,NONE,NONE,
207-W,CG PAW PRINTS WHITE AND BLACK,1,0.00000000,NONE,NONE,
2084700846,ONEE MAX LUSH ICE,ZIIPLAB,0.00000000,NONE,NONE,194040002886
2087112873,VAPE TWIEEZERS,8,2.50000000,NONE,NONE,
2101,KOKO NUGGZ D8 STRAW SHORTCAKE,CBD,0.00000000,NONE,NONE,
2102,KOKO NUGGZ MARSHMALLOW 1000MG,CBD,0.00000000,NONE,NONE,
2103,KOKO NUGGZ KUSHBERRY 1000MG,CBD,0.00000000,NONE,NONE,
2104,KOKO NUGGZ PATTYCAKE 1000MG,CBD,0.00000000,NONE,NONE,
2105,KOKO NUGGZ OG KUSH 1000 MG,CBD,0.00000000,NONE,NONE,
2106,KOKO NUGGZ BLUEBERRY 1000MG,CBD,0.00000000,NONE,NONE,
2107,KOKO NUGGZ COOKIE CREAM 1000MG,CBD,0.00000000,NONE,NONE,
213,FUCHAI 213,3,40.00000000,NONE,NONE,
214303551347,POD JUICE JEWEL MINT 20MG,SALT NIC,0.00000000,NONE,NONE,
214303551835,POD JUICE ROCKET POP,SALT NIC,0.00000000,NONE,NONE,
214303551910,JEWEL MINT 0MG,SALT NIC,0.00000000,NONE,NONE,
214303551965,jewel mint 30ml 65mg,SALT NIC,0.00000000,NONE,NONE,
214303555161,POD JUICE BLUE RAZZY SLUSHY 35,SALT NIC,0.00000000,NONE,NONE,
214303555178,POD JUICE BLUE RAZZ SLUSH 55MG,SALT NIC,0.00000000,NONE,NONE,
214303555185,POD JUICE BLUE RAZZY SLUSHY 35,SALT NIC,0.00000000,NONE,NONE,
214303555192,POD JUICE BLUE RAZZ SLUSH 55MG,SALT NIC,0.00000000,NONE,NONE,
214303555284,POD JUICE COOKIE&CREAM 35MG,SALT NIC,0.00000000,NONE,NONE,
214303555291,POD JUICE COOKIE&CREAM 55MG,SALT NIC,0.00000000,NONE,NONE,
214303555369,POD COTTON CLOUDS 35MG,SALT NIC,0.00000000,NONE,NONE,
214303555376,POD JUICE COTTON CLOUDS 55MG,SALT NIC,0.00000000,NONE,NONE,
214303555659,POD JUICE PINK BURST CHEW 55MG,SALT NIC,0.00000000,NONE,NONE,
214303555673,POD JUICE RAINBOW 55MG,SALT NIC,0.00000000,NONE,NONE,
214303555680,POD JUICE SOUR FRUITY WORM 35M,SALT NIC,0.00000000,NONE,NONE,
214303555697,POD JUICE SOUR FRUIT WORMS 55M,SALT NIC,0.00000000,NONE,NONE,
214303555734,POD JUICE STRAW APL WTRML 55MG,SALT NIC,0.00000000,NONE,NONE,
214303555765,POD JUICE STRAW BANANA 35MG,SALT NIC,0.00000000,NONE,NONE,
214303555772,POD JUICE STRAW BANANA 55MG,SALT NIC,0.00000000,NONE,NONE,
214303555789,POD JUICE STRAW ICECREAM 35MG,SALT NIC,0.00000000,NONE,NONE,
214303555796,POD JUICE STRAW ICE CREAM 55MG,SALT NIC,0.00000000,NONE,NONE,
214303555802,jewel mint 30ml 10mg,SALT NIC,0.00000000,NONE,NONE,
214303555819,POD JUICESTRAW KIWI 55MG,SALT NIC,0.00000000,NONE,NONE,
214303555833,POD JUICE STRAW KIWI 55 MG,SALT NIC,0.00000000,NONE,NONE,
214303555864,POD JUICE VIRGINIA TOBACCO 35M,SALT NIC,0.00000000,NONE,NONE,
214303555871,POD JUICE VIRGINIA TOBACCO 55M,SALT NIC,0.00000000,NONE,NONE,
21652,BLITZ ZEUS TANK GLASS/DRIPTIP,8,0.00000000,NONE,NONE,
2180,DELTA 8 GUMMIES 500MG,CBD,0.00000000,NONE,NONE,
2181,DELTA 8 CART EACH,CBD,0.00000000,NONE,NONE,nirvanacart
2182,NIRVANA DELTA 8 TINCTURE,CBD,0.00000000,NONE,NONE,
218254,COOL FIRE IV,3,25.00000000,NONE,NONE,
2211,legal hemp strawberry haze,CBD,0.00000000,NONE,NONE,
2212,legal hemp blue zkittlez,CBD,0.00000000,NONE,NONE,
225-B,CG INNER SANCTUM CHILLUM BLUE,1,0.00000000,NONE,NONE,
225-CC,CG INNER SANCTUM CHILLUM CC,1,0.00000000,NONE,NONE,
225-G,CG INNER SANCTUM CHILLUM GREEN,1,0.00000000,NONE,NONE,
23,LOST FOG 30ML,10,11.00000000,NONE,NONE,
2301,SELECT D8 GUMMIES WATERMELON,CBD,0.00000000,NONE,NONE,
2302,SELECT D8 GUMMIES PINEAPPLE,CBD,0.00000000,NONE,NONE,
2303,SELECT D8 GUMMIES BLUE LEMON,CBD,0.00000000,NONE,NONE,
2307,D8 GUMMIES 300MG WATERMELON,CBD,0.00000000,NONE,NONE,
2308,D8 GUMMIES 300MG APPLE RINGS,CBD,0.00000000,NONE,NONE,
2309,D8 GUMMIES 300MG  SOUR WORMS,CBD,0.00000000,NONE,NONE,
2323298988,MINI JILI BOX,ZIIPLAB,0.00000000,NONE,NONE,
235-CC-HC,CG BIG BOWL BUILT IN SCREEN,1,0.00000000,NONE,NONE,
24,AVOCADO 24,6,24.90000000,NONE,NONE,
2448,PUFF EXTRA- STRAWAPPLEWATER,ZIIPLAB,0.00000000,NONE,NONE,
2468,SOURIN AIR MOD BLACK,2,0.00000000,NONE,NONE,
2486589700155,POCKET SCALE,1,0.00000000,NONE,NONE,
25,TEASLA STEALTH MINI,2,24.99000000,NONE,NONE,
2513,HYDE CURVE PLUS STRAWCREAM,ZIIPLAB,0.00000000,NONE,NONE,814014027379
253-B,CG COEXIST PIPE,1,0.00000000,NONE,NONE,
255,SLUSHY MAN 30ML,10,6.00000000,NONE,NONE,
256,AMERICAN PIE 60ML,10,10.00000000,NONE,NONE,
257,FRUIT MADNESS 60ML,10,10.00000000,NONE,NONE,
264-O,CG PRECIOUS ON BLACK PIPE,1,0.00000000,NONE,NONE,
264-W,CG PRECIOUS ON WHITE PIPE,1,0.00000000,NONE,NONE,
26650,Efest 26650 5000mAh,4,0.00000000,NONE,NONE,
275-W,CG TRUE LOVE PIPE WHITE,1,0.00000000,NONE,NONE,
278-A,CG MARINES ON AMBER PIPE,1,0.00000000,NONE,NONE,
278-O,CG SO ARMY BLACK,1,0.00000000,NONE,NONE,
278-Y,CG SO BRIDE PIPE,1,0.00000000,NONE,NONE,
2842,SOURCE D8 CART ALL FLAVORS,CBD,0.00000000,NONE,NONE,
289467219877,PLATINUM CBD SWEET WORM 500MG,CBD,0.00000000,NONE,NONE,
292-Y,CG BABY YODA PIPE AMBER,1,0.00000000,NONE,NONE,
2C0210927212,DIGIFLAVOR EDGE 200W,3,0.00000000,NONE,NONE,
30,METAL BAT LARGE,1,0.00000000,NONE,NONE,
300204,VAPROS E GEAR,4,10.00000000,NONE,NONE,
302035551206,POD JUICE-COLA FREEZE 35MG,SALT NIC,0.00000000,NONE,NONE,
302035551213,POD JUICE-COLA FREEZE 55MG,SALT NIC,0.00000000,NONE,NONE,
302035551428,POD JUICE JEWEL MANGO 35MG,SALT NIC,0.00000000,NONE,NONE,
302035551435,POD JUICE JEWEL MANGO 55MG,SALT NIC,0.00000000,NONE,NONE,
302035551503,POD JUICE JEWEL MINT 35MG,SALT NIC,0.00000000,NONE,NONE,214303551996
302035551504,POD JUICE JEWEL MINT 20MG,SALT NIC,0.00000000,NONE,NONE,
302035551671,POD JUICE LEMON SUGAR COOKIE,SALT NIC,0.00000000,NONE,NONE,
302035552197,POD JUICE JEWEL MENTHOL 35 MG,SALT NIC,0.00000000,NONE,NONE,
302035552203,POD JUICE JEWEL MENTHOL 55 MG,SALT NIC,0.00000000,NONE,NONE,
302035552234,POD JUICE BLUE RAZZ JAM 55MG,SALT NIC,0.00000000,NONE,NONE,
302035553224,jewel mint 30ml 10mg,SALT NIC,0.00000000,NONE,NONE,214303551354
302-O,CG MELLOW PORT MUSH PIPE PINK,1,0.00000000,NONE,NONE,
304369698282,INSTAPOD MANGO,ZIIPLAB,0.00000000,NONE,NONE,
304369698299,INSTAPOD MINT,ZIIPLAB,0.00000000,NONE,NONE,
304369698312,INSTAPOD FUJI NEKTAR,ZIIPLAB,0.00000000,NONE,NONE,
304369698329,INSTAPOD BLUE RASPBERRY,ZIIPLAB,0.00000000,NONE,NONE,
304369698336,INSTAPOD WATERMELON BLAST,ZIIPLAB,0.00000000,NONE,NONE,304369698275
304369698367,INSTAPOD PINK BURST,ZIIPLAB,0.00000000,NONE,NONE,304369698305
304369698404,INSTAPOD STRWBRY LMNDE,ZIIPLAB,0.00000000,NONE,NONE,
305730150200,ADVIL 200MG 24CT TAB,9,0.00000000,NONE,NONE,
305730701129,CHAPSTICK ORIGINAL,9,0.00000000,NONE,NONE,
305730705127,CHAPSTICK CHERRY,9,0.00000000,NONE,NONE,
305730715126,CHAPSTICK STRAWBERRY,9,0.00000000,NONE,NONE,
305730725125,CHAPSTICK ORIGINAL 2 IN  1,9,0.00000000,NONE,NONE,
3102,TFV12 EXTENDER W/DRIP TIP,8,0.00000000,NONE,NONE,
310758526012,Savage Patch 60ML,10,0.00000000,NONE,NONE,310758519014
3124,BABY BEAST EXPANDER/DRIP TIP,8,0.00000000,NONE,NONE,
31587465321687,ETHOS SALTS,SALT NIC,0.00000000,NONE,NONE,
3213,SUPER TANK COILS,5,0.00000000,NONE,NONE,3213
32152,MAXX 50MG DISPOSABLE,ZIIPLAB,0.00000000,NONE,NONE,321150
323023,CUBIS .6 OHM COIL,5,1.59000000,NONE,NONE,6956916418221
328328136,LUSH BLUEBERRY,ZIIPLAB,0.00000000,NONE,NONE,
328328137,LUSH COOL MINT,ZIIPLAB,0.00000000,NONE,NONE,
328328140,LUSH LYCHEE,ZIIPLAB,0.00000000,NONE,NONE,
328328141,LUSH PASSION FRUIT ICE,ZIIPLAB,0.00000000,NONE,NONE,
328328142,LUSH PEACH ICE,ZIIPLAB,0.00000000,NONE,NONE,
328328143,LUSH HONEY DEW,ZIIPLAB,0.00000000,NONE,NONE,
328328144,LUSH WATERMELON ICE,ZIIPLAB,0.00000000,NONE,NONE,
334-W,CG HAPPY LITTLE TREES PIPE WHI,1,0.00000000,NONE,NONE,
340912803912839,PUFF MINI POMELO ICE,ZIIPLAB,0.00000000,NONE,NONE,
34211773344,SEA PODS,ZIIPLAB,0.00000000,NONE,NONE,9999999999123
3423423904230,PUFF MINI GUAVA JUICE,ZIIPLAB,0.00000000,NONE,NONE,
34242342323,PUFF MINI FROZEN CANTALOUPE,ZIIPLAB,0.00000000,NONE,NONE,
35186,EFEST 18650 BATTERY,4,0.00000000,NONE,NONE,6958946201361
353-CC,CG SOOTHSAYER SHERLOCK CC,1,0.00000000,NONE,NONE,
356451324168,SIGELEI,3,0.00000000,NONE,NONE,
357-G,CG BONE HEAD EMERALD GREEN,1,0.00000000,NONE,NONE,
357-O,CG BONE HEAD ONYX BLACK,1,0.00000000,NONE,NONE,
357-P,CG BONE HEAD SCARLETT PINK,1,0.00000000,NONE,NONE,
358,CG RAINBOW BASKET WEAVE PIPE,1,0.00000000,NONE,NONE,
359-B,CG ABS ZERO MINI FREEZE BLUE,1,0.00000000,NONE,NONE,
359-G,CG ABSOLUTE ZERO MINI FREEZ GN,1,0.00000000,NONE,NONE,
359-P,CG ABSOLUTE ZERO MINI FREEZ PK,1,0.00000000,NONE,NONE,
359-Y,CG ABSOLUTE ZERO MINI FREEZ YL,1,0.00000000,NONE,NONE,
36431354684,MAXX SALTS,SALT NIC,0.00000000,NONE,NONE,Batch 9235
3663701005919,Bo Vape Device Kit,2,0.00000000,NONE,NONE,
366715970138,ADVIL,CLEARNCE,0.00000000,NONE,NONE,
366715973948,ibuprofen,CLEARNCE,0.00000000,NONE,NONE,
366715975232,ADVIL,CLEARNCE,0.00000000,NONE,NONE,
370,CG PUSSY PIPE,1,0.00000000,NONE,NONE,
378,CG RAINBOW HALOCLINE PIPE,1,0.00000000,NONE,NONE,
383,CG DEEP GREEN CHILLUM,1,0.00000000,NONE,NONE,
39691393,ceral killa,10,0.00000000,NONE,NONE,
3floorelevapors2,13TH FLOOR DJANGO 12MG,10,0.00000000,NONE,NONE,
400101,HELL HOUND KIT,2,30.00000000,NONE,NONE,
400412,PURE EYES,9,2.40000000,NONE,NONE,610466049750
400659,TYLENOL SINUS 2CT PK,9,0.62000000,NONE,NONE,
400660,THERAFLU DAYTIME PKT,9,1.55000000,NONE,NONE,
402323930208,ETHOS APPLE CRISPY 3mg,10,0.00000000,NONE,NONE,
41,VINTAGE 30ML,10,11.00000000,NONE,NONE,
412691234563,HYDE DUO HONEYDEW/ORANGE,ZIIPLAB,0.00000000,NONE,NONE,
412691234570,HYDE DUE BANANA/STRAW,ZIIPLAB,0.00000000,NONE,NONE,
412691234587,HYDE DUO CHERRY/PINK LEMON,ZIIPLAB,0.00000000,NONE,NONE,
412691234594,HYDE DUE PEACH/STRAW,ZIIPLAB,0.00000000,NONE,NONE,
412691234600,HYDE DUE BLUERAZZ/LUSH ICE,ZIIPLAB,0.00000000,NONE,NONE,
412691234617,HydeDuoPineapl/peach ice,ZIIPLAB,0.00000000,NONE,NONE,
416000336108,BAK8D DELTA8 WATERMELON GUMMIE,CBD,0.00000000,NONE,NONE,
4160003361081,baked d8 gummy 1000mg,CBD,0.00000000,NONE,NONE,
4178,STRANGE CLOUDS BIRTHDAY CAKE,CBD,0.00000000,NONE,NONE,
418,CG TYPHOOL CYCLONIC PREFILTER,1,0.00000000,NONE,NONE,
420,420 BOX,1,0.00000000,NONE,NONE,
4200,HAPPY KIT,1,0.00000000,NONE,NONE,
4205,wooden dougout with bat,1,0.00000000,NONE,NONE,
4206,wooden dougout with bat,1,0.00000000,NONE,NONE,
426010,EFEST LUC BLU6 CHARGER,8,25.00000000,NONE,NONE,
426016,EFEST LUC BLU4,8,0.00000000,NONE,NONE,
426017,EFEST LUC V4,8,17.00000000,NONE,NONE,
428011,NITECORE I4 CHARGER,8,0.00000000,NONE,NONE,
444444,WULF 30ML,10,0.00000000,NONE,NONE,
454,CG PARTICLE DYNAMIC UV BLUE,1,0.00000000,NONE,NONE,
456123,BIO D10 7GM FLOWER,CBD,0.00000000,NONE,NONE,
45631843521645163245,POSH PLUS BANANA SMOOTHIE,ZIIPLAB,0.00000000,NONE,NONE,12358421854
45641,SHER-THANG 60ml,10,0.00000000,NONE,NONE,685349763108
45647,TAKEN THREE 30ML,10,0.00000000,NONE,NONE,taken
45658,SNCO-100 SNOOP DOGG,1,11.99000000,NONE,NONE,807172035133
456789,Frozen Limeade 60ml,10,0.00000000,NONE,NONE,685349763368
45815,CIRQUE DU SALT 30ML,10,0.00000000,NONE,NONE,647946991117
4611771469,PUFF - EXTRA WATERBUBBLEGUM,ZIIPLAB,0.00000000,NONE,NONE,
46117714692,PUFF - EXTRA PASSIONSTRAWBERRY,ZIIPLAB,0.00000000,NONE,NONE,
4611774692,PUFF - EXTRA ORANGEPINEMANGO,ZIIPLAB,0.00000000,NONE,NONE,
47135,PUFFCO PROXY TRAVEL PIPE ASSOR,1,0.00000000,NONE,NONE,
4719,STRANGE CLOUDS TROPICAL RUNTZ,CBD,0.00000000,NONE,NONE,
477,CG DEEP PURPLE SPOON,1,0.00000000,NONE,NONE,
488-CC-HC,CG COLOR CHANGE LADLE PIPE,1,0.00000000,NONE,NONE,
4893003114760,CBD ADDITIVE 550MG 15ML,1,0.00000000,NONE,NONE,
4893003114791,CBD GUMMY BEARS 350MG,1,0.00000000,NONE,NONE,
4895255208136,BC5000 BEACH DAY,ZIIPLAB,0.00000000,NONE,NONE,
4895255208174,EBDESIGN CLEAR,ZIIPLAB,0.00000000,NONE,NONE,
4895255208211,EBDESIGN CUBAN CIGAR,ZIIPLAB,0.00000000,NONE,NONE,
4895255208396,ELF BAR STRAWBERRY PINA COLADA,ZIIPLAB,0.00000000,NONE,NONE,
4895255208464,BC5000 WATERMELON ICE,ZIIPLAB,0.00000000,NONE,NONE,
4895255210559,EB BC5000 BLUEBRY POM ICE,ZIIPLAB,0.00000000,NONE,NONE,
4895255210603,EB5000 ORANGE PEAR NECTAR,ZIIPLAB,0.00000000,NONE,NONE,
4895255210610,EB BC5000 STRAW PEAR ORANGE IC,ZIIPLAB,0.00000000,NONE,NONE,
4895255210641,BC5000 STRAWLEMON ICE,ZIIPLAB,0.00000000,NONE,NONE,
4895257201449,EBCREATE BC5000 BLUERAZZ ICE,ZIIPLAB,0.00000000,NONE,NONE,
4895257201562,ELF BAR MALIBU BC5000,ZIIPLAB,0.00000000,NONE,NONE,
4895257201586,ELF BAR MIAMI MINT,ZIIPLAB,0.00000000,NONE,NONE,
4895257201623,EBCREATE PEACH BERRY,ZIIPLAB,0.00000000,NONE,NONE,
4895257201654,EBCREATE PINEAPPLE COCONUT ICE,ZIIPLAB,0.00000000,NONE,NONE,
4895257201678,EB BC5000 SAKURA GRAPE,ZIIPLAB,0.00000000,NONE,NONE,
4895257201715,ELF BAR STRAWBERRY KIWI,ZIIPLAB,0.00000000,NONE,NONE,
4895257201746,EBCREATE SPC,ZIIPLAB,0.00000000,NONE,NONE,
4895257201753,EBCREATE STRAWBERRY RBC ICE,ZIIPLAB,0.00000000,NONE,NONE,
4895257201777,EB STRAWBERRY WATERMELON,ZIIPLAB,0.00000000,NONE,NONE,
4895257201814,EBCREATE BC5000 TRIPLEBERRYICE,ZIIPLAB,0.00000000,NONE,NONE,
4895257203078,EB5000 CHERRY LEMON MINT,ZIIPLAB,0.00000000,NONE,NONE,
4895257203092,EB SNOOW GRAPE,ZIIPLAB,0.00000000,NONE,NONE,
4895257203108,EB SNOOW ICE,ZIIPLAB,0.00000000,NONE,NONE,
4895257203115,EB STRAW PASSIONFRUIT DUO ICE,ZIIPLAB,0.00000000,NONE,NONE,
4895257204716,BC5000 THERMAL FUJI CLOUD,ZIIPLAB,0.00000000,NONE,NONE,
4895257204723,BC5000 THERMAL BANANA CAKE,ZIIPLAB,0.00000000,NONE,NONE,
4895257204730,BC5000 THERMAL BLK B CHERRY,ZIIPLAB,0.00000000,NONE,NONE,
4895257204747,BC5000 CHERRY DRAGON FRUIT,ZIIPLAB,0.00000000,NONE,NONE,
4895257204754,BC5000 THERMAL  NECTARINE,ZIIPLAB,0.00000000,NONE,NONE,
4895257204761,BC5000 THERMAL SOURGRAPE CHEW,ZIIPLAB,0.00000000,NONE,NONE,
4895257204952,EB BC PRO BLACK MINT,ZIIPLAB,0.00000000,NONE,NONE,
4895257204969,EB BC PRO BLUERAZZ ICE,ZIIPLAB,0.00000000,NONE,NONE,
4895257204976,EB BC PROGRAPETWIST,ZIIPLAB,0.00000000,NONE,NONE,
4895257204983,EB BC PRO PINEAPPLE POM,ZIIPLAB,0.00000000,NONE,NONE,
4895257204990,EB BC PRO SOURAPPLE ICE,ZIIPLAB,0.00000000,NONE,NONE,
4895257205003,EB BC PRO SOUR FCUK FAB,ZIIPLAB,0.00000000,NONE,NONE,
4895257205010,EB BC PRO STRAWBERRY BLEND,ZIIPLAB,0.00000000,NONE,NONE,
4895257205027,EB BC PRO STRAWBERRY KIWI,ZIIPLAB,0.00000000,NONE,NONE,
4895257205034,EB BC PRO ST RS FROST,ZIIPLAB,0.00000000,NONE,NONE,
4895257205041,EB BC PRO TOASTED PINEAPPLE,ZIIPLAB,0.00000000,NONE,NONE,
4895257205058,EB BC PRO TRIPLE BERRY,ZIIPLAB,0.00000000,NONE,NONE,
4895257205065,EB BC PROTROPICAL BAJA,ZIIPLAB,0.00000000,NONE,NONE,
4895257205072,EB BC PRO WATERMELON ICE,ZIIPLAB,0.00000000,NONE,NONE,
4895257205089,EB BC PRO WM PEACH FROST,ZIIPLAB,0.00000000,NONE,NONE,
4895257205096,EB BC PRO WINTER MINT,ZIIPLAB,0.00000000,NONE,NONE,
4897136544715,NEXA INVISACLOUD BERRY SIREN,ZIIPLAB,0.00000000,NONE,NONE,
4897136544722,NEXA INVISACLOUD BLUE WIZARD,ZIIPLAB,0.00000000,NONE,NONE,
4897136544739,NEXA INVISACLOUD PEACHLUNA,ZIIPLAB,0.00000000,NONE,NONE,
4897136544746,NEXA INVISACLOUD WTRMLN PHANT,ZIIPLAB,0.00000000,NONE,NONE,
4897136544753,NEXA INVISACLOUD MINTMANCER,ZIIPLAB,0.00000000,NONE,NONE,
4897136548508,NEXA PIX 35K CITRUS RUSH,ZIIPLAB,0.00000000,NONE,NONE,
4897136548522,NEXA PIX 35K VELVET LATTE,ZIIPLAB,0.00000000,NONE,NONE,
4897136548539,NEXA PIX 35K JUICY GRAPE,ZIIPLAB,0.00000000,NONE,NONE,
4897136548546,NEXA PIX 35K SUN SLUSH,ZIIPLAB,0.00000000,NONE,NONE,
4897136548591,NEXA PIX 35K FROZEN BANANA,ZIIPLAB,0.00000000,NONE,NONE,
4897136548607,NEXA PIX 35K WATERMELON ICE,ZIIPLAB,0.00000000,NONE,NONE,
4897136548614,NEXA PIX 35K STRAWBERRY ICE,ZIIPLAB,0.00000000,NONE,NONE,
4897136548638,NEXA PIX 35K FUCKING FAB,ZIIPLAB,0.00000000,NONE,NONE,
4897136549192,NEXA PIX 35K BLUE RAZZ ICE,ZIIPLAB,0.00000000,NONE,NONE,
4897136549208,NEXA PIX 35K MIAMI MINT,ZIIPLAB,0.00000000,NONE,NONE,
4897136549215,NEXA PIX 35K SOURAPPLECHILL,ZIIPLAB,0.00000000,NONE,NONE,
4897136549222,NEXA PIX 35K PEACH DIVE,ZIIPLAB,0.00000000,NONE,NONE,
4897136549239,NEXA PIX 35K BLUBERRY WATERMEL,ZIIPLAB,0.00000000,NONE,NONE,
4897136549246,NEXA PIX 35K WHITE GUMMY,ZIIPLAB,0.00000000,NONE,NONE,
492287,DAYQUIL SEV COLD&FLU,9,1.44000000,NONE,NONE,
492293,PEPCID 1 TABLET,9,0.63000000,NONE,NONE,
492309,ADVIL LIQ-GEL,9,0.55000000,NONE,NONE,
492311,EXCEDRIN ES 2CT,9,0.56000000,NONE,NONE,
492313,ADVIL TABLET 2CT,9,0.39000000,NONE,NONE,
492324,MUCINEX DM 2CT,9,1.51000000,NONE,NONE,363824056722
492326,TYLENOL ES TAB 2CT,9,0.60000000,NONE,NONE,
492328,MIDOL 2CT,9,0.65000000,NONE,NONE,
492621,INCENSE HOLDER MULTICOLOR,12345678,0.00000000,NONE,NONE,
499-0,CG PLASM SANDBLAST ONYX BLACK,1,0.00000000,NONE,NONE,
499-P,CG PLASM SANDBLAST PINK,1,0.00000000,NONE,NONE,
5056059530185,RIOT SALT 10ML NIC 20MG,SALT NIC,0.00000000,NONE,NONE,
5056716402183,LOST MARY BLUEBERRY P&B CLOUDD,ZIIPLAB,0.00000000,NONE,NONE,
5056716402190,LOST MARY BLUE RAZZ ICE,ZIIPLAB,0.00000000,NONE,NONE,
5056716402237,LOST MARY PEACH ICE,ZIIPLAB,0.00000000,NONE,NONE,
5056716402268,LM STRAWBERRY ICE OS5000,ZIIPLAB,0.00000000,NONE,NONE,
5056716402305,LOST MARY WATERMELON,ZIIPLAB,0.00000000,NONE,NONE,
5056716402336,LOST MARY MARY DREAM,ZIIPLAB,0.00000000,NONE,NONE,
5056716402350,PEACH MANGO WATERMELON,ZIIPLAB,0.00000000,NONE,NONE,
5056716402381,LOST MARY WATERMELON LEMON,ZIIPLAB,0.00000000,NONE,NONE,
5056716402398,LOST MARY BANANA RASPBERRY ICE,ZIIPLAB,0.00000000,NONE,NONE,
5056716402404,LOST MARY BB RASPBERRY POM,ZIIPLAB,0.00000000,NONE,NONE,
5056716402428,LOST MARY SAKURA BERRY PI,ZIIPLAB,0.00000000,NONE,NONE,
5056716402718,LM OS5000 CHERRY BANANA DUOICE,ZIIPLAB,0.00000000,NONE,NONE,
5056716402725,LOST MARY LEMON MINT,ZIIPLAB,0.00000000,NONE,NONE,
5056716402855,LOST MARY BR PEACH,ZIIPLAB,0.00000000,NONE,NONE,
5056716403005,LOST MARY BRL,ZIIPLAB,0.00000000,NONE,NONE,
5056716403043,LM GRAPE CLOUDD,ZIIPLAB,0.00000000,NONE,NONE,
5056716403098,LOST MARY PINEAPPLE APPLE PEAR,ZIIPLAB,0.00000000,NONE,NONE,
5056716403104,LOST MARY WATERMELON ICE,ZIIPLAB,0.00000000,NONE,NONE,
5056716403166,LOST MARY BLUE RAZZ ICE,ZIIPLAB,0.00000000,NONE,NONE,
5056716403524,LOST MARY BLACKCURRANT MINT,ZIIPLAB,0.00000000,NONE,NONE,
5056716403548,LOST MARY KIWI DRAG ICE,ZIIPLAB,0.00000000,NONE,NONE,
5056716403821,LM KIWI DRAGONFRUIT BERRY ICE,ZIIPLAB,0.00000000,NONE,NONE,
5056716403845,LOST MARY SB KIWI ICE,ZIIPLAB,0.00000000,NONE,NONE,
5056716404002,LOST MARY BERRY PASSION FG,ZIIPLAB,0.00000000,NONE,NONE,
5056716404019,LOST MARY BLUEBERRY RAS GAMI,ZIIPLAB,0.00000000,NONE,NONE,
5056716404026,LOST MARY CRANBERRY KIWI,ZIIPLAB,0.00000000,NONE,NONE,
5056716404033,LOST MARY MIAMI MINT,ZIIPLAB,0.00000000,NONE,NONE,
5056716404262,LOST MARY ALPHONSO MI,ZIIPLAB,0.00000000,NONE,NONE,
5056716404286,LOST MARY BB CHERRY LEMON,ZIIPLAB,0.00000000,NONE,NONE,
5056716404293,LOST MARY COLOMBIAN CI,ZIIPLAB,0.00000000,NONE,NONE,
5056716404316,LOST MARY ICED PEACH C,ZIIPLAB,0.00000000,NONE,NONE,
5056716404323,LOST MARY SOUR GAMI MINT,ZIIPLAB,0.00000000,NONE,NONE,
5056716404330,LOST MARY WHITE SI,ZIIPLAB,0.00000000,NONE,NONE,
5056716404620,MT15000 THERMAL CHERRY STRAZZ,ZIIPLAB,0.00000000,NONE,NONE,
5056716404637,MT15000 THERMAL CITRUS SUNRISE,ZIIPLAB,0.00000000,NONE,NONE,
5056716404644,MT15000 DR CHERRY,ZIIPLAB,0.00000000,NONE,NONE,
5056716404651,MT15000 THERMAL MIAMI MINT,ZIIPLAB,0.00000000,NONE,NONE,
5056716404668,MT15000 NANA COCONUT,ZIIPLAB,0.00000000,NONE,NONE,
5056716404675,MT15000 THERMAL STRAWBERRY KIW,ZIIPLAB,0.00000000,NONE,NONE,
5056716404682,MT15000 THERMAL STRWBRY ORANGE,ZIIPLAB,0.00000000,NONE,NONE,
5056716404705,MT15000 THERMAL SUMMER GRAPE,ZIIPLAB,0.00000000,NONE,NONE,
5056716404712,MT15000 WATERMELON ICE,ZIIPLAB,0.00000000,NONE,NONE,
5056716404927,SOUR BERRY BG LM OS5000,ZIIPLAB,0.00000000,NONE,NONE,
5056716405146,LM20K BLU BAJA SPLASH,ZIIPLAB,0.00000000,NONE,NONE,
5056716405153,LM20K BLUE RAZZ ICE,ZIIPLAB,0.00000000,NONE,NONE,
5056716405160,LM 20K DRAGON DRINK,ZIIPLAB,0.00000000,NONE,NONE,
5056716405177,LM 20K LIME GRAPEFRUIT,ZIIPLAB,0.00000000,NONE,NONE,
5056716405184,LM 20K MANGO TWIST,ZIIPLAB,0.00000000,NONE,NONE,
5056716405191,LM20K MIAMI MINT,ZIIPLAB,0.00000000,NONE,NONE,
5056716405207,LM 20K PEACH+,ZIIPLAB,0.00000000,NONE,NONE,
5056716405214,LM 20K PINEAPPLE ICE,ZIIPLAB,0.00000000,NONE,NONE,
5056716405221,LM20K RAINBOW SHERBERT,ZIIPLAB,0.00000000,NONE,NONE,
5056716405238,LM 20K ROCKET POP,ZIIPLAB,0.00000000,NONE,NONE,
5056716405245,LM20K SOUR APPLE ICE,ZIIPLAB,0.00000000,NONE,NONE,
5056716405252,LM20K STRAWBERRY ICE,ZIIPLAB,0.00000000,NONE,NONE,
5056716405269,LM20K TROP PUNCH,ZIIPLAB,0.00000000,NONE,NONE,
5056716405276,LM20K WTRMLN ICE,ZIIPLAB,0.00000000,NONE,NONE,
5056716405283,LM 20K WTRMLN SOUR PCH,ZIIPLAB,0.00000000,NONE,NONE,
5056716405580,LM 20K ORANGE POM CRANBERRY,ZIIPLAB,0.00000000,NONE,NONE,
5056716405597,LM 20K PEAR DROP,ZIIPLAB,0.00000000,NONE,NONE,
5056716405603,LM 20K PEPPERMINT,ZIIPLAB,0.00000000,NONE,NONE,
5056716405610,LM 20K STRAWBERRY KIWI,ZIIPLAB,0.00000000,NONE,NONE,
5056716405627,LM20K PINA COLADA,ZIIPLAB,0.00000000,NONE,NONE,
5056716406068,LM20K GRAPE JELLY,ZIIPLAB,0.00000000,NONE,NONE,
5056716406075,LM20K LUX TABACCO,ZIIPLAB,0.00000000,NONE,NONE,
5056716406082,LM20K RED WAVE,ZIIPLAB,0.00000000,NONE,NONE,
5056716406099,LM20K SCARY BERRY,ZIIPLAB,0.00000000,NONE,NONE,
5056716406105,LM20K SR STRAW DRAG,ZIIPLAB,0.00000000,NONE,NONE,
5056716406709,LM MT 35K PINK LEM,ZIIPLAB,0.00000000,NONE,NONE,
5056716406716,LM MT 35K sCARY bERRY,ZIIPLAB,0.00000000,NONE,NONE,
5056716406723,LM MT 35K STRAWBERRY,ZIIPLAB,0.00000000,NONE,NONE,
5056716406730,LM MT 35K TIGERS BLOOD,ZIIPLAB,0.00000000,NONE,NONE,
5056716406747,LM MT 35K WATERMELON,ZIIPLAB,0.00000000,NONE,NONE,
5056716406808,LM MT 35K BLACK MINT,ZIIPLAB,0.00000000,NONE,NONE,
5056716406815,LM MT 35K BLACKBERRYBLUEBRRY,ZIIPLAB,0.00000000,NONE,NONE,
5056716406822,LM MT 35K PINEAPPLE LIME,ZIIPLAB,0.00000000,NONE,NONE,
5056716406839,LM MT 35K STRAWBERRY KIWI,ZIIPLAB,0.00000000,NONE,NONE,
5056716406846,LM MT 35K WHITE GAMI,ZIIPLAB,0.00000000,NONE,NONE,
5056716406907,LM MT 35K BAJA SPLASH,ZIIPLAB,0.00000000,NONE,NONE,
5056716406914,LM MT 35K TOASTED NANA,ZIIPLAB,0.00000000,NONE,NONE,
5056716406921,LM MT 35K BERRY BURST,ZIIPLAB,0.00000000,NONE,NONE,
5056716406938,LM MT 35K BLUE RAZZ,ZIIPLAB,0.00000000,NONE,NONE,
5056716406939,LM MT 35K PINEAPPLE LIME,ZIIPLAB,0.00000000,NONE,NONE,
5056716406945,LM MT 35K ORANGE PASS MANGO,ZIIPLAB,0.00000000,NONE,NONE,
5056716406952,LM MT 35K MIAMI MINT,ZIIPLAB,0.00000000,NONE,NONE,
5056716406969,LM MT 35K ROCKET FREEZE,ZIIPLAB,0.00000000,NONE,NONE,
5056716406983,LM MT 35K STRAWMELON PEACH,ZIIPLAB,0.00000000,NONE,NONE,
5056716406990,LM MT 35K SUMMER GRAPE,ZIIPLAB,0.00000000,NONE,NONE,
5056716407010,LM MT 35K WINTER MINT,ZIIPLAB,0.00000000,NONE,NONE,
5056716407768,LM NERA DRAGON BLRAZZ ICE POD,ZIIPLAB,0.00000000,NONE,NONE,
5056716407775,LM NERA DRAGON STRAWNANA POD,ZIIPLAB,0.00000000,NONE,NONE,
5056716407782,LM NERAMIAMI MINT POD,ZIIPLAB,0.00000000,NONE,NONE,
5056716407799,LM NERA PA PORANGE POD,ZIIPLAB,0.00000000,NONE,NONE,
5056716407805,LM NERA PINK LEMONADE  POD,ZIIPLAB,0.00000000,NONE,NONE,
5056716407812,LM NERA POME BLAST POD,ZIIPLAB,0.00000000,NONE,NONE,
5056716407829,LM NERA ROCKET FREEZE POD,ZIIPLAB,0.00000000,NONE,NONE,
5056716407836,LM NERA SCARY BERRY  POD,ZIIPLAB,0.00000000,NONE,NONE,
5056716407843,LM NERA DRAGON SAPPLE ICE POD,ZIIPLAB,0.00000000,NONE,NONE,
5056716407850,LM NERA WATERMELON ICE POD,ZIIPLAB,0.00000000,NONE,NONE,
5056716407966,LM NERA 70K BLUERAZZ ICE KIT,ZIIPLAB,0.00000000,NONE,NONE,
5056716407973,LM NERA 70KDRAGON STRAWNAN KIT,ZIIPLAB,0.00000000,NONE,NONE,
5056716407980,LM NERA 70K MIAMI MINT KIT,ZIIPLAB,0.00000000,NONE,NONE,
5056716407997,LM NERA 70K PA PORANGE KIT,ZIIPLAB,0.00000000,NONE,NONE,
5056716408000,LM NERA 70K PINK LEMONADE KIT,ZIIPLAB,0.00000000,NONE,NONE,
5056716408017,LM NERA 70K POME BLAST KIT,ZIIPLAB,0.00000000,NONE,NONE,
5056716408018,LM NERA 70K POME BLAST KIT,ZIIPLAB,0.00000000,NONE,NONE,
5056716408024,LM NERA 70KROCKET FREEZE KIT,ZIIPLAB,0.00000000,NONE,NONE,
5056716408031,LM NERA 70K SCARY BERRY KIT,ZIIPLAB,0.00000000,NONE,NONE,
5056716408048,LM NERA 70K SOURAPPLE ICE KIT,ZIIPLAB,0.00000000,NONE,NONE,
5056716408055,LM NERA 70K WATERMELON KIT,ZIIPLAB,0.00000000,NONE,NONE,
5056716408161,LM MT 35K BLACK RAZZ LEMON,ZIIPLAB,0.00000000,NONE,NONE,
5056716409199,LM MT 35K MINT LEMONADE,ZIIPLAB,0.00000000,NONE,NONE,
5056716410225,LM MT 35K PURPLE PIXY,ZIIPLAB,0.00000000,NONE,NONE,
5056716410232,LM MT 35K ORANGE PIXY,ZIIPLAB,0.00000000,NONE,NONE,
5056716410249,LM MT 35K RED PIXY,ZIIPLAB,0.00000000,NONE,NONE,
5056719900617,FR Ti7000 CALIFORNIA CHERRY,ZIIPLAB,0.00000000,NONE,NONE,
5056719900778,FR Ti7000 MANGO KISS,ZIIPLAB,0.00000000,NONE,NONE,
5059362686211,DINNER LADY LMN TART 100ML,10,0.00000000,NONE,NONE,
5060521390672,Fuchai DOU Mod,3,0.00000000,NONE,NONE,5060521390689
5060521390955,SNOWOLF VFENG,3,0.00000000,NONE,NONE,5060521391891
5060521390993,SIGELI MT 220W (BLUE),3,0.00000000,NONE,NONE,
5060521391075,FUCHAI GLO,2,0.00000000,NONE,NONE,
5060521391167,VCIGO K2,2,0.00000000,NONE,NONE,5060521391143
5060521391600,Fuchai V3,2,0.00000000,NONE,NONE,1870000500027
5060521391617,Fuchai V3 Pods 2pc,5,0.00000000,NONE,NONE,
5060521391891,VFENG-S,3,0.00000000,NONE,NONE,
5060521394304,X FENG MOD,3,0.00000000,NONE,NONE,5060521395233
5060521394380,TOP 1 MOD,3,0.00000000,NONE,NONE,5060521394373
5060521394502,SQUONK VFENG,2,0.00000000,NONE,NONE,
5060521395110,KAOS Z,3,0.00000000,NONE,NONE,5060521395141
5060521396377,M FENG KIT,2,0.00000000,NONE,NONE,5060521396391
5060521396551,MFENG 200W MOD,3,0.00000000,NONE,NONE,5060521396605
5060521396643,SOBRA KIT,2,0.00000000,NONE,NONE,5060521396223
5060521396711,WF COILS 0.2 OHM,5,0.00000000,NONE,NONE,5060521396704
5060521396797,WF-H COILS .16OM,5,0.00000000,NONE,NONE,5060521396766
5060521396872,MS-H COILS .2OM,5,0.00000000,NONE,NONE,
5060521397015,M FENG MINI KIT,2,0.00000000,NONE,NONE,5060521397176
5060521397145,O-100 KIT,2,0.00000000,NONE,NONE,5060521396681
5060521397886,SHIKRA KIT,2,0.00000000,NONE,NONE,5060521397855
5060521399750,WOLF TANK MINI GLASS,8,0.00000000,NONE,NONE,
5060521399989,CHRONUS BABY ONYX,2,32.00000000,NONE,NONE,
5060521400012,CHRONUS BABY PLATINUM,2,32.00000000,NONE,NONE,
5060521400036,CHRONUS BABY ORCHID,2,32.00000000,NONE,NONE,
5060521400043,CHRONUS BABY NEON BLUE,2,32.00000000,NONE,NONE,
5060521400371,BIGFOOT 200W GANG GANG,2,60.00000000,NONE,NONE,
5060521401620,BIGFOOT 200W AQUA,2,60.00000000,NONE,NONE,
5060521402078,Snowwolf UX Mod,3,0.00000000,NONE,NONE,5060521402078
5060521402603,EXILIS POD SYSTEM,5,0.00000000,NONE,NONE,
5060521402627,EXILIS COIL 5PK,5,0.00000000,NONE,NONE,
5060521402672,SNOWWOLF WOCKET KIT WITH PODS,2,0.00000000,NONE,NONE,5060521402672
5060521402726,WOCKET POD,5,0.00000000,NONE,NONE,
5060521402740,WOCKET XGRID COIL,5,0.00000000,NONE,NONE,
5060521402771,SNOWWOLF EXILIS KIT W/ POD,2,0.00000000,NONE,NONE,5060521402474
5060521407585,TAZE-Y MESH COIL 0.3,5,0.00000000,NONE,NONE,
5060521408513,SNOWWOLF P50 KIT - BLACK,2,0.00000000,NONE,NONE,
5060521408568,SNOWWOLF P50 KIT - RAINBOW,2,0.00000000,NONE,NONE,
5060521426319,SW MINO TRIPLE BERRY,ZIIPLAB,0.00000000,NONE,NONE,
5060521426326,SW MINO SWEET MINT,ZIIPLAB,0.00000000,NONE,NONE,
5060521426333,SW MINO STRAWMANGO,ZIIPLAB,0.00000000,NONE,NONE,
5060521426340,SW MINO STRAWKIWI,ZIIPLAB,0.00000000,NONE,NONE,
5060521426357,SW MINO WATERMELON GUM,ZIIPLAB,0.00000000,NONE,NONE,
5060521426364,SW MINO SOUR APPLE,ZIIPLAB,0.00000000,NONE,NONE,
5060521426371,SW SAKURA GRAPE,ZIIPLAB,0.00000000,NONE,NONE,
5060521426388,SW MINO RAINBOW CANDY,ZIIPLAB,0.00000000,NONE,NONE,
5060521426395,SW MINO PEACH ICE,ZIIPLAB,0.00000000,NONE,NONE,
5060521426401,SW MINO LUSH ICE,ZIIPLAB,0.00000000,NONE,NONE,
5060521426418,SW MINO PMV,ZIIPLAB,0.00000000,NONE,NONE,
5060521426425,SW MINO BLUE RAZZ ICE,ZIIPLAB,0.00000000,NONE,NONE,
5060521426432,SW MINO TROPICAL BLAST,ZIIPLAB,0.00000000,NONE,NONE,
5060521426449,SW MINO STRAWBERRY BANANA,ZIIPLAB,0.00000000,NONE,NONE,
5060521426456,SW MINO CHERRY ICE,ZIIPLAB,0.00000000,NONE,NONE,
5060521428160,SW EASE PEACH MANGO WATERMELON,ZIIPLAB,0.00000000,NONE,NONE,
5060521428207,SW EASE STRAWNANA ICE,ZIIPLAB,0.00000000,NONE,NONE,
5060521428238,SW EASE ICY MINT,ZIIPLAB,0.00000000,NONE,NONE,
5060521431344,SW EASE LUSH ICE,ZIIPLAB,0.00000000,NONE,NONE,
5060521431382,SW EASE BLUE COTTON CANDY,ZIIPLAB,0.00000000,NONE,NONE,
5060521433768,SW EA9000 WATRMELON KIWI BERRY,ZIIPLAB,0.00000000,NONE,NONE,
5060521433775,SW EA9000 FROZEN MINT,ZIIPLAB,0.00000000,NONE,NONE,
5060521433782,SW EA9000 STRWBRY MELON ICE,ZIIPLAB,0.00000000,NONE,NONE,
5060521433799,SW EA9000 DOUBLE APPLE,ZIIPLAB,0.00000000,NONE,NONE,
5060521433805,SW EA9000 LUSH ICE,ZIIPLAB,0.00000000,NONE,NONE,
5060521433812,SW EA9000 BLUE COTTON CANDY,ZIIPLAB,0.00000000,NONE,NONE,
5060521433829,SW EA9000 STRWBRY BANANA ICE,ZIIPLAB,0.00000000,NONE,NONE,
5060521433836,SW EA9000 STRAWBERRY WATRMELON,ZIIPLAB,0.00000000,NONE,NONE,
5060521433843,SW EA9000 GRAPE ICE,ZIIPLAB,0.00000000,NONE,NONE,
5060521433850,SW EA9000 BLUE RAZZ ICE,ZIIPLAB,0.00000000,NONE,NONE,
5060521433966,SW EA9000 CHERRY LEMON,ZIIPLAB,0.00000000,NONE,NONE,
5060521433973,SW EA9000 GUMMY BEAR,ZIIPLAB,0.00000000,NONE,NONE,
5060551840086,REV NITRO,3,0.00000000,NONE,NONE,5060551840062
5060576548448,DINNER LADY 30ML (SALT NIC),SALT NIC,0.00000000,NONE,NONE,5060576548431
5060591744139,DINNER LADY COLA SHADES,SALT NIC,0.00000000,NONE,NONE,
5060591744146,DINNER LADY COLA SHADES,SALT NIC,0.00000000,NONE,NONE,
5061028371836,PIXIE DUST POD 4G BLUE SUSHI,CBD,0.00000000,NONE,NONE,
5061028371843,PIXIE DUST POD 4G LOVE AFFAIR,CBD,0.00000000,NONE,NONE,
5061028590688,OFF STAMP BLUE RAZZ ICE POD 9K,ZIIPLAB,0.00000000,NONE,NONE,
5061028590695,OFF STAMP CALI CHERRY POD 9K,ZIIPLAB,0.00000000,NONE,NONE,
5061028590701,OFF STAMP POD CHERRY STRAZZ 9K,ZIIPLAB,0.00000000,NONE,NONE,
5061028590718,OFF STAMP DRAG STRAWNAN POD 9K,ZIIPLAB,0.00000000,NONE,NONE,
5061028590725,OFF STAMP MIAMI MINT POD 9K,ZIIPLAB,0.00000000,NONE,NONE,
5061028590732,OFF STAMP JUICY PEACH POD 9K,ZIIPLAB,0.00000000,NONE,NONE,
5061028590749,OFF STAMP SOUR LUSH POD 9K,ZIIPLAB,0.00000000,NONE,NONE,
5061028590756,OFF STAMP WATERMELON ICE POD9K,ZIIPLAB,0.00000000,NONE,NONE,
5061028590848,OFF-STAMP BLUErazzICE KIT 9K,ZIIPLAB,0.00000000,NONE,NONE,
5061028590855,OFF-STAMP CALI cherry kit 9K,ZIIPLAB,0.00000000,NONE,NONE,
5061028590862,OFF-STAMP CHERRY STRAZZ 16K,ZIIPLAB,0.00000000,NONE,NONE,
5061028590879,OFF STAMP DRGN STRWNAN KIT 16K,ZIIPLAB,0.00000000,NONE,NONE,
5061028590886,OFF-STAMP MIAMI MINT 16K,ZIIPLAB,0.00000000,NONE,NONE,
5061028590893,OFF STAMP JUICY PEACH kit 16K,ZIIPLAB,0.00000000,NONE,NONE,
5061028590909,OFF-STAMP SOUR LUSH GUMMY 16K,ZIIPLAB,0.00000000,NONE,NONE,
5061028592217,OFF STAMP 16K BAJA BAST,ZIIPLAB,0.00000000,NONE,NONE,
5061028592224,OFF STAMP 16K BLU RAZ GRP ICE,ZIIPLAB,0.00000000,NONE,NONE,
5061028592231,OFF STAMP 16K DRAG MLN ICE POD,ZIIPLAB,0.00000000,NONE,NONE,
5061028592248,OFF STAMP 16K MANGO TWIST,ZIIPLAB,0.00000000,NONE,NONE,
5061028592255,OFF STAMP 16K RAINBOW SHERBET,ZIIPLAB,0.00000000,NONE,NONE,
5061028592262,OFF STAMP 16K ROCKET POPSICLE,ZIIPLAB,0.00000000,NONE,NONE,
5061028592279,OFF STAMP 16K SOUR APPLE ICE,ZIIPLAB,0.00000000,NONE,NONE,
5061028592286,OFF STAMP 16K STRMELON PCH ICE,ZIIPLAB,0.00000000,NONE,NONE,
5061028592590,OFFSTAMP RASPBERRY 9k POD,ZIIPLAB,0.00000000,NONE,NONE,
5061028592620,OFFSTAMP SOUR NIGHT CRAWLER 9K,ZIIPLAB,0.00000000,NONE,NONE,
5061028592668,OFFSTAMP DISP SUMMER GRAPE 9K,ZIIPLAB,0.00000000,NONE,NONE,
5061028593344,OFF STAMP BLUE BATTERY,4,0.00000000,NONE,NONE,
5061028593382,OFFSTAMP PURP BATTERY,ZIIPLAB,0.00000000,NONE,NONE,
5061028593900,OFFSTAMP TX MINT 16K POD,ZIIPLAB,0.00000000,NONE,NONE,
5061028593917,OFF STAMP 16K FCUKING FAB - V2,ZIIPLAB,0.00000000,NONE,NONE,
5061028593924,OFFSTAMP SKIPPER NIPS 16K,ZIIPLAB,0.00000000,NONE,NONE,
5061028593948,OFFSTAMP BLUE GF 16K POD,ZIIPLAB,0.00000000,NONE,NONE,
5061028594105,OS 16K WINTER MINT 16K POD,ZIIPLAB,0.00000000,NONE,NONE,5061028596574
5061028594112,OFF STAMP 16K PEACH+ POD,ZIIPLAB,0.00000000,NONE,NONE,
5061028594129,OFFSTAMP 6K SOUR WILDBERRY GUM,ZIIPLAB,0.00000000,NONE,NONE,
5061028594136,OS 16K BANGIN STRAW POD,ZIIPLAB,0.00000000,NONE,NONE,
5061028594143,OS 16K STRAW ORANGE POD,ZIIPLAB,0.00000000,NONE,NONE,
5061028594280,OS SMART 16K BLU RAZZ ICE KIT,ZIIPLAB,0.00000000,NONE,NONE,
5061028594297,OS SMART 16K SOUR LUSH KIT,ZIIPLAB,0.00000000,NONE,NONE,
5061028594310,OS SMART 16K MIAMI MINT KIT,ZIIPLAB,0.00000000,NONE,NONE,
5061028594464,OS SMART 16K DRAG STRAW KIT,ZIIPLAB,0.00000000,NONE,NONE,
5061028594471,OS SMART JUICY PEACH KIT,ZIIPLAB,0.00000000,NONE,NONE,
5061028594785,OS XCUBE BLUERAZZICE  KIT,ZIIPLAB,0.00000000,NONE,NONE,
5061028594792,OS X CUBE FLDA TWST KIT,ZIIPLAB,0.00000000,NONE,NONE,
5061028594808,OS XCUBE DRAGONSTRAWNANA KIT,ZIIPLAB,0.00000000,NONE,NONE,
5061028594815,OS XCUBE PINE PASS ORNG KIT,ZIIPLAB,0.00000000,NONE,NONE,
5061028594822,OS X CUBE MIAMI MINT KIT,ZIIPLAB,0.00000000,NONE,NONE,
5061028594839,OS X CUBE BANGIN PEACH KIT,ZIIPLAB,0.00000000,NONE,NONE,
5061028594846,OS XCUBE ROCKETPOPSICKLE  KIT,ZIIPLAB,0.00000000,NONE,NONE,
5061028594853,OS XCUBE BANGINGWATER KIT,ZIIPLAB,0.00000000,NONE,NONE,
5061028594945,OS X CUBE BLUE RAZZ ICE POD,ZIIPLAB,0.00000000,NONE,NONE,5061028596741
5061028594952,OS X CUBE FLORIDA TWST POD,ZIIPLAB,0.00000000,NONE,NONE,
5061028594969,OS X CUBE DRAGON STRAWNAN POD,ZIIPLAB,0.00000000,NONE,NONE,
5061028594976,OS X CUBE PINE PASS ORNG POD,ZIIPLAB,0.00000000,NONE,NONE,
5061028594983,OS X CUBE MIAMI MINT POD,ZIIPLAB,0.00000000,NONE,NONE,5061028596772
5061028594990,OS X CUBE BANGIN PEACH POD,ZIIPLAB,0.00000000,NONE,NONE,
5061028595003,OS X CUBE ROCKET FRZ POD,ZIIPLAB,0.00000000,NONE,NONE,
5061028595010,OS X CUBE BANGIN WTRMLN POD,ZIIPLAB,0.00000000,NONE,NONE,
5061028595102,OS X CUBE BLUE RAZZ B POP POD,ZIIPLAB,0.00000000,NONE,NONE,
5061028595119,OS X CUBE GRAPE RANCHER POD,ZIIPLAB,0.00000000,NONE,NONE,
5061028595126,OS X CUBE LEMON HEADS POD,ZIIPLAB,0.00000000,NONE,NONE,
5061028595133,OS X CUBE SR BRY BBGUM POD,ZIIPLAB,0.00000000,NONE,NONE,
5061028595140,OS X CUBE SR LUSH GUMMY POD,ZIIPLAB,0.00000000,NONE,NONE,
5061028595157,OS X CUBE SR WILDBRRY GMY POD,ZIIPLAB,0.00000000,NONE,NONE,
5061028595164,OS X CUBE TWISTED STRAW POD,ZIIPLAB,0.00000000,NONE,NONE,
5061028595171,OS X CUBE WNTRGRN BLAST POD,ZIIPLAB,0.00000000,NONE,NONE,
5061028595560,OS X CUBE BLU RAZ DRAG POD,ZIIPLAB,0.00000000,NONE,NONE,
5061028595577,OS CRYSTAL POD POMOGRANATE BLA,ZIIPLAB,0.00000000,NONE,NONE,
5061028595584,OS X CUBE BANGING PINEAPPLE,ZIIPLAB,0.00000000,NONE,NONE,
5061028595607,OS X CUBE PEACH MEDLEY,ZIIPLAB,0.00000000,NONE,NONE,
5061028595614,OS X CUBE SR STRAW DRAG POD,ZIIPLAB,0.00000000,NONE,NONE,
5061028595621,OS X CUBE BLACK MINT POD,ZIIPLAB,0.00000000,NONE,NONE,
5061028595638,OS X CUBE DOUBLE MINT POD,ZIIPLAB,0.00000000,NONE,NONE,
5061028595645,OS X CUBE COOL MINT POD,ZIIPLAB,0.00000000,NONE,NONE,
5061028595652,OS X CUBE FORREST MINT POD,ZIIPLAB,0.00000000,NONE,NONE,
5061028595768,OS CRYSTAL POD BLACK MINT,ZIIPLAB,0.00000000,NONE,NONE,
5061028595775,OS CRYSTAL POD MOUNT BERRY,ZIIPLAB,0.00000000,NONE,NONE,
5061028595782,OS CRYSTAL POD SR APPLE ICE,ZIIPLAB,0.00000000,NONE,NONE,
5061028595799,OS CRYSTAL POD RASP WTRMLN,ZIIPLAB,0.00000000,NONE,NONE,
5061028595805,OS CRYSTAL POD SCARY BERRY,ZIIPLAB,0.00000000,NONE,NONE,
5061028595867,OS CRYSTAL KIT BLACK MINT,ZIIPLAB,0.00000000,NONE,NONE,
5061028595874,OS CRYSTAL KIT MOUNT BERRY,ZIIPLAB,0.00000000,NONE,NONE,
5061028595881,OS CRYSTAL KIT SR APPLE ICE,ZIIPLAB,0.00000000,NONE,NONE,
5061028595898,OS CRYSTAL KIT RASP WTRMLN,ZIIPLAB,0.00000000,NONE,NONE,
5061028595904,OS CRYSTAL KIT SCARY BERRY,ZIIPLAB,0.00000000,NONE,NONE,
5061028595966,OS CRYSTAL POD COFFE,ZIIPLAB,0.00000000,NONE,NONE,
5061028595980,OS CRYSTAL POD BLUEBERRY APPLE,ZIIPLAB,0.00000000,NONE,NONE,
5061028596000,OS CRYSTAL POD PCH BERRY,ZIIPLAB,0.00000000,NONE,NONE,
5061028596017,OS CRYSTAL POD TROP GUAVA,ZIIPLAB,0.00000000,NONE,NONE,
5061028596024,OS CRYSTAL POD BLURAZZ GRP ICE,ZIIPLAB,0.00000000,NONE,NONE,
5061028596123,OS CRYSTAL KIT COFFEE,ZIIPLAB,0.00000000,NONE,NONE,
5061028596147,OS CRYSTAL KIT BB APPLE COBB,ZIIPLAB,0.00000000,NONE,NONE,
5061028596161,OS X CUBE PEACH BERRY KIT,ZIIPLAB,0.00000000,NONE,NONE,
5061028596178,OS CRYSTAL KIT TROP GUAVA,ZIIPLAB,0.00000000,NONE,NONE,
5061028596185,OS CRYSTAL KIT BLUE RAZZ GRP,ZIIPLAB,0.00000000,NONE,NONE,
5061028596406,OS X CUBE SOUR WHITE GAMI POD,ZIIPLAB,0.00000000,NONE,NONE,
5061028596413,OS X CUBE SOUR APL WTRMLON POD,ZIIPLAB,0.00000000,NONE,NONE,
5061028596420,OS X CUBE GRAPE POMEGRANAT POD,ZIIPLAB,0.00000000,NONE,NONE,
5061028596437,OS X CUBE GOLDEN BERRY POD,ZIIPLAB,0.00000000,NONE,NONE,
5061028596444,OS X CUBE SOUR BLUE DUST POD,ZIIPLAB,0.00000000,NONE,NONE,
5061028596451,OS X CUBE PINK LEMON POD,ZIIPLAB,0.00000000,NONE,NONE,
5061028596468,OS X CUBE STRAWBERRY CREAM POD,ZIIPLAB,0.00000000,NONE,NONE,
5061028596543,OS X CUBE BANGIN STRAW POD,ZIIPLAB,0.00000000,NONE,NONE,
5061028596550,OS X CUBE VANILLA POD,ZIIPLAB,0.00000000,NONE,NONE,
5061028596581,OS X CUBE MAUI PUNCH POD,ZIIPLAB,0.00000000,NONE,NONE,
5061028596758,OS X CUBE BANGIN WATERMELN POD,ZIIPLAB,0.00000000,NONE,NONE,
5061028596765,OS CRYSTAL POD BLKBRY BLUEBERY,ZIIPLAB,0.00000000,NONE,NONE,
5061028596789,OS X CUBE TROPICAL PUNCH POD,ZIIPLAB,0.00000000,NONE,NONE,
5061067870000,ADJUST 40K BAJA SPLASH,ZIIPLAB,0.00000000,NONE,NONE,
5061067870017,ADJUST 40K BLUE RAZZ ICE,ZIIPLAB,0.00000000,NONE,NONE,
5061067870024,ADJUST 40K CHERRY FUSE,ZIIPLAB,0.00000000,NONE,NONE,
5061067870031,ADJUST 40K CHERRY STRAZZ,ZIIPLAB,0.00000000,NONE,NONE,
5061067870048,ADJUST 40K DRAGON STRAWNANA,ZIIPLAB,0.00000000,NONE,NONE,
5061067870055,ADJUST 40K MANGO MAGIC,ZIIPLAB,0.00000000,NONE,NONE,
5061067870062,ADJUST 40K MIAMI MINT,ZIIPLAB,0.00000000,NONE,NONE,
5061067870079,ADJUST 40K PEACH,ZIIPLAB,0.00000000,NONE,NONE,
5061067870086,ADJUST 40K SCARY BERRY,ZIIPLAB,0.00000000,NONE,NONE,
5061067870093,ADJUST 40K SOUR APPLE ICE,ZIIPLAB,0.00000000,NONE,NONE,
5061067870109,ADJUST 40K SOUR LUSH GUMMY,ZIIPLAB,0.00000000,NONE,NONE,
5061067870116,ADJUST 40K SOURSTRADRAGNFRT,ZIIPLAB,0.00000000,NONE,NONE,
5061067870123,ADJUST 40K SUMMER SPLASH,ZIIPLAB,0.00000000,NONE,NONE,
5061067870130,ADJUST 40K TGERS BLOOD,ZIIPLAB,0.00000000,NONE,NONE,
5061067870147,ADJUST 40K WATERMELON ICE,ZIIPLAB,0.00000000,NONE,NONE,
5068639615250,NURO DELTA-8 OUTER SPACE SAUCE,CBD,0.00000000,NONE,NONE,
507,CG UNICORN PIPE,1,0.00000000,NONE,NONE,
508,CG MEDUSA COLOR CHANGE SNAKE,1,0.00000000,NONE,NONE,
510,LONGMADA 510 RIG,1,0.00000000,NONE,NONE,
51000,WAX KIT,2,7.00000000,NONE,NONE,
5100P-ATOM,CG QUARTZ CRUMBLE SCOOP,1,0.00000000,NONE,NONE,
510224,ANUBIS CLONE,2,25.00000000,NONE,NONE,
510225,HELL  BOY CLONE,6,8.50000000,NONE,NONE,
510694121306,HYDE SLIMS S STRAW CREAM,ZIIPLAB,0.00000000,NONE,NONE,
510694121337,HYDE SLIM S HONEYDEW PUNCH,ZIIPLAB,0.00000000,NONE,NONE,
510694121351,HYDE SLIM S PINAPLE ICE,ZIIPLAB,0.00000000,NONE,NONE,
510694121443,HYDE SLIM S ALOE GRAPE,ZIIPLAB,0.00000000,NONE,NONE,
510694121511,HYDE SLIM S SPARKLING ORANGE,ZIIPLAB,0.00000000,NONE,NONE,
510694121535,HYDE SLIM S PINA/PEACH/MANGO,ZIIPLAB,0.00000000,NONE,NONE,
510drip,510 Resin Drip Tip. Baby beast,8,0.00000000,NONE,NONE,
521352413654753,LOON AIR MANGO ICE,ZIIPLAB,0.00000000,NONE,NONE,
535,CG AURORA BOREALIS HAND PIPE,1,0.00000000,NONE,NONE,
5430039678,ONEE MAX APPLE BLUE RAZZ,ZIIPLAB,0.00000000,NONE,NONE,194040003043
546548,BGCO-100 NOTORIOUS BIG,ZIIPLAB,0.00000000,NONE,NONE,807172035102
55,CG MELLOW YELLOW PIPE,1,0.00000000,NONE,NONE,
557810003009,VAPETASIA KILLER KUSTARD 100ML,10,0.00000000,NONE,NONE,552510003007
561,CG MCCOY OILER NECTAR STRAW,1,0.00000000,NONE,NONE,
563017,Tesla Stealth 40w Kit,2,20.00000000,NONE,NONE,
581-T,CG SATURN TROPICAL PIPE,1,0.00000000,NONE,NONE,
582237113000,flum float aleo grape,ZIIPLAB,0.00000000,NONE,NONE,
582237113017,flum float cool mint,ZIIPLAB,0.00000000,NONE,NONE,
582237113024,Flum Float Straw Banana,ZIIPLAB,0.00000000,NONE,NONE,582237113024
582237113031,flum float lush ice,ZIIPLAB,0.00000000,NONE,NONE,
582237113048,flum float mixed ber,ZIIPLAB,0.00000000,NONE,NONE,582237113048
582237113055,flum float red bang,ZIIPLAB,0.00000000,NONE,NONE,
582237113062,flum float strawberry mango,ZIIPLAB,0.00000000,NONE,NONE,
582237113147,flum float pina polo,ZIIPLAB,0.00000000,NONE,NONE,
582237113154,flum float strawberry,ZIIPLAB,0.00000000,NONE,NONE,
582237113161,flum float breeze,ZIIPLAB,0.00000000,NONE,NONE,
582237113185,Flum Float Tropical Delight,ZIIPLAB,0.00000000,NONE,NONE,582237113185
582237113253,Flum Float Fruity Hawaii,ZIIPLAB,0.00000000,NONE,NONE,582237113253
582237113260,FLUM FLOAT SUMMER STRAWKIWI,ZIIPLAB,0.00000000,NONE,NONE,
582237113604,Flum Float strawmellon,ZIIPLAB,0.00000000,NONE,NONE,
582237113635,FLUM NANA COBBLER,ZIIPLAB,0.00000000,NONE,NONE,
582237113642,flum float gummy drop,ZIIPLAB,0.00000000,NONE,NONE,582237113178
591-G,CG DRAGON HEAD GLASS PIPE GRN,1,0.00000000,NONE,NONE,
591-O,CG DRAGON HEAD GLASS PIPE ONYX,1,0.00000000,NONE,NONE,
591-PINK,CG DRAGON HEAD GLASS PIPE PINK,1,0.00000000,NONE,NONE,
5996257476,SUGAR BAR 2G LEMON SLUSHY,CBD,0.00000000,NONE,NONE,
5996260394,SUGAR BAR 2G PINK RUNTZ,CBD,0.00000000,NONE,NONE,
5996267067,SUGAR BAR 2G GRAPE SODA,CBD,0.00000000,NONE,NONE,
5996273063,SUGAR BAR 2G SUPREME GAS,CBD,0.00000000,NONE,NONE,
6,SPACE JAM 15ML,10,6.00000000,NONE,NONE,
60001500421,DG GLASS HAND PIPE,1,0.00000000,NONE,NONE,
60001600040,DG OCTOPUS BUBBLER,1,0.00000000,NONE,NONE,
60001600042,DG GIRAFFE BONG,1,0.00000000,NONE,NONE,
600176051679,CC ICED MANGO BERRIES 3MG,10,0.00000000,NONE,NONE,
600176051686,CC ICED MANGO BERRIES 6MG,10,0.00000000,NONE,NONE,
600176051716,CC LEMON MERINGUE 3MG,10,0.00000000,NONE,NONE,
600176051723,CC LEMON MERINGUE 6MG,10,0.00000000,NONE,NONE,
600176051730,CC MAPLE BUTTER 6MG,10,0.00000000,NONE,NONE,
600176051785,CC BLUEBERRY BANANA 3MG,10,0.00000000,NONE,NONE,
600176051792,CC MAPLE BUTTER 3MG,10,0.00000000,NONE,NONE,
600176051808,CC BLUEBERRY BANANA 6MG,10,0.00000000,NONE,NONE,
600176051853,CC APPLE PEACH STRAW 3MG,10,0.00000000,NONE,NONE,
600176051860,CC APPLE PEACH STRAW 6MG,10,0.00000000,NONE,NONE,
600176051914,CC PASSIONFRT ORANGE GUAVA 3MG,10,0.00000000,NONE,NONE,
600176051921,CC PASSIONFRT ORANGE GUAVA 6MG,10,0.00000000,NONE,NONE,
600176051945,CC ICED PSNFRT ORNGE GUAVA 3MG,10,0.00000000,NONE,NONE,
600176051952,CC ICED PSNFRT ORNGE GUAVA 6MG,10,0.00000000,NONE,NONE,
600176051976,CC PINEAPPLE GUAVA 3MG,10,0.00000000,NONE,NONE,
600176051983,CC PINEAPPLE GUAVA 6MG,10,0.00000000,NONE,NONE,
600176052003,CC PINK LEMONADE 3MG,10,0.00000000,NONE,NONE,
600176052010,CC PINK LEMONADE 6MG,10,0.00000000,NONE,NONE,
600176052065,CC WATERMELON CREAM 3MG,10,0.00000000,NONE,NONE,
600176052072,CC WATERMELON CREAM 6MG,10,0.00000000,NONE,NONE,
600176052096,CC STRAWBERRY CREAM 3MG,10,0.00000000,NONE,NONE,
600176052102,CC STAWBERRY CREAM 6MG,10,0.00000000,NONE,NONE,
600176052126,CC BLUEBERRY LIMEADE 3MG,10,0.00000000,NONE,NONE,
600176052133,CC BLUEBERRY LIMEADE 6MG,10,0.00000000,NONE,NONE,
600176052188,CC STRAW PINEAPPLE COCONUT 3MG,10,0.00000000,NONE,NONE,
600176052195,CC STRAW PINEAPPLE COCONUT 6MG,10,0.00000000,NONE,NONE,
600176052812,CC MANGO BERRIES 3MG,10,0.00000000,NONE,NONE,
600176052904,CC MANGO BERRIES 6MG,10,0.00000000,NONE,NONE,
600176052997,CC CITRUS PEACH 3MG,10,0.00000000,NONE,NONE,
600176053000,CC CITRUS PEACH 6MG,10,0.00000000,NONE,NONE,
600176053024,CC TROPICAL LEMONADE 3MG,10,0.00000000,NONE,NONE,
600176053031,CC TROPICAL LEMONADE 6MG,10,0.00000000,NONE,NONE,
600176053314,COASTAL CLOUDS SALT 30ml,10,0.00000000,NONE,NONE,600176053291
600300909890,BO POWER BANK,8,0.00000000,NONE,NONE,
60037444,KA1 80MESH 5FT WIRE,5,0.00000000,NONE,NONE,6970834001150
60058566034,REULEAUX RX200,3,38.90000000,NONE,NONE,
6009513001911,LEAF BUDDI ANCORA MOD,4,0.00000000,NONE,NONE,
6009513001959,leaf buddi 510 charger each,8,0.00000000,NONE,NONE,852384006389
6009513002048,TH-320,4,0.00000000,NONE,NONE,6009513002048
6009513002093,GEEK PIPE,1,0.00000000,NONE,NONE,
6009513003106,LEAF BUDDI WUUKAH,1,0.00000000,NONE,NONE,6009513007418
6009513003175,LEAF BUDDY UI,1,0.00000000,NONE,NONE,
6009513003212,LEAF BUDDI MINI BATTERY,4,0.00000000,NONE,NONE,6009513003212
6009513003281,LEAF BUDDI TH 210,4,0.00000000,NONE,NONE,
6009513003298,TH-420 Box mod,2,0.00000000,NONE,NONE,
601549820106,Cali Pro Frozen Rainbow,ZIIPLAB,0.00000000,NONE,NONE,
601549820113,Cali Pro Pog,ZIIPLAB,0.00000000,NONE,NONE,
601946006240,HELO WATERMLON LIME CAFFINE,ZIIPLAB,0.00000000,NONE,NONE,
601946006691,HELO READ APPLE PEACH CAFFINE,ZIIPLAB,0.00000000,NONE,NONE,
602001687992,VIVA ICED MINT,ZIIPLAB,0.00000000,NONE,NONE,
602066,G PEN,2,0.00000000,NONE,NONE,
602573537046,The Man 100Ml,10,0.00000000,NONE,NONE,602573536889
602697636205,SHRUMFUZED 4PC WATERMELON,7476667,0.00000000,NONE,NONE,
602697636212,SHRUMFUZED 4PC BLUE LEMONMADE,7476667,0.00000000,NONE,NONE,
602697636229,SHRUMFUZED 4PC DARK CHOCOLATE,7476667,0.00000000,NONE,NONE,
602697636328,SHRUMFUZED 10PC DARK CHOCOLATE,7476667,0.00000000,NONE,NONE,
602697636335,SHRUMFUZED 10PC WATERMELON,7476667,0.00000000,NONE,NONE,
602697636342,SHRUMFUZED 10PC BLUE LEMONADE,7476667,0.00000000,NONE,NONE,
602697636403,DAZED BLUE RAZZ MAUI WOWIE,CBD,0.00000000,NONE,NONE,
602697636410,DAZED PINAPL X PINAPL EXPRESS,CBD,0.00000000,NONE,NONE,
602697636434,DAZED STRWBRY X STRWBRY COUGH,CBD,0.00000000,NONE,NONE,
602697636786,ATOMIC BLENZ 3.5G NRTHRN LITES,CBD,0.00000000,NONE,NONE,
602697636793,ATOMIC BLENZ 3.5G WHITE WIDOW,CBD,0.00000000,NONE,NONE,
602697636809,ATOMIC BLENZ 3.5G HAWAIIAN HAZ,CBD,0.00000000,NONE,NONE,
602697636885,PINK CHAMPAGNE 8000MG DABZ IND,CBD,0.00000000,NONE,NONE,
602697636892,NLLA WAFFERZ 8000MG DABZ HYBRD,CBD,0.00000000,NONE,NONE,
602697636908,WATERMELON OG 8000MG DABZ IND,CBD,0.00000000,NONE,NONE,
602697636915,GG4 8000MG DABZ HYBRID,CBD,0.00000000,NONE,NONE,
602772809845,PIXIE DUST POD 4G LA PUSHPOP,CBD,0.00000000,NONE,NONE,
602772810186,PIXIE DUST POD 4G KING LOUIE,CBD,0.00000000,NONE,NONE,
603081,TFV8 BIG BABY,7,19.00000000,NONE,NONE,161023070783
605258164520,PRESSD 200MG ROCKET POP TAB,KRATOM,0.00000000,NONE,NONE,
6060,PUFF PLUS PASSION FRUIT LEMON,ZIIPLAB,0.00000000,NONE,NONE,
608011289584,HHC DAZED OJ 2000MG,CBD,0.00000000,NONE,NONE,
608011289645,DAZED HHC BANANA OG 1.5 HYBRID,CBD,0.00000000,NONE,NONE,
608011289683,DAZED TITANZ CANDY LAND 1G,CBD,0.00000000,NONE,NONE,
608011289751,DAZED HHC PURPLE DRAGON 2G,CBD,0.00000000,NONE,NONE,
608011289928,DAZED O-V-O SATIVA TRIX 2G,CBD,0.00000000,NONE,NONE,
608011290054,DAZED OVO HHC 2G ELECTRIC LEMO,CBD,0.00000000,NONE,NONE,
608011547479,WOW 2G CART FRUITY PEBBLES,CBD,0.00000000,NONE,NONE,
608011547486,WOW 2G CART SOUR DIESEL,CBD,0.00000000,NONE,NONE,
608011547493,WOW 2G CART BLUE DREAM,ZIIPLAB,0.00000000,NONE,NONE,
608011808051,LR FRUITY PEBBS 2G,CBD,0.00000000,NONE,NONE,
608011808068,LR BLUE DREAM 2G,ZIIPLAB,0.00000000,NONE,NONE,
608011808105,LR PURPLE KUSH 2G,CBD,0.00000000,NONE,NONE,
608011808136,LR DRAGON BERRY 2G,ZIIPLAB,0.00000000,NONE,NONE,
608539043491,SUGARBAR FRUITY LOOP,CBD,0.00000000,NONE,NONE,
608539115273,SUGARBAR STRAWB PA COCONUT,CBD,0.00000000,NONE,NONE,
608539143351,SUGAR BAR 2.2 G GRAPE SODA,ZIIPLAB,0.00000000,NONE,NONE,
608539175543,DOPE BOYS BLUE LOTUS PINK RTZ,CBD,0.00000000,NONE,NONE,
608539220069,SUGAR BAR 2.2G LEMON BLUSH,ZIIPLAB,0.00000000,NONE,NONE,
608539310548,SUGAR BAR 2.2G TROPICAL PUNCH,ZIIPLAB,0.00000000,NONE,NONE,
608539346820,DOPE BOYS BLUE LOTUS SR ZKTLS,CBD,0.00000000,NONE,NONE,
608539359196,SUGAR BAR 2.2G BLUEBERRY BAN/P,ZIIPLAB,0.00000000,NONE,NONE,
608539376056,SUGAR BAR 2.2G PINK PUTZ,ZIIPLAB,0.00000000,NONE,NONE,
608539420964,SUGAR BAR 2.2G ANIMAL MINTZ,CBD,0.00000000,NONE,NONE,
608539463763,DOPE BOYS BLUE LOTUS WHT GUSRS,CBD,0.00000000,NONE,NONE,
609239644353,CHERRY LIMEADE LEMON LIFE,10,0.00000000,NONE,NONE,
609239644384,BLUEBERRY WATERMELON 120ML,10,0.00000000,NONE,NONE,
609239645206,SLUSHY KING SALTS,SALT NIC,0.00000000,NONE,NONE,609239645206
609239645695,TAFFY FIEND 60 ML,10,0.00000000,NONE,NONE,609239645695
609249900036,ZYN COOL MINT 6MG,TOBACCO,0.00000000,NONE,NONE,
609249900043,ZYN COOL MINT 3MG,TOBACCO,0.00000000,NONE,NONE,
609249901019,ZYN PEPPERMINT 3MG,TOBACCO,0.00000000,NONE,NONE,
609249901033,ZYN PEPPERMINT 6MG,TOBACCO,0.00000000,NONE,NONE,
609249902016,ZYN SPEARMINT 3MG,TOBACCO,0.00000000,NONE,NONE,
609249902023,ZYN SPEARMINT 6MG,TOBACCO,0.00000000,NONE,NONE,
609249903013,ZYN WINTERGREEN 3MG,TOBACCO,0.00000000,NONE,NONE,
609249904058,ZYN COFFEE 3MG,TOBACCO,0.00000000,NONE,NONE,
609249904065,ZYN COFFEE 6MG,TOBACCO,0.00000000,NONE,NONE,
609249906052,ZYN CINNAMON 3MG,TOBACCO,0.00000000,NONE,NONE,
609249906069,ZYN CINNAMON 6MG,TOBACCO,0.00000000,NONE,NONE,
609249907011,ZYN CITRUS 3MG,TOBACCO,0.00000000,NONE,NONE,
609249907028,ZYN CITRUS 6MG,TOBACCO,0.00000000,NONE,NONE,
609249907066,ZYN CITRUS 6MG $1 off,TOBACCO,0.00000000,NONE,NONE,
609249914019,ZYN SMOOTH 3MG,TOBACCO,0.00000000,NONE,NONE,
609249914026,ZYN SMOOTH 6MG,TOBACCO,0.00000000,NONE,NONE,
609249915030,ZYN CHILL 3MG,TOBACCO,0.00000000,NONE,NONE,
609249920225,ZYN CHILL 6MG,TOBACCO,0.00000000,NONE,NONE,609249915047
609249923035,ZYN MENTHOL 3MG,TOBACCO,0.00000000,NONE,NONE,
609249923042,ZYN MENTHOL 6MG,TOBACCO,0.00000000,NONE,NONE,
609249931061,ZYN MOJITO 6MG,TOBACCO,0.00000000,NONE,NONE,
609249933058,ZYN ESPRESSO MARTINI 3MG,TOBACCO,0.00000000,NONE,NONE,
609249933065,ZYN ESPRESSO MARTINI 6MG,TOBACCO,0.00000000,NONE,NONE,
609267933580,510 DRIP TIP 2PC,8,0.00000000,NONE,NONE,609267475936
609670493251,NKD 100 Max BrainFreeze,ZIIPLAB,0.00000000,NONE,NONE,
609670493350,NKD 100 max Lava Flow,ZIIPLAB,0.00000000,NONE,NONE,
60ML SIZE,60MLSIZE BOTTLE,NONE,12.00000000,NONE,NONE,
610655020911,LUCID 120MG 4CT MNT PSEUDO TAB,KRATOM,0.00000000,NONE,NONE,
610655062683,LUCID 120MG 4CT TRPL BRY TAB,KRATOM,0.00000000,NONE,NONE,
610655142293,LUCID 200MG 4CT BLUE RAZZ TAB,KRATOM,0.00000000,NONE,NONE,
610655259984,LUCID 120MG 4CT WTRMLN TAB,KRATOM,0.00000000,NONE,NONE,
610655340682,LUCID 120MG 4CT MANGO TAB,KRATOM,0.00000000,NONE,NONE,
610655489879,LUCID 200MG 4CT ORIGINAL TAB,KRATOM,0.00000000,NONE,NONE,
611269001280,REDBULL AMBER EDITION 8.4OZ,9,0.00000000,NONE,NONE,
611269001303,REDBULL AMBER EDITION 12OZ,9,0.00000000,NONE,NONE,
611269001624,REDBULL SEABLUE EDITION 8.4 OZ,9,0.00000000,NONE,NONE,
611269001860,Red Bull Iced Edition 8.4 OZ,9,0.00000000,NONE,NONE,
611269002683,Red Bull Iced Edition 8.4 OZ,9,0.00000000,NONE,NONE,
611269002706,REDBULL PEACH EDITION 12OZ,9,0.00000000,NONE,NONE,
611269003789,Red Bull Iced Edition 8.4 OZ,9,0.00000000,NONE,NONE,
611269101713,REDBULL SUGAR FREE 8.4OZ,9,0.00000000,NONE,NONE,
611269113570,REDBULL YELLOW EDITION 12OZ,9,0.00000000,NONE,NONE,
611269163452,REDBULL YELLOW EDITION 8.4OZ,9,0.00000000,NONE,NONE,
611269281361,REDBULL COCONUT 8.4OZ,9,0.00000000,NONE,NONE,
611269321210,REDBULL COCONUT EDITION 12OZ,9,0.00000000,NONE,NONE,
611269331240,REDBULL RED EDITION 8.4OZ,9,0.00000000,NONE,NONE,
611269716467,REDBULL SF 12OZ,9,0.00000000,NONE,NONE,
611269818994,REDBULL REGULAR 12OZ,9,0.00000000,NONE,NONE,
611269991000,REDBULL ORIGINAL 8.4 OZ,9,0.00000000,NONE,NONE,
611851288440,CRISPY BLUNTS HHC,CBD,0.00000000,NONE,NONE,
612508305817,POP MANGO,ZIIPLAB,0.00000000,NONE,NONE,612508305114
612508305824,POP MANGO PEACH PINEAPPLE,ZIIPLAB,0.00000000,NONE,NONE,
612520470562,BEARDED ROLLING TRAY LARGE,1,0.00000000,NONE,NONE,612520470579
613468197214,TAFFY KING 120ML,10,0.00000000,NONE,NONE,613468197214
614019967881,CHUBBY FRUIT VAPES 60ML,10,0.00000000,NONE,NONE,614019967867
614409339069,KAOS SPECTRUM,3,0.00000000,NONE,NONE,
614409339083,Kaos Spectrum Holi edition,3,0.00000000,NONE,NONE,
614998112937,PULSE THC OG BANANA SQUIRT,CBD,0.00000000,NONE,NONE,
614998112951,PULSE THC BLUE BUBBA DREAM,CBD,0.00000000,NONE,NONE,
614998112999,PULSE THC SUPER LEMON DIESEL,CBD,0.00000000,NONE,NONE,
615435551531,NASTY JUICE KILO 60ML,10,0.00000000,NONE,NONE,615435551500
615867426513,WHITE GIRL WASTED 60ML,10,0.00000000,NONE,NONE,615867426520
615867431104,CYBERLIQUID,10,0.00000000,NONE,NONE,615867431104
616050816951,d8 pink lemonade 500 mg,CBD,0.00000000,NONE,NONE,
616050817019,d8 nano strawberry burst 300mg,CBD,0.00000000,NONE,NONE,
616050817026,nano d8 mango tango 300mg,CBD,0.00000000,NONE,NONE,
616050817033,d8 nano sour grape 300mg,CBD,0.00000000,NONE,NONE,
616050817040,d8 nano blueberry blast 300mg,CBD,0.00000000,NONE,NONE,
616050817101,Pure Clear D8 Blueberry Kush,ZIIPLAB,0.00000000,NONE,NONE,616050817101
616050817118,Pure Clear D8 Ice Cream Cookie,ZIIPLAB,0.00000000,NONE,NONE,616050817118
616050817125,Pure Clear D8 Lemon Runtz,ZIIPLAB,0.00000000,NONE,NONE,616050817385
616050817132,Pure Clear D8 Skywalker OG,ZIIPLAB,0.00000000,NONE,NONE,616050817132
616050817149,Pure Clear D8 Strawnana,ZIIPLAB,0.00000000,NONE,NONE,616050817149
616050817262,Kush Burst D8 White Peach,CBD,0.00000000,NONE,NONE,616050817262
616050817361,PURE CLEAR D8 ICE CREAM COOKIE,CBD,0.00000000,NONE,NONE,
616450976590,WHIPPED DREAMZ 60ML,10,11.00000000,NONE,NONE,
616450976644,HONEY BUNZ 60ML,10,11.00000000,NONE,NONE,
616612926869,pineapple express 25mg hhc,CBD,0.00000000,NONE,NONE,
616612926876,gummies green crack 25mg hhc,CBD,0.00000000,NONE,NONE,
616612926883,wedding cake 25mg hhc,CBD,0.00000000,NONE,NONE,
616612926890,gorilla glue 25mg hhc,CBD,0.00000000,NONE,NONE,
616612926906,girl scout cookies 25mg hhc,CBD,0.00000000,NONE,NONE,
616641496517,OPMS THAI 30MG,KRATOM,0.00000000,NONE,NONE,
616641496548,OPMS MAENG DA 30GM,KRATOM,0.00000000,NONE,NONE,
616663964919,LOOSELEAF WRAPS HONEY BOURBON,CLEARNCE,0.00000000,NONE,NONE,
616663964988,LOOSELEAF WRAPS RUSSIAN CREAM,CLEARNCE,0.00000000,NONE,NONE,
616943326253,TYSON 2.0 APPLE GUMMIES,ZIIPLAB,0.00000000,NONE,NONE,
616943326277,TYSON 2.0 COOL MINT,ZIIPLAB,0.00000000,NONE,NONE,
616943326291,TYSON 2.0 FROZEN BANANA,ZIIPLAB,0.00000000,NONE,NONE,
616943326314,TYSON 2.0 FROZEN BLUEBERRY,ZIIPLAB,0.00000000,NONE,NONE,
616943326321,TYSON 2.0 FROZEN GRAPE,ZIIPLAB,0.00000000,NONE,NONE,
616943326369,TYSON 2.0 FROZEN PEACH,ZIIPLAB,0.00000000,NONE,NONE,
616943326383,TYSON 2.0 PASSION POM,ZIIPLAB,0.00000000,NONE,NONE,
616943326406,TYSON 2.0 PINEAPPLE MANGO,ZIIPLAB,0.00000000,NONE,NONE,
616943326468,TYSON 2.0 WATERMELON,ZIIPLAB,0.00000000,NONE,NONE,
617566786790,CBD OIL,CBD,0.00000000,NONE,NONE,
618149267071,BREEZE PRO GRAPE,ZIIPLAB,0.00000000,NONE,NONE,
618149267095,BREEZE PRO CITRUS,ZIIPLAB,0.00000000,NONE,NONE,
618149267118,BREEZE PRO BLUEBERRY BANANA,ZIIPLAB,0.00000000,NONE,NONE,
618149267132,BREEZE PRO BLUEBERRY MINT,ZIIPLAB,0.00000000,NONE,NONE,
618149267156,BREEZE PRO CHERRY LEMON,ZIIPLAB,0.00000000,NONE,NONE,
618149267170,BREEZE PRO LEMON MINT,ZIIPLAB,0.00000000,NONE,NONE,
618149267194,BREEZE PRO MINT,ZIIPLAB,0.00000000,NONE,NONE,
618149267217,BREEZE PRO ORNGE MNGO WTRMELON,ZIIPLAB,0.00000000,NONE,NONE,
618149267231,BREEZE PRO RASPBERRY LEMON,ZIIPLAB,0.00000000,NONE,NONE,
618149267255,BREEZE PRO STRAWBRY PEACH MINT,ZIIPLAB,0.00000000,NONE,NONE,
618149267941,BREEZE PRO PINEAPPLE COCONUT,ZIIPLAB,0.00000000,NONE,NONE,
618149267958,BREEZE PRO SPEARMINT,ZIIPLAB,0.00000000,NONE,NONE,
618149268061,BREEZE PRO STRAWBERRY CREAM,ZIIPLAB,0.00000000,NONE,NONE,
618149268092,BREEZE PRO LUSH ICE,ZIIPLAB,0.00000000,NONE,NONE,
618149268122,BREEZE PRO BANANA MINT,ZIIPLAB,0.00000000,NONE,NONE,
618149268153,BREEZE PRO POMGRNTE BERRY MINT,ZIIPLAB,0.00000000,NONE,NONE,
618149268276,BREEZE PRO CHERRY COLA,ZIIPLAB,0.00000000,NONE,NONE,
618149268337,BREEZE PRO VANILLA TOBACCO,ZIIPLAB,0.00000000,NONE,NONE,
618149268481,BREEZE PRO BLUE RASPBERRY,ZIIPLAB,0.00000000,NONE,NONE,
618149269051,BREEZE PRO TOBACCO,ZIIPLAB,0.00000000,NONE,NONE,
618149269082,BREEZE PRO STRAWMELON,ZIIPLAB,0.00000000,NONE,NONE,
618149269112,BREEZE PRO STRAWBERRY KIWI,ZIIPLAB,0.00000000,NONE,NONE,
618149269143,BREEZE PRO BLUEBERRY WATERMELN,ZIIPLAB,0.00000000,NONE,NONE,
618149269167,BREEZE PRO STRAWBERRY BANANA,ZIIPLAB,0.00000000,NONE,NONE,
620,620 CLASSIC GAMES,8,0.00000000,NONE,NONE,
6217,packwoods 2g d8 preroll,CBD,0.00000000,NONE,NONE,CakeMix
62172480,BIG BABY CARBON-FIBER GLASS,8,0.00000000,NONE,NONE,
626406012005,FRUIT N CUSTARD 60ML,10,0.00000000,NONE,NONE,226206003007
628094986200,OMEGA XL TROPICAL ICE CREAM,ZIIPLAB,0.00000000,NONE,NONE,
628094986224,OMEGA XL TROPICAL BANANA,ZIIPLAB,0.00000000,NONE,NONE,
628094986248,OMEGA XL LUSH MANGO,ZIIPLAB,0.00000000,NONE,NONE,
628094987429,OMEGA XL STRAWBERRY ICE,ZIIPLAB,0.00000000,NONE,NONE,
628094988303,omega air max icy mint,ZIIPLAB,0.00000000,NONE,NONE,
628094988532,omega air max blue razspberry,ZIIPLAB,0.00000000,NONE,NONE,
628094988556,OMEGAAIRMAX STRAWBERRY WATERME,ZIIPLAB,0.00000000,NONE,NONE,
628094988570,omega air max mixed berries,ZIIPLAB,0.00000000,NONE,NONE,
628094988594,omega air max o.m.g,ZIIPLAB,0.00000000,NONE,NONE,
628094988617,omega air max red graprfruit,ZIIPLAB,0.00000000,NONE,NONE,
628094988631,OMEGA AIRMAX PINEAPPLE PARADIS,ZIIPLAB,0.00000000,NONE,NONE,
628094988655,omega air max rainbow candy,ZIIPLAB,0.00000000,NONE,NONE,
628178003335,SNOOP DOGG POUNDS FRIENDSHIP,1,0.00000000,NONE,NONE,
629745154856,PIXI BURST SOUR STRAWBERRY 5MG,TOBACCO,0.00000000,NONE,NONE,
629745465631,PIXI BURST SOUR JUICY MINT 5MG,TOBACCO,0.00000000,NONE,NONE,
629745465648,PIXI BURST SOUR LEMON LIME 5MG,TOBACCO,0.00000000,NONE,NONE,
629745465662,PIXI BURST SOUR MANGO CHIL 5MG,TOBACCO,0.00000000,NONE,NONE,
629745468939,PIXI BURST SOUR BLUE LEMON 5MG,TOBACCO,0.00000000,NONE,NONE,
629745468946,PIXI BURST SOUR STRAW GRP 5MG,TOBACCO,0.00000000,NONE,NONE,
629745468947,PIXI BURST SOUR STRAW GRP 5MG,TOBACCO,0.00000000,NONE,NONE,
631978802992,SUGAR 2G STRAWNANA RUNTZ,CBD,0.00000000,NONE,NONE,
631978803043,SUGAR 2G DISPO TROP BURST,CBD,0.00000000,NONE,NONE,
631978803050,SUGAR EXTRAX GORILLA GLUE 2G,CBD,0.00000000,NONE,NONE,
632726375812,phrut blue razz,ZIIPLAB,0.00000000,NONE,NONE,
632726375829,phruit strawberry kiwi,ZIIPLAB,0.00000000,NONE,NONE,
632726375836,phruit peach mango watermelon,ZIIPLAB,0.00000000,NONE,NONE,
632726375843,phruit pineapple ice,ZIIPLAB,0.00000000,NONE,NONE,
632726375850,phruit honeydew melon ice,ZIIPLAB,0.00000000,NONE,NONE,
632726375867,PHRUT WATERMELON CANDY ICE,ZIIPLAB,0.00000000,NONE,NONE,
632726375874,phrut watermelon candy ice,ZIIPLAB,0.00000000,NONE,NONE,
632726375881,phrut rainbow ice,ZIIPLAB,0.00000000,NONE,NONE,
632726375898,phruit grape ice,ZIIPLAB,0.00000000,NONE,NONE,
632726375904,phruit guava pineapple orange,ZIIPLAB,0.00000000,NONE,NONE,
632793388210,OCHO EXTRAX SKYWALKER OG 3G,CBD,0.00000000,NONE,NONE,
632793388234,OCHOS EXTRAX BLUE RAZZ 3G,CBD,0.00000000,NONE,NONE,
634052165068,TYSON 2.0 STRAWBERRY BANANA,ZIIPLAB,0.00000000,NONE,NONE,
634052165082,TYSON 2.0 BLUE RAZZ,ZIIPLAB,0.00000000,NONE,NONE,
634052165105,TYSON 2.0 FROZEN STRAWBERRY,ZIIPLAB,0.00000000,NONE,NONE,
634052165129,TYSON 2.0 MELONHEAD,ZIIPLAB,0.00000000,NONE,NONE,
634052165143,TYSON 2.0 LUSH LIME,ZIIPLAB,0.00000000,NONE,NONE,
634052165150,TYSON 2.0 APPLE MELONBERRY,ZIIPLAB,0.00000000,NONE,NONE,
634052165181,TYSON 2.0 MINTBERRY,ZIIPLAB,0.00000000,NONE,NONE,
634052165204,TYSON 2.0 PEACH MANGO,ZIIPLAB,0.00000000,NONE,NONE,
634052165228,TYSON 2.0 PEACH WATERMELON,ZIIPLAB,0.00000000,NONE,NONE,
634211905207,KIND PEN,4,0.00000000,NONE,NONE,634211905207
634211905214,LEAF BUDDY,4,0.00000000,NONE,NONE,
634855730227,HEADY BEAR 4G ORANGE DREAM,CBD,0.00000000,NONE,NONE,
634855742381,HEADY BEAR 4G BANAN BLISS,CBD,0.00000000,NONE,NONE,
634855774023,HEADY BEAR 4G CEREAL MILK,CBD,0.00000000,NONE,NONE,
634855825107,HEADY BEAR 4G PINEAPPLE DRIFT,CBD,0.00000000,NONE,NONE,
634855829105,HEADY BEAR 4G SUMMER PEACH,CBD,0.00000000,NONE,NONE,
634855845655,HEADY BEAR 4G WILD WTRMLN,CBD,0.00000000,NONE,NONE,
637665974911,MILSPEC MINI KIT,2,0.00000000,NONE,NONE,637665974942
638317258090,SOLACE 30ML,10,0.00000000,NONE,NONE,638317258076
638317260345,SOLACE 15ML,10,0.00000000,NONE,NONE,638317256171
638317260369,SolaceMint30ml,SALT NIC,0.00000000,NONE,NONE,840158601311
639385372558,COTTON BACON V2,8,2.50000000,NONE,NONE,
639385372565,COTTON BACON SMALL,5,0.00000000,NONE,NONE,
639738282084,V-FROST 20ML,10,0.00000000,NONE,NONE,
639738284484,ELEMENT DRIPPER SERIES 60ML,10,0.00000000,NONE,NONE,639738283340
6400036600658,wuukah nano,2,0.00000000,NONE,NONE,
6400036600672,wuukah nano,2,0.00000000,NONE,NONE,
6400036600689,wuukah nano,2,0.00000000,NONE,NONE,
6400036600696,wuukah Nano,2,0.00000000,NONE,NONE,
640117683316,SILICON NECTOR COLLECTOR,1,0.00000000,NONE,NONE,640117683262
6420009600539,WUUKAH NANO,8,0.00000000,NONE,NONE,
642896297661,LOST DREAMS SALT,SALT NIC,0.00000000,NONE,NONE,
643517486624,SKWEZED 100ML,10,0.00000000,NONE,NONE,643517486617
643934804797,LUCID AIR ALOE GRAPE ICE,ZIIPLAB,0.00000000,NONE,NONE,
643934804803,LUCID AIR BANANA ICE,ZIIPLAB,0.00000000,NONE,NONE,
643934804810,LUCID AIR BLUE RAZZ LEMONADE,ZIIPLAB,0.00000000,NONE,NONE,
643934804834,LUCID AIR HONEYDEW ICE,ZIIPLAB,0.00000000,NONE,NONE,
643934804858,LUCID AIR PEACH ICE,ZIIPLAB,0.00000000,NONE,NONE,
643934804872,LUCID AIR RAINBOW SHERBERT,ZIIPLAB,0.00000000,NONE,NONE,
643934804889,LUCID AIR STRAWBERRY ICE,ZIIPLAB,0.00000000,NONE,NONE,
643934804896,LUCID AIR WATERMELON ICE,ZIIPLAB,0.00000000,NONE,NONE,
643989723791,ONE HIT WONDER ARMY MAN 25MG,SALT NIC,0.00000000,NONE,NONE,
643989723807,ONE HIT ARMY MAN 50MG SALT,SALT NIC,0.00000000,NONE,NONE,
643989723852,ONE HIT WONDER ISLANDMAN 25MG,SALT NIC,0.00000000,NONE,NONE,
643989723906,ONE HIT WONDER ISLANDMAN 50MG,SALT NIC,0.00000000,NONE,NONE,
643989723999,MAGIC MAN 25MG SALT,SALT NIC,0.00000000,NONE,NONE,
643989724002,MAGIC MAN 50MG SALT,SALT NIC,0.00000000,NONE,NONE,
643989724040,MINI MUFFIN MAN 25MG SALT,SALT NIC,0.00000000,NONE,NONE,
643989724057,MINI MUFFIN MAN 50MG SALT,SALT NIC,0.00000000,NONE,NONE,
643989724071,MUFFIN MAN 100ML 3MG,10,0.00000000,NONE,NONE,
643989724194,ROCKET MAN 30ML 25MG,SALT NIC,0.00000000,NONE,NONE,
643989724231,THE MAN 100ML 6MG,10,0.00000000,NONE,NONE,
643989724255,ONE HIT THE MAN 50MG SALT,SALT NIC,0.00000000,NONE,NONE,
644216357567,ZAZA RED 15CT TABLET,KRATOM,0.00000000,NONE,NONE,
644216909223,CK HARD APPLE 3MG,10,0.00000000,NONE,NONE,
644216909322,CK HARD APPLE 6MG,10,0.00000000,NONE,NONE,
645038413400,LUSTRO 200W MOD,3,0.00000000,NONE,NONE,
64513874313,TOUCH 150,3,0.00000000,NONE,NONE,
645318934953,TROPIK 60ML,10,0.00000000,NONE,NONE,
645656853862,MUHAMEDS 3.5GM HYBRID DISPO,CBD,0.00000000,NONE,NONE,
645656853879,MUHAMEDS 3.5GM INDICA DISPO,CBD,0.00000000,NONE,NONE,
645656853893,MUHAMEDS 3.5GM SATIVA DISPO,CBD,0.00000000,NONE,NONE,648564768389
645656853909,MUHAMEDS 3.5GM HYBRID DISPO,CBD,0.00000000,NONE,NONE,
645656853923,MUHAMEDS 3.5GM INDICA DISPO,CBD,0.00000000,NONE,NONE,
645656853930,MUHAMEDS 3.5GM SATIVA DISPO,CBD,0.00000000,NONE,NONE,
645656853961,MUHAMEDS 3.5GM VENOM OG DISPO,CBD,0.00000000,NONE,NONE,
645656853978,MUHAMEDS 3.5GM WR DISPO,CBD,0.00000000,NONE,NONE,
645656853992,MUHAMEDS 3.5GM L HAZE DISPO,CBD,0.00000000,NONE,NONE,
645759688743,THE CUSTARD SHOPPE 100ML,10,0.00000000,NONE,NONE,645759688774
645759688750,CUSTARD SHOPPE BLACKBERRY  6MG,10,0.00000000,NONE,NONE,
645759688835,JAM MONSTER APPLE 3MG,10,0.00000000,NONE,NONE,
645759688842,JAM MONSTER 100ML,10,0.00000000,NONE,NONE,645759688675
645759688843,JAM MONSTER  6MG,10,0.00000000,NONE,NONE,
645759688958,JAM MONSTER GRAPE 3MG,10,0.00000000,NONE,NONE,
645781617575,COOKIES OG CHILLUM,1,0.00000000,NONE,NONE,
645781660021,COOKIES SILI-BORO BUBBLER,1,0.00000000,NONE,NONE,
645781708747,COOKIES TOKE DECK PIPE,1,0.00000000,NONE,NONE,645781987067
645781960909,COOKIES POCKET HITTER CHILLUM,1,0.00000000,NONE,NONE,
646117713909,GUAVA ICE MINT,ZIIPLAB,0.00000000,NONE,NONE,
646117713985,XTRA ORANGE 5ML 1500 PUFF,ZIIPLAB,0.00000000,NONE,NONE,
646117714265,BUBBA JUG 120ML,10,0.00000000,NONE,NONE,
646117714661,XTRA OZ 5ML,ZIIPLAB,0.00000000,NONE,NONE,
646117714678,XTRA CANDY 5ML,ZIIPLAB,0.00000000,NONE,NONE,
646117714692,XTRA LALA LAND 5ML,ZIIPLAB,0.00000000,NONE,NONE,
646117714708,XTRA  5ML GUAVA MINT,ZIIPLAB,0.00000000,NONE,NONE,
646117714715,XTRA FATASY LOVE 5ML,ZIIPLAB,0.00000000,NONE,NONE,
646117714722,XTRA 5ML APPLE,ZIIPLAB,0.00000000,NONE,NONE,
646117714739,XTRA 5ML MANGO LYCHEE,ZIIPLAB,0.00000000,NONE,NONE,
646117714760,XTRA FUSION 5ML,ZIIPLAB,0.00000000,NONE,NONE,
646117714777,XTRA 5ML STRAWBERRY,ZIIPLAB,0.00000000,NONE,NONE,
646117714784,XTRA NAKED PLEASURE 5ML,ZIIPLAB,0.00000000,NONE,NONE,646117713954
646117714791,XTRA MANGO TANGO 5ML,ZIIPLAB,0.00000000,NONE,NONE,
646117714807,XTRA BLUE RASPBERY 5ML,ZIIPLAB,0.00000000,NONE,NONE,
646117714962,PUFF - EXTRA STRAWBERRY BANANA,ZIIPLAB,0.00000000,NONE,NONE,
646117715767,PLOOX 75K STAWBERRY ICECREAM,ZIIPLAB,0.00000000,NONE,NONE,646117715750
646117715774,PLOOX 75K BANANATAFFY FREEZE,ZIIPLAB,0.00000000,NONE,NONE,646117715705
646117715781,PLOOX 75K SOURAPPLE WATERMELON,ZIIPLAB,0.00000000,NONE,NONE,646117715712
646117715798,PLOOX 75K WP RASPBERRY,ZIIPLAB,0.00000000,NONE,NONE,
646117715804,PLOOX 75K FCUKING FAB,ZIIPLAB,0.00000000,NONE,NONE,646117715736
646117721829,PLOOX 75K TWO APPLES,ZIIPLAB,0.00000000,NONE,NONE,646117720624
646117721836,PLOOX 75K Mr.BLUE,ZIIPLAB,0.00000000,NONE,NONE,646117720631
646117721867,PLOOX 75K MIAMI MINT,ZIIPLAB,0.00000000,NONE,NONE,646117720662
646117721874,PLOOX 75K WATERMELON ICE,ZIIPLAB,0.00000000,NONE,NONE,646117720679
646117721881,PLOOX 75K BLUERAZZ LEMONADE,ZIIPLAB,0.00000000,NONE,NONE,646117721737
646117721898,PLOOX 75K WHITEGUMMY PEACH,ZIIPLAB,0.00000000,NONE,NONE,646117715729
646117721904,PLOOX 75K GRAPE MINT,ZIIPLAB,0.00000000,NONE,NONE,646117721751
646117722383,PLOOX 75K PC ICE,ZIIPLAB,0.00000000,NONE,NONE,
646117722390,PLOOX 75K STRAWBERRY BUBBLEGUM,ZIIPLAB,0.00000000,NONE,NONE,646117721799
646117722505,PLOOX 75K SOURMANGO PINEAPPLE,ZIIPLAB,0.00000000,NONE,NONE,646117721782
646412929623,TO THE MAX 120ML,10,0.00000000,NONE,NONE,609239645725
646412930841,PIXE 120ML,10,0.00000000,NONE,NONE,646412930803
646412930926,SHAKES 120ML,10,0.00000000,NONE,NONE,613468761637
647297988750,BO STARTER KIT,2,0.00000000,NONE,NONE,
647297988972,KIWIBERRIES ICE BO CAPS,5,0.00000000,NONE,NONE,
647297988996,JELLY BO CAPS,5,0.00000000,NONE,NONE,
647297989030,BO CAPS,5,0.00000000,NONE,NONE,657664985329
647409969899,CLOUDMOUTH 60ML,10,0.00000000,NONE,NONE,647409969905
647409970093,Cloudmouth 100ml,10,0.00000000,NONE,NONE,647409970062
647409970451,CLOUDMOUTH SALT 30ML,10,0.00000000,NONE,NONE,647409970406
647911700683,NN LEMONOMENON 6MG,10,0.00000000,NONE,NONE,
647911747459,PHENOMENON/NOM X CJFM,10,0.00000000,NONE,NONE,
647911747763,NN WHITE PEACH RASPBERRY 6MG,10,0.00000000,NONE,NONE,647971174776
647929987786,NAKED100 BRAIN FREEZE 6MG,10,0.00000000,NONE,NONE,
647971170051,NN LEMONOMENON 3MG,10,0.00000000,NONE,NONE,
647971170099,STRANOMENON,10,0.00000000,NONE,NONE,
647971170105,NN STRANOMENON 6MG,10,0.00000000,NONE,NONE,
647971172307,NN BLUNOMENON 3MG,10,0.00000000,NONE,NONE,
647971172314,NN BLUNOMENON 6MG,10,0.00000000,NONE,NONE,
647971172543,NN WATANOMENOM 3MG,10,0.00000000,NONE,NONE,
647971172550,NN WATANOMENON 6MG,10,0.00000000,NONE,NONE,
647971174417,NN GRAPENOMENON 3MG,10,0.00000000,NONE,NONE,
647971174424,NN GRAPENOMENON 6MG,10,0.00000000,NONE,NONE,
647971174738,NN CACTUS JACKFRUT MNDRIN 3MG,10,0.00000000,NONE,NONE,
647971174745,NN CACTUS JACKFRUT MNDRIN 6MG,10,0.00000000,NONE,NONE,
647971174769,NN WHITE PEACH RASPBERRY 3MG,10,0.00000000,NONE,NONE,
647971174912,NN KIWI PASINFRUT NECTRINE 3MG,ZIIPLAB,0.00000000,NONE,NONE,
647971174929,NN KIWI PASINFRUT NECTRINE 6MG,ZIIPLAB,0.00000000,NONE,NONE,
647971174943,NN CHERRY LIME GINGER 3MG,10,0.00000000,NONE,NONE,647911749439
647971174950,NN CHERRY LIME GINGER 6MG,10,0.00000000,NONE,NONE,
647971176176,NN PHENOMENON 3MG,10,0.00000000,NONE,NONE,
647971176183,NN PHENOMENON 6MG,10,0.00000000,NONE,NONE,
647971176312,NN BLUENOMENON ICE 6MG,10,0.00000000,NONE,NONE,
647971176367,NN BLUENOMENON ICE 3MG,10,0.00000000,NONE,NONE,
647971176374,NN GRAPE NOMENON ICE 3/6MG6479,10,0.00000000,NONE,NONE,
647971176381,NN LEMONOMENON ICE 3MG,10,0.00000000,NONE,NONE,
647971176398,NN STRANOMENON ICE 3MG,10,0.00000000,NONE,NONE,
647971176404,NN WATANOMENON ICE 3MG,10,0.00000000,NONE,NONE,
647971176435,NN LEMONOMENON ICE 6MG,10,0.00000000,NONE,NONE,
647971176442,NN STRANOMENON ICE 6MG,10,0.00000000,NONE,NONE,
647971176459,NN WATANOMENON ICE 6MG,10,0.00000000,NONE,NONE,
647971176473,NN SPEARNOMENON 3MG,10,0.00000000,NONE,NONE,
647971176480,NN SPEARNOMENON 6MG,10,0.00000000,NONE,NONE,
6484324795158,BIG BAR DUO MULTI FLAVOR,ZIIPLAB,0.00000000,NONE,NONE,6432375881849
648564768419,MUHA MEDS INDICA,ZIIPLAB,0.00000000,NONE,NONE,
648564768433,MUHAMEDS 3.5GM SATIVA SYP DSPO,CBD,0.00000000,NONE,NONE,
648564768464,MUHAMEDS 3.5GM INDICA BZ DSPO,CBD,0.00000000,NONE,NONE,
648564768617,MUHA LYCHEE KUSH,ZIIPLAB,0.00000000,NONE,NONE,
648564768631,WHITE GUMMY MUHA,EONSMOKE,0.00000000,NONE,NONE,
648564768662,MUHAMEDS 3.5GM HYBRID LK DISPO,CBD,0.00000000,NONE,NONE,
648564768679,MUHAMEDS 3.5GM INDICA AF DISPO,CBD,0.00000000,NONE,NONE,
648564768686,MUHAMEDS 3.5GM HYBRID WG DSPO,CBD,0.00000000,NONE,NONE,
649275504440,RIPT AK-47 3G DISPOSABLE,CBD,0.00000000,NONE,NONE,
649275552304,RIPT HARDCORE OG 3G DISPO,CBD,0.00000000,NONE,NONE,
649275552311,RIPT WEDDING CAKE 3G,CBD,0.00000000,NONE,NONE,
649275664182,RIPT LEMONATTI HAZE 3G DISPO,CBD,0.00000000,NONE,NONE,649275875465
649275702556,RIPT GUMMIES 3G,CBD,0.00000000,NONE,NONE,
649275715990,RIPT COOKIES 3G DISPO,CBD,0.00000000,NONE,NONE,
649275717055,RIPT BLUE DREAM 3G,CBD,0.00000000,NONE,NONE,
649275730719,RIPT SOUR WATERMELON 3G DISPO,CBD,0.00000000,NONE,NONE,
649275779220,RIPT JET FUEL 3G DISPO,CBD,0.00000000,NONE,NONE,
649275800412,RIPT AK-47 3G DISPO,CBD,0.00000000,NONE,NONE,
649275815805,RIPT PINEAPPLE VEGAN GUMMIES,CBD,0.00000000,NONE,NONE,
649275831713,RIPT HARDCORE OG 3G DISPO,CBD,0.00000000,NONE,NONE,
649275850608,RIPT JET FUEL 3G DISPO,CBD,0.00000000,NONE,NONE,
649275885006,RIPT SOUR WATERMELON 3G DISPO,CBD,0.00000000,NONE,NONE,
649275887536,RIPT KUSH MOUNTAINS 3G DISPO,CBD,0.00000000,NONE,NONE,
649275904615,RIPT GREEN CRACK 3G DISPO,CBD,0.00000000,NONE,NONE,
649275943768,RIPT GREEN CRACK 3G DISPO,CBD,0.00000000,NONE,NONE,
649754363308,VORTEX GUMMY 500MG,CBD,0.00000000,NONE,NONE,
649754425785,VORTEX 4000 GUMMY,CBD,0.00000000,NONE,NONE,
649754431113,VORTEX 1000MG GUMMY,CBD,0.00000000,NONE,NONE,
649964634892,ZENPEN,8,0.00000000,NONE,NONE,649964634908
649964673266,REDS APPLE WATERMELON ICED,10,0.00000000,NONE,NONE,
649985515309,BIO DELTA  8 CONCENTRATE,CBD,0.00000000,NONE,NONE,
649985662263,HEMPMETICS,CBD,0.00000000,NONE,NONE,
649985721588,BIO DELTA 8 D8 CART,CBD,0.00000000,NONE,NONE,
65,CBD Spray 1000mg Mint,CBD,20.00000000,NONE,NONE,652143785681
650434323543,CN GRAPE STRAWBERRY 3MG,10,0.00000000,NONE,NONE,
650434323581,CN STRAWBERRY LEMON 3MG,10,0.00000000,NONE,NONE,765066671693
651357009972,ESCO BARS BANANA ICE,ZIIPLAB,0.00000000,NONE,NONE,
651357061864,ESCO BAR RED APPLE,ZIIPLAB,0.00000000,NONE,NONE,
651357085884,ESCO BARS PEACH ICE,ZIIPLAB,0.00000000,NONE,NONE,
651357175950,ESCO BARS PINK LEMONADE,ZIIPLAB,0.00000000,NONE,NONE,
651357196665,ESCO BARS WATERMELON ICE,ZIIPLAB,0.00000000,NONE,NONE,
651357249439,ESCO BARS SPEARMINT,ZIIPLAB,0.00000000,NONE,NONE,
651357384758,ESCO BARS BLUE RASPBERRY,ZIIPLAB,0.00000000,NONE,NONE,
651357425215,ESCO BARS STRAWBERRY ICE,ZIIPLAB,0.00000000,NONE,NONE,
651357457667,ESCO BARS BUBBLEM GUM ICE,ZIIPLAB,0.00000000,NONE,NONE,
652143735723,SQEEZ SB LEMONADE,10,0.00000000,NONE,NONE,
652143735747,SQEEZ 60ML,10,0.00000000,NONE,NONE,652143735891
652143735945,SNACK SHACK 60ML,10,0.00000000,NONE,NONE,652143735846
652143736232,THE FOURTH,10,0.00000000,NONE,NONE,652143736249
652143736416,BY THE POUND 60ML,10,0.00000000,NONE,NONE,652143736324
652143737642,COUNTRY CLOUDS 60ML,10,0.00000000,NONE,NONE,652143737550
652143737680,FOREIGN 60ML,10,0.00000000,NONE,NONE,652143737710
652143740772,OUT THE BOX 60ML,10,0.00000000,NONE,NONE,652143736522
652143747429,THE GRIND 100ML,10,0.00000000,NONE,NONE,652143747399
652143748068,BERRYADE CBD,CBD,0.00000000,NONE,NONE,
652143751716,MILK BY THE POUND SALT,10,0.00000000,NONE,NONE,652143751549
652143757152,Salt nic 30ml,10,0.00000000,NONE,NONE,652143751754
652143824182,LEMON LAW 60ML,10,0.00000000,NONE,NONE,652143824175
652143824281,SKINNY VAPE 60ML,10,0.00000000,NONE,NONE,652143823796
652143982974,NKD STRAW LIME 3MG,10,0.00000000,NONE,NONE,
652143983186,NKD AZUL BERRIES 6MG,10,0.00000000,NONE,NONE,
653046348508,FLIQ PACHA MAMA FUJI APPLE,ZIIPLAB,0.00000000,NONE,NONE,653046342988
653341196163,CK SWEDISH 3MG,10,0.00000000,NONE,NONE,
653341196262,CK SWEDISH 6MG,10,0.00000000,NONE,NONE,
653341196460,CK BELTS STRAWBERRY 3MG,10,0.00000000,NONE,NONE,
653341196569,CK BELTS STRAWBERRY 6MG,10,0.00000000,NONE,NONE,
653341196767,CK WORMS 3MG,10,0.00000000,NONE,NONE,
653341196866,CANDY KING WORMS 6MG,10,0.00000000,NONE,NONE,
653341197061,CK STRWBRY WATRMLN BBGUM 3MG,10,0.00000000,NONE,NONE,
653341197160,CK STRAWBERRY WATERMELON BG 6m,10,0.00000000,NONE,NONE,
653341197368,CK BATCH 3MG,10,0.00000000,NONE,NONE,
653341197467,CANDY KING BATCH 6MG,10,0.00000000,NONE,NONE,
653341353696,CK LEMON DROPS 3MG,10,0.00000000,NONE,NONE,
653341353795,CK LEMON DROPS 6MG,10,0.00000000,NONE,NONE,
653341353993,CK PEACHY RINGS 3MG,10,0.00000000,NONE,NONE,
653341354099,CK PEACHY RINGS 6MG,10,0.00000000,NONE,NONE,
653341354297,CK PINK SQUARES 3MG,10,0.00000000,NONE,NONE,
653341354396,CK PINK SQUARES 6MG,10,0.00000000,NONE,NONE,
653341355195,CK BATCH ICE 3MG,10,0.00000000,NONE,NONE,
653341355492,CK BELTS STRAWBERRY ICE 3MG,10,0.00000000,NONE,NONE,
653341356093,CK SWEDISH ICE 3MG,10,0.00000000,NONE,NONE,
653341742001,GLAS 75ML,10,0.00000000,NONE,NONE,653341740700
653552911098,TUGLYFE 60ML,10,0.00000000,NONE,NONE,
653829536306,SLEDGE BLUEBERRY BANANA BREAD,CBD,0.00000000,NONE,NONE,653829536313
653829536320,SLEDGE BANANA KUSH,CBD,0.00000000,NONE,NONE,
653829536337,SLEDGE ITALIAN GELATO,CBD,0.00000000,NONE,NONE,
653829536344,SLEDGE COCONUT CAKE,CBD,0.00000000,NONE,NONE,
653829536382,Strawberry Banana,CBD,0.00000000,NONE,NONE,653829536382
653829536399,BIRTHDAY CAKE,CBD,0.00000000,NONE,NONE,653829536399
653871714554,CCELL GO STIK ASSORTED COLORS,1,0.00000000,NONE,NONE,653871714530
654323716270,Omega XL StrawWaterBubblegum,ZIIPLAB,0.00000000,NONE,NONE,
654323716294,Omega XL Citrus Guava,ZIIPLAB,0.00000000,NONE,NONE,
654323717611,OMEGA  AIR MAX TROPICAL BANANA,ZIIPLAB,0.00000000,NONE,NONE,
654323717635,OMEGA  AIR MAX JUNGLE JUICY,ZIIPLAB,0.00000000,NONE,NONE,
65446,RED BORNEO BUMBLEBEKRATOM 90CT,KRATOM,0.00000000,NONE,NONE,015568027109
65454165165,BGG-100 NOTORIOUS BIG,1,0.00000000,NONE,NONE,807172030824
6547,tropical candy D8 wax,CBD,0.00000000,NONE,NONE,
654985,ASPIRE 18650 BATTERY,4,0.00000000,NONE,NONE,6958947121156
655255066259,ESCO BAR 6K BUBBLEBERRY,ZIIPLAB,0.00000000,NONE,NONE,
655255069656,ESCO BAR 6K PIXIE DUST,ZIIPLAB,0.00000000,NONE,NONE,
655255090933,ESCO BAR H20 GREEN APPLE,ZIIPLAB,0.00000000,NONE,NONE,
655255091558,ESCO BAR H20 VANILLQCUSTARD,ZIIPLAB,0.00000000,NONE,NONE,
655255099707,ESCO BAR 6K CITRUS CIRCUS,ZIIPLAB,0.00000000,NONE,NONE,
655255117173,ESCO BAR 6K BAHAMA MAMA,ZIIPLAB,0.00000000,NONE,NONE,
655255117845,ESCO BAR 6K BERRY SNOW,ZIIPLAB,0.00000000,NONE,NONE,
655255146470,PUFF BAR MAX BLUEBERRY ICE,ZIIPLAB,0.00000000,NONE,NONE,
655255154246,PUFF BAR MAX ALOE GRAPE,ZIIPLAB,0.00000000,NONE,NONE,
655255157896,ESCO BAR D8 GRANDADDY PURP,CBD,0.00000000,NONE,NONE,
655255168052,ESCO BAR 6K WHIPP''D,ZIIPLAB,0.00000000,NONE,NONE,
655255185011,ESCO BAR 6K HONEY MANGO,ZIIPLAB,0.00000000,NONE,NONE,
655255197830,PUFF BAR MAX PINAPPL MANGO ORA,ZIIPLAB,0.00000000,NONE,NONE,
655255202893,ESCO BAR H20 STRAW MILKSHAKE,ZIIPLAB,0.00000000,NONE,NONE,
655255217538,PUFF BAR MAX BANANA ICE,ZIIPLAB,0.00000000,NONE,NONE,
655255241670,ESCO BAR D8 PINEAPPLE EXPRESS,ZIIPLAB,0.00000000,NONE,NONE,
655255251594,ESCO BAR 6K OCEAN MIST,ZIIPLAB,0.00000000,NONE,NONE,
655255258739,PUFF BAR MAX MYSTERY,ZIIPLAB,0.00000000,NONE,NONE,
655255260084,PUF BAR MAX MANGO PEACH WATER,ZIIPLAB,0.00000000,NONE,NONE,
655255298230,PUFF BAR MAX COOL MINT,ZIIPLAB,0.00000000,NONE,NONE,
655255344937,ESCO BAR 6K SOUR APPLE CANDY,ZIIPLAB,0.00000000,NONE,NONE,
655255401241,ESCO BAR 6K BLACK DRAGON ICE,ZIIPLAB,0.00000000,NONE,NONE,
655255424943,ESCO BAR 6K STRWBRY SHRTCAKE,ZIIPLAB,0.00000000,NONE,NONE,
655255438896,ESCO BAR H20 BLU BUBLEGUM,ZIIPLAB,0.00000000,NONE,NONE,
655255489294,EB H20 MANGO LASSI,ZIIPLAB,0.00000000,NONE,NONE,
655255490214,ESCO BAR D8 OG KUSH,CBD,0.00000000,NONE,NONE,
655469847927,GHOST HAZE 1.5G PREROLL,CBD,0.00000000,NONE,NONE,
655469897823,JGO D-8 DISPOSABLE,ZIIPLAB,0.00000000,NONE,NONE,
655469898684,JGO THC-V DISPOSABLE,ZIIPLAB,0.00000000,NONE,NONE,
655469898769,JGO DISPOSBLE HHC-0,ZIIPLAB,0.00000000,NONE,NONE,
655469900424,JGO THC-P DISPOSABLES,ZIIPLAB,0.00000000,NONE,NONE,
655469902046,JGO D-10 2G DISPOSABLE,ZIIPLAB,0.00000000,NONE,NONE,
655469902060,KI JGO D8 2GM DISPOSABLE,ZIIPLAB,0.00000000,NONE,NONE,
655469907966,BLUEBERRY SAPCE COOKIE 8G,CBD,0.00000000,NONE,NONE,
655469912946,THC-V 750MG,CBD,0.00000000,NONE,NONE,
655469915060,HHC-0 1500MG,CBD,0.00000000,NONE,NONE,
655469994546,HHC 750MG,CBD,0.00000000,NONE,NONE,
655956008084,DR PEPPER COTTON CANDY,9,0.00000000,NONE,NONE,
6574354163874,MAXX 100ML,10,0.00000000,NONE,NONE,Batch: 0726
657664505459,APPLE JUICE BO CAPS,5,0.00000000,NONE,NONE,
657819172185,FLAWLESS OG 100ML,10,0.00000000,NONE,NONE,653552911388
658201297578,SLUSHYMAN 100ML,10,0.00000000,NONE,NONE,658201297547
658238673024,OCHO EXTRAX SORBET 3G,CBD,0.00000000,NONE,NONE,
658238673055,OCHO EXTRAX FRUIT PUNCH,CBD,0.00000000,NONE,NONE,
658238673062,OCHO EXTRAX WATERMELON OG 3G,CBD,0.00000000,NONE,NONE,
658238673079,OCHO EXTRAX GREEN CRACK 3G,CBD,0.00000000,NONE,NONE,
658238734770,LOOSELEAF WRAPS BANANA DREAM,CLEARNCE,0.00000000,NONE,NONE,
658238735012,LOOSELEAF WRAPS REDD RUM,CLEARNCE,0.00000000,NONE,NONE,
658238735609,LOOSELEAF WRAPS WATERMLN DREAM,CLEARNCE,0.00000000,NONE,NONE,
658515851077,HUMBLExSOLACE BLUE BLOOD,SALT NIC,0.00000000,NONE,NONE,
658515854085,SOLACE BLACK,10,0.00000000,NONE,NONE,658515854061
658515975612,BANG XXL GUMMY BEAR,ZIIPLAB,0.00000000,NONE,NONE,
658632909705,SKWEEZED PEACH,10,0.00000000,NONE,NONE,
659424824923,JAM MONSTER RASPBERRY 6MG,10,0.00000000,NONE,NONE,
659459620255,HIDDEN HILL 3G J&F,CBD,0.00000000,NONE,NONE,
659459810953,HIDDEN HILL 3G GOOFIES,CBD,0.00000000,NONE,NONE,
659657161475,JGO SNOW BUS 7G THCA,CBD,0.00000000,NONE,NONE,
659675541877,BLINKERS 2G FLIP HYBRID,ZIIPLAB,0.00000000,NONE,NONE,
659675550053,BLINKERS 2G FLIP INDICA,ZIIPLAB,0.00000000,NONE,NONE,
659675589701,BLINKERS 2G FLIP HYBRID GA/BN,ZIIPLAB,0.00000000,NONE,NONE,
659675728346,BLINKERS 2G FLIP HYBRID,ZIIPLAB,0.00000000,NONE,NONE,
659675736723,BLINKERS 2G FLIP HYBRID WTR/CH,ZIIPLAB,0.00000000,NONE,NONE,
659962105249,JG MAD HONEY GUMMIES,7476667,0.00000000,NONE,NONE,
659962731462,BITES BLUE RAZZ,CBD,0.00000000,NONE,NONE,749565997737
659962734968,BITES RASP GRAPE,CBD,0.00000000,NONE,NONE,749565997713
661631262559,SUGAR THCO WATLIME GUMMY 500MG,CBD,0.00000000,NONE,NONE,
661631262566,SUGAR THCO TROPBLST 500MG GUMM,CBD,0.00000000,NONE,NONE,
661631262573,SUGAR THCO SOURBLURAZZ 500MG,CBD,0.00000000,NONE,NONE,
661631262603,SUGAR EXTRAX MYSTERY,CBD,0.00000000,NONE,NONE,
661631262610,SUGAR EXTRAX STRAW & CREAM,CBD,0.00000000,NONE,NONE,
661631262641,SUGAR EXTRAX BLUE ALIEN,CBD,0.00000000,NONE,NONE,
661631262658,SUGAR EXTRAX BANANA KUSH,CBD,0.00000000,NONE,NONE,
661631262689,SUGAR EXTRAX PURPLE PINEAPPLE,CBD,0.00000000,NONE,NONE,
661631262696,SUGAR EXTRAX RAINBOW BELTS,CBD,0.00000000,NONE,NONE,
661631262818,SUGAR EXTRAX SLAPS,CBD,0.00000000,NONE,NONE,661631262825
661631263006,TRIPSTER POG,CBD,0.00000000,NONE,NONE,
661631263013,TRIPSTER CACTUS KOOL,CBD,0.00000000,NONE,NONE,
661631263143,SUGARBAR WAT PATCH ICE,CBD,0.00000000,NONE,NONE,
661631263167,SUGARBAR TROP SQUARES,CBD,0.00000000,NONE,NONE,
661631263181,SUGARBAR MINT,CBD,0.00000000,NONE,NONE,
661631263204,SUGARBAR MANGOCHEW ICE,CBD,0.00000000,NONE,NONE,
661631263228,SUGARBAR PINK RABBIT,CBD,0.00000000,NONE,NONE,
661631263242,SUGARBAR GEORGIAPCH ICE,CBD,0.00000000,NONE,NONE,
661631263266,SUGARBAR SUGAR ROPES,CBD,0.00000000,NONE,NONE,
661631263280,SUGARBAR BERY FREEZE,CBD,0.00000000,NONE,NONE,
661631263303,SUGARBAR STRAW FREEZE,CBD,0.00000000,NONE,NONE,
661631263327,SUGARBAR SUGAR FRUIT,CBD,0.00000000,NONE,NONE,
661631263570,BLUEBERRY X MELONOG INDICA 7G,CBD,0.00000000,NONE,NONE,661631263563
661631263594,CHERRY TROP/GRAPES IND/SAT 7G,CBD,0.00000000,NONE,NONE,661631263594
661631263648,SUGAR GHOST WRECK 5G THC-P,CBD,0.00000000,NONE,NONE,
661631263655,SUGAR ICE CREAM CAKE 5G THC-P,CBD,0.00000000,NONE,NONE,
661631263662,SUGAR KRYPTO CHRONIC 5G THC-P,CBD,0.00000000,NONE,NONE,
661631263709,SB BERRY FREEZE,ZIIPLAB,0.00000000,NONE,NONE,
661631263716,SUGARBAR GEORGIA PEACH FREEZE,CBD,0.00000000,NONE,NONE,
661631263723,SB MANGO BANANA,ZIIPLAB,0.00000000,NONE,NONE,
661631263730,SB MANGO CHEWS FREEZE,ZIIPLAB,0.00000000,NONE,NONE,
661631263747,SB MINT,ZIIPLAB,0.00000000,NONE,NONE,
661631263754,SB PASSION GRAPEFRUIT,ZIIPLAB,0.00000000,NONE,NONE,
661631263761,SB PINK CREAM,ZIIPLAB,0.00000000,NONE,NONE,
661631263778,SUGARBAR SUGAR ROPES,CBD,0.00000000,NONE,NONE,
661631263785,SUGARBAR RASPBERRY PINEAPPLE,CBD,0.00000000,NONE,NONE,
661631263792,SB MIMOSA,ZIIPLAB,0.00000000,NONE,NONE,
661631263808,SB LEMMON PASSIONFRUIT FREEZE,ZIIPLAB,0.00000000,NONE,NONE,
661631263815,SB BLUE RAZZ,ZIIPLAB,0.00000000,NONE,NONE,
661631263822,SB LEMON MINT,ZIIPLAB,0.00000000,NONE,NONE,
661631263839,SUGARBAR WATERM PATCH FREEZE,CBD,0.00000000,NONE,NONE,
661631263846,SUGARBAR STRAWBERRY FREEZE,CBD,0.00000000,NONE,NONE,
665386435206,7MAGINE HYDROXY ALMOND,KRATOM,0.00000000,NONE,NONE,
665386435207,7MAGINE HYDROXY DARK CHOCO,KRATOM,0.00000000,NONE,NONE,
665415982244,BLAZZED HEAVY HITTER CART,CBD,0.00000000,NONE,NONE,
665415983647,BIO THC-P FLOWER 7 GRAMS,CBD,0.00000000,NONE,NONE,
666029730504,LETS GO CO2 350G,KRATOM,0.00000000,NONE,NONE,
6666,PUFF PLUS STRAW MILK SHAKE,ZIIPLAB,0.00000000,NONE,NONE,
66666,PUFF PLUS APPLE BERRY,ZIIPLAB,0.00000000,NONE,NONE,
667486621831,NIGHT CAP 120ML,10,0.00000000,NONE,NONE,667486621848
667977753263,OMEGA XL TANGERINE ICE,ZIIPLAB,0.00000000,NONE,NONE,
667977753300,OMEGA XL POMGEGRANATE STRAWBER,ZIIPLAB,0.00000000,NONE,NONE,
667977753324,OMEGA XL PEACH GUAVA,ZIIPLAB,0.00000000,NONE,NONE,
667977753348,OMEGA XL GRAPE ICE,ZIIPLAB,0.00000000,NONE,NONE,654323716218
667977753706,OMEGA XL GRAPE POMELO,ZIIPLAB,0.00000000,NONE,NONE,
669799503859,CN GRAPE APPLE 6MG,10,0.00000000,NONE,NONE,765066671617
669936780877,Omega XL Pear Cotton Candy,ZIIPLAB,0.00000000,NONE,NONE,
669936780938,OMEGA XL STRAWBERRY WATERMELON,ZIIPLAB,0.00000000,NONE,NONE,669936783908
669936780952,OMEGA XL JUNGLE JUICE,ZIIPLAB,0.00000000,NONE,NONE,669936780853
669936780976,OMEGA XL Menthol Ice,ZIIPLAB,0.00000000,NONE,NONE,
669936780990,OMEGA XL RAINBOW CANDY,ZIIPLAB,0.00000000,NONE,NONE,
669936781010,OMEGA XL ARCTIC BERRY,ZIIPLAB,0.00000000,NONE,NONE,669936780914
669936781096,OMEGA XL STRAWBERRY GRAPE,ZIIPLAB,0.00000000,NONE,NONE,669936781058
669936782772,Omega XL Classic Tobacco,ZIIPLAB,0.00000000,NONE,NONE,
669936783892,OMEGA XL BLUEBERRY LEMON,ZIIPLAB,0.00000000,NONE,NONE,
670087500795,legal hemp thc-o cart blue zki,CBD,0.00000000,NONE,NONE,
670087500801,legal hemp cart maui waui,CBD,0.00000000,NONE,NONE,
670087500818,legal hemp cart grandaddy purp,CBD,0.00000000,NONE,NONE,
670087500825,legal hemp cart gorilla glue,CBD,0.00000000,NONE,NONE,
670087500832,legal hemp cart strwna haze,CBD,0.00000000,NONE,NONE,
670087500849,legal hemp cart pinappl expres,CBD,0.00000000,NONE,NONE,
670087500870,blaze d8 dispo gorilla glue,ZIIPLAB,0.00000000,NONE,NONE,
670087500887,blaze d8 dispo maui waui,ZIIPLAB,0.00000000,NONE,NONE,
670087500894,blaze d8 dispo sour diesel,ZIIPLAB,0.00000000,NONE,NONE,
670087500900,blaze d8 disp sunday driver,ZIIPLAB,0.00000000,NONE,NONE,
670087500917,blaze d8 disp watermelon zkit,ZIIPLAB,0.00000000,NONE,NONE,
670221227977,USA VAPE 100ML,10,0.00000000,NONE,NONE,670221221241
671983839835,ROXY PETS/DOGS 100MG CBD,CBD,8.50000000,NONE,NONE,
671983840039,KALKI MUSCLE RUB 500MG CBD,CBD,23.00000000,NONE,NONE,
672975195007,EZZY CARAMEL POPCORN,ZIIPLAB,0.00000000,NONE,NONE,
672975195038,EZZY MANGO LYCHEE,ZIIPLAB,0.00000000,NONE,NONE,
672975195090,EZZY STRAWBERRY LEMONADE,ZIIPLAB,0.00000000,NONE,NONE,
672975195106,EZZY VANILLA CUSTRD,ZIIPLAB,0.00000000,NONE,NONE,
672975195113,EZZY LUSH ICE,ZIIPLAB,0.00000000,NONE,NONE,672975195113
672975195335,EZZY STRAWBERRY KIWI,ZIIPLAB,0.00000000,NONE,NONE,
672975195403,EZZY FROZEN BANANA,ZIIPLAB,0.00000000,NONE,NONE,
672975195410,EZZY PINA COLDA,ZIIPLAB,0.00000000,NONE,NONE,
672975195427,EZZY PINEAPPLE TWIST,ZIIPLAB,0.00000000,NONE,NONE,
672975195434,EZZY BERRY COOL,ZIIPLAB,0.00000000,NONE,NONE,672975195151
672975195441,EZZY HONEYDEW ICE,ZIIPLAB,0.00000000,NONE,NONE,
672975195564,EZZY OVAL - BLUE RAZ,ZIIPLAB,0.00000000,NONE,NONE,
674008320028,QUICK FIX PLUS SYNTHETIC,8,0.00000000,NONE,NONE,
674276611675,THC-O TINCTURE 2500MG,CBD,0.00000000,NONE,NONE,
674276772352,CBD OIL PETS,CBD,0.00000000,NONE,NONE,
674276996031,BIO THC-O GUMMIES 150 MG,CBD,0.00000000,NONE,NONE,
6746553789123123,SMOK G-PRIV 3 mod,3,0.00000000,NONE,NONE,6940695637881
675162322835,POD MONSTER TROPIC THUNDER20MG,SALT NIC,0.00000000,NONE,NONE,
675162322842,POD MONSTER FIZZY COLA BLA20MG,SALT NIC,0.00000000,NONE,NONE,
675162322859,POD MONSTER GROOVIN ALOE G20MG,SALT NIC,0.00000000,NONE,NONE,
675162322866,PODMONSTER JELLY BEAR 20MG,SALT NIC,0.00000000,NONE,NONE,
675162322927,PODMONSTER SPEARMINT 20MG,SALT NIC,0.00000000,NONE,NONE,
675162322934,PODMONSTER SBERRY SCOOPS 20MG,SALT NIC,0.00000000,NONE,NONE,
675162322941,PODMONSTER WHITE PEACH RAZ20MG,SALT NIC,0.00000000,NONE,NONE,
675162324150,PODMONSTER MANGO MADNESS 20MG,SALT NIC,0.00000000,NONE,NONE,
675162324167,POD MONSTER CBERRY GRAPE 20MG,SALT NIC,0.00000000,NONE,NONE,
675162324168,POD MONSTER CBERRY GRAPE 50MG,SALT NIC,0.00000000,NONE,NONE,
675162324174,PODMONSTER PINEAPPLE ICE 20MG,SALT NIC,0.00000000,NONE,NONE,
675162324334,POD MONSTER TROPIC THUNDER50MG,SALT NIC,0.00000000,NONE,NONE,
675162324335,POD MONSTER TROPIC THUNDER50MG,SALT NIC,0.00000000,NONE,NONE,
675162324341,POD MONSTER FIZZY COLA BLA50MG,SALT NIC,0.00000000,NONE,NONE,
675162324358,POD MONSTER GROOVIN ALOE G50MG,SALT NIC,0.00000000,NONE,NONE,
675162324365,PODMONSTER JELLY BEAR 50MG,SALT NIC,0.00000000,NONE,NONE,
675162324426,PODMONSTER SPEARMINT 50MG,SALT NIC,0.00000000,NONE,NONE,
675162324433,PODMONSTER SBERRY SCOOPS 50MG,SALT NIC,0.00000000,NONE,NONE,
675162324440,PODMONSTER WHITE PEACH RAZ50MG,SALT NIC,0.00000000,NONE,NONE,
675162324457,PODMONSTER MANGO MADNESS 50MG,SALT NIC,0.00000000,NONE,NONE,
675162324464,POD MONSTER CBERRY GRAPE 50MG,SALT NIC,0.00000000,NONE,NONE,
675162324471,PODMONSTER PINEAPPLE ICE 50MG,SALT NIC,0.00000000,NONE,NONE,
675-B,CG GRAB EIGHTH NOTE BLUE PIPE,1,0.00000000,NONE,NONE,
676307805060,ML KRATOM GUMMIES TWISTED LIME,KRATOM,0.00000000,NONE,NONE,
676307806371,ML KRATOM GUMMIE YUZU LEMONADE,KRATOM,0.00000000,NONE,NONE,
676307806401,ML KRATOM GUMMIES BLOOD ORANGE,KRATOM,0.00000000,NONE,NONE,
676307807798,ML KAVA GUMMIES BERRY TWIST,CBD,0.00000000,NONE,NONE,
676307807828,ML KAVA GUMMIES FRUIT PUNCH,CBD,0.00000000,NONE,NONE,
676307808009,ML KRATOM GUMMIE CARIBAN PUNCH,KRATOM,0.00000000,NONE,NONE,
676307808030,ML KRATOM GUMMIE MANGO PINAPLE,KRATOM,0.00000000,NONE,NONE,
676525826892,BANGBANG SOURDIESEL 2GM EACH,CBD,0.00000000,NONE,NONE,
676525827042,BANGBANG JACKHERER 2GM EACH,CBD,0.00000000,NONE,NONE,
676525827646,BANGBANG GRNDPURPLE 2GM EACH,CBD,0.00000000,NONE,NONE,
678822000241,LIFTED LOLLIES 5CT PINEAPPLE,CBD,0.00000000,NONE,NONE,
679523795214,SP THC-A 3G WATRMELN SANGRIA,ZIIPLAB,0.00000000,NONE,NONE,
679523795221,SP THC-A 3G NORTHERN LIGHTS,ZIIPLAB,0.00000000,NONE,NONE,
679523795238,SP THC-A 3G SPACE COOKIES,ZIIPLAB,0.00000000,NONE,NONE,
679523795245,SP THC-A 3G SOUR TANGIE,ZIIPLAB,0.00000000,NONE,NONE,
679523795252,SP THC-A 3G GRAND DADDY PURP,ZIIPLAB,0.00000000,NONE,NONE,
679523795276,SP THC-A 3G ASTRO BOY,ZIIPLAB,0.00000000,NONE,NONE,
679625535381,HIDDEN HILL 3G BANANGIE,CBD,0.00000000,NONE,NONE,
679625563278,HIDDEN HILL 3G FORESAKEN FRUIT,CBD,0.00000000,NONE,NONE,
680017565275,VAPOR DYNAMIX 60ML,10,0.00000000,NONE,NONE,680017565282
680017604172,PERKS 50MG CBD MINT,CBD,0.00000000,NONE,NONE,
680017604523,PERKS 125MG CBD,CBD,0.00000000,NONE,NONE,
680017604981,CITRUS YUMS 100ML,10,0.00000000,NONE,NONE,680017604936
680196620048,MARVELOUS VAPOR 100ML,10,0.00000000,NONE,NONE,
680196620079,MVVAPOR ZAP!,10,0.00000000,NONE,NONE,
680196620086,MVVAPOR ZAP!,10,0.00000000,NONE,NONE,
680196620284,VAPE MAID 100ML,10,0.00000000,NONE,NONE,
680196620734,GUMMY O''S 100ML,10,0.00000000,NONE,NONE,680196620710
680474613519,NATIVE WICKS,8,0.00000000,NONE,NONE,
680599264573,SHIJIN DRAGON CLOUD,10,0.00000000,NONE,NONE,
680599264597,SHIJIN 100ML,10,0.00000000,NONE,NONE,680196620130
680599264863,CHILEED CUCUMBERWAT 50MG,SALT NIC,0.00000000,NONE,NONE,
681378100730,BIO D-8 FLOWER 7GRAMS,CBD,0.00000000,NONE,NONE,
681378108088,BIO D-10 FLOWER 3.5G,CBD,0.00000000,NONE,NONE,681378089707
681378109962,BIO D-8 FLOWER 3.5G,CBD,0.00000000,NONE,NONE,
681467003188,SENECA RED 100S,CIGARETE,0.00000000,NONE,NONE,
681467003218,SENECA BLUE 100S,CIGARETE,0.00000000,NONE,NONE,
681467003270,SENACA MENTHOL 100,CIGARETE,0.00000000,NONE,NONE,
681467003515,SENECA RED KINGS,CIGARETE,0.00000000,NONE,NONE,
6827127711787,TOPSIDE DUAL,3,0.00000000,NONE,NONE,6827127711800
683332493827,POP ICED PINEAPPLE,ZIIPLAB,0.00000000,NONE,NONE,
683332494145,POP BANANA ICE,ZIIPLAB,0.00000000,NONE,NONE,683332493926
683332496064,POP PINK LEMONADE,ZIIPLAB,0.00000000,NONE,NONE,
683615012806,GOLDEN TICKET 60ML,10,0.00000000,NONE,NONE,683615012813
683615014060,SVRF 60ML all FLAVORS,10,0.00000000,NONE,NONE,683615012684
683723245981,PURE P''S TROPIC WUNDER,CBD,0.00000000,NONE,NONE,
683723245998,PURE P''S SOUR POWER,CBD,0.00000000,NONE,NONE,
683723246001,PURE P''S MELONIOUS ASSAULT,CBD,0.00000000,NONE,NONE,
683723246018,PURE P''S THEM APPLES,CBD,0.00000000,NONE,NONE,683723246377
683723246025,PURE P''S LEMONADE STAND,CBD,0.00000000,NONE,NONE,
683723246117,P''S 1G THCP BLEW CHERRY,ZIIPLAB,0.00000000,NONE,NONE,
683723246124,P''S 1G THCP P.B. BREATH CART,CBD,0.00000000,NONE,NONE,
683723246131,P''S 1G THCP MULTI MELONAIRE,ZIIPLAB,0.00000000,NONE,NONE,
683723246148,PURE PS BLAZY SUNDAY 1G,ZIIPLAB,0.00000000,NONE,NONE,
683723246155,PURE PS APPLE TREEZ 1G,ZIIPLAB,0.00000000,NONE,NONE,
683723246575,PURE P''S MELONIOUS ASSULT 2PK,CBD,0.00000000,NONE,NONE,
683723246582,PURE P''S SOUR POWER 2PK,CBD,0.00000000,NONE,NONE,
683723246599,PURE P''S THEM APPLES 2PK,CBD,0.00000000,NONE,NONE,
683723246667,P''S 1G THCP BLAZY SUNDAY,ZIIPLAB,0.00000000,NONE,NONE,
683723246704,PURE PS P.B. BREATH 1G,ZIIPLAB,0.00000000,NONE,NONE,
683723246735,PURE PS BLEW BERRY 1G,ZIIPLAB,0.00000000,NONE,NONE,
683723247466,DIET PS SHERBY PUCKETT 2G disp,CBD,0.00000000,NONE,NONE,
683723247473,DIET PS BERRY SANDERS 2G,CBD,0.00000000,NONE,NONE,
683723247480,DIET PS KILLER BEEZ 2G,CBD,0.00000000,NONE,NONE,
683723247497,DIET PS SOUR RANCHERO 2G,CBD,0.00000000,NONE,NONE,
683723247503,DIET PS HAZY GLAZED 2G,CBD,0.00000000,NONE,NONE,
683723247640,DIET PS BLUE WHIP 2G,CBD,0.00000000,NONE,NONE,
683723247657,DIET PS RUBY RINGZ 2G,CBD,0.00000000,NONE,NONE,
683723247664,DIET PS SWEET CHEEKS 2G,CBD,0.00000000,NONE,NONE,
683723248135,DIET PS ROYAL GUSH 2G,CBD,0.00000000,NONE,NONE,
683723248166,DIET PS GEL JEFFE 2G,CBD,0.00000000,NONE,NONE,
683723248562,DIET PS BOBBY JOHNSON 2G,CBD,0.00000000,NONE,NONE,
684417989419,CC ICED MELON BERRIES 3MG,10,0.00000000,NONE,NONE,
684417989426,CC ICED MELON BERRIES 6MG,10,0.00000000,NONE,NONE,
684417989440,CC ICED BLD ORANGE MANGO 3MG,10,0.00000000,NONE,NONE,
684417989457,CC BLD ORANGE MANGO 6MG,10,0.00000000,NONE,NONE,
684417989471,CC ICED GRAPE BERRIES 3MG,10,0.00000000,NONE,NONE,
684417989488,CC ICED GRAPE BERRIES 6MG,10,0.00000000,NONE,NONE,
684417989501,CC MELON BERRIES 3MG,10,0.00000000,NONE,NONE,
684417989518,CC MELON BERRIES 6MG,10,0.00000000,NONE,NONE,
684417990187,CC tres leches 6mg,10,0.00000000,NONE,NONE,
684417990194,CC tres leches 3mg,10,0.00000000,NONE,NONE,
684417990422,CC Vanilla Custard 3mg,10,0.00000000,NONE,NONE,
684417990439,CC VANILLA CUSTARD 6MG,10,0.00000000,NONE,NONE,
684417990705,coastal cloud 2gm stawna sourd,ZIIPLAB,0.00000000,NONE,NONE,
684417990767,coastal cloud 2gm purple wat z,ZIIPLAB,0.00000000,NONE,NONE,
684646686509,POLKADOT COOKIES&CREAM,7476667,0.00000000,NONE,NONE,
684646686516,POLKADOT CREAMY HN WAFER,7476667,0.00000000,NONE,NONE,
684646686523,POLKADOT FB FRUIT LOOP,7476667,0.00000000,NONE,NONE,
684646686561,POLKADOT MAUI COCONUT TWIST,7476667,0.00000000,NONE,NONE,
684646686585,POLKADOT THE ORIGINAL,7476667,0.00000000,NONE,NONE,
684646686615,POLKADOT PPM CHOCOLATE CRISP,7476667,0.00000000,NONE,NONE,
684671873981,VNM 30K MIAMI VICE,ZIIPLAB,0.00000000,NONE,NONE,
684671874001,VNM 30K BOMP POP,ZIIPLAB,0.00000000,NONE,NONE,
684671874025,VNM 30K JUICY GRAPE,ZIIPLAB,0.00000000,NONE,NONE,
684671874049,VNM 30K WHITE GUMMY,ZIIPLAB,0.00000000,NONE,NONE,
684671874148,VNM 30K BLUE SLUSHY,ZIIPLAB,0.00000000,NONE,NONE,
684671874162,VNM 30K SOUR APPLE,ZIIPLAB,0.00000000,NONE,NONE,
684671874186,VNM 30K WATERMELON,ZIIPLAB,0.00000000,NONE,NONE,
684671874223,VNM 30K GOLDEN MANGO,ZIIPLAB,0.00000000,NONE,NONE,
684671874308,VNM 30K BAJA BLAST,ZIIPLAB,0.00000000,NONE,NONE,
684671874346,VNM 30K COOL MINT,ZIIPLAB,0.00000000,NONE,NONE,
68475307463,LOON AIR BLUE BLISS,ZIIPLAB,0.00000000,NONE,NONE,
684753075401,LOON AIR BANANA ICE,ZIIPLAB,0.00000000,NONE,NONE,684753075418
684753075432,LOON AIR MANGO,ZIIPLAB,0.00000000,NONE,NONE,
684753075449,LOON AIR COOL MINT,ZIIPLAB,0.00000000,NONE,NONE,
684753075470,LOON AIR PINEAPPLE ICE,ZIIPLAB,0.00000000,NONE,NONE,
684753075494,LOON AIR PINK LEMONADE,ZIIPLAB,0.00000000,NONE,NONE,LOON AIR
685349763252,100 club 100ml,10,0.00000000,NONE,NONE,680196620604
685349763375,shijin frozen limade 100ml,10,0.00000000,NONE,NONE,
685349763764,FROZEN BERRIES 60ML,10,0.00000000,NONE,NONE,685349763771
685349763795,FROZEN PEACHES 60ML,10,0.00000000,NONE,NONE,
685349763894,BANANA NUT O''S,10,0.00000000,NONE,NONE,
685349763948,DEJA BREW 60ML,10,0.00000000,NONE,NONE,
685757286077,LUCID 120MG 4CT OG TAB,KRATOM,0.00000000,NONE,NONE,
685757286091,LUCID 120MG 4CT OG PSEUDO TAB,KRATOM,0.00000000,NONE,NONE,
686010864353,HONEYCOMB,1,0.00000000,NONE,NONE,686010864353
686010864889,NECTAR COLLECTOR PLASTIC,1,0.00000000,NONE,NONE,686010864889
686010870774,SILICONE SHERLOCK,1,0.00000000,NONE,NONE,
686010871375,SILICONE EYEBALL,1,0.00000000,NONE,NONE,686010871375
686091695426,vance global delta 8 smokes,CBD,0.00000000,NONE,NONE,
686162566655,LOON 300,ZIIPLAB,0.00000000,NONE,NONE,684753075517
686162566808,LOON AIR PLUS BANANA ICE,ZIIPLAB,0.00000000,NONE,NONE,
686162566822,LOON AIR PLUS WATER FANYASIE,ZIIPLAB,0.00000000,NONE,NONE,
686162566884,LOON AIR PLUS MINT,ZIIPLAB,0.00000000,NONE,NONE,
686162566907,LOON AIR PLUS RED BULL,ZIIPLAB,0.00000000,NONE,NONE,
686162566921,LOON AIR PLUS LUSH ICE 6%,ZIIPLAB,0.00000000,NONE,NONE,
686162567065,LOON AIR PLUS RAINBOW DROPS,ZIIPLAB,0.00000000,NONE,NONE,
686162567126,LOON AIR PLUS BUBBLEGUM,ZIIPLAB,0.00000000,NONE,NONE,
686162568000,LOON BULLET,ZIIPLAB,0.00000000,NONE,NONE,626162562042
686494630864,ELEPHANT KRATOM TRAINWRECK,KRATOM,0.00000000,NONE,NONE,
686494630888,ELEPHANT KRATOM TRAINWRECK 300,KRATOM,0.00000000,NONE,NONE,
687368859015,RAZZO ORANGE GRAPE,ZIIPLAB,0.00000000,NONE,NONE,
687368859039,RAZZO PEACH MANGO,ZIIPLAB,0.00000000,NONE,NONE,
687368859046,RAZZO FROZEN TANGERINE,ZIIPLAB,0.00000000,NONE,NONE,
687368859077,RAZZO FROZEN STRAWBERRY KIWI,ZIIPLAB,0.00000000,NONE,NONE,
687368859084,RAZZO FROZEN PURPLE PUNCH,ZIIPLAB,0.00000000,NONE,NONE,
687927968875,BERRY ROCK 120ML,10,0.00000000,NONE,NONE,
689176566048,WOW DELTA 11 ZKITTLES 3G,CBD,0.00000000,NONE,NONE,
689176566055,WOW DELTA 11 OG KUSH 3G,CBD,0.00000000,NONE,NONE,
689176566062,WOW DELTA 11 TROPICAL RUNTZ 3G,CBD,0.00000000,NONE,NONE,
689176566079,WOW DELTA 11 FRUITY PEBBLES 3G,CBD,0.00000000,NONE,NONE,
689176568882,JOLT CANNABIS HULK 3G DISPO,CBD,0.00000000,NONE,NONE,
689176568899,JOLT PURPLE PUNCH 3G DISPO,CBD,0.00000000,NONE,NONE,
689176568905,JOLT CANNABIS SB KUSH 3G DISPO,CBD,0.00000000,NONE,NONE,
689176568912,JOLT CANNABIS BLUE/OR 3G DISPO,CBD,0.00000000,NONE,NONE,689176568929
689176569582,jolt thcO thcP wat kush 2.2gm,CBD,0.00000000,NONE,NONE,
689176569599,jolt thcO+p 2.2 blueraz dab,CBD,0.00000000,NONE,NONE,
689176569605,jolt thcO+p mauiwaui 2.2 dab,CBD,0.00000000,NONE,NONE,
689176570564,JOLT WATERMELON  KUSH 2.2G O/P,CBD,0.00000000,NONE,NONE,
689176570571,JOLT PINEAPPLE OG 2.2G THCO/P,CBD,0.00000000,NONE,NONE,
689176570588,JOLT BLUE HAZE 2.2G THCO/P,CBD,0.00000000,NONE,NONE,
689176570595,JOLT MAUI WAUI 2.2G THCO/P,CBD,0.00000000,NONE,NONE,
689176570601,JOLT GRANDDADDY PURP 2.2G O/P,CBD,0.00000000,NONE,NONE,
689176875089,BLAZE D10 WATER ZKITTLES CART,CBD,0.00000000,NONE,NONE,
689176875096,BLAZE D-10 SUNDAY DRIVER,CBD,0.00000000,NONE,NONE,
689176875102,6941736502601,CBD,0.00000000,NONE,NONE,
689176875119,BLAZE D-10 STRAWBERRY COUGH,CBD,0.00000000,NONE,NONE,
689176875126,BLAZE D-10 MAUI WAUI,CBD,0.00000000,NONE,NONE,
689176875133,BLAZE D-10 GORILLA GLUE,CBD,0.00000000,NONE,NONE,
689176875140,BLAZE D-10 GRAPE APE,CBD,0.00000000,NONE,NONE,
689176875157,BLAZE D-10 CRANBERRY KUSH,CBD,0.00000000,NONE,NONE,
689176875164,BLAZE D-10 BLUE DREAM,CBD,0.00000000,NONE,NONE,
689176875171,HOW HIGH WATERMELON GUSHERS,CBD,0.00000000,NONE,NONE,
689176875188,HOW HIGH STRAWBERRY SHORTCAKE,CBD,0.00000000,NONE,NONE,
689396018273,LUCID AIRAPPLE ICE,ZIIPLAB,0.00000000,NONE,NONE,
689481567150,D8 FLOWER LIFTER,CBD,0.00000000,NONE,NONE,
689481567167,D8 FLOWER SPECIAL SAUCE,CBD,0.00000000,NONE,NONE,
689481567174,D8 FLOWER SOUR SPACE CANDY,CBD,0.00000000,NONE,NONE,
689770985535,25MG CBD POWDERD DRINK,CBD,2.50000000,NONE,NONE,689770985511
689770985726,FORSTED WATERMELON 350MG TANK,CBD,12.00000000,NONE,NONE,
689770985825,FUNKY HARMS BATTERY,4,8.00000000,NONE,NONE,
689770985931,50MG CBD GUMMIES,CBD,5.00000000,NONE,NONE,689770985894
689771069838,BATON 2 PODS,5,5.50000000,NONE,NONE,850021572211
689771069890,BATON V2 BLACK KIT,2,18.50000000,NONE,NONE,
689771069906,BATON V2 WHITE KIT,2,18.50000000,NONE,NONE,
689771069913,BATON ICED BANANA MILK 2.5%,SALT NIC,0.00000000,NONE,NONE,
689771069920,BATON ICED BANANA MILK 5%,SALT NIC,0.00000000,NONE,NONE,689771069920
6900063400585,LEAF BUDDI X-ENAIL,1,0.00000000,NONE,NONE,
690102096508,FIDGET SPINNER MULTICOLOR,8,0.00000000,NONE,NONE,690102096621
690102096515,FIDGET SPINNER EMOJI,8,0.00000000,NONE,NONE,817353025846
690102096584,LED FIDGET SPINNER,8,0.00000000,NONE,NONE,
69022,KAMRY 20W,3,15.00000000,NONE,NONE,
690277787058,BANG XXL BANANA ICE,ZIIPLAB,0.00000000,NONE,NONE,
690277787072,BANG XXL BUBBLEGUM ICE,ZIIPLAB,0.00000000,NONE,NONE,
690277787102,BANG XXL MANGO GUAVA,ZIIPLAB,0.00000000,NONE,NONE,
690277787133,BANG XXL HONEYDEW MELON ICE,ZIIPLAB,0.00000000,NONE,NONE,
690277787164,BANG XXL WATERMELON LUSH,ZIIPLAB,0.00000000,NONE,NONE,
690277787225,BANG XXL BLUEBERRY ICE,ZIIPLAB,0.00000000,NONE,NONE,
690277787362,BANG XXL STRAWBERRY ICE CREAM,ZIIPLAB,0.00000000,NONE,NONE,
690277960239,LOON APPLE BERRY CRUMBLE,SALT NIC,0.00000000,NONE,NONE,
690277960321,LOON AI RPLUS BERRY LEMON BUBB,ZIIPLAB,0.00000000,NONE,NONE,
690277960338,LOON AIR PLUS STRAWBERRY KIWI,ZIIPLAB,0.00000000,NONE,NONE,
690277960352,LOON AIR PLUS APPLEBERRYCRUNCH,ZIIPLAB,0.00000000,NONE,NONE,
690277960376,LOON AIR PLUS KIWI ICED LEMON,ZIIPLAB,0.00000000,NONE,NONE,
690277960673,LOON MAXX BLUE RAZZ SLUSHY,ZIIPLAB,0.00000000,NONE,NONE,
690277960703,LOON MAX BOWZER BERRY,ZIIPLAB,0.00000000,NONE,NONE,
690277960727,LOON MAX FROXEN GRAPE SLUSHY,ZIIPLAB,0.00000000,NONE,NONE,
690277960734,LOON MAXX LUSH ICE,ZIIPLAB,0.00000000,NONE,NONE,
690277960819,LOON MAX ICED GUAVA,ZIIPLAB,0.00000000,NONE,NONE,
690277960840,LOON MAXX FROZEN MELON,ZIIPLAB,0.00000000,NONE,NONE,
690277961328,LOON AIR PLUS NO NIC,ZIIPLAB,0.00000000,NONE,NONE,690277961298
690277962530,LOON MAXX BAD BULL,ZIIPLAB,0.00000000,NONE,NONE,
690277962554,LOON MAXX APPLE BERRY,ZIIPLAB,0.00000000,NONE,NONE,
690277962578,LOON MAXX BANANA BAD BULL,ZIIPLAB,0.00000000,NONE,NONE,
690277962592,LOON MAXX CHERRY LIME SODA,ZIIPLAB,0.00000000,NONE,NONE,
690277962622,LOON MAX STRAWBERRY BAD BULL,ZIIPLAB,0.00000000,NONE,NONE,
690277962912,LOON MAXX BLUE LIGHTING,ZIIPLAB,0.00000000,NONE,NONE,
691027104378,PUFF BAR MAX CLEAR,ZIIPLAB,0.00000000,NONE,NONE,
691034186978,BATON VANILLA WAFER 2.5%,SALT NIC,3.50000000,NONE,NONE,691034186916
691034186985,BATON VANILLA WAFER 5%,SALT NIC,3.50000000,NONE,NONE,
691034187036,BATON FRUIT CONFIT 5%,SALT NIC,3.50000000,NONE,NONE,
691035517566,CARTISAN SPINNER BATTERY,4,0.00000000,NONE,NONE,691035516606
691057327402,BITES TRIPPY BLUE RAZZ,7476667,0.00000000,NONE,NONE,
691057327426,BITES TRIPPY STRAWBER LEMONADE,7476667,0.00000000,NONE,NONE,
691057327600,BITES TRIPPY BERRY PUNCH,7476667,0.00000000,NONE,NONE,
691057327617,BITES TRIPPY LEMON LIME,7476667,0.00000000,NONE,NONE,
691354698899,STEAMENGINE STRAWBANANA ICED,ZIIPLAB,0.00000000,NONE,NONE,
691386109910,NUNU COLOR ICE APPLE,ZIIPLAB,0.00000000,NONE,NONE,
691386109911,NUNU COLOR ICE BLUE RASP,ZIIPLAB,0.00000000,NONE,NONE,
691386109912,NUNU COLOR COOL MINT,ZIIPLAB,0.00000000,NONE,NONE,
691386109913,NUNU COLOR ENERGY,ZIIPLAB,0.00000000,NONE,NONE,
691386109914,NUNU COLOR GUMMY BEAR,ZIIPLAB,0.00000000,NONE,NONE,
691386109915,NUNU COLOR ICE PEACH,ZIIPLAB,0.00000000,NONE,NONE,
691386109916,NUNU COLOR PINEAPPLE COCONUT,ZIIPLAB,0.00000000,NONE,NONE,
691386109917,NUNU COLOR STRAWBERRY BANANA,ZIIPLAB,0.00000000,NONE,NONE,
691386109918,NUNU COLOR ICE WATERMELON,ZIIPLAB,0.00000000,NONE,NONE,
691386109919,NUNU COLOR BEARBUBBLE,ZIIPLAB,0.00000000,NONE,NONE,
691386109920,NUNU COLOR LEMON FROZEN ICE,ZIIPLAB,0.00000000,NONE,NONE,
691386109921,NUNU COLOUR STRAWBRRY KIWI,ZIIPLAB,0.00000000,NONE,NONE,
691386109922,NUNU COLOURS O.M.G.,ZIIPLAB,0.00000000,NONE,NONE,
691386109923,NUNU COLOURS ALOE GRAPE,ZIIPLAB,0.00000000,NONE,NONE,
691386609911,NUNU BOX FRZN ICE STRAWNANA,ZIIPLAB,0.00000000,NONE,NONE,
691386609912,NUNU BOX FRZN ICE LUSH,ZIIPLAB,0.00000000,NONE,NONE,
691386609913,NUNU BOX FROZEN ICE STRAWBERRY,ZIIPLAB,0.00000000,NONE,NONE,
691386609915,nunu box mix berry 6000puff,ZIIPLAB,0.00000000,NONE,NONE,
691386609916,NUNU BOX STRAWBERRY CHEESECAKE,ZIIPLAB,0.00000000,NONE,NONE,
691386609917,NUNU BOX COOL MINT,ZIIPLAB,0.00000000,NONE,NONE,
691386609919,NUNU BOX SOUR APPLE,ZIIPLAB,0.00000000,NONE,NONE,
691386609920,NUNU BOX ENERGY,ZIIPLAB,0.00000000,NONE,NONE,
691386609921,NUNU BOX PINA COLADA,ZIIPLAB,0.00000000,NONE,NONE,
691386609922,NUNU BOX BLUE FIZZ,ZIIPLAB,0.00000000,NONE,NONE,
691387009912,TWIN BARREL COOL MINT,ZIIPLAB,0.00000000,NONE,NONE,
691387009913,TWIN BARREL FROZEN ICE LUSH,ZIIPLAB,0.00000000,NONE,NONE,
691387009922,TWIN BARREL MANGOSTEEN SLUSH,ZIIPLAB,0.00000000,NONE,NONE,
6917540002157,SOURIN DROP WRAPS,8,0.00000000,NONE,NONE,
691835008493,GR 1.2KMG CBD STRWBRY WATRMLN,CBD,0.00000000,NONE,NONE,
691835008691,GR 1.2KMG CBD ICE POP,CBD,0.00000000,NONE,NONE,
691835009193,GR 1.2KMG CBD SWEET MINT,CBD,0.00000000,NONE,NONE,
691835009391,GR 1.2KMG CBD PEACH ICE,CBD,0.00000000,NONE,NONE,
691835058634,MODUS DABS THCA SHIRLEY TEMPLE,CBD,0.00000000,NONE,NONE,
691835058733,MODUS DABS THCA LEMON CHERRY,CBD,0.00000000,NONE,NONE,
691835058832,MODUS DABS THCA RED VELVET,CBD,0.00000000,NONE,NONE,
691959234181,JGO PERMATRIP D8-P-O,CBD,0.00000000,NONE,NONE,655469983144
691959384008,THC-O 750MG,CBD,0.00000000,NONE,NONE,
691959400227,THC-P 750 MG,CBD,0.00000000,NONE,NONE,
6921426602620,ITASTE EZ.TC STARTER KIT,2,25.59000000,NONE,NONE,6921426602606
6921426603870,ENDURA T20 Pen,2,0.00000000,NONE,NONE,6921426603863
6921426608271,ENDURA T20 COILS,5,0.00000000,NONE,NONE,
6921426623144,GOBY KIT,2,0.00000000,NONE,NONE,6921426623151
6921426623250,GOBY COIL,5,0.00000000,NONE,NONE,
6921426625056,EQ REPLACEMENT POD,5,0.00000000,NONE,NONE,
6921426625711,ENDURA T18 II KIT RAINBOW,2,0.00000000,NONE,NONE,
6921426625728,ENDURA T18 II KIT BLACK,2,0.00000000,NONE,NONE,
6921426625735,ENDURA T18 II KIT VIOLET,2,0.00000000,NONE,NONE,
6921426625742,ENDURA T18 II KIT BLUE,2,0.00000000,NONE,NONE,
6921426626121,ENDURA T18 II KIT SILVER,2,0.00000000,NONE,NONE,
6921426626275,PLEXAR PLEX KIT,3,0.00000000,NONE,NONE,6921426626244
6921426626350,PLEX 3D COIL SCION *EACH*,5,0.00000000,NONE,NONE,6921426624349
6921426626351,PLEX 3D COIL SCION,5,0.00000000,NONE,NONE,
6921426627265,INNOKIN JEM WHITE KIT,2,0.00000000,NONE,NONE,
6921426627272,INNOKIN JEM SILVER KIT,2,0.00000000,NONE,NONE,
6921426627548,INNOKIN JEM BLUE KIT,2,0.00000000,NONE,NONE,
6921426627562,INNOKIN JEM COSMOS KIT,2,0.00000000,NONE,NONE,
6921426627579,go max dispobale tank,7,0.00000000,NONE,NONE,
6921426627616,INNOKIN JEM CERAMIC COIL,5,0.00000000,NONE,NONE,
6921426627784,INNOKIN IO POD KIT,2,0.00000000,NONE,NONE,
6921426628712,IO CERAMIC POD 3PCK,5,0.00000000,NONE,NONE,
6921426628804,IO KAL POD PACK OF 3,5,0.00000000,NONE,NONE,
6921426629825,INNOKIN PODIN KIT,2,0.00000000,NONE,NONE,6921426631255
6921426631033,PODIN COIL 1.3 OHM each,5,0.00000000,NONE,NONE,
6921426642879,INNOBAR KIWI PASSIINFRUT GUAVA,ZIIPLAB,0.00000000,NONE,NONE,
6921426642886,INNOBAR STRAWBERRY KIWI,ZIIPLAB,0.00000000,NONE,NONE,
6921426642893,INNOBAR PINEAPPLE COCONUT,ZIIPLAB,0.00000000,NONE,NONE,
6921426642909,INNOBAR BLUE RAZ,ZIIPLAB,0.00000000,NONE,NONE,
6921426642916,INNOBAR STRAWBRY RASPBRY CHRY,ZIIPLAB,0.00000000,NONE,NONE,
6921426642923,INNOBAR SPEARMINT,ZIIPLAB,0.00000000,NONE,NONE,
6921426642930,INNOBAR WATERMELON ICE,ZIIPLAB,0.00000000,NONE,NONE,
6921426642947,INNOBAR MIXED BERRIES,ZIIPLAB,0.00000000,NONE,NONE,
6921426642954,INNOBAR PINK LEMONADE,ZIIPLAB,0.00000000,NONE,NONE,
6921426642961,INNOBAR PEACH MANGO WATERMLN,ZIIPLAB,0.00000000,NONE,NONE,
6921426642978,INNOBAR TROPICAL GUMMY,ZIIPLAB,0.00000000,NONE,NONE,
6921426642985,INNOBAR WATERMELON BUBBLEGUM,ZIIPLAB,0.00000000,NONE,NONE,
6921760704615,TFV4 FULL TANK,7,25.00000000,NONE,NONE,
6921760704882,KOOPER 200W MOD,3,34.99000000,NONE,NONE,
6921760704899,TFV4 MINI TANK,7,20.00000000,NONE,NONE,
6921760705148,XCUBE MINI II,3,42.00000000,NONE,NONE,
6921760705155,GUARDIAN 3 KIT,2,53.90000000,NONE,NONE,
6921760705209,MICRO ONE R80,2,47.00000000,NONE,NONE,
6921760705216,MICRO TFV4 TANK,7,20.00000000,NONE,NONE,
6921760705223,MICRO STC2 COIL,5,2.40000000,NONE,NONE,
6921760705230,MICRO CLP2 COIL,5,2.40000000,NONE,NONE,
6921760705339,TF-T4 COIL,5,0.00000000,NONE,NONE,
6921760705629,STICK ONE PLUS KIT,2,28.00000000,NONE,NONE,
6921760705964,PROCOLOR MOD (GUNMETAL),3,0.00000000,NONE,NONE,
6921760705995,T-PRIV KIT (RASTA RED),2,0.00000000,NONE,NONE,
6921760706008,T-PRIV KIT (RASTA GREEN),2,0.00000000,NONE,NONE,
6921760706022,T-PRIV KIT (BLUE & MULTI),2,0.00000000,NONE,NONE,
6921760706701,T-PRIV MOD (BLUE & MULTI),3,0.00000000,NONE,NONE,
6921799200638,DROP DEAD RDA,6,0.00000000,NONE,NONE,
6921799201666,FAT RABBIT SUB OHM,7,0.00000000,NONE,NONE,6921799201666
6921799400564,HELL COIL MESH EACH,5,0.00000000,NONE,NONE,
6921799400588,HELLCOIL H7 - 03,5,0.00000000,NONE,NONE,6921799400588
6921799400632,HELLVAPE 810 DRIP TIP EACH,8,0.00000000,NONE,NONE,6921799400625
692364,ISTICK MINI 10W,4,15.00000000,NONE,NONE,
6923641310809,ISTICK 30W,3,30.00000000,NONE,NONE,
6923641310939,IJUST 2 KIT,2,20.00000000,NONE,NONE,
6923641311158,ISTICK BASIC KIT,2,23.00000000,NONE,NONE,
6923641312278,ICARE,2,0.00000000,NONE,NONE,
6923641312384,ICARE MINI PCC,2,0.00000000,NONE,NONE,
6923641315583,ICARE 160 (BLACK),2,0.00000000,NONE,NONE,
6923641315606,ICARE 160 (SILVER),2,0.00000000,NONE,NONE,
6923641316566,iStick Pico 25 w/battery,2,0.00000000,NONE,NONE,6923641316535
6923641316726,IKONN220 W KIT,2,0.00000000,NONE,NONE,6923641316528
6923641316917,IKONN 220W,3,0.00000000,NONE,NONE,
6923641317495,ICARE2 (BLACK),2,0.00000000,NONE,NONE,
6923641317525,ICARE2 (GREY),2,0.00000000,NONE,NONE,
6923641362013,GS AIR COIL 1.5OHM,5,1.50000000,NONE,NONE,
6923641364239,ICARE 1.1 OHM COIL,5,2.50000000,NONE,NONE,
6923641370018,ICARE COIL 1.3 OHM,5,0.00000000,NONE,NONE,6971365276970
6924135624853,MXJO 18650 BATTERY,4,0.00000000,NONE,NONE,6924135616100
6925860400750,IMREN 2600MAH,4,0.00000000,NONE,NONE,
6925860400767,IMREN 3200MAH,4,0.00000000,NONE,NONE,
6925860400842,IMREN 3000MAH 2PACK,4,13.50000000,NONE,NONE,
6927697722104,BOULDER ROCK KIT,2,0.00000000,NONE,NONE,
6927697722135,ROCK PODS PACK OF 2,5,0.00000000,NONE,NONE,
6927697722166,BUILDER ROCK KIT,2,7.76000000,NONE,NONE,
6927697723064,BOULDER VIRIDIAN DEVICE,ZIIPLAB,0.00000000,NONE,NONE,
6928235901289,BIFFBAR PEACH ICE,ZIIPLAB,0.00000000,NONE,NONE,
6928235901296,BIFFBAR ALOE GRAPE,ZIIPLAB,0.00000000,NONE,NONE,
6928235901302,BIFFBAR LUSH ICE,ZIIPLAB,0.00000000,NONE,NONE,
6928235901319,BIFFBAR SOUR APPLE,10,0.00000000,NONE,NONE,
6928235901340,BIFFBAR STAWBERRY KIWI,ZIIPLAB,0.00000000,NONE,NONE,
6928235901357,BIFFBAR STRAWBERRY GRAPE,ZIIPLAB,0.00000000,NONE,NONE,
6928235901364,BIFFBAR TROPICAL PUNCH,ZIIPLAB,0.00000000,NONE,NONE,
6928235902576,BIFFBAR SPARKLING WILD BERRIES,ZIIPLAB,0.00000000,NONE,NONE,
6928235902583,BIFFBAR FROZEN CHOCOLATE,ZIIPLAB,0.00000000,NONE,NONE,
6928235902590,BIFFBAR DRAGON PARADISE,ZIIPLAB,0.00000000,NONE,NONE,
6928235902606,BIFFBAR LOVE STORY,ZIIPLAB,0.00000000,NONE,NONE,
6928235902613,BIFFBAR RAINBOW,ZIIPLAB,0.00000000,NONE,NONE,
6928235903580,BIFF BAR LUX CALI MINT,ZIIPLAB,0.00000000,NONE,NONE,
6928235910205,MAGE 217,2,0.00000000,NONE,NONE,
6928235915682,MAGE COMBO RDTA & RDA,6,0.00000000,NONE,NONE,
6928235917068,MAGE MECH KIT(] BLACK,2,0.00000000,NONE,NONE,
6928235917082,MAGE MECH KIT(] MULTICOLOR,2,0.00000000,NONE,NONE,
6928235917303,MAGE RDA,6,0.00000000,NONE,NONE,
6928235932696,lux 200 kit,2,0.00000000,NONE,NONE,6928235911226
6928235939633,LUX MESH COIL,5,0.00000000,NONE,NONE,
6928235960118,HANDMADE COTTON AND COIL,5,0.00000000,NONE,NONE,
6935146300216,SENSE HURCULIS COIL,5,2.00000000,NONE,NONE,
6935146300346,MERMAID TANK,7,0.00000000,NONE,NONE,
6935146302173,V-JET,5,0.00000000,NONE,NONE,
6935146302272,ARROW KIT,2,0.00000000,NONE,NONE,
6935146302937,SUPER MESH COIL S4 EACH,5,2.00000000,NONE,NONE,
6935146303118,SENSE SUPER MESH TANK,7,4.00000000,NONE,NONE,
6935146305778,SENSE HERAKLES GUNMETAL,2,0.00000000,NONE,NONE,6935146305778
6935146305785,SENSE HERAKLES BLUE,2,0.00000000,NONE,NONE,6935146305785
6935146305792,SENSE HERAKLES RED,2,0.00000000,NONE,NONE,6935146305792
6935146305815,SENSE HERAKLES ROSE GOLD,2,0.00000000,NONE,NONE,6935146305815
6935146305839,SENSE HERAKLES RAINBOW,2,0.00000000,NONE,NONE,6935146305839
6935146306010,SENSE HERAKLES COIL 1/EA,5,0.00000000,NONE,NONE,6935146306010
6935482075311,UD 24GA 30FT,8,2.45000000,NONE,NONE,
6936760800571,RPM5 KIT BEIGE WHITE LEATHER,2,0.00000000,NONE,NONE,
6936760800588,SMOK RPM5 KIT BROWN LEATHER,2,0.00000000,NONE,NONE,
6936760800595,SMOK RPM5 KIT GREY LEATHER,2,0.00000000,NONE,NONE,
6936760800601,SMOK RPM5 KIT BLACK LEATHER,2,0.00000000,NONE,NONE,
6936760800618,SMOK RPM 5 KIT MATTE GUN METAL,2,0.00000000,NONE,NONE,
6936760800625,SMOK RPM5 KIT BLACK,2,0.00000000,NONE,NONE,
6936760800632,SMOK RPM5 KIT WHITE,2,0.00000000,NONE,NONE,
6936760800649,SMOK RPM5 KIT PRISM RAINBOW,2,0.00000000,NONE,NONE,
6936760801691,SMOK RPM EXTERNAL,2,0.00000000,NONE,NONE,19367606
6936760802407,SMOK RPM3 .15 coil each,5,0.00000000,NONE,NONE,
6936760804272,SMOK NORD 5 RED GREY DART,2,0.00000000,NONE,NONE,
6936760804289,SMOK NORD 5 BLUE DART,2,0.00000000,NONE,NONE,
6936760804296,SMOK NORD 5 GREEN BLUE DART,2,0.00000000,NONE,NONE,
6936760804302,SMOK NORD 5 7-COLOR DART,2,0.00000000,NONE,NONE,
6936760804326,SMOK NORD 5 BLACK DART,2,0.00000000,NONE,NONE,
6936760804340,SMOK NORD 5 WHITE DART,2,0.00000000,NONE,NONE,
6936760804357,SMOK NORD 5 BEIGE WHITE,2,0.00000000,NONE,NONE,
6936760804364,SMOK NORD 5 BROWN LEATHER,2,0.00000000,NONE,NONE,
6936760804371,SMOK NORD 5 GREY,2,0.00000000,NONE,NONE,
6936760805767,NOVO 2X 0.9 POD *EACH*,5,0.00000000,NONE,NONE,
6936760806313,smok g-priv mod grey,3,0.00000000,NONE,NONE,
6936760806337,SMOK G-PRIV 4 MOD brown,3,0.00000000,NONE,NONE,
6936760806344,SMOK G-PRIV 4 MOD WHITE,3,0.00000000,NONE,NONE,6936760806368
6936760809819,SMOK MAG-18 KIT GUN METAL GOLD,2,0.00000000,NONE,NONE,
6936760809826,SMOK MAG-18 KIT GUN METAL RED,2,0.00000000,NONE,NONE,
6936760809840,SMOK MAG-18 KIT PRISM RAINBOW,2,0.00000000,NONE,NONE,
6936760809857,SMOK MAG 18-KIT BLACK,2,0.00000000,NONE,NONE,
6936760809871,SMOK MAG-18 KIT BEIGE WHITE,2,0.00000000,NONE,NONE,
6936760809888,SMOK MAG-18 KIT BLACK 7-COLOR,2,0.00000000,NONE,NONE,
6936760815445,NOVO 5 KIT BEIGE WHITE LEATHER,2,0.00000000,NONE,NONE,
6936760815452,NOVO 5 KIT BROWN LEATHER,2,0.00000000,NONE,NONE,
6936760815469,NOVO 5 KIT GREY LEATHER,2,0.00000000,NONE,NONE,
6936760815483,NOVO 5 KIT SILVER BLACK COBRA,2,0.00000000,NONE,NONE,
6936760815513,NOVO 5 KIT RASTA GREEN COBRA,2,0.00000000,NONE,NONE,
6936760815537,NOVO 5 KIT WHITE COBRA,2,0.00000000,NONE,NONE,
6936760815544,NOVO 5 KIT BLACK COBRA,2,0.00000000,NONE,NONE,
6936760815551,NOVO 5 KIT RED STABILIZINGWOOD,2,0.00000000,NONE,NONE,
6936760815568,NOVO 5 KIT FLUID BLACK GREY,2,0.00000000,NONE,NONE,
6936760817449,NOVO BAR WATERMELON CANDY,ZIIPLAB,0.00000000,NONE,NONE,
6936760817456,NOVO BAR ROOTBEER,ZIIPLAB,0.00000000,NONE,NONE,
6936760817463,NOVO BAR WHITE GUMMY 6000 PUFF,ZIIPLAB,0.00000000,NONE,NONE,
6936760817470,NOVO BAR LEMONADE CHILL,ZIIPLAB,0.00000000,NONE,NONE,
6936760817487,NOVO BAR PEACH ICE,ZIIPLAB,0.00000000,NONE,NONE,
6936760817500,NOVO BAR FRESH MINT,ZIIPLAB,0.00000000,NONE,NONE,
6936760817517,NOVO BAR STRAWNANA AL6000,ZIIPLAB,0.00000000,NONE,NONE,
6936760817524,NOVO BAR BLU RAZZ ICE,ZIIPLAB,0.00000000,NONE,NONE,
6936760817531,NOVO BAR STRAZZ,ZIIPLAB,0.00000000,NONE,NONE,
6936760817548,NOVO BAR MIXED BERRIES,ZIIPLAB,0.00000000,NONE,NONE,
6936760817555,NOVO BAR MR. PEPPER,ZIIPLAB,0.00000000,NONE,NONE,
6936760817562,NOVO BAR SUNDOWN,ZIIPLAB,0.00000000,NONE,NONE,
6936760817852,SMOK PROPOD KIT SILVER,2,0.00000000,NONE,NONE,
6936760817869,SMOK PROPOD KIT PINK,2,0.00000000,NONE,NONE,
6936760817876,SMOK PROPOD KIT STONE GREEN,2,0.00000000,NONE,NONE,
6936760817883,SMOK PROPOD KIT OCEAN GREEN,2,0.00000000,NONE,NONE,
6936760817890,SMOK PROPOD KIT RED,ZIIPLAB,0.00000000,NONE,NONE,
6936760817906,SMOK PROPOD KIT GREY,2,0.00000000,NONE,NONE,
6936760817913,SMOK PROPOD KIT BLACK,2,0.00000000,NONE,NONE,
6936760820760,NOVO BAR RASP POM AL6000,ZIIPLAB,0.00000000,NONE,NONE,
6936760820777,NOVO BAR FANTASY ISLAND AL6000,ZIIPLAB,0.00000000,NONE,NONE,
6936760820784,NOVO BAR BERRY WATERMLN AL6000,ZIIPLAB,0.00000000,NONE,NONE,
6936760820791,NOVO BAR BLUE HAZE AL6000,ZIIPLAB,0.00000000,NONE,NONE,
6936760820807,NOVO BAR SUGAR RUSH AL6000,ZIIPLAB,0.00000000,NONE,NONE,
6936760820814,NOVO BAR BAPAYA AL6000,ZIIPLAB,0.00000000,NONE,NONE,
6936760824140,SMOK NOVO 5 POD,5,0.00000000,NONE,NONE,
6936760828032,SMOK MAG SOLO,3,0.00000000,NONE,NONE,
6936760834750,NOVO MASTER KIT PURPLE PINK,5,0.00000000,NONE,NONE,
6936760835092,NOVO MASTER KIT MATTE BLACK,2,0.00000000,NONE,NONE,
6936760835108,NOVO MASTER KIT WHITE,2,0.00000000,NONE,NONE,
6936760835115,NOVO MASTER KIT CYAN,2,0.00000000,NONE,NONE,
6936760835122,NOVO MASTER KIT CYAN BLUE,2,0.00000000,NONE,NONE,
6936760835160,NOVO MASTER KIT PALE PINK,2,0.00000000,NONE,NONE,
6936760835771,NOVO MASTER KIT BLCK GUN METL,2,0.00000000,NONE,NONE,
6936760835795,NOVO MASTER KIT PINK BLACK,2,0.00000000,NONE,NONE,
6936760835801,NOVO MASTER KIT BLCK CARB FIBR,2,0.00000000,NONE,NONE,
6936760835894,NOVO BLACK CARBON FIBER,3,0.00000000,NONE,NONE,
6936760835924,NOVO BLACK GUN METAL,3,0.00000000,NONE,NONE,
6936760835962,SMOK NOVO CYAN BLUE,3,0.00000000,NONE,NONE,
6936760837805,SMOK NOVO 1 POD 1.0,5,0.00000000,NONE,NONE,
6936760838246,PRIV BAR 15K TRIPLEBERRYICE,ZIIPLAB,0.00000000,NONE,NONE,
6936760838291,PRIV BAR 15K FLORIDA LEMONADE,ZIIPLAB,0.00000000,NONE,NONE,
6936760838321,PRIV BAR 15K PCHBERRYICE,ZIIPLAB,0.00000000,NONE,NONE,
6936760840782,PRIV BAR 15K BLURAZZ WATERMELO,ZIIPLAB,0.00000000,NONE,NONE,
6936760841307,SM TRIPLE STRAWBERRY,ZIIPLAB,0.00000000,NONE,NONE,
6936760841314,SM DARK GRAPEFRUIT,ZIIPLAB,0.00000000,NONE,NONE,
6936760841338,SM APPLE KIWI ICE,ZIIPLAB,0.00000000,NONE,NONE,
6936760841345,SM PRISM MINT,ZIIPLAB,0.00000000,NONE,NONE,
6936760841352,SM PINEAPPLE WATERMELON,ZIIPLAB,0.00000000,NONE,NONE,
6936760841369,SM CANDY TRIO,ZIIPLAB,0.00000000,NONE,NONE,
6936760841376,SM STRAWBERRY MINT CANDY,ZIIPLAB,0.00000000,NONE,NONE,
6936760841383,SM BERRY CAKE,ZIIPLAB,0.00000000,NONE,NONE,
6936760841390,SM CHERRY BOMB,ZIIPLAB,0.00000000,NONE,NONE,
6936760841406,SM RAINBOW BELT,ZIIPLAB,0.00000000,NONE,NONE,
6936760841413,SM MIAMI MINT,ZIIPLAB,0.00000000,NONE,NONE,
6936760841420,SM CALI LEMONADE,ZIIPLAB,0.00000000,NONE,NONE,
6936760841437,SM BLUE RAZZ WATERMELON,ZIIPLAB,0.00000000,NONE,NONE,
6936760841444,SM TRIPLE GRAPE,ZIIPLAB,0.00000000,NONE,NONE,
6936760844964,MORF 20K STRAW POM,ZIIPLAB,0.00000000,NONE,NONE,
6936760844971,MORF 20K RASP SOUR APPLE,ZIIPLAB,0.00000000,NONE,NONE,
6936760844988,MORF 20K TROP PASS BLAST,ZIIPLAB,0.00000000,NONE,NONE,
6936760844995,MORF 20K BLUE RAZZ,ZIIPLAB,0.00000000,NONE,NONE,
6936760845008,MORF 20K WTRMLN GUAVA,ZIIPLAB,0.00000000,NONE,NONE,
6936760845015,MORF 20K AUROR MINT,ZIIPLAB,0.00000000,NONE,NONE,
6936760845022,MORF 20K QUAD BERRY,ZIIPLAB,0.00000000,NONE,NONE,
6936760845039,MORF 20K STRAW NANA DRAG,ZIIPLAB,0.00000000,NONE,NONE,
6936760845046,MORF 20K CHARM GRAPE POP,ZIIPLAB,0.00000000,NONE,NONE,
6936760845053,MORF 20K MOODY MANGO,ZIIPLAB,0.00000000,NONE,NONE,
6936760845060,MORF 20K WTRMLN SOUR PCH,ZIIPLAB,0.00000000,NONE,NONE,
6936760845077,MORF 20K MELON MED ICE,ZIIPLAB,0.00000000,NONE,NONE,
6936760858220,NOVO ECO KIT PALE GOLD,2,0.00000000,NONE,NONE,
6936760858237,NOVO ECO KIT BLACK,2,0.00000000,NONE,NONE,
6936760858251,NOVO ECO KIT PINK,2,0.00000000,NONE,NONE,
6936760858268,NOVO ECO KIT ORANGE,2,0.00000000,NONE,NONE,
6936760858275,NOVO ECO KIT PALE BLUE,2,0.00000000,NONE,NONE,
6936760858282,NOVO ECO KIT PURPLE,2,0.00000000,NONE,NONE,
6936760858299,NOVO ECO KIT SILVER,2,0.00000000,NONE,NONE,
6937291305177,WOTOFO PREBUILD COIL,8,0.00000000,NONE,NONE,6937291305191
6937291305214,MESH PRE BUILD .18 A1,5,0.00000000,NONE,NONE,
6937291305610,FLUX KIT,2,0.00000000,NONE,NONE,6937291305542
6937291308451,PROFILE MESH RDA,6,0.00000000,NONE,NONE,
6937291308611,WOTOFO MESH A1 .18 OHM,5,0.00000000,NONE,NONE,
6937291310249,WOTOFO OFRF NEXMESH SUB-OHM,7,0.00000000,NONE,NONE,6937291310195
6937643508614,ELF BAR BLACK ICE,ZIIPLAB,0.00000000,NONE,NONE,
6937643508621,ELF BAR FUJI ICE,ZIIPLAB,0.00000000,NONE,NONE,
6937643508638,ELF BAR STRAWBERRY WATERMELON,ZIIPLAB,0.00000000,NONE,NONE,4895255208402
6937643508645,EB STRAZZ,ZIIPLAB,0.00000000,NONE,NONE,6941976239688
6937643537843,EB ULTRA BLUE COTTON CANDY,ZIIPLAB,0.00000000,NONE,NONE,
6937643537850,EB ULTRA BLUE RAZZ ICE,ZIIPLAB,0.00000000,NONE,NONE,
6937643537867,EB ULTRA DRGNFRUIT BNANBRRY,ZIIPLAB,0.00000000,NONE,NONE,
6937643537874,EB ULTRA GRAPE HONEYDEW,ZIIPLAB,0.00000000,NONE,NONE,
6937643537881,EB ULTRA KIWI DRGN BERRY,ZIIPLAB,0.00000000,NONE,NONE,
6937643537898,EB ULTRA KIWI PASSIONFRT GUAVA,ZIIPLAB,0.00000000,NONE,NONE,
6937643537928,EB ULTRA ORANGE SODA,ZIIPLAB,0.00000000,NONE,NONE,
6937643537935,EB ULTRA RASP WATERMELON,ZIIPLAB,0.00000000,NONE,NONE,
6937643537942,EB ULTRA STRAWBERRY MANGO,ZIIPLAB,0.00000000,NONE,NONE,
6937643537966,EB ULTRA STRAW WATERMLN BBGUM,ZIIPLAB,0.00000000,NONE,NONE,
6937643537973,EB ULTRA STRAW WATER PEACH,ZIIPLAB,0.00000000,NONE,NONE,
6937643538000,EB ULTRA WATERMELON ICE,ZIIPLAB,0.00000000,NONE,NONE,
6937643542250,EB TE6000 APPLE PEACH,ZIIPLAB,0.00000000,NONE,NONE,
6937643542267,EB TE6000 AUTUMN,ZIIPLAB,0.00000000,NONE,NONE,
6937643542335,EB TE6000 KEY WEST,ZIIPLAB,0.00000000,NONE,NONE,
6937643543271,EB MIAMI MINT,ZIIPLAB,0.00000000,NONE,NONE,4895255208266
6937643543288,ELF BAR PINEAPPLE STRAWNANA,ZIIPLAB,0.00000000,NONE,NONE,6941976239596
6937643544353,EB MALIBU,ZIIPLAB,0.00000000,NONE,NONE,6941976239510
6937643544384,ELF BAR BLUE RAZ LEMON,ZIIPLAB,0.00000000,NONE,NONE,
6937643544421,ELF BAR CLEAR,ZIIPLAB,0.00000000,NONE,NONE,6941976239442
6937643545411,ELF BAR GRAPE ENERGY,ZIIPLAB,0.00000000,NONE,NONE,
6937643545428,ELF BAR SOUR CANDY,ZIIPLAB,0.00000000,NONE,NONE,
6937643545435,EB PEACH BERRY,ZIIPLAB,0.00000000,NONE,NONE,4895255208280
6937643545442,ELF BAR MANDARIN LIME,ZIIPLAB,0.00000000,NONE,NONE,
6937643545459,ELF BAR STRAWBERRY CREAM,ZIIPLAB,0.00000000,NONE,NONE,
6937643547798,LOST MARY BLUE COTTON CANDY,ZIIPLAB,0.00000000,NONE,NONE,
6937643547804,LOST MARY BLUE RAZZ ICE,ZIIPLAB,0.00000000,NONE,NONE,
6937643547811,LOST MARY BLUEBERRY ICE,ZIIPLAB,0.00000000,NONE,NONE,
6937643547828,Lost Mary Cranberry soda,ZIIPLAB,0.00000000,NONE,NONE,
6937643547835,Lost Mary Grape,ZIIPLAB,0.00000000,NONE,NONE,
6937643547842,LOST MARY JUICY PEACH,ZIIPLAB,0.00000000,NONE,NONE,
6937643547859,LOST MARY KIWI PASSNFRT GVA,ZIIPLAB,0.00000000,NONE,NONE,
6937643547866,LOST MARY PINEAPPLE MANGO,ZIIPLAB,0.00000000,NONE,NONE,
6937643547880,LOST MARY STRAWBERRY MANGO,ZIIPLAB,0.00000000,NONE,NONE,
6937643547897,LOST MARY STAW PINA COLADA,ZIIPLAB,0.00000000,NONE,NONE,
6937643547903,LOST MARY STRAWBERRY SUNDAE,ZIIPLAB,0.00000000,NONE,NONE,
6937643547910,Lost Mary Watermelon,ZIIPLAB,0.00000000,NONE,NONE,
6937643547911,Lost Mary Watermelon,ZIIPLAB,0.00000000,NONE,NONE,
6937643551375,EB SUNSET,ZIIPLAB,0.00000000,NONE,NONE,6941976239695
6937643551382,ELF BAR SUMMERTIME,ZIIPLAB,0.00000000,NONE,NONE,
6937643551383,ELF BAR SUMMERTIME,ZIIPLAB,0.00000000,NONE,NONE,
6937643552334,Elfbar zero nic Blue Razz Ice,ZIIPLAB,0.00000000,NONE,NONE,
6937643552365,Elfbar zero nic PeachMangoWate,ZIIPLAB,0.00000000,NONE,NONE,
6937643552396,Elfbar zero nic strawberry kiw,ZIIPLAB,0.00000000,NONE,NONE,
6937643552426,Elfbar zero nic Watermelon Ice,ZIIPLAB,0.00000000,NONE,NONE,
6937643571328,LOST MARY BLUE TRIO,ZIIPLAB,0.00000000,NONE,NONE,5056716403012
6937643571335,LOST MARY CHERRY LEMON,ZIIPLAB,0.00000000,NONE,NONE,5056716403029
6937643571342,LOST MARY ENERGY,ZIIPLAB,0.00000000,NONE,NONE,
6937643571359,LOST MARY GRAPE JELLY,ZIIPLAB,0.00000000,NONE,NONE,
6937643571373,LOST MARY LEMON SPARKLING WINE,ZIIPLAB,0.00000000,NONE,NONE,
6937643571403,LOST MARY PINEAPPLE APPLE PEAR,ZIIPLAB,0.00000000,NONE,NONE,
6937643571427,LOST MARY WATERMELON CHERRY,ZIIPLAB,0.00000000,NONE,NONE,5056716403111
6937643575432,ELFBAR WATERMELON BRIZZ ICE,ZIIPLAB,0.00000000,NONE,NONE,
6937643575449,ELF BAR WATERMELON NANA ICE,ZIIPLAB,0.00000000,NONE,NONE,6937643575449
6937643576613,FR Ti7000 CALIFORNIA CHERRY,ZIIPLAB,0.00000000,NONE,NONE,
6937643576620,FR TI7000 CANTALOUPE APPLE,ZIIPLAB,0.00000000,NONE,NONE,
6937643576637,FR PASSION FRUIT KIWI LIME,ZIIPLAB,0.00000000,NONE,NONE,
6937643576644,FR Ti7000 PEACH MANGO WATERM,ZIIPLAB,0.00000000,NONE,NONE,
6937643576651,FR TI7000 PEACH PIE,ZIIPLAB,0.00000000,NONE,NONE,
6937643576668,FR Ti7000 PINEAPPLE CCN ICE,ZIIPLAB,0.00000000,NONE,NONE,
6937643576675,FR Ti7000 PINK BOMB,ZIIPLAB,0.00000000,NONE,NONE,
6937643576682,FR Ti7000 RAINBOW CLOUDZ,ZIIPLAB,0.00000000,NONE,NONE,
6937643576699,FR TI7000 POMELO PEARL GRAPE,ZIIPLAB,0.00000000,NONE,NONE,
6937643576705,FR Ti7000 STRAWBERRY BANANA,ZIIPLAB,0.00000000,NONE,NONE,
6937643576712,FR TI7000 SUPER BERRY,ZIIPLAB,0.00000000,NONE,NONE,
6937643576729,FR TI7000 TROPICAL ISLAND,ZIIPLAB,0.00000000,NONE,NONE,
6937643576736,FR Ti7000 TROPICAL RB,ZIIPLAB,0.00000000,NONE,NONE,
6937643576743,EB WATERMELON ICE,ZIIPLAB,0.00000000,NONE,NONE,6941976239732
6937643593894,ELF BAR BEACH DAY,ZIIPLAB,0.00000000,NONE,NONE,
6937643593900,EB BLACK WINTER,ZIIPLAB,0.00000000,NONE,NONE,
6937643593917,EB CRANBERRY PUNCH,ZIIPLAB,0.00000000,NONE,NONE,6941976239466
6937643597014,LOST MARY CHERRY COLA OS5000,ZIIPLAB,0.00000000,NONE,NONE,
6937643597021,LM CHERRY PCH LEMONADE 0S5000,ZIIPLAB,0.00000000,NONE,NONE,5056716402329
6937643597038,LOST MARY MARY DREAM OS5000,ZIIPLAB,0.00000000,NONE,NONE,
6937643597045,LOST MARY MAD BLUE OS5000,ZIIPLAB,0.00000000,NONE,NONE,5056716402343
6937643597076,LOST MARY SPEARMINT OS5000,ZIIPLAB,0.00000000,NONE,NONE,
6937643597083,LM WATERMELON LEMON OS5000,ZIIPLAB,0.00000000,NONE,NONE,
6937759801319,NITRO MANGO ICE,ZIIPLAB,0.00000000,NONE,NONE,
6937759801333,NITRO STRAWBERRY MILKSHAKE,ZIIPLAB,0.00000000,NONE,NONE,
6937759801517,BMOR PI STRAWMLK/WATICE/BLUICE,ZIIPLAB,0.00000000,NONE,NONE,
6937759801524,BMOR PI STRAW BANAICE MILKY,ZIIPLAB,0.00000000,NONE,NONE,
6937759801531,BMOR PI GRAPE MINTMIXBERIES,ZIIPLAB,0.00000000,NONE,NONE,
6937759801548,BMOR PI COCOMILK/PACHICE/MANGO,ZIIPLAB,0.00000000,NONE,NONE,
6938077700261,GOLD RUSH KIT COPPER,2,37.92000000,NONE,NONE,
6938077700278,GOLD RUSH KIT SS,2,37.90000000,NONE,NONE,
6938077700285,ARTERY ZINC KIT,2,35.90000000,NONE,NONE,
6938077701015,ARTERY LADY Q,2,0.00000000,NONE,NONE,
6938077705419,nugget gt duel mod kit,2,0.00000000,NONE,NONE,6938077705396
6938077705662,ARTERY XP CORES COIL EACH,5,0.00000000,NONE,NONE,
6938077753168,EHPRO COLD STEEL 100 MOD,KRATOM,0.00000000,NONE,NONE,
6939255862412,BANG BOX BLUE RAZZ ICE,ZIIPLAB,0.00000000,NONE,NONE,
6939255862429,BANG BOX BLUEBERRY ICE,ZIIPLAB,0.00000000,NONE,NONE,
6939255862436,BANG BOX ENERGY,ZIIPLAB,0.00000000,NONE,NONE,
6939255862443,BANG BOX KIWI PASSION GUAVA,ZIIPLAB,0.00000000,NONE,NONE,
6939255862450,BANG BOX LEMON MINT,ZIIPLAB,0.00000000,NONE,NONE,
6939255862467,BANG BOX MANGO PEACH,ZIIPLAB,0.00000000,NONE,NONE,
6939255862474,BANG BOX PEACH MANGO WATERMELO,ZIIPLAB,0.00000000,NONE,NONE,
6939255862481,BANG BOX SAKURA GRAPE,ZIIPLAB,0.00000000,NONE,NONE,
6939255862498,BANG BOX STRAWBERRY BANANA,ZIIPLAB,0.00000000,NONE,NONE,
6939255862504,BANG BOX STRAWBERRY KIWI,ZIIPLAB,0.00000000,NONE,NONE,
6939255862511,BANG BOX STRAWBERRY MANGO,ZIIPLAB,0.00000000,NONE,NONE,
6939255862528,BANG BOX WATERMELON ICE,ZIIPLAB,0.00000000,NONE,NONE,
6939255862535,BANG BOX BLUBERRY LEMON,ZIIPLAB,0.00000000,NONE,NONE,
6939255862542,BANG BOX COLA ICE,ZIIPLAB,0.00000000,NONE,NONE,
6939255862559,BANG BOX GUMMY BEAR,ZIIPLAB,0.00000000,NONE,NONE,
6939255862566,BANG BOX ORANGE JUICE,ZIIPLAB,0.00000000,NONE,NONE,
6939255862573,BANG BOX PEACH ICE,ZIIPLAB,0.00000000,NONE,NONE,
6939255862580,BANG BOX PINEAPLE COCU ICE,ZIIPLAB,0.00000000,NONE,NONE,
6939255862597,BANG BOX SOURAPPLE RASP,ZIIPLAB,0.00000000,NONE,NONE,
6939255862603,BANG BOX TRIPLE BRRY ICE,ZIIPLAB,0.00000000,NONE,NONE,
6939287944599,EB STRAWBERRY KIWI,ZIIPLAB,0.00000000,NONE,NONE,6941976239640
6939287960612,ELF BAR STRAWBERRY BANANA,ZIIPLAB,0.00000000,NONE,NONE,6941976239626
6939287960629,ELF BAR TRIPLE BERRY ICE,ZIIPLAB,0.00000000,NONE,NONE,
6939287960650,ELFBAR WATERMELON BUBBLEGUM,ZIIPLAB,0.00000000,NONE,NONE,6941976239725
6939287960667,ELF BAR TROPICAL RAINBOW BLAST,ZIIPLAB,0.00000000,NONE,NONE,6941976239718
6939287965891,ELF BAR PASSION FRUIT ORANGE,ZIIPLAB,0.00000000,NONE,NONE,6975207754336
6939287965907,ELF WATERMELON CATALOUPE HONEY,ZIIPLAB,0.00000000,NONE,NONE,6975207754510
6939287965921,ELF BAR BLUEBERRY ENERGIZE,ZIIPLAB,0.00000000,NONE,NONE,6975207754206
6939986000244,VAPORLAX PINK LEMONADE,ZIIPLAB,0.00000000,NONE,NONE,
6939986000268,VAPORLAX STRAWBERRY CREAM,ZIIPLAB,0.00000000,NONE,NONE,
6939986000275,VAPORLAX - MANGO ICE,ZIIPLAB,0.00000000,NONE,NONE,
6939986000282,VAPORLAX - PINEAPPLE ICE,ZIIPLAB,0.00000000,NONE,NONE,
6939986000305,vaporlax tropical punch,ZIIPLAB,0.00000000,NONE,NONE,
6939986000312,VAPORLAX - LUSH ICE,ZIIPLAB,0.00000000,NONE,NONE,
6939986000336,VAPORLAX - BANANA ICE,ZIIPLAB,0.00000000,NONE,NONE,
6939986000343,VAPORLAX ORANGE SODA,ZIIPLAB,0.00000000,NONE,NONE,
6939986000497,VAPORLAX ICE COLA,ZIIPLAB,0.00000000,NONE,NONE,
6939986000534,VAPORLAX - CRUSH GRAPE,ZIIPLAB,0.00000000,NONE,NONE,
6939986000572,VAPORLAX BLUE RAZZ,ZIIPLAB,0.00000000,NONE,NONE,
6939986000930,VAPORLAX - PINEAPPLE LEMONADE,ZIIPLAB,0.00000000,NONE,NONE,
6939986029368,DRACO CITRUS LEMONADE,ZIIPLAB,0.00000000,NONE,NONE,
6939986029375,DRACO MANGO DRAGONFRUIT,ZIIPLAB,0.00000000,NONE,NONE,
6939986029382,DRACO LUSCIOUS,ZIIPLAB,0.00000000,NONE,NONE,
6939986029399,DRACO STAWRBERRY KIWI,ZIIPLAB,0.00000000,NONE,NONE,
6939986029405,DRACO SOUR CHERRY,ZIIPLAB,0.00000000,NONE,NONE,
6939986029436,DRACO RED GRAPE,ZIIPLAB,0.00000000,NONE,NONE,
6939986029443,DRACO MANGO BERRY,ZIIPLAB,0.00000000,NONE,NONE,
6939986029450,DRACO MIXED BERRIES,ZIIPLAB,0.00000000,NONE,NONE,
6939986029467,DRACO STRAWBERRY CREAM,ZIIPLAB,0.00000000,NONE,NONE,
6939986029474,DRACO BLUE LUSH,ZIIPLAB,0.00000000,NONE,NONE,
6940,daisy glass screens,1,0.00000000,NONE,NONE,
6940695600120,MAJESTY MOD (GREEN RESIN),3,0.00000000,NONE,NONE,
6940695600137,MAJESTY MOD (YELLOW RESIN),3,0.00000000,NONE,NONE,
6940695600212,STICK M17,2,0.00000000,NONE,NONE,6940695600205
6940695600304,V-FIN KIT (BLACK/RED),2,0.00000000,NONE,NONE,
6940695600335,V-FIN KIT WHITE/7 COLOR,2,0.00000000,NONE,NONE,
6940695600342,V-FIN KIT SILIVER/BLACK,2,0.00000000,NONE,NONE,
6940695600540,PROCOLOR KIT (PRISM),2,0.00000000,NONE,NONE,
6940695600625,T-PRIV KIT (PRISM),2,0.00000000,NONE,NONE,
6940695600700,G-PRIV 2 KIT BLACK/RED,2,0.00000000,NONE,NONE,
6940695600762,G-PRIV 2 KIT RAINBOW,2,0.00000000,NONE,NONE,
6940695600779,STICK AIO 0.6OHM (PRIV ONE),5,0.00000000,NONE,NONE,6970232217627
6940695600960,BIG BABY LIGHT (BLACK),7,0.00000000,NONE,NONE,
6940695600984,BIG BABY LIGHT EDITION (RED),7,0.00000000,NONE,NONE,
6940695600991,BIG BABY LIGHT (PURPLE),7,0.00000000,NONE,NONE,
6940695601004,BIG BABY LIGHT EDITION RAINBOW,7,0.00000000,NONE,NONE,
6940695601035,TFV8 BIG BABY REPLACEMENT GLAS,8,0.00000000,NONE,NONE,6940695601035
6940695601110,TFV12 PRINCE (RAINBOW),7,0.00000000,NONE,NONE,
6940695601127,TFV12 PRINCE (GOLD),7,0.00000000,NONE,NONE,
6940695601134,TFV12 PRINCE (RED),7,0.00000000,NONE,NONE,
6940695601141,TFV12 PRINCE (PURPLE),7,0.00000000,NONE,NONE,
6940695601158,TFV12 PRINCE (SILVER),7,0.00000000,NONE,NONE,
6940695601165,TFV12 PRINCE (BLACK),7,0.00000000,NONE,NONE,6940695603091
6940695601172,TFV12 PRINCE (BLUE),7,0.00000000,NONE,NONE,
6940695601189,TFV12 PRINCE (GREEN),7,0.00000000,NONE,NONE,
6940695601288,BIG BABY EXTENDER GLASS PIECE,8,0.00000000,NONE,NONE,
6940695601547,V12 PRINCE-Q4 COIL,5,0.00000000,NONE,NONE,
6940695601554,V12 PRINCE-X6 COIL,5,0.00000000,NONE,NONE,
6940695601561,V12 PRINCE-T10 COIL,5,0.00000000,NONE,NONE,
6940695601585,V12 PRINCE M4,5,0.00000000,NONE,NONE,
6940695601608,VENENO KIT RED,2,0.00000000,NONE,NONE,
6940695601622,VENENO KIT PRISM,2,0.00000000,NONE,NONE,
6940695601639,VENENO KIT SILVER,2,0.00000000,NONE,NONE,
6940695601653,MAG KIT (BLACK/RED),2,0.00000000,NONE,NONE,
6940695601660,MAG KIT (SILVER),2,0.00000000,NONE,NONE,
6940695601677,MAG KIT (PURPLE),2,0.00000000,NONE,NONE,
6940695601684,MAG KIT(BLUE),2,0.00000000,NONE,NONE,
6940695601691,MAG KIT (PINK),2,0.00000000,NONE,NONE,
6940695601714,MAG KIT (GREEN),2,0.00000000,NONE,NONE,
6940695601721,MAG KIT (GOLD),2,0.00000000,NONE,NONE,
6940695601738,MAG KIT (RAINBOW),2,0.00000000,NONE,NONE,
6940695601981,S-PRIV KIT (BLACK),2,0.00000000,NONE,NONE,
6940695602001,S-PRIV KIT RED,2,0.00000000,NONE,NONE,
6940695602018,S-PRIV KIT GREEN,2,0.00000000,NONE,NONE,
6940695602087,S-PRIV KIT GOLD,2,0.00000000,NONE,NONE,
6940695602100,STICK M17 CORE,5,0.00000000,NONE,NONE,6940695601295
6940695602117,X-BABY BULB GLASS,7,0.00000000,NONE,NONE,
6940695602124,MAG MOD (BLACK),3,0.00000000,NONE,NONE,
6940695602131,MAG MOD(SILVER),3,0.00000000,NONE,NONE,
6940695602155,MAG MOD (BLUE),3,0.00000000,NONE,NONE,
6940695602179,MAG MOD (RED),3,0.00000000,NONE,NONE,
6940695602186,MAG MOD (GREEN),3,0.00000000,NONE,NONE,
6940695602193,MAG MOD (GOLD),3,0.00000000,NONE,NONE,
6940695602209,MAG MOD (RAINBOW),3,0.00000000,NONE,NONE,
6940695602520,G-PRIV 2 KIT (RAINBOW LUXE),2,0.00000000,NONE,NONE,
6940695602537,G-PRIV 2 KIT (LUXEGOLD),2,0.00000000,NONE,NONE,
6940695602544,G-PRIV 2 KIT (LUXE),2,0.00000000,NONE,NONE,
6940695602582,G-PRIV 2 MOD LUXE (RAINBOW),3,0.00000000,NONE,NONE,
6940695602599,G-PRIV2 LUXE GOLD,3,0.00000000,NONE,NONE,
6940695602643,G-PRIV 2 KIT (BLUE LUXE),2,0.00000000,NONE,NONE,
6940695602681,STICK PRINCE(SILVER),2,0.00000000,NONE,NONE,6940695606566
6940695602698,STICK PRINCE(BLACK),2,0.00000000,NONE,NONE,
6940695602704,STICK PRINCE(RED),2,0.00000000,NONE,NONE,
6940695602711,STICK PRINCE(GOLD),2,0.00000000,NONE,NONE,
6940695602728,STICK PRINCE(BLUE),2,0.00000000,NONE,NONE,
6940695602735,STICK PRINCE (GREEN),2,0.00000000,NONE,NONE,
6940695602742,STICK PRINCE (RAINBOW),2,0.00000000,NONE,NONE,
6940695602841,T-PRIV(PRISMCHROME),2,0.00000000,NONE,NONE,
6940695602858,T-PRIV KIT (PRISM BLUE),2,0.00000000,NONE,NONE,
6940695602865,T-PRIV kit (PRISMGOLD),2,0.00000000,NONE,NONE,
6940695602964,BABY BEAST EXPANDER GLASS,8,0.00000000,NONE,NONE,
6940695602971,S-PRIV KIT PRISM,2,0.00000000,NONE,NONE,
6940695603022,TFV12 PRINCE (PINK),7,0.00000000,NONE,NONE,
6940695603039,TFV12 PRINCE(NAVY BLUE),7,0.00000000,NONE,NONE,
6940695603046,TFV12 PRINCE (MATTE BLACK),7,0.00000000,NONE,NONE,
6940695603084,TFV12 PRINCE (WHITE),7,0.00000000,NONE,NONE,
6940695603091,TFV12 PRINCE(GUN METAL),7,0.00000000,NONE,NONE,
6940695603121,T-PRIV KIT (PRISM GUNMETAL),2,0.00000000,NONE,NONE,
6940695603169,G-PRIV 2 KIT LUXE (GUN METAL),2,0.00000000,NONE,NONE,
6940695603206,X-PRIV KIT (BLACK/RED),2,0.00000000,NONE,NONE,
6940695603213,X-PRIV KIT (PRISM CHROME),2,0.00000000,NONE,NONE,
6940695603220,X-PRIV KIT (PRISM GUNMETAL),2,0.00000000,NONE,NONE,
6940695603237,X-PRIV KIT (PRISM GOLD),2,0.00000000,NONE,NONE,
6940695603244,X-PRIV KIT (PRISM BLUE),2,0.00000000,NONE,NONE,
6940695603251,X-PRIV KIT (PRISM RAINBOW),2,0.00000000,NONE,NONE,
6940695603404,X-PRIV KIT (AUTO PINK),2,0.00000000,NONE,NONE,
6940695603589,MAJESTY KIT LUXE(CHROME),2,0.00000000,NONE,NONE,
6940695603596,MAJESTY KIT LUXE(BLUE),2,0.00000000,NONE,NONE,
6940695603602,MAJESTY KIT LUXE(GOLD),2,0.00000000,NONE,NONE,
6940695603619,MAJESTY KIT LUXE(RAINBOW),2,0.00000000,NONE,NONE,
6940695603671,TFV12 PRINCE REPLACEMENT GLASS,8,0.00000000,NONE,NONE,
6940695603800,T-PRIV 3 KIT (BLACK),2,0.00000000,NONE,NONE,
6940695603817,T-PRIV 3 KIT (CHROME),2,0.00000000,NONE,NONE,
6940695603824,T-PRIV 3 KIT (PRISM GOLD),2,0.00000000,NONE,NONE,
6940695603831,T-PRIV 3 KIT (PRISM BLUE),2,0.00000000,NONE,NONE,
6940695603848,T-PRIV 3 KIT (RAINBOW),2,0.00000000,NONE,NONE,
6940695603909,G-PRIV 2 LUXE (MATTE BLACK),2,0.00000000,NONE,NONE,
6940695603923,g-priv 2 mod,3,0.00000000,NONE,NONE,6940695602605
6940695603992,MAJESTY MOD RAINBOW,3,0.00000000,NONE,NONE,
6940695604555,STICK M17 GLASS REAPLACMENT,8,0.00000000,NONE,NONE,
6940695604609,T-PRIV 3 MOD(RAINBOW),3,0.00000000,NONE,NONE,
6940695604616,T-PRIV 3 MOD (GOLD),3,0.00000000,NONE,NONE,
6940695604630,T-PRIV 3 MOD (SILVER),3,0.00000000,NONE,NONE,
6940695604647,T-PRIV 3 MOD (BLACK),3,0.00000000,NONE,NONE,
6940695604708,INFINIX,2,0.00000000,NONE,NONE,6940695604715
6940695604739,STICK PRINCE PURPLE KIT,2,0.00000000,NONE,NONE,
6940695604777,T-PRIV 3 KIT(GUN METAL),2,0.00000000,NONE,NONE,
6940695604937,DEVILKIN KIT(BLACK/RED),2,0.00000000,NONE,NONE,
6940695604944,DEVILKIN KIT(GUNMETAL),2,0.00000000,NONE,NONE,
6940695604951,DEVILKIN KIT(RAINBOW),2,0.00000000,NONE,NONE,
6940695604968,DEVILKIN (BLACK/PRISMGOLD),2,0.00000000,NONE,NONE,
6940695604975,DEVILKIN KIT(BLUE),2,0.00000000,NONE,NONE,
6940695604982,DEVILKIN KIT(BLACK/PRISMCHROME,2,0.00000000,NONE,NONE,
6940695605002,SMOK FIT KIT,2,0.00000000,NONE,NONE,6940695604999
6940695605057,ROLO BADGE(BLACK),2,0.00000000,NONE,NONE,
6940695605064,ROLO BADGE KIT (RAINBOW),2,0.00000000,NONE,NONE,6940695608843
6940695605071,ROLO BADGE(GOLD),2,0.00000000,NONE,NONE,
6940695605088,ROLO BADGE KIT (BLUE),2,0.00000000,NONE,NONE,
6940695605095,ROLO BADGE(CHROME),2,0.00000000,NONE,NONE,
6940695605170,TFV12 PRINCE(COBRA EDITION),7,0.00000000,NONE,NONE,6940695605156
6940695605323,BABY PRINCE(WHITE),7,0.00000000,NONE,NONE,
6940695605378,BABY PRINCE(GREEN),7,0.00000000,NONE,NONE,
6940695605385,TFV12 BABY PRINCE,7,0.00000000,NONE,NONE,6940695605361
6940695605408,BABY PRINCE(MATTE BLACK),7,0.00000000,NONE,NONE,
6940695605415,BABY PRINCE(PURPLE),7,0.00000000,NONE,NONE,
6940695605521,MAG KIT (CAMO),2,0.00000000,NONE,NONE,
6940695605538,MAG KIT [RH] (BLACK/GUN METAL),2,0.00000000,NONE,NONE,
6940695605545,MAG KIT (CHROME),2,0.00000000,NONE,NONE,
6940695605552,MAG KIT RH (BLUE/MULTI),2,0.00000000,NONE,NONE,
6940695605576,MAG KIT (rasta red),2,0.00000000,NONE,NONE,
6940695605583,MAG KIT (rasta green),2,0.00000000,NONE,NONE,
6940695605590,MAG KIT (RED CAMO),2,0.00000000,NONE,NONE,
6940695605606,MAG KIT (RED SKULL),2,0.00000000,NONE,NONE,
6940695605613,MAG KIT (WHITE/RAINBOW),2,0.00000000,NONE,NONE,
6940695605729,MAG MOD (CAMO),3,0.00000000,NONE,NONE,
6940695605736,MAG MOD [RH] (BLACK/GUN METAL),3,0.00000000,NONE,NONE,
6940695605798,MAG MOD (RED CAMO),3,0.00000000,NONE,NONE,
6940695605804,MAG MOD [RH] (RED SKULL),3,0.00000000,NONE,NONE,
6940695605811,MAG MOD [RH] (WHITE RAINBOW),3,0.00000000,NONE,NONE,
6940695605927,X-PRIV BABY (BLACK),2,0.00000000,NONE,NONE,
6940695605934,X-PRIV BABY KIT (PINK),2,0.00000000,NONE,NONE,
6940695605958,X-PRIV BABY KIT (CHROME PRISM),2,0.00000000,NONE,NONE,
6940695605965,X-PRIV BABY KIT (GOLD PRISM),2,0.00000000,NONE,NONE,
6940695605989,X-PRIV BABY KIT (PRISM RAINBOW,2,0.00000000,NONE,NONE,
6940695606238,SMOK BABY Q4 0.4 EACH,5,0.00000000,NONE,NONE,
6940695606245,V8 BABY MESH COIL,5,2.00000000,NONE,NONE,
6940695606252,BABY T12,5,0.00000000,NONE,NONE,
6940695606269,V8 BABY-T12 LIGHT COIL,5,0.00000000,NONE,NONE,
6940695606405,MAG KIT (GREEN),2,0.00000000,NONE,NONE,
6940695606443,v12 prince t10 light coil,5,0.00000000,NONE,NONE,
6940695606597,STICK PRINCE BABY KIT,2,0.00000000,NONE,NONE,6940695606580
6940695607082,INFINIX PODS 3 PACK,5,0.00000000,NONE,NONE,
6940695607099,FIT POD,5,0.00000000,NONE,NONE,
6940695607105,ROLO BADGE POD 3 CT.,5,0.00000000,NONE,NONE,6940695611683
6940695607112,BABY PRINCE REPLACEMENT,8,0.00000000,NONE,NONE,
6940695607150,H-PRIV 2(RAINBOW,2,0.00000000,NONE,NONE,
6940695607174,H-PRIV 2(PRISM BLUE),2,0.00000000,NONE,NONE,
6940695607181,H-PRIV 2(PRISMRAINBOW),2,0.00000000,NONE,NONE,
6940695607204,H-PRIV 2(PINK),2,0.00000000,NONE,NONE,
6940695607211,H-PRIV 2 KIT(GREEN,2,0.00000000,NONE,NONE,
6940695607228,H-PRIV 2 KIT(PURPLE),2,0.00000000,NONE,NONE,
6940695607235,MAG KIT(ROYAL BLUE),2,0.00000000,NONE,NONE,
6940695607242,MAG KIT (pink/white),2,0.00000000,NONE,NONE,
6940695607259,MAG KIT (ORANGE),2,0.00000000,NONE,NONE,
6940695607723,STICK PRINCE (WHITE),2,0.00000000,NONE,NONE,
6940695607747,STICK PRINCE (ORANGE),2,0.00000000,NONE,NONE,
6940695607754,STICK PRINCE RED CAMOUFLAGE,2,0.00000000,NONE,NONE,
6940695607761,STICK PRINCE RASTA,2,0.00000000,NONE,NONE,6940695607778
6940695607785,STICK PRINCE CAMO,2,0.00000000,NONE,NONE,
6940695608010,VAPE PEN 22 LIGHT RAINBOW IT,2,0.00000000,NONE,NONE,
6940695608195,MAG BABY KIT (SILVER),2,0.00000000,NONE,NONE,
6940695608201,MAG BABY KIT (BLACK/RED),2,0.00000000,NONE,NONE,
6940695608218,MAG BABY (RAINBOW/BLACK),2,0.00000000,NONE,NONE,
6940695608225,MAG BABY KIT (GOLD),2,0.00000000,NONE,NONE,
6940695608232,MAG BABY KIT (GREEN),2,0.00000000,NONE,NONE,
6940695608249,MAG BABY KIT (RED),2,0.00000000,NONE,NONE,
6940695608256,RESA STICK RAINBOW,2,0.00000000,NONE,NONE,
6940695608263,RESA STICK BLACK,2,0.00000000,NONE,NONE,
6940695608270,RESA STICK YELLOW,2,0.00000000,NONE,NONE,
6940695608287,RESA STICK PURPLE,2,0.00000000,NONE,NONE,
6940695608294,resa stick green,2,0.00000000,NONE,NONE,
6940695608300,resa stick blue,2,0.00000000,NONE,NONE,
6940695608317,RESA STICK RED,2,0.00000000,NONE,NONE,
6940695608324,RESA STICK PINK,2,0.00000000,NONE,NONE,
6940695608331,RESA STICK (WHITE),2,0.00000000,NONE,NONE,
6940695608799,ROLO BADGE(RUBBERYELLOW),2,0.00000000,NONE,NONE,
6940695608836,ROLO BADGE(RUBBERWHITE),2,0.00000000,NONE,NONE,
6940695608928,TFV12 PRINCE(BLACK/RED),7,0.00000000,NONE,NONE,
6940695608935,TFV12 PRINCE(BLACK/GREEN),7,0.00000000,NONE,NONE,
6940695608942,TFV12 PRINCE(BLACK/WHITE),7,0.00000000,NONE,NONE,
6940695609383,STICK PRINCE BLACK/GREEN,2,0.00000000,NONE,NONE,
6940695609390,STICK PRINCE (BLACK/WHITE),2,0.00000000,NONE,NONE,
6940695609406,STICK PRINCE (BLACK/SPLATTER),2,0.00000000,NONE,NONE,
6940695609451,G-PRIV BABY RED KIT,2,0.00000000,NONE,NONE,
6940695609468,G PRIV BABY  GOLD KIT,2,0.00000000,NONE,NONE,
6940695609505,G-PRIV BABY (RAINBOW),2,0.00000000,NONE,NONE,
6940695609529,G-PRIV BABY KIT (purple),2,0.00000000,NONE,NONE,
6940695610358,V12 PRINCE MESH EACH,5,0.00000000,NONE,NONE,
6940695610365,VAPE PEN 22 MESH COIL,5,0.00000000,NONE,NONE,6940695610815
6940695610372,A-PRIV MOD PRISM RAINBOW,3,20.00000000,NONE,NONE,6940695610372
6940695610426,SMOK A-PRIV GOLD,3,0.00000000,NONE,NONE,
6940695610457,A-PRIV BLACK PRISM,3,20.00000000,NONE,NONE,
6940695610471,A-PRIV MOD GUNMETAL,3,39.99000000,NONE,NONE,6940695610471
6940695610822,V12 PRINCE STRIP COIL,5,0.00000000,NONE,NONE,
6940695611089,NOVO KIT,2,0.00000000,NONE,NONE,6940695611041
6940695611300,I-PRIV KIT,2,0.00000000,NONE,NONE,6940695611324
6940695611638,NOVO POD 1.2 OHM EACH,5,0.00000000,NONE,NONE,6940695618057
6940695611881,X-FORCE,2,0.00000000,NONE,NONE,6940695611898
6940695612260,PRIV M17,2,0.00000000,NONE,NONE,6940695611690
6940695612543,V12 PRINCE X2 CLAPTON,5,2.67000000,NONE,NONE,
6940695612567,X-FORCE COIL EACH,5,0.00000000,NONE,NONE,6940695616664
6940695613823,D-BARREL MOD 7 COLOR,3,0.00000000,NONE,NONE,
6940695613960,E-PRIV KIT,2,0.00000000,NONE,NONE,
6940695614813,V12 PRINCE DUAL MESH EACH,5,0.00000000,NONE,NONE,
6940695614837,V12 PRINCE MAX MESH,5,0.00000000,NONE,NONE,
6940695614851,V12 PRINCE TRIPLE MESH,5,0.00000000,NONE,NONE,
6940695614943,TFV8 BABY V2,7,0.00000000,NONE,NONE,6940695614905
6940695615247,T-STORM MOD,3,20.00000000,NONE,NONE,6940695615216
6940695615568,SMOK V2 SPECIES MOD,3,0.00000000,NONE,NONE,6940695615537
6940695615575,V2 KIT 7COLOR,2,0.00000000,NONE,NONE,
6940695616299,BABY V2 A1,7,0.00000000,NONE,NONE,
6940695616336,BABY V2A2 COIL,5,0.00000000,NONE,NONE,6940695616329
6940695616367,BABY V2A3 (GOLD),5,0.00000000,NONE,NONE,6940695616367
6940695618163,BABY V2 S2,5,0.00000000,NONE,NONE,
6940695618286,BABY V2 K1,7,0.00000000,NONE,NONE,
6940695618354,MAG GRIP KIT 100W,2,0.00000000,NONE,NONE,6940695618330
6940695619375,NORD KIT,2,0.00000000,NONE,NONE,6940695619382
6940695619597,SMOK NORD CERAMIC COIL,5,0.00000000,NONE,NONE,
6940695619733,NORD POD AND COIL KIT,5,0.00000000,NONE,NONE,
6940695620821,slm cartidge,5,0.00000000,NONE,NONE,
6940695621309,NOVO CERAMIC POD,5,2.30000000,NONE,NONE,6940695632480
6940695621323,NOVO MESH POD 0.6OHM,5,0.00000000,NONE,NONE,6936760834576
6940695621576,VAPE PEN NORD 19 KIT,3,0.00000000,NONE,NONE,6940695621590
6940695621811,NORD AIO BLK KIT,2,20.00000000,NONE,NONE,
6940695621828,NORD AIO 19 KIT GOLD,2,0.00000000,NONE,NONE,
6940695621842,NORD AIO KIT BLUE,2,20.00000000,NONE,NONE,
6940695621859,NORD AIO RAINBOW KIT,2,20.00000000,NONE,NONE,
6940695621866,NORD AIO SS KI,2,20.00000000,NONE,NONE,
6940695621989,SMOK NORD AIO 22 KIT,2,0.00000000,NONE,NONE,6940695621934
6940695623150,NORD RASA 7 COLOR,2,0.00000000,NONE,NONE,6940695624140
6940695623525,MICO MESH POD BOX OF 3,5,6.00000000,NONE,NONE,
6940695623549,mico pod 1.0 3 pack,5,0.00000000,NONE,NONE,
6940695623563,MICO PODS 3PCS,5,5.00000000,NONE,NONE,
6940695624072,NORD MESH-MLT 0.8 EACH,5,0.00000000,NONE,NONE,
6940695624164,Nord Blue/Brown Resin,2,0.00000000,NONE,NONE,
6940695625291,PRIV N19 KIT,2,0.00000000,NONE,NONE,6940695625284
6940695626281,TRINITY ALPHA KIT,2,22.50000000,NONE,NONE,6940695626274
6940695626410,MORPH 219 BLACK RED KIT,2,0.00000000,NONE,NONE,
6940695626427,MORPH 219 KIT GOLD BLACK,2,0.00000000,NONE,NONE,
6940695626434,MORPH 219 KIT PRISM BLUE/BLK,2,0.00000000,NONE,NONE,
6940695626441,MORPH 219 KIT PRISM CHROME/BLK,2,0.00000000,NONE,NONE,
6940695626458,MORPH 219 KIT RAINBOW,2,0.00000000,NONE,NONE,
6940695627356,TF TANK BF MESH COIL,5,0.00000000,NONE,NONE,
6940695627493,TRINITY ALPHA POD,5,0.00000000,NONE,NONE,6940695627417
6940695627998,NORD CARBON FIBER,2,0.00000000,NONE,NONE,6940695627929
6940695628476,SMOK MICARE BLUE BROWN,2,0.00000000,NONE,NONE,
6940695628483,SMOK MICARE BLUE BLACK,2,0.00000000,NONE,NONE,
6940695628490,SMOK MICARE BLACK WHITE,2,0.00000000,NONE,NONE,
6940695628506,SMOK MICARE BLUE COBRA,2,0.00000000,NONE,NONE,
6940695628513,SMOK MICARE 7-COLOR COBRA,2,0.00000000,NONE,NONE,
6940695628520,SMOK MICARE BLACK COBRA,2,0.00000000,NONE,NONE,
6940695629817,TFV16 TANK,7,19.00000000,NONE,NONE,6940695629770
6940695630189,NOVO 2 Blue and Brown,2,0.00000000,NONE,NONE,
6940695630219,NOVO 2 KIT,2,0.00000000,NONE,NONE,6940695630141
6940695630240,NOVO 2 7 Color,2,0.00000000,NONE,NONE,
6940695630509,SMOK MAG P3 KIT,2,60.00000000,NONE,NONE,6940695630035
6940695630547,tvf16 mesh coil,5,0.00000000,NONE,NONE,
6940695630561,TFV16 DUEL MESH COIL,5,0.00000000,NONE,NONE,
6940695630875,NOVO 2 MESH 1.0 POD EACH,5,0.00000000,NONE,NONE,N105929002
6940695630899,NOVO 2 DC 1.4 MTL  EACH,5,2.00000000,NONE,NONE,
6940695631209,SMOK MORPH EMPTY LP2 POD/EACH,5,0.00000000,NONE,NONE,
6940695631254,FREECOOL TOBACCO PODS,ZIIPLAB,6.92000000,NONE,NONE,
6940695631261,FREECOOL MINT PODS,ZIIPLAB,6.92000000,NONE,NONE,
6940695631278,FREECOOL MANGO PODS,ZIIPLAB,6.92000000,NONE,NONE,
6940695631285,FREECOOL PURPLE BERRY,ZIIPLAB,6.92000000,NONE,NONE,
6940695631544,NORD REGULAR DC .6,5,0.00000000,NONE,NONE,
6940695631582,TF TANK STICK MESH COIL,5,0.00000000,NONE,NONE,6940695631582
6940695631957,SMOK SOLUS MESH PODS 0.9/EACH,5,0.00000000,NONE,NONE,
6940695632565,SMOK RPM 40,2,0.00000000,NONE,NONE,6940695632527
6940695633067,FETCH KIT,2,0.00000000,NONE,NONE,
6940695633432,SmokNovo2Kit BlueShell,2,0.00000000,NONE,NONE,
6940695633456,SmokNovo2Kit Brick Red Shell,2,0.00000000,NONE,NONE,
6940695633920,RPM NORD POD 1pc,5,0.00000000,NONE,NONE,6940695633869
6940695634279,RPM MESH 0.4 COIL EACH,5,1.80000000,NONE,NONE,6940695636013
6940695634286,RPM COIL QUARTS 1.2 OHM *EACH*,5,0.00000000,NONE,NONE,
6940695634309,RPM TRIPLE .6 *EACH*,5,0.00000000,NONE,NONE,
6940695634910,SmokNovo2Kit Tiffany BlueShell,2,0.00000000,NONE,NONE,
6940695635597,SMOK NOVO 2 KIT BLUE WOOD,2,0.00000000,NONE,NONE,
6940695635603,NOVO 2 KIT RD STBL WOOD,2,0.00000000,NONE,NONE,
6940695635931,RPM AND COIL KIT,5,0.00000000,NONE,NONE,6940695635931
6940695636488,SmokGPriv3 kit prism gold,2,0.00000000,NONE,NONE,
6940695636495,g priv 3 prism chrome,2,0.00000000,NONE,NONE,
6940695636501,SMOK G-PRIV 3 KIT,2,0.00000000,NONE,NONE,
6940695637171,NOVO 2 7 Color carbon Fiber,2,0.00000000,NONE,NONE,6940695637171
6940695638857,SMOK TFV16 LITE COIL,5,0.00000000,NONE,NONE,
6940695639052,SMOK ALIKE KIT,2,0.00000000,NONE,NONE,
6940695640287,RPM80 PRO KIT,2,0.00000000,NONE,NONE,6940695640294
6940695640317,RPM80 PRO KIT  FLUID GOLD,2,0.00000000,NONE,NONE,
6940695640911,RPM80 KIT 3000 MAH,2,0.00000000,NONE,NONE,6940695640881
6940695640966,RPM 80 RGC MESH COIL EACH,5,0.00000000,NONE,NONE,6940695640966
6940695641239,RPM80 RPM POD EACH,5,0.00000000,NONE,NONE,
6940695641420,NORD 2 KIT,2,0.00000000,NONE,NONE,6940695641376
6940695641666,SMOK FETCH PRO KIT,2,0.00000000,NONE,NONE,
6940695642175,NORD 2 NORD POD,5,0.00000000,NONE,NONE,6940695656868
6940695642489,SMOK NORD 2 RPM POD SINGLE,8,0.00000000,NONE,NONE,
6940695643646,SMOK POZZ X KIT,2,0.00000000,NONE,NONE,6940695643653
6940695645190,SMOK NOVO 3 KIT PURP/RED CARB,2,0.00000000,NONE,NONE,
6940695645206,NOVO 3 KIT PEACOCK BLUE,2,0.00000000,NONE,NONE,6940695645206
6940695645213,NOVO 3 KIT BLUE CARB FIB,2,0.00000000,NONE,NONE,
6940695645220,SMOK NOVO 3 KIT GOLD CARB FIB,2,0.00000000,NONE,NONE,
6940695645237,NOVO 3 KIT RED CARBN FIB,2,0.00000000,NONE,NONE,
6940695645244,NOVO 3 BLACK CARBON FIBER,2,0.00000000,NONE,NONE,
6940695645268,NOVO 3 MESH 0.8 POD EACH,5,0.00000000,NONE,NONE,
6940695645343,SMOK POZZ X RPM POD,5,0.00000000,NONE,NONE,
6940695645909,SmokNovo2Kit IML Rd Cobra,2,0.00000000,NONE,NONE,
6940695645916,SmokNovo2Kit IML Gold Cobra,2,0.00000000,NONE,NONE,
6940695645930,SmokNovo2Kit IML silvercobra,2,0.00000000,NONE,NONE,
6940695645947,SmokNovo2Kit IML7-Color Cobra,2,0.00000000,NONE,NONE,
6940695645954,SmokNovo2Kit IML white cobra,2,0.00000000,NONE,NONE,
6940695647316,NOVO 3 WHITE COBRA,2,0.00000000,NONE,NONE,
6940695647323,SMOK NOVO 3 KIT IML RED COBRA,2,0.00000000,NONE,NONE,
6940695647330,NOVO 3 KIT IML GOLD COBRA,2,0.00000000,NONE,NONE,
6940695647347,SMOK NOVO 3 KIT BLUE COBRA,2,0.00000000,NONE,NONE,
6940695647354,NOVO 3 IML SILVER COBRA,2,0.00000000,NONE,NONE,
6940695647361,NOVO 3 KIT IML 7 COLOR,2,0.00000000,NONE,NONE,6940695645183
6940695647378,NOVO 3 KIT IML BLACK COB,2,0.00000000,NONE,NONE,
6940695647903,MAG POD KIT MATTE GUNMETAL,2,0.00000000,NONE,NONE,
6940695647910,MAG POD KIT MATTE RED,2,0.00000000,NONE,NONE,
6940695647934,MAG POD KIT MATTE BLUE,2,0.00000000,NONE,NONE,
6940695647941,MAG POD KIT MATTE BLACK,2,0.00000000,NONE,NONE,
6940695647958,NOVO X BLACK COBRA,2,0.00000000,NONE,NONE,
6940695647965,NOVO X SILVER COBRA,2,0.00000000,NONE,NONE,
6940695647972,NOVO X BLUE COBRA,2,0.00000000,NONE,NONE,
6940695647989,NOVO X WHITE COBRA,2,0.00000000,NONE,NONE,
6940695647996,NOVO X 7-COLOR COBRA,2,0.00000000,NONE,NONE,
6940695648009,NOVO X BLACK STABLIZING WOOD,2,0.00000000,NONE,NONE,
6940695648016,NOVO X RED STABILIZING WOOD,2,0.00000000,NONE,NONE,
6940695648023,NOVO X 7-COLOR RESIN,2,0.00000000,NONE,NONE,
6940695648177,NFIX KIT - BLACK,2,0.00000000,NONE,NONE,
6940695648184,NFIX KIT,2,0.00000000,NONE,NONE,6940695655458
6940695648191,NFIX KIT - RED,2,0.00000000,NONE,NONE,
6940695648207,NFIX KIT - GUNMETAL GREEN,2,0.00000000,NONE,NONE,
6940695649587,NFIX KIT 7-COLOR,2,0.00000000,NONE,NONE,
6940695649785,NFIX POD 0.8 MTL each,5,0.00000000,NONE,NONE,6940695651771
6940695650019,RPM160KitBlackCarbonFiber,2,0.00000000,NONE,NONE,
6940695650026,RPM160 SILVER CARBON FIBER KIT,2,0.00000000,NONE,NONE,
6940695650040,RPM160 7COLOR CARBON FIBER,2,0.00000000,NONE,NONE,
6940695650163,RPM160 MESH COIL 0.15OHM,5,0.00000000,NONE,NONE,
6940695650347,SmokMAGp3MiniKitBlack/red,2,0.00000000,NONE,NONE,
6940695650361,SmokMAGp3KitGray/Black,2,0.00000000,NONE,NONE,
6940695650378,SmokMAGP3KitBlue/Black,2,0.00000000,NONE,NONE,
6940695650637,RPM 2 COIL 1EACH*,5,0.00000000,NONE,NONE,6940695682362
6940695650712,RPM 2 POD,5,0.00000000,NONE,NONE,
6940695651283,SCAR-18 BLACK,2,0.00000000,NONE,NONE,
6940695651306,SCAR-18 RED STABILIZING WOOD,2,0.00000000,NONE,NONE,
6940695651313,SCAR-18 FLUID BLUE,2,0.00000000,NONE,NONE,6940695651313
6940695651351,SCAR-18 FLUID 9-COLOR,2,0.00000000,NONE,NONE,
6940695651368,SCAR-18 FLUID GOLD,2,0.00000000,NONE,NONE,
6940695652204,SmokTFV9Coil,5,0.00000000,NONE,NONE,6940695657742
6940695652242,RPM 2 COIL DC.6 MTL *EACH*,5,0.00000000,NONE,NONE,
6940695653201,SMOK TFV9 TANK RAINBOW,7,0.00000000,NONE,NONE,
6940695654192,NOVO X MESH 0.8 POD EACH,5,0.00000000,NONE,NONE,6940695648542
6940695654420,SMOK RPM2 KITS RED,2,0.00000000,NONE,NONE,
6940695654437,SMOK RPM2 S KIT,2,0.00000000,NONE,NONE,
6940695654444,SMOK RPM2 S KIT RAINBOW,2,0.00000000,NONE,NONE,
6940695654451,SMOK RPM2 S KIT BLUE,2,0.00000000,NONE,NONE,
6940695654468,SMOK RPM2 KITS PRISM GOLD,2,0.00000000,NONE,NONE,
6940695654475,SMOK RPM2 S KIT TARNISH,2,0.00000000,NONE,NONE,
6940695655632,SMOK VAPE PEN 22 0.3 COIL (EA),5,0.00000000,NONE,NONE,
6940695655939,SMOK RPM2 kit bright black,2,0.00000000,NONE,NONE,6940695647484
6940695655953,SMOK RPM2 RED,2,0.00000000,NONE,NONE,
6940695655960,SMOK RPM2 PRISM RAINBOW,2,0.00000000,NONE,NONE,
6940695657940,SMOK NFIX MATE SILVER,2,0.00000000,NONE,NONE,
6940695657988,SMOK NFIX MATE RAINBOW,2,0.00000000,NONE,NONE,
6940695658091,NORD X KIT BLACK COBRA,2,0.00000000,NONE,NONE,
6940695658107,SMOK NORDX FLUID RED,2,0.00000000,NONE,NONE,
6940695658114,SMOK NORDX FLUID BLUE,2,0.00000000,NONE,NONE,
6940695658121,SMOK NORDX FLUID GOLD,2,0.00000000,NONE,NONE,
6940695658138,NORD X KIT 7-COLOR COBRA,2,0.00000000,NONE,NONE,
6940695658152,SMOK NORDX WHITE COBRA,2,0.00000000,NONE,NONE,
6940695658169,SMOK NORDX 7 COLOR SPRAY,2,0.00000000,NONE,NONE,
6940695661794,VAPE PEN V2 COIL 0.6 *EACH*,5,0.00000000,NONE,NONE,
6940695661855,SMOK VAPE PEN COIL .15 MESH,5,0.00000000,NONE,NONE,
6940695662036,RPM SC 1.0 *EACH*,5,0.00000000,NONE,NONE,
6940695662050,RPM COIL TRIPLE COIL 0.6,5,0.00000000,NONE,NONE,
6940695662135,SMOK NORDX FLUID PURPLE,2,0.00000000,NONE,NONE,6940695658145
6940695662289,SMOK THALLO KIT,2,0.00000000,NONE,NONE,6940695662234
6940695662562,SMOK SCAR-MINI- KIT,2,0.00000000,NONE,NONE,6940695662555
6940695663118,SMOK THALLO S KIT,2,0.00000000,NONE,NONE,6940695663088
6940695663804,THALLO RPM 2 POD *EACH*,5,0.00000000,NONE,NONE,
6940695663927,THALLO RPM POD *EACH*,5,0.00000000,NONE,NONE,
6940695664306,NOVO 2 CLEAR POD/EACH,5,0.00000000,NONE,NONE,
6940695664450,NOVO X DC 0.8 MTL CLEAR POD,5,0.00000000,NONE,NONE,
6940695668533,SMOK IPX80 RED,2,0.00000000,NONE,NONE,
6940695668540,SMOK IPX80 BROWN,2,0.00000000,NONE,NONE,
6940695668557,SMOK IPX80 BLUE,2,0.00000000,NONE,NONE,
6940695668588,SMOK IPX80 FLUID BLK GREY,2,0.00000000,NONE,NONE,
6940695668595,SMOK IPX80 FLUID 7 COLOR,2,0.00000000,NONE,NONE,
6940695668793,VAPE PEN V2 KIT,2,0.00000000,NONE,NONE,6940695661244
6940695672394,SMOK NORD 4 KIT BLACK,2,0.00000000,NONE,NONE,
6940695672400,SMOK NORD 4 KIT WHITE,2,0.00000000,NONE,NONE,
6940695672417,SMOK NORD 4 KIT BLUE GREY,2,0.00000000,NONE,NONE,
6940695672424,SMOK NORD 4 KIT 7 COLOR,2,0.00000000,NONE,NONE,N107871004
6940695672431,SMOK NORD 4 KIT RED GREY,2,0.00000000,NONE,NONE,
6940695672448,NORD 4 KIT RASTA GREEN,2,0.00000000,NONE,NONE,
6940695672455,SMOK NORD 4 KIT BLACK GREY,2,0.00000000,NONE,NONE,
6940695672462,SMOK NORD 4 KIT FLUIOD 7,2,0.00000000,NONE,NONE,
6940695672486,NORD 4 KIT,2,0.00000000,NONE,NONE,6940695672479
6940695672660,SMOK NORD 4 RPM 2 POD,5,0.00000000,NONE,NONE,
6940695672707,nord 4 empty rpm pod *EACH*,5,0.00000000,NONE,NONE,
6940695673094,SMOK TFV18 BLACK,7,0.00000000,NONE,NONE,
6940695673100,SMOK TFV18 SILVER,7,0.00000000,NONE,NONE,
6940695673117,SMOK TFV18 GOLD TANK,7,0.00000000,NONE,NONE,
6940695673124,SMOK TFV18 RED,7,0.00000000,NONE,NONE,
6940695673131,SMOK TFV18 BLUE,7,0.00000000,NONE,NONE,
6940695673148,SMOK TFV18 7 COLOR,7,0.00000000,NONE,NONE,
6940695673353,SMOK MORPH 2 BLack,2,0.00000000,NONE,NONE,
6940695673360,SMOK MORPH 2  BLUE,2,0.00000000,NONE,NONE,
6940695673407,SMOK MORPH 2 WHITE BLUE,2,0.00000000,NONE,NONE,
6940695673421,SMOK MORPH 2 BLK CARBON FIBER,2,0.00000000,NONE,NONE,
6940695673889,TFV18 MESH 0.33 COIL,5,0.00000000,NONE,NONE,
6940695673964,SMOK TFV18 DUEL MESH .15 COIL,5,0.00000000,NONE,NONE,
6940695678426,NOVO2S BLACK ARMOR,2,0.00000000,NONE,NONE,
6940695678433,NOVO 2S RED ARMOR,2,0.00000000,NONE,NONE,
6940695678440,NOVO 2S GREEN ARMOR,2,0.00000000,NONE,NONE,
6940695678457,NOVO 2S BLUE ARMOR,2,0.00000000,NONE,NONE,
6940695678464,NOVO2S WHITE ARMOR,2,0.00000000,NONE,NONE,
6940695678471,NOVO2S RED GREY COBRA,2,0.00000000,NONE,NONE,
6940695678488,NOVO2S BLUEGREY ARMOR,2,0.00000000,NONE,NONE,
6940695678495,NOVO2S RASTAGREEN ARMOR,2,0.00000000,NONE,NONE,
6940695678501,NOVO2S 7 COLOR ARMOR,2,0.00000000,NONE,NONE,
6940695679980,THINER KIT BLACK,2,0.00000000,NONE,NONE,
6940695679997,THINER KIT GREY,2,0.00000000,NONE,NONE,
6940695680009,THINER KIT SILVER RED,2,0.00000000,NONE,NONE,
6940695680016,THINER KIT SILVER LAKE BLUE,2,0.00000000,NONE,NONE,
6940695680030,THINER KIT BLUE PURPLE,2,0.00000000,NONE,NONE,
6940695682614,NOVO 4 KIT BLACK CARBON FIBER,2,0.00000000,NONE,NONE,
6940695682621,NOVO 4 KIT SILVER CARBON,2,0.00000000,NONE,NONE,
6940695682638,NOVO 4 KIT BLACK ARMOR,2,0.00000000,NONE,NONE,
6940695682645,NOVO 4 KIT WHITE ARMOR,2,0.00000000,NONE,NONE,
6940695682652,NOVO 4 KIT B LUE GRY COBRA,2,0.00000000,NONE,NONE,
6940695682669,NOVO 4 KIT CYAN PINK COBRA,2,0.00000000,NONE,NONE,
6940695682676,NOVO 4 KIT BLACK STABILIZING,2,0.00000000,NONE,NONE,
6940695682683,NOVO 4 KIT RED STABLIZING WOOD,2,0.00000000,NONE,NONE,
6940695682690,NOVO 4 KIT FLUED BLACK GREY,2,0.00000000,NONE,NONE,
6940695682706,NOVO 4 FLUID 7 COLOR KIT,2,0.00000000,NONE,NONE,
6940695682775,ArcFox Kit Prism Rainbow,2,0.00000000,NONE,NONE,6940695682775
6940695682782,Arcfox Kit Prism Blue,2,0.00000000,NONE,NONE,6940695682782
6940695682812,SMOK ARCFOX KIT PRISM GUN METL,2,0.00000000,NONE,NONE,
6940695682829,Arcfox Kit Bright Black,2,0.00000000,NONE,NONE,6940695682829
6940695683659,SMOK Gram-25 kit Red,2,0.00000000,NONE,NONE,6940695683659
6940695683666,Smok Gram- 25 kit Blue,2,0.00000000,NONE,NONE,6940695683666
6940695683673,SMOK gram-25 kit pale gold,2,0.00000000,NONE,NONE,
6940695683680,SMOK Gram-25 kit Grey,2,0.00000000,NONE,NONE,6940695683680
6940695683697,SMOK Gram-25 Kit Black,2,0.00000000,NONE,NONE,6940695683697
6940695683949,SMOK FORTIS KIT BLUE,2,0.00000000,NONE,NONE,
6940695683970,SMOK FORTIS KIT 7-COLOR,2,0.00000000,NONE,NONE,
6940695684199,NOVO 4 EMPTY POD *EACH*,5,0.00000000,NONE,NONE,6940695684298
6940695685233,SMOK LP1 0.8 mesh coil each,5,0.00000000,NONE,NONE,
6940695686575,SMOK LP1 1.2OHM EACH,5,0.00000000,NONE,NONE,
6940695686995,SMOK G16 COIL EACH,5,0.00000000,NONE,NONE,6940695686995
6940695687213,Nord 50W Black Carbon Fiber,2,0.00000000,NONE,NONE,
6940695687220,Nord 50W Silver Carbon Fiber,2,0.00000000,NONE,NONE,
6940695687237,Nord 50W Black Armor,2,0.00000000,NONE,NONE,
6940695687244,Nord 50W White Armor,2,0.00000000,NONE,NONE,
6940695687251,Nord 50W Blue Grey Cobra,2,0.00000000,NONE,NONE,
6940695687268,NORD 50W CYAN PINK COBRA,2,0.00000000,NONE,NONE,
6940695687282,NORD 50W KIT BLK STAB WOOD,2,0.00000000,NONE,NONE,
6940695687299,Nord 50W Fluid Black Grey,2,0.00000000,NONE,NONE,
6940695687305,NORD 50W FLUID 7-COLOR,2,0.00000000,NONE,NONE,
6940695687312,Nord 50W Black Red Marbling,2,0.00000000,NONE,NONE,
6940695687329,Nord 50W Black,2,0.00000000,NONE,NONE,
6940695687336,SMOK NORD 50W BLUE KIT,2,0.00000000,NONE,NONE,
6940695687343,NORD 50W RED,2,0.00000000,NONE,NONE,
6940695687350,NORD 50W BROWN,2,0.00000000,NONE,NONE,
6940695687473,RPM4 KIT PALE CHAMPAGNE,3,0.00000000,NONE,NONE,
6940695687497,RPM4 KIT SILVER RED,3,0.00000000,NONE,NONE,
6940695687510,RPM4 KIT CYAN PINK,3,0.00000000,NONE,NONE,
6940695687527,RPM4 KIT BLACK LEATHER,3,0.00000000,NONE,NONE,
6940695687541,RPM4 KIT BLUE LEATHER,3,0.00000000,NONE,NONE,
6940695687558,RPM4 KIT BROWN LEATHER,3,0.00000000,NONE,NONE,
6940695688159,RPM 4 EMPTY LP2 POD /EACH\,5,0.00000000,NONE,NONE,
6940695690602,THINNER POD 2PK,5,0.00000000,NONE,NONE,
6940695690725,SMOK R-KISS 2 KIT GREY,2,0.00000000,NONE,NONE,6940695690718
6940695691364,SMOK NORD 50W PODS,5,0.00000000,NONE,NONE,
6940695692828,SMOK G-PRIV POD KIT,2,0.00000000,NONE,NONE,6940695692811
6940695693658,SMOK LP2 COIL 0.4 MESH EACH,5,0.00000000,NONE,NONE,
6940695695867,SMOK V18 MINI MESHED 0.2 COIL,5,0.00000000,NONE,NONE,6940695695768
6940695695966,V18 MINI COIL MESHED 0.33/EACH,5,0.00000000,NONE,NONE,
6940695699865,SMOK SOLUS BLACK,2,0.00000000,NONE,NONE,
6940695699872,SMOK SOLUS GREY,2,0.00000000,NONE,NONE,
6940695699889,SMOK SOLUS SILVER,2,0.00000000,NONE,NONE,
6940695699896,SMOK SOLUS BLUE PURPLE,2,0.00000000,NONE,NONE,
6940695699902,SMOK SOLUS CYAN PINK,2,0.00000000,NONE,NONE,
6940695699919,SMOK SOLUS GOLD RED,2,0.00000000,NONE,NONE,
6941197601639,ELEAF NW-H 0.2 COIL,5,0.00000000,NONE,NONE,
6941197603954,IJUST3 WORLD CUP EDITION,2,0.00000000,NONE,NONE,6941197603961
6941264601432,LIO LEMON CREAM BISCUIT,ZIIPLAB,0.00000000,NONE,NONE,
6941264654698,IJOY BANANA CAKE 10000 PUFF,ZIIPLAB,0.00000000,NONE,NONE,
6941264654704,IJOY STRAWBERRY MANGO 10000 PF,ZIIPLAB,0.00000000,NONE,NONE,
6941264654711,IJOY TRIPLE BERRY 10000 PF,ZIIPLAB,0.00000000,NONE,NONE,
6941264654728,IJOY BLUEBERRY WTRMLN 10000 PF,ZIIPLAB,0.00000000,NONE,NONE,
6941264654735,IJOY PEACH LEMON 10000 PUFF,ZIIPLAB,0.00000000,NONE,NONE,
6941264654742,IJOY BLUE RAZZ ICE 10000 PUFF,ZIIPLAB,0.00000000,NONE,NONE,
6941264654759,IJOY MINT 10000 PUFF,ZIIPLAB,0.00000000,NONE,NONE,
6941264654766,IJOY CHERRY LEMON 10000 PUFF,ZIIPLAB,0.00000000,NONE,NONE,
6941264654773,IJOY COTTON CANDY 10000 PF,ZIIPLAB,0.00000000,NONE,NONE,
6941264654780,IJOY MANGO MLN BLBRIES 10000PF,ZIIPLAB,0.00000000,NONE,NONE,
6941264654797,IJOY WTRMLN BUBBLEGUM 10000 PF,ZIIPLAB,0.00000000,NONE,NONE,
6941264654803,IJOY ROOT BEER 10000 PUFF,ZIIPLAB,0.00000000,NONE,NONE,
6941264654810,IJOY PEACH APPLE PEAR 10000 PF,ZIIPLAB,0.00000000,NONE,NONE,
6941264654827,IJOY POMELO PRL GRPE 10000 PF,ZIIPLAB,0.00000000,NONE,NONE,
6941264654834,IJOY PCH MNGO WTRMLN 10000 PF,ZIIPLAB,0.00000000,NONE,NONE,
6941264658528,IJOY LEMON BERRY,ZIIPLAB,0.00000000,NONE,NONE,
6941264658542,IJOY CHICAGO SLUSHEE,ZIIPLAB,0.00000000,NONE,NONE,
6941264659440,IJOY STRAWBERRY KIWI,ZIIPLAB,0.00000000,NONE,NONE,
6941264659464,IJOY WATERMELON ICE,ZIIPLAB,0.00000000,NONE,NONE,
6941264659471,IJOY BLUE SLURPEE,ZIIPLAB,0.00000000,NONE,NONE,
6941264671510,WOOFR BLUE SLURPEE,ZIIPLAB,0.00000000,NONE,NONE,
6941264671527,WOOFR APPLE GUMMIES,ZIIPLAB,0.00000000,NONE,NONE,
6941264671534,WOOFR BLUE RAZZ,ZIIPLAB,0.00000000,NONE,NONE,
6941264671541,WOOFR FROZEN RASPBERRY L,ZIIPLAB,0.00000000,NONE,NONE,
6941264671558,WOOFR PASSIONFRUIT PINEAPPLE,ZIIPLAB,0.00000000,NONE,NONE,
6941264671565,WOOFR COOL MINT,ZIIPLAB,0.00000000,NONE,NONE,
6941264671572,WOOFR PINEAPPLE KIWI BERRY,ZIIPLAB,0.00000000,NONE,NONE,
6941264671589,WOOFR COCOMANGO BERRY,ZIIPLAB,0.00000000,NONE,NONE,
6941264671596,WOOFR GRAPE RAZZ,ZIIPLAB,0.00000000,NONE,NONE,
6941264671602,WOOFR APPLE PEACH,ZIIPLAB,0.00000000,NONE,NONE,
6941264671619,WOOFR STRAWBERRY CHEW,ZIIPLAB,0.00000000,NONE,NONE,
6941264671626,WOOFR WATERMELON BG,ZIIPLAB,0.00000000,NONE,NONE,
6941264671633,WOOFR DOUBLE APPLE,ZIIPLAB,0.00000000,NONE,NONE,
6941264671640,WOOFR STRAWBERRY KIWI,ZIIPLAB,0.00000000,NONE,NONE,
6941264671657,WOOFR WATERMELON CHEW,ZIIPLAB,0.00000000,NONE,NONE,
6941264675181,IJOY URANUS WTRMLN ICE,ZIIPLAB,0.00000000,NONE,NONE,
6941264675198,IJOY URANUS STRAW ICE,ZIIPLAB,0.00000000,NONE,NONE,
6941264675204,IJOY URANUS RASP LIMEADE,ZIIPLAB,0.00000000,NONE,NONE,
6941264675211,IJOY URANUS STRAW KIWI,ZIIPLAB,0.00000000,NONE,NONE,
6941264675228,IJOY URANUS BLUE RAZZ ICE,ZIIPLAB,0.00000000,NONE,NONE,
6941264675235,IJOY URANUS JUICY PEACH ICE,ZIIPLAB,0.00000000,NONE,NONE,
6941264675242,IJOY URANUS WTRMLN KIWI,ZIIPLAB,0.00000000,NONE,NONE,
6941264675259,IJOY URANUS DRAGN STRAWNAN,ZIIPLAB,0.00000000,NONE,NONE,
6941264675273,IJOY URANUS SOUR BERRY,ZIIPLAB,0.00000000,NONE,NONE,
6941264675280,IJOY URANUS BLUBERRY WTRMLN,ZIIPLAB,0.00000000,NONE,NONE,
6941264675297,IJOY URANUS MIAMI MINT,ZIIPLAB,0.00000000,NONE,NONE,
6941264675303,IJOY URANUS CHERRY LMN,ZIIPLAB,0.00000000,NONE,NONE,
6941264675310,IJOY URANUS STRAW WTRMLN,ZIIPLAB,0.00000000,NONE,NONE,
6941264680314,IJOY XP 50K TRIPLE BERRY,ZIIPLAB,0.00000000,NONE,NONE,
6941264680321,IJOY XP 50K BLUE RAZZ ICE,ZIIPLAB,0.00000000,NONE,NONE,
6941264680338,IJOY XP 50K WATERMELON ICE,ZIIPLAB,0.00000000,NONE,NONE,
6941264680345,IJOY XP 50K MIAMI MINT,ZIIPLAB,0.00000000,NONE,NONE,
6941264680352,IJOY XP 50K BLCKBRY B-POP,ZIIPLAB,0.00000000,NONE,NONE,
6941264680369,IJOY XP 50K STRAWBERRY ICE,ZIIPLAB,0.00000000,NONE,NONE,
6941264680376,IJOY XP 50K JUICY PEACH,ZIIPLAB,0.00000000,NONE,NONE,
6941264680390,IJOY XP 50K WHITE GUMMY,ZIIPLAB,0.00000000,NONE,NONE,
6941264680406,IJOY XP 50K BLUEBRY WATERMLN,ZIIPLAB,0.00000000,NONE,NONE,
6941264680413,IJOY XP 50K PINK & BLUE,ZIIPLAB,0.00000000,NONE,NONE,
6941264682240,IJOY XP 50K GRAPE BLISS,ZIIPLAB,0.00000000,NONE,NONE,
6941264682257,IJOY XP 50K COOL MINT,ZIIPLAB,0.00000000,NONE,NONE,
6941264682264,IJOY XP 50K WATER DRAGON,ZIIPLAB,0.00000000,NONE,NONE,
6941264682271,IJOY XP 50K TRIPLE STRAWBERRY,ZIIPLAB,0.00000000,NONE,NONE,
6941264682288,IJOY XP 50K ARABICA COFFEE,ZIIPLAB,0.00000000,NONE,NONE,
6941291500258,VOOPOO DRAG NANO P1 POD,5,0.00000000,NONE,NONE,
6941291500340,VINCI MOD POD,2,0.00000000,NONE,NONE,6941291500487
6941291500418,PNP-VMI 0.3 EACH,5,0.00000000,NONE,NONE,
6941291500432,VINCI REPLACEMENT POD EACH,5,0.00000000,NONE,NONE,6941291516624
6941291501842,VOOPOO VINCI AIR POD,5,0.00000000,NONE,NONE,
6941291501958,VOOPOO VINCI X,2,0.00000000,NONE,NONE,6941291501699
6941291502382,VOOPOO PNP POD TANK,7,0.00000000,NONE,NONE,6941291502368
6941291503310,VINCI AIR KIT,2,0.00000000,NONE,NONE,6941291503143
6941291506700,DRAG S CARBON FIBER,2,0.00000000,NONE,NONE,6941291506700
6941291506717,DRAG S CLASSIC,2,0.00000000,NONE,NONE,6941291506717
6941291506731,DRAG S RETRO,2,0.00000000,NONE,NONE,6941291506731
6941291506748,DRAG S MASHUP,2,0.00000000,NONE,NONE,6941291506748
6941291506755,DRAG S MARSALA,2,0.00000000,NONE,NONE,6941291506755
6941291506762,DRAG S GALAXY BLUE,2,0.00000000,NONE,NONE,6941291506762
6941291506779,DRAG X CARBON FIBER,2,0.00000000,NONE,NONE,6941291506779
6941291506809,DRAG X RETRO,2,0.00000000,NONE,NONE,6941291506809
6941291506816,DRAG X MASHUP,2,0.00000000,NONE,NONE,6941291506816
6941291506830,DRAG X GALAXY BLUE,2,0.00000000,NONE,NONE,6941291506830
6941291506847,VOOPOO PNP-VM6 EACH,5,0.00000000,NONE,NONE,213742203978036
6941291506854,PNP-VM5 EACH,5,0.00000000,NONE,NONE,6941291513944
6941291506861,VOOPOO PNP VM1,5,0.00000000,NONE,NONE,
6941291506878,VOOPOO PNP POD/ EACH,8,0.00000000,NONE,NONE,
6941291506892,PNP TANK STAINLESS STEEL,7,0.00000000,NONE,NONE,
6941291507516,DRAG 2 PNP REFRESH EDITION,2,0.00000000,NONE,NONE,6941291507370
6941291507783,DRAG MINI REFRESH KIT,2,0.00000000,NONE,NONE,6941291507783
6941291508124,VOOPOO ARGUS PRO KIT,2,0.00000000,NONE,NONE,6941291508094
6941291508889,PNP-M2 * EACH*,5,0.00000000,NONE,NONE,
6941291508896,VOOPOO COIL PNP-R1,5,0.00000000,NONE,NONE,
6941291508926,PNP-VM3 *EACH*,5,0.00000000,NONE,NONE,211343307455406
6941291508933,PNP-R2 *EACH*,5,0.00000000,NONE,NONE,
6941291509459,PNP-TM1,5,0.00000000,NONE,NONE,
6941291511599,VOOPOO PNP-VM4 *EACH*,5,0.00000000,NONE,NONE,
6941291512299,PNP-TR1 1.2 COIL EA,5,0.00000000,NONE,NONE,
6941291513364,VOOPOO VTHRU PRO SLIVER,2,0.00000000,NONE,NONE,
6941291513371,VTHRU PRO SPACE GRAY,2,0.00000000,NONE,NONE,
6941291513395,VOOPOO VTHRU PRO RED,2,0.00000000,NONE,NONE,
6941291513456,VTHRU POD,5,0.00000000,NONE,NONE,
6941291514019,VOOPOO DRAGMAX CLASSIC,2,0.00000000,NONE,NONE,
6941291514026,VOOPOO DRAGMAX VINTAGE GREY,2,0.00000000,NONE,NONE,
6941291514033,VOOPOO DRAGMAX RETRO,2,0.00000000,NONE,NONE,
6941291514040,VOOPOO DRAGMAX GLALAXY BLUE,2,0.00000000,NONE,NONE,
6941291514057,VOOPOO DRAGMAX MARSALA,2,0.00000000,NONE,NONE,
6941291518055,ARGUS GT,2,0.00000000,NONE,NONE,6941291514798
6941291518437,VOOPOO TPP-DM1 *EACH*,5,0.00000000,NONE,NONE,
6941291518468,VOOPOO TPP-DM2 *EACH*,5,0.00000000,NONE,NONE,
6941291518475,VOOPOO TPP POD each,5,0.00000000,NONE,NONE,
6941291518673,voopoo drag 3 kit classic,2,0.00000000,NONE,NONE,
6941291518680,voopoo drag 3 kit sandy brown,2,0.00000000,NONE,NONE,
6941291518703,voopoo drag 3 kit marsala,2,0.00000000,NONE,NONE,
6941291518710,voopoo drag 3 kit smokey grey,2,0.00000000,NONE,NONE,
6941291518840,VOOPOO DRAG X PLUS KIT,2,0.00000000,NONE,NONE,6941291518826
6941291518841,VOOPOO DRAG X PLUS KIT,2,0.00000000,NONE,NONE,
6941291519458,Voopoo Seal Dark Brown,2,0.00000000,NONE,NONE,6941291519458
6941291519465,VooPoo Seal Ash Grey,2,0.00000000,NONE,NONE,6941291519465
6941291519472,Voopoo Seal Tiffany Blue,2,0.00000000,NONE,NONE,6941291519472
6941291519489,VooPoo Seal Pine Green,2,0.00000000,NONE,NONE,6941291519489
6941291519496,VooPoo Seal Red,2,0.00000000,NONE,NONE,6941291519496
6941291520812,TPP- DM3 0.15 each coil,5,0.00000000,NONE,NONE,
6941291521932,DRAG 3 MOD,2,0.00000000,NONE,NONE,6941291518130
6941291522335,VOOPOO DRAG X PLUS KIT,2,0.00000000,NONE,NONE,6941291522342
6941291522939,TPP POD 2,5,0.00000000,NONE,NONE,
6941291524223,Drag Nano 2 Pod *3 PACK*,5,0.00000000,NONE,NONE,
6941291524254,DRAG NANO 2 PODS *3 PACK*,5,0.00000000,NONE,NONE,
6941291524452,DRAG S PRO BLACK,2,0.00000000,NONE,NONE,
6941291524469,DRAG S PRO SAHARA BROWN,2,0.00000000,NONE,NONE,
6941291526814,Drag Nano 2 Tea Green,2,0.00000000,NONE,NONE,
6941291526821,Drag Nano 2 Orange,2,0.00000000,NONE,NONE,
6941291526838,Drag Nano 2 Classic Red,2,0.00000000,NONE,NONE,
6941291526845,Drag Nano 2 Gull Grey,2,0.00000000,NONE,NONE,
6941291526852,Drag Nano 2 Classic Black,2,0.00000000,NONE,NONE,
6941291526869,Drag Nano 2 Carbon Fiber,2,0.00000000,NONE,NONE,
6941291526876,Drag Nano 2 Sparkle Champagne,2,0.00000000,NONE,NONE,
6941291526883,Drag Nano 2 Powder Blue,2,0.00000000,NONE,NONE,
6941291527651,pnp-x pod voopoo each,7,0.00000000,NONE,NONE,
6941291528030,VOOPOO DRAG 3 TPP-X,2,0.00000000,NONE,NONE,6941291527989
6941291528641,VOOPOO DRAG X KIT,2,0.00000000,NONE,NONE,6941291528719
6941291528672,DRAG X PNP-X KNIGHT CHESNUT,2,0.00000000,NONE,NONE,
6941291528696,DRAG X PNP-X EAGLE BLACK,2,0.00000000,NONE,NONE,
6941291528702,DRAG X PNP-X KNIGHT GRAY,2,0.00000000,NONE,NONE,
6941291528849,voopoo pnp-x pod tank,7,0.00000000,NONE,NONE,
6941291532730,VOOPOO PNP-TW15 COIL *EACH .15,5,0.00000000,NONE,NONE,
6941291532761,PNP-TW20 COIL (EA),10,0.00000000,NONE,NONE,
6941291533126,VOOPOO ARGUS GTII MOD,3,0.00000000,NONE,NONE,
6941291534185,ARGUS P1 KIT,2,0.00000000,NONE,NONE,
6941291535854,VOOPOO PNP POD II *EACH,5,0.00000000,NONE,NONE,6941291549936
6941291536769,PNP-TW30 COIL EA,5,0.00000000,NONE,NONE,
6941291537247,VOOPOO DRAG E60 KIT BLACK,2,0.00000000,NONE,NONE,
6941291537254,VOOPOO DRAG E60 KIT GRAY,2,0.00000000,NONE,NONE,
6941291537278,VOOPOO DRAG E60 KIT CARBON FIB,2,0.00000000,NONE,NONE,
6941291537308,VOOPOO DRAG H80S GRAY CRBN FBR,2,0.00000000,NONE,NONE,
6941291537315,VOOPOO DRAG H80S KIT RED,2,0.00000000,NONE,NONE,
6941291537322,VOOPOO DRAG H80S KIT BROWN,2,0.00000000,NONE,NONE,
6941291537339,VOOPOO DRAG H80S KIT BLACK,2,0.00000000,NONE,NONE,
6941291537346,VOOPOO DRAG H80S KIT GOLDEN,2,0.00000000,NONE,NONE,
6941291537353,VOOPOO DRAG H80S KIT PLUM RED,2,0.00000000,NONE,NONE,
6941291538923,VOOPOO DRAG 4 BLACK WALNUT,2,0.00000000,NONE,NONE,
6941291538930,VOOPOO DRAG 4 ROSEWOOD,2,0.00000000,NONE,NONE,
6941291538947,VOOPOO DRAG 4 GOLD WALNUT,2,0.00000000,NONE,NONE,
6941291541084,VOOPOO DRAG 4 TROPICAL ORANGE,2,0.00000000,NONE,NONE,
6941291541091,VOOPOO DRAG 4 OCEAN BLUE,2,0.00000000,NONE,NONE,
6941291541107,VOOPOO DRAG 4 FOREST GREEN,2,0.00000000,NONE,NONE,
6941291545013,VOOPOO PNP-VM4 *EACH*,5,0.00000000,NONE,NONE,
6941291553292,PNP X COIL 0.6 EACH,5,0.00000000,NONE,NONE,
6941291570572,VOOPOO VRIZZ MIDNIGHT BLACK,2,0.00000000,NONE,NONE,
6941291570589,VOOPOO VRIZZ SILVER & BLACK,2,0.00000000,NONE,NONE,
6941291570596,VOOPOO VRIZZ SUNSET ORANGE,2,0.00000000,NONE,NONE,
6941291570602,VOOPOO VRIZZ IRIS BLUE,2,0.00000000,NONE,NONE,
6941291570619,VOOPOO VRIZZ SPRING GREEN,2,0.00000000,NONE,NONE,
6941291570626,VOOPOO VRIZZ PHANTOM PURPLE,2,0.00000000,NONE,NONE,
6941291571425,VOOPOO VRIZZ CARTRIDGE 0.7,5,0.00000000,NONE,NONE,
6941291574709,VOOPOO ARGUS G3 PEARL WHITE,2,0.00000000,NONE,NONE,
6941736500164,YEARN NEAT 2 POD SYSTEM BLACK,3,0.00000000,NONE,NONE,
6941736500171,YEARN NEAT 2 POD SYSTEM SILVER,3,0.00000000,NONE,NONE,
6941736500188,YEARN NEAT 2 POD SYSTEM BLUE,3,0.00000000,NONE,NONE,
6941736500195,YEARN NEAT 2 POD SYSTEM RED,3,0.00000000,NONE,NONE,
6941736500201,YEARN NEAT 2 POD SYSTEM GREEN,3,0.00000000,NONE,NONE,
6941736500218,YEARN NEAT 2 POD SYSTEM ORANGE,3,0.00000000,NONE,NONE,
6941736500287,YEARN NEAT 2 REFILL POD *EACH*,5,0.00000000,NONE,NONE,
6941736500348,UWELL CROWN V SILVER,7,0.00000000,NONE,NONE,
6941736500355,UWELL CROWN V BLACK,7,0.00000000,NONE,NONE,
6941736500362,UWELL CROWN V RED,7,0.00000000,NONE,NONE,
6941736500379,UWELL CROWN V BLUE,7,0.00000000,NONE,NONE,
6941736500409,UWELL CROWN V TRIPLE MESH EACH,5,0.00000000,NONE,NONE,
6941736501833,AEGLOS P1 POD MOD WINE RED,2,0.00000000,NONE,NONE,6941736501833
6941736501840,AEGLOS P1 POD MOD DARK BLUE,2,0.00000000,NONE,NONE,6941736501840
6941736501857,AEGLOS P1 POD MOD OLIVE GREEN,2,0.00000000,NONE,NONE,6941736501857
6941736501864,AEGLOS P1 POD MOD REDISH BROWN,2,0.00000000,NONE,NONE,6941736501864
6941736501871,AEGLOS P1 POD MOD SADDLE TAN,2,0.00000000,NONE,NONE,6941736501871
6941736501963,AEGLOS P1 COIL 0.2,5,0.00000000,NONE,NONE,6941736501963
6941736502366,ak2 pod system classic black,2,0.00000000,NONE,NONE,
6941736502373,CALIBURN AK2 GRAPHITE GREY,2,0.00000000,NONE,NONE,
6941736502380,CALIBURN AK2 TURQUOISE BLUE,2,0.00000000,NONE,NONE,
6941736502397,ak2 pod system neon orange,2,0.00000000,NONE,NONE,
6941736502540,CALIBURN A2 BLUE,2,0.00000000,NONE,NONE,
6941736502557,Caliburn A2 Kit Green,2,0.00000000,NONE,NONE,
6941736502571,CALIBURN A2 GREY,2,0.00000000,NONE,NONE,
6941736502588,CALIBURN A2 IRIS PURPLE,2,0.00000000,NONE,NONE,05ig5fkc84500061
6941736502595,CALIBURN A2 ORANGE,2,0.00000000,NONE,NONE,
6941736503882,KALMIA POD SYSTEM YOUTH GREEN,2,0.00000000,NONE,NONE,
6941736503899,KALMIA POD SYSTEM GENTLE PINK,2,0.00000000,NONE,NONE,
6941736503905,KALMIA POD SYSTEM INNOC WHITE,2,0.00000000,NONE,NONE,
6941736503912,KALMIA POD SYSTEM MYSTI BLACK,2,0.00000000,NONE,NONE,
6941736503929,KALMIA POD SYSTEM CYAN,10,0.00000000,NONE,NONE,
6941736503936,KALMIA POD SYSTEM SERENE BLUE,2,0.00000000,NONE,NONE,
6941736503943,KALMIA REFILLABLE POD,5,0.00000000,NONE,NONE,
6941736504025,CALIBURN G2 ULTRAMARINE BLUE,2,0.00000000,NONE,NONE,
6941736504032,CALIBURN G2 COBALT GREEN,2,0.00000000,NONE,NONE,
6941736504049,CALIBURN G2 PYRROLE SCARLET,2,0.00000000,NONE,NONE,
6941736504056,CALIBURN G2 CARBON BLACK,2,0.00000000,NONE,NONE,
6941736504063,CALIBURN G2 SHADING GRAY,2,0.00000000,NONE,NONE,
6941736504070,CALIBURN G2 GRADIENT,2,0.00000000,NONE,NONE,
6941736504087,CALIBURN G2 POD/ EMPTY/EACH,5,0.00000000,NONE,NONE,
6941736504094,CALIBURN G2 UN2 MESHED 1.2,5,0.00000000,NONE,NONE,
6941736505343,UWELL P1 MILK WHITE KIT,2,0.00000000,NONE,NONE,
6941736505350,UWELL P1 APRICOT BIEGE,2,0.00000000,NONE,NONE,
6941736505367,UWELL P1 APPLE GREEN,2,0.00000000,NONE,NONE,
6941736505374,UWELL P1 BLUE KIT,2,0.00000000,NONE,NONE,
6941736505381,UWELL POPRELL UN2 1.2 EACH,5,0.00000000,NONE,NONE,
6941736505589,Caliburn A2 Kit Aqua Blue,2,0.00000000,NONE,NONE,
6941736505602,Caliburn A2 Kit Arctic Silver,2,0.00000000,NONE,NONE,
6941736505831,AK2 POD SYSTEM SAKURA PINK,2,0.00000000,NONE,NONE,
6941736505879,CALIBURN AK2 DAYLIGHT WALKER,2,0.00000000,NONE,NONE,
6941736506296,UWELL CALIBURN X SILVER,2,0.00000000,NONE,NONE,
6941736506340,UWELL CALIBURN X BLUE,2,0.00000000,NONE,NONE,
6941736506418,Caliburn X 3ml empty CART-EACH,5,0.00000000,NONE,NONE,
6941736506500,CALIBURN A2 SLIDE REFILLING PD,5,0.00000000,NONE,NONE,
6941736506548,UWELL POPREEL MILK WHITE,2,0.00000000,NONE,NONE,
6941736506555,UWELL POPREEL APRICOT BEIGE,2,0.00000000,NONE,NONE,
6941736506562,UWELL POPREEL APPLE GREEN,2,0.00000000,NONE,NONE,
6941736506579,UWELL POPREEL MACARON BLUE,2,0.00000000,NONE,NONE,
6941736506968,CALIBURN G2 OCEAN FLAME,2,0.00000000,NONE,NONE,
6941736506975,CALIBURN G2 GRADIENT BLUE,2,0.00000000,NONE,NONE,
6941736506982,CALIBURN G2 MATTE GRAY,2,0.00000000,NONE,NONE,
6941736508443,Caliburn X UN2 MESH 1.2 -EACH,5,0.00000000,NONE,NONE,
6941736511214,UWELL CALIBURN TENET KIT,2,0.00000000,NONE,NONE,
6941736511443,UWELL CALIBURN A3 KIT BLACK,2,0.00000000,NONE,NONE,
6941736511450,UWELL CALIBURN A3 KIT GRAY,2,0.00000000,NONE,NONE,
6941736511467,UWELL CALIBURN A3 KIT SILVER,2,0.00000000,NONE,NONE,
6941736511474,UWELL CALIBURN A3 KIT RED,2,0.00000000,NONE,NONE,
6941736511481,UWELL CALIBURN A3 KIT GREEN,2,0.00000000,NONE,NONE,
6941736511498,UWELL CALIBURN A3 KIT BLUE,2,0.00000000,NONE,NONE,
6941736511504,UWELL CALIBURN A3 POD 1.0 MESH,5,0.00000000,NONE,NONE,
6941736514031,UWELL CALIBURN A3 POD 0.8 MESH,5,0.00000000,NONE,NONE,
6941736514222,KOKO KIT G2 CYAN,2,0.00000000,NONE,NONE,
6941736514239,KOKO KIT G2 PINK,2,0.00000000,NONE,NONE,
6941736514253,KOKO KIT G2 GREEN,2,0.00000000,NONE,NONE,
6941736514260,KOKO KIT G2 GRAY,2,0.00000000,NONE,NONE,
6941736514277,KOKO KIT G2 BLACK,2,0.00000000,NONE,NONE,
6941736543024,UWELL G3 PRO EMERALD GREEN,3,0.00000000,NONE,NONE,
6941736543239,CALIBURN G3 PRO POD EACH,5,0.00000000,NONE,NONE,
6941736545745,CALIBURN G3 PRO KIT BLACK,2,0.00000000,NONE,NONE,
6941736545752,CALIBURN G3 PRO KIT SPACE GRAY,2,0.00000000,NONE,NONE,
6941736545769,CALIBURN G3 PRO KIT STONE GRAY,2,0.00000000,NONE,NONE,
6941736545776,CALIBURN G3 PRO KIT BLUE,2,0.00000000,NONE,NONE,
6941736545783,CALIBURN G3 PRO KIT ROSE GOLD,2,0.00000000,NONE,NONE,
6941736545784,CALIBURN G3 PRO KIT space gray,2,0.00000000,NONE,NONE,
6941736545790,CALIBURN G3 PRO KIT GREEN,2,0.00000000,NONE,NONE,
6941770022028,OXVA XLIM CART V3  EACH,5,0.00000000,NONE,NONE,
6941770032836,OXBAR PJ STRAWBERRY KIWI ICE,ZIIPLAB,0.00000000,NONE,NONE,
6941770032843,OXBAR PRO WATERMELON REMIX ICE,ZIIPLAB,0.00000000,NONE,NONE,
6941770032850,OXBAR PJ SPLASH BROS LEMONADE,ZIIPLAB,0.00000000,NONE,NONE,
6941770032904,OXBAR BLUE RAZZ,ZIIPLAB,0.00000000,NONE,NONE,
6941770032911,OX BAR RAINBOW BLAST,ZIIPLAB,0.00000000,NONE,NONE,
6941770032935,OXBAR SAKURA GRAPE,ZIIPLAB,0.00000000,NONE,NONE,
6941770032966,OXBAR PJ BLUBRY STRBRY DRGNFRT,ZIIPLAB,0.00000000,NONE,NONE,
6941770032973,OXBAR PRO STRAW WATERMELON,ZIIPLAB,0.00000000,NONE,NONE,
6941770032980,OXBAR FRUIT PARADISE,ZIIPLAB,0.00000000,NONE,NONE,
6941770036506,OXBAR PRO RAZZ PINEAPPLE,ZIIPLAB,0.00000000,NONE,NONE,
6941770045515,OXBAR MINI MINT WTRMLN,ZIIPLAB,0.00000000,NONE,NONE,
6941770045553,OXBAR MINI GUMMIES,ZIIPLAB,0.00000000,NONE,NONE,
6941770045591,OXBAR MINI FRESH MINT,ZIIPLAB,0.00000000,NONE,NONE,
6941770045621,OXBAR MINI STRAWNANA,ZIIPLAB,0.00000000,NONE,NONE,
6941770045638,OXBAR MINI PINK GUMMY,ZIIPLAB,0.00000000,NONE,NONE,
6941770045645,OXBAR MINI STRAW MANGO,ZIIPLAB,0.00000000,NONE,NONE,
6941770055262,OXBAR MINI MIAMI MINT,ZIIPLAB,0.00000000,NONE,NONE,
6941770063090,OXBAR MINI ZERO RAINBOW WAVE,ZIIPLAB,0.00000000,NONE,NONE,
6941770063106,OXBAR MINI ZERO GUMMIES,ZIIPLAB,0.00000000,NONE,NONE,
6941770063137,OXBAR MINI ZERO CEREALS,ZIIPLAB,0.00000000,NONE,NONE,
6941770063144,OXBAR MINI ZERO PEACH ICE,ZIIPLAB,0.00000000,NONE,NONE,
6941770063151,OXBAR MINI ZERO BLUE RAZZ ICE,ZIIPLAB,0.00000000,NONE,NONE,
6941770063168,OXBAR MINI ZERO MIAMI MINT,ZIIPLAB,0.00000000,NONE,NONE,
6941770063182,`OXBAR MINI ZERO PINK GUMMY,ZIIPLAB,0.00000000,NONE,NONE,
6941770063199,OXBAR MINI ZERO STRAWANA,ZIIPLAB,0.00000000,NONE,NONE,
6941770063205,OXBAR MINI ZERO PCH BLU RAZZ,ZIIPLAB,0.00000000,NONE,NONE,
6941770073860,OXBAR MINI SR PCH O,ZIIPLAB,0.00000000,NONE,NONE,
6941770073990,OXBAR MINI BANANA ICE,ZIIPLAB,0.00000000,NONE,NONE,
6941817505088,DRAGBAR FRUIT SLUSHIE,ZIIPLAB,0.00000000,NONE,NONE,
6941817505101,DRAGBAR MINT TWISTS,ZIIPLAB,0.00000000,NONE,NONE,
6941817505118,DRAGBAR PEACH MANGO,ZIIPLAB,0.00000000,NONE,NONE,
6941817505132,DRAGBAR STRAWBERRY ICE CREAM,ZIIPLAB,0.00000000,NONE,NONE,
6941817505149,DRAGBAR BLUE RAZ ICE,ZIIPLAB,0.00000000,NONE,NONE,
6941817505156,DRAGBAR KIWI PASSIONFRUT GUAVA,ZIIPLAB,0.00000000,NONE,NONE,
6941817505170,DRAGBAR ALOE GRAPE,ZIIPLAB,0.00000000,NONE,NONE,
6941817513601,DRAGBAR BANANA ICE,ZIIPLAB,0.00000000,NONE,NONE,
6941817513618,DRAGBAR WATERMELON ICE,ZIIPLAB,0.00000000,NONE,NONE,
6941821713318,DEATH ROW 7K MINT,ZIIPLAB,0.00000000,NONE,NONE,
6941821713332,DEATH ROW 7K BLUE RAZZ,ZIIPLAB,0.00000000,NONE,NONE,
6941821713349,DEATH ROW 7K LUSCIOUS WTRMLN,ZIIPLAB,0.00000000,NONE,NONE,
6941821713370,DEATH ROW 7K STRAWBERRY BANANA,ZIIPLAB,0.00000000,NONE,NONE,
6941821713387,DEATH ROW 7K STRAWBERRY WTRMLN,ZIIPLAB,0.00000000,NONE,NONE,
6941821713394,DEATH ROW 7K SOUR APPLE,ZIIPLAB,0.00000000,NONE,NONE,
6941821713400,DEATH ROW 7K BANANA ICE,ZIIPLAB,0.00000000,NONE,NONE,
6941821713417,DEATH ROW 7K BLUEBERRY MINT,ZIIPLAB,0.00000000,NONE,NONE,
6941821713424,DEATH ROW 7K PEACH ICE,ZIIPLAB,0.00000000,NONE,NONE,
6941821713592,DEATH ROW 7K CANDY,ZIIPLAB,0.00000000,NONE,NONE,
6941821713608,DEATH ROW 7K FRUIT PUNCH,ZIIPLAB,0.00000000,NONE,NONE,
6941821735549,FUME PRO 30K LUSH ICE,ZIIPLAB,0.00000000,NONE,NONE,
6941821735556,FUME PRO 30K PEACH ICE,ZIIPLAB,0.00000000,NONE,NONE,
6941821735563,FUME PRO 30K STRAWBERRY WIND,ZIIPLAB,0.00000000,NONE,NONE,
6941821735570,FUME PRO 30K WHITE GRAPE,ZIIPLAB,0.00000000,NONE,NONE,
6941821735587,FUME PRO 30K TRIPLE BERRY ICE,ZIIPLAB,0.00000000,NONE,NONE,
6941821735594,FUME PRO 30K CINNAMON TWIST,ZIIPLAB,0.00000000,NONE,NONE,
6941821735600,FUME PRO 30K STRAWBERRY BANANA,ZIIPLAB,0.00000000,NONE,NONE,
6941821735617,FUME PRO 30K BLACK ICE,ZIIPLAB,0.00000000,NONE,NONE,
6941821735624,FUME PRO 30K FL TROPICAL BRZ,ZIIPLAB,0.00000000,NONE,NONE,
6941821735631,FUME PRO 30K MANGO TANGO,ZIIPLAB,0.00000000,NONE,NONE,
6941821735648,FUME PRO 30K TEXAS CITRUS RUSH,ZIIPLAB,0.00000000,NONE,NONE,
6941821735655,FUME PRO 30K WATERMELON WAVE,ZIIPLAB,0.00000000,NONE,NONE,
6941821735662,FUME PRO 30K PINEAPPLE PARADIS,ZIIPLAB,0.00000000,NONE,NONE,
6941821735679,FUME PRO 30K MIAMI MINT,ZIIPLAB,0.00000000,NONE,NONE,
6941821735693,FUME PRO 30K DUBAI CHOCOLATE,ZIIPLAB,0.00000000,NONE,NONE,
6941821737628,FUME PRO 30K SOUR APPLE,ZIIPLAB,0.00000000,NONE,NONE,
6941821741656,FUME PRO 30K FL BAJA SPLASH,ZIIPLAB,0.00000000,NONE,NONE,
6941821741663,FUME PRO 30K CHERRIES STRAZZ,ZIIPLAB,0.00000000,NONE,NONE,
6941821741670,FUME PRO 30K STRAWBERRY KIWI,ZIIPLAB,0.00000000,NONE,NONE,
6941821741762,FUME PRO 30K BERRY BLISS,ZIIPLAB,0.00000000,NONE,NONE,
6941881802427,ORION BAR PCH MANGO WTRMLN,ZIIPLAB,0.00000000,NONE,NONE,
6941881803325,ORION BAR PINK LEMONADE,ZIIPLAB,0.00000000,NONE,NONE,
6941881803332,ORION BAR GRAPE ENERGY,ZIIPLAB,0.00000000,NONE,NONE,
6941881803349,ORION BAR ORANGE ICE,ZIIPLAB,0.00000000,NONE,NONE,
6941881803356,ORION BAR PINEAPPLE ICE,ZIIPLAB,0.00000000,NONE,NONE,
6941881805794,ORION BAR PASSION FRUIT PINE,ZIIPLAB,0.00000000,NONE,NONE,
6941881805817,ORION BAR BLKCURR MIXED BERRY,ZIIPLAB,0.00000000,NONE,NONE,
6941881805831,ORION BAR CHICAGO COCKTAIL,ZIIPLAB,0.00000000,NONE,NONE,
6941881805855,ORION BAR DOUBLE APPLE ICE,ZIIPLAB,0.00000000,NONE,NONE,
6941881805879,ORION BAR BLUE RAZZ HONEYDEW,ZIIPLAB,0.00000000,NONE,NONE,
6941881805893,ORION BAR BLUE RAZZ ICE,ZIIPLAB,0.00000000,NONE,NONE,
6941881805916,ORION BAR BLUE MINT,ZIIPLAB,0.00000000,NONE,NONE,
6941881805930,ORION BAR BLUE COTTON CANDY,ZIIPLAB,0.00000000,NONE,NONE,
6941881805954,ORION BAR STRAW PINACOLADA,ZIIPLAB,0.00000000,NONE,NONE,
6941881805978,ORION BAR GUMMY BEAR,ZIIPLAB,0.00000000,NONE,NONE,
6941881806012,ORION BAR BLUEBERRY PIE,ZIIPLAB,0.00000000,NONE,NONE,
6941881806043,ORION BAR DRAGON FRUIT BERRY,ZIIPLAB,0.00000000,NONE,NONE,
6941881806067,ORION BAR STRAW WATERMELON,ZIIPLAB,0.00000000,NONE,NONE,
6941881806081,ORION BAR SUMMER PEACH ICE,ZIIPLAB,0.00000000,NONE,NONE,
6941881809112,ORION BAR CALI MINT,ZIIPLAB,0.00000000,NONE,NONE,
6941881809136,ORION BAR KEY WEST,ZIIPLAB,0.00000000,NONE,NONE,
6941881809143,ORION BAR POM POM BERRY,ZIIPLAB,0.00000000,NONE,NONE,
6941881809150,ORION BAR RASPBERRY LIME JAM,ZIIPLAB,0.00000000,NONE,NONE,
6941881809549,ORION BAR MIAMI MINT,ZIIPLAB,0.00000000,NONE,NONE,
6941881809624,ORION BAR ICE CAP,ZIIPLAB,0.00000000,NONE,NONE,
6941881809648,ORION BAR BLUEBERRY ROSE MINT,ZIIPLAB,0.00000000,NONE,NONE,
6941881809662,ORION BAR STRAWBRY RASBRY CHRY,ZIIPLAB,0.00000000,NONE,NONE,
6941881809686,ORION BAR BLACK DRAGON ICE,ZIIPLAB,0.00000000,NONE,NONE,
6941881809709,ORION BAR PEACH COLADA,ZIIPLAB,0.00000000,NONE,NONE,
6941881809723,ORION BAR CAFE MOCHA,ZIIPLAB,0.00000000,NONE,NONE,
6941881810088,ORION BLUEBERRY LEMON LIME,ZIIPLAB,0.00000000,NONE,NONE,
6941881810101,ORION RASPBERRY ICE TEA,ZIIPLAB,0.00000000,NONE,NONE,
6941881810125,ORION WATERMELON KIWI BERRIES,ZIIPLAB,0.00000000,NONE,NONE,
6941881810149,ORION WILD BERRY BLISS,ZIIPLAB,0.00000000,NONE,NONE,
6941881810163,ORION PEPPERMINT,ZIIPLAB,0.00000000,NONE,NONE,
6941881812273,ORION BAR LUSH ICE,ZIIPLAB,0.00000000,NONE,NONE,
6941881812297,ORION BAR KIWIPASSIONFRUITGUAV,ZIIPLAB,0.00000000,NONE,NONE,
6941881812310,ORION BAR GRAPE BURST,ZIIPLAB,0.00000000,NONE,NONE,
6941881812334,ORION BAR STRAWBERRYSUMMERTIME,ZIIPLAB,0.00000000,NONE,NONE,
6941881812358,ORION BAR PINEAPPLE LEMONADE,ZIIPLAB,0.00000000,NONE,NONE,
6941881812372,ORION BAR BLUE RAZZ ICE,ZIIPLAB,0.00000000,NONE,NONE,
6941881812396,ORION BAR MIAMI MINT,ZIIPLAB,0.00000000,NONE,NONE,
6941881812419,ORION BAR RASPBERRY SOURAPPLE,ZIIPLAB,0.00000000,NONE,NONE,
6941881812433,ORION BAR PEACHMANGO WATERMEL,ZIIPLAB,0.00000000,NONE,NONE,
6941881812457,ORION BAR STRAWBERRY CHEW,ZIIPLAB,0.00000000,NONE,NONE,
6941976211868,LOST MARY BLACK MINT,ZIIPLAB,0.00000000,NONE,NONE,
6941976211875,LOST MARY CITRUS SUNRISE,ZIIPLAB,0.00000000,NONE,NONE,
6941976211882,LOST MARY GINGER BEER,ZIIPLAB,0.00000000,NONE,NONE,
6941976211899,LOST MARY YUMMY,ZIIPLAB,0.00000000,NONE,NONE,
6941976212209,LOST MARY BLACK MINT 0S5000,ZIIPLAB,0.00000000,NONE,NONE,
6941976214807,ELF BAR CRAZI BERRY,ZIIPLAB,0.00000000,NONE,NONE,
6941976214814,ELF BAR MIXED FRUITY,ZIIPLAB,0.00000000,NONE,NONE,
6941976222666,ELF BAR SUNRISE,ZIIPLAB,0.00000000,NONE,NONE,
6941976231569,LOST MARY ACAI BERRY STORM ICE,ZIIPLAB,0.00000000,NONE,NONE,
6941976231576,LOST MARY BERRY CRUSH ICE,ZIIPLAB,0.00000000,NONE,NONE,
6941976231583,LOST MARY BLACK STRAWNANA,ZIIPLAB,0.00000000,NONE,NONE,
6941976231606,LOST MARY RASPBERRY LEMONADE,ZIIPLAB,0.00000000,NONE,NONE,5056716402848
6941976239411,BC5000 BLACK WINTER,ZIIPLAB,0.00000000,NONE,NONE,
6941976239480,EB CUBA CIGAR,ZIIPLAB,0.00000000,NONE,NONE,
6941976239572,BC5000 PEACJH MANGO WATER,ZIIPLAB,0.00000000,NONE,NONE,
6941976239749,BC5000 WAT JOLLYCANDYICE,ZIIPLAB,0.00000000,NONE,NONE,
6941976266691,FR Ti7000 BLOSSOM MINT,ZIIPLAB,0.00000000,NONE,NONE,
6941976266707,FR Ti7000 BLUE RED MINT,ZIIPLAB,0.00000000,NONE,NONE,
6941976266714,FR Ti7000 MANGO KISS,ZIIPLAB,0.00000000,NONE,NONE,
6941976266721,FR Ti7000 MIXED FRUIT,ZIIPLAB,0.00000000,NONE,NONE,
6941976266738,FR Ti7000 OSK ICE,ZIIPLAB,0.00000000,NONE,NONE,
6941976273842,EB PINEAPPLE ORANGE MINT,ZIIPLAB,0.00000000,NONE,NONE,
6941976273927,FR BLUEBERRY DUO ICE,ZIIPLAB,0.00000000,NONE,NONE,
6941976273934,FR MELON BERRY BOM ICE,ZIIPLAB,0.00000000,NONE,NONE,
6941976273941,FR ICE MINT,ZIIPLAB,0.00000000,NONE,NONE,
6941976273958,FR STRAWBERRY DUO ICE,ZIIPLAB,0.00000000,NONE,NONE,
6941976273965,FR WATERMLEON NANA DUO ICE,ZIIPLAB,0.00000000,NONE,NONE,
6941976274597,LOST MARY MO5000 GUAVA  ICE,ZIIPLAB,0.00000000,NONE,NONE,
6941976274610,LM MO5000 PLUM ROSE MINT,ZIIPLAB,0.00000000,NONE,NONE,
6941976274634,LM MO5000 STRAW WATERMLN ICE,ZIIPLAB,0.00000000,NONE,NONE,5056716403210
6941976274665,LOST MARY BERRY ROSE DUO ICE,ZIIPLAB,0.00000000,NONE,NONE,
6941976274702,LOST MARY KIWI DRAGON DUO ICE,ZIIPLAB,0.00000000,NONE,NONE,
6941976274788,LOST MARY BANANA RASPBERRY ICE,ZIIPLAB,0.00000000,NONE,NONE,
6941976274818,LOST MARY SAKURA BRRY PECH ICE,ZIIPLAB,0.00000000,NONE,NONE,
6941976274825,LOST MARY STRAWBERRY LEMONADE,ZIIPLAB,0.00000000,NONE,NONE,5056716402435
6941976274887,LM OS5000 BANANA DUO ICE,ZIIPLAB,0.00000000,NONE,NONE,
6941976274894,LM OS5000 CHERRY BANANA DUO IC,ZIIPLAB,0.00000000,NONE,NONE,
6941976274917,LM OS5000 PINEAPPLE DUO ICE,ZIIPLAB,0.00000000,NONE,NONE,
6941976274924,LM OS5000 TRIPLE BERRY DUO ICE,ZIIPLAB,0.00000000,NONE,NONE,5056716402749
6941976291150,LM BLUEBERRY RASPBERRY PEACH,ZIIPLAB,0.00000000,NONE,NONE,
6941976296568,LOST MARY GRAPE APPLE ICE,ZIIPLAB,0.00000000,NONE,NONE,
6941976296605,LOST MARY MANGO PASSION FRUIT,ZIIPLAB,0.00000000,NONE,NONE,
6941976296629,LOST MARY MOSCOW CRUSH,ZIIPLAB,0.00000000,NONE,NONE,
6941976296636,LOST MARY PEACH TEA,ZIIPLAB,0.00000000,NONE,NONE,
6941976296650,LOST MARY RED APPLE ICE,ZIIPLAB,0.00000000,NONE,NONE,
6941976296667,LOST MARY ROOT,ZIIPLAB,0.00000000,NONE,NONE,
6941976296674,LOST MARY SOUR MOUTH,ZIIPLAB,0.00000000,NONE,NONE,
6942167101050,LOOKAH BEAR BATTERY ASSORT,1,0.00000000,NONE,NONE,
6942167101647,LOOKAH SHP SPATTER EDI EA,1,0.00000000,NONE,NONE,6942167101593
6942286904860,VOZOL GRAPE ICE,ZIIPLAB,0.00000000,NONE,NONE,
6942286904877,VOZOL SOUR APPLE ICE,ZIIPLAB,0.00000000,NONE,NONE,
6942286904884,VOZOL MISS PINK,ZIIPLAB,0.00000000,NONE,NONE,
6942286904891,VOZOL BLUE RAZZ ICE,ZIIPLAB,0.00000000,NONE,NONE,
6942286904907,VOZOL WATERMELON ICE,ZIIPLAB,0.00000000,NONE,NONE,
6942286904914,VOZOL WATERMELON BBG,ZIIPLAB,0.00000000,NONE,NONE,
6942286904921,VOZOL COOL MINT,ZIIPLAB,0.00000000,NONE,NONE,
6942286904938,VOZOL PEACH M WATERM,ZIIPLAB,0.00000000,NONE,NONE,
6942286904945,VOZOL RASPBERRY WATERM,ZIIPLAB,0.00000000,NONE,NONE,
6942286904952,VOZOL STRAWBERRY KIWI,ZIIPLAB,0.00000000,NONE,NONE,
6942286904969,VOZOL TRIPLE BERRIES,ZIIPLAB,0.00000000,NONE,NONE,
6942286904976,VOZOL BLUEBERRY STORM,ZIIPLAB,0.00000000,NONE,NONE,
6942286904983,VOZOL MEXICAN MANGO ICE,ZIIPLAB,0.00000000,NONE,NONE,
6942286904990,VOZOL STRAWBERRY WATERM,ZIIPLAB,0.00000000,NONE,NONE,
6942286905003,VOZOL MIAMI MINT,ZIIPLAB,0.00000000,NONE,NONE,
6942286927036,VOZOL GEAR 20K WATERMELON ICE,ZIIPLAB,0.00000000,NONE,NONE,
6942286927043,VOZOL GEAR 20K GRAPE ICE,ZIIPLAB,0.00000000,NONE,NONE,
6942286927050,VOZOL GEAR 20K MXICN MNGO ICE,ZIIPLAB,0.00000000,NONE,NONE,
6942286927067,VOZOL GEAR 20K DBLE APPLE ICE,ZIIPLAB,0.00000000,NONE,NONE,
6942286927074,VOZOL GEAR 20K COOL MINT,ZIIPLAB,0.00000000,NONE,NONE,
6942286927081,VOZOL GEAR 20K STRAWBERRY KIWI,ZIIPLAB,0.00000000,NONE,NONE,
6942286927098,VOZOL GEAR 20K RSPRRY WTRMELN,ZIIPLAB,0.00000000,NONE,NONE,
6942286927104,VOZOL GEAR 20K BLUE RAZZ ICE,ZIIPLAB,0.00000000,NONE,NONE,
6942286927111,VOZOL GEAR 20K CARIBBEAN JUICE,ZIIPLAB,0.00000000,NONE,NONE,
6942286927128,VOZOL GEAR 20K CHERRY BRRY ICE,ZIIPLAB,0.00000000,NONE,NONE,
6943498600335,SWITCHER REPLACEMENT CASE,8,0.00000000,NONE,NONE,6943498600311
6943498600359,GT2 GT CORES *EACH*,5,0.00000000,NONE,NONE,
6943498600373,GT CORE CCELL 0.5 EACH,5,0.00000000,NONE,NONE,
6943498601103,CASCADE ONE,2,0.00000000,NONE,NONE,6943498601066
6943498601882,GT CORE MESH EACH,5,0.00000000,NONE,NONE,
6943498602223,CASCADE ONE PLUS SE,2,0.00000000,NONE,NONE,6943498602193
6943498606863,xros mini accent silver kit,2,0.00000000,NONE,NONE,
6943498606870,xros mini bronze gold kit,2,0.00000000,NONE,NONE,
6943498607105,VAPORESSO ZERP S BLACK,2,0.00000000,NONE,NONE,
6943498609000,VAPORESSO LUXE X GREY,2,0.00000000,NONE,NONE,
6943498609017,VAPORESSO LUXE X KIT GREEN,2,0.00000000,NONE,NONE,
6943498609024,VAPORESSO LUXE X KIT BLUE,2,0.00000000,NONE,NONE,
6943498609031,VAPORESSO LUXE X KIT SILVER,2,0.00000000,NONE,NONE,
6943498609048,VAPORESSO LUXE X KIT BLACK,2,0.00000000,NONE,NONE,
6943498609055,VAPORESSO LUXE X KIT PURPLE,2,0.00000000,NONE,NONE,
6943498609062,VAPORESSO LUXE X RED,2,0.00000000,NONE,NONE,
6943498609284,LUXE X 0.4 MESH POD 2PCS(BOX),5,0.00000000,NONE,NONE,
6943498612505,VAPORESSO ZERO SILVER,2,0.00000000,NONE,NONE,
6943498612536,VAPORESSO ZERO S BLUE,2,0.00000000,NONE,NONE,
6943498616749,VAPORESSO 0.6 POD 2 PCS,5,0.00000000,NONE,NONE,
6943498616909,VAPORESSO XROS 2 AURORA,2,0.00000000,NONE,NONE,
6943498617081,VAPORESSO XROS MINI ORANGE/GRN,2,0.00000000,NONE,NONE,
6943498617111,VAPORESSO XROS MINI PINK/PURPL,2,0.00000000,NONE,NONE,
6943498617142,VAPORESSO XROS MINI GREENOMBRE,2,0.00000000,NONE,NONE,
6943498617173,VAPORESSO XROS MINI DARK BLUE,2,0.00000000,NONE,NONE,
6943498617203,VAPORESSO XROS MINI LIGHT BLUE,2,0.00000000,NONE,NONE,
6943498619023,VAPORESSO XROS MINI PEACH,2,0.00000000,NONE,NONE,
6943498620005,VAPORESSO LUXE X DEEP GREEN,2,0.00000000,NONE,NONE,
6943498622566,XROS 3 BLACK KIT,2,0.00000000,NONE,NONE,
6943498622757,XROS 3 TEAL KIT,2,0.00000000,NONE,NONE,
6943498622818,XROS 3 BLACKANDWHITE KIT,2,0.00000000,NONE,NONE,
6943498628940,LUXE XR MAX KIT BLACK,2,0.00000000,NONE,NONE,
6943498628957,LUXE XR MAX KIT SILVER,2,0.00000000,NONE,NONE,
6943498628964,LUXE XR MAX KIT GRAY,2,0.00000000,NONE,NONE,
6943498628971,LUXE XR MAX WHITE,2,0.00000000,NONE,NONE,
6943498628988,LUXE XR MAX KIT BLUE,2,0.00000000,NONE,NONE,
6943498629008,LUXE XR MAX KIT GREEN,2,0.00000000,NONE,NONE,
6943498631926,VAPORESSO MINI (Black),2,0.00000000,NONE,NONE,
6943498631933,VAPORESSO MINI (Grey),2,0.00000000,NONE,NONE,
6943498631957,VAPORESSO MINI (Pink),2,0.00000000,NONE,NONE,
6943498631964,VAPORESSO MINI (Ice Blue),2,0.00000000,NONE,NONE,
6943498631971,VAPORESSO MINI (Metal),2,0.00000000,NONE,NONE,
6943498631988,VAPORESSO MINI (PHANTOM GREEN),2,0.00000000,NONE,NONE,
6943498631995,VAPORESSO MINI (PHANTOM GOLD),2,0.00000000,NONE,NONE,
6943498632503,VAPORESSO ECO NANO PURPLE,2,0.00000000,NONE,NONE,
6943498632510,VAPORESSO ECO NANO BLK TRUFFLE,2,0.00000000,NONE,NONE,
6943498632527,VAPORESSO ECO NANO SAKURA PINK,2,0.00000000,NONE,NONE,
6943498632534,VAPORESSO ECO NANO PHANTOM BLU,2,0.00000000,NONE,NONE,
6943498632541,VAPORESSO ECO NANO SUNRSE ORNG,2,0.00000000,NONE,NONE,
6943498632558,VAPORESSO ECO NANO BLACK,2,0.00000000,NONE,NONE,
6943498632565,VAPORESSO ECO NANO SUNSET GOLD,2,0.00000000,NONE,NONE,
6943498632572,VAPORESSO ECO NANO SUMR YELLOW,2,0.00000000,NONE,NONE,
6943498632589,VAPORESSO ECO NANO PEACH PINK,2,0.00000000,NONE,NONE,
6943498632596,VAPORESSO ECO NANO CRMY PURPLE,2,0.00000000,NONE,NONE,
6943498632602,VAPORESSO ECO NANO SPRING GRN,2,0.00000000,NONE,NONE,
6943498632619,VAPORESSO ECO NANO MIDNGT BLCK,2,0.00000000,NONE,NONE,
6943498632626,VAPORESSO ECO NANO LVORY WHITE,2,0.00000000,NONE,NONE,
6943498632633,VAPORESSO ECO NANO SAKURA PINK,2,0.00000000,NONE,NONE,
6943498632640,VAPORESSO ECO NANO POD 1.2 EA,5,0.00000000,NONE,NONE,6943498632657
6943498632756,Vaporesso fanny pack,8,0.00000000,NONE,NONE,
6943498633012,XROS 3 BLUE KIT,2,0.00000000,NONE,NONE,
6943498633197,VAPORESSO MINI (AQUA GREEN),2,0.00000000,NONE,NONE,
6943498633203,VAPORESSO MINI (Purple),2,0.00000000,NONE,NONE,
6943498633210,VAPORESSO MINI (Lime Yellow),2,0.00000000,NONE,NONE,
6943498633241,VAPORESSO MESH POD EACH,5,0.00000000,NONE,NONE,
6943498644650,RENOVA ZERO KIT,2,0.00000000,NONE,NONE,6943498644643
6943498644766,ZERO POD PACK(2 pods),5,0.00000000,NONE,NONE,
6943498644896,AURORA PLAY POD 2 PACK,5,4.00000000,NONE,NONE,
6943498645060,SWAH KIT MATTE BLACK,2,0.00000000,NONE,NONE,
6943498645565,LUXE SKRR,2,0.00000000,NONE,NONE,6943498656776
6943498645633,XROS 4 NANO KONG,3,0.00000000,NONE,NONE,
6943498647958,AURORA PLAY KIT,2,20.00000000,NONE,NONE,
6943498648436,EUC Ceramic Coil,5,0.00000000,NONE,NONE,
6943498648856,VAPORESSO EUC MESHED 1PC,5,0.00000000,NONE,NONE,
6943498650866,VAPORESSO PODSTICK POD 2PK,5,0.00000000,NONE,NONE,6943498650842
6943498653386,VPRSO XROS PRO (BLACK),2,0.00000000,NONE,NONE,
6943498653416,VPRSO XROS PRO (BLUE),2,0.00000000,NONE,NONE,
6943498657148,SKY SOLO STICK KIT,2,0.00000000,NONE,NONE,
6943498657865,QF MESHED,5,0.00000000,NONE,NONE,
6943498658183,LUXE X 0.6 POD 2 PIECE(BOX),5,0.00000000,NONE,NONE,
6943498658824,XROS 4 BLACK KIT,2,0.00000000,NONE,NONE,
6943498658831,XROS 4 SILVER KIT,2,0.00000000,NONE,NONE,
6943498658848,XROS 4 BLUE KIT,2,0.00000000,NONE,NONE,
6943498658855,XROS 4 GREEN KIT,2,0.00000000,NONE,NONE,
6943498658862,XROS 4 ORANGE KIT,2,0.00000000,NONE,NONE,
6943498658879,XROS 4 PINK MINT KIT,2,0.00000000,NONE,NONE,
6943498658886,XROS 4 SUNSET KIT,2,0.00000000,NONE,NONE,
6943498658893,XROS 4 PURPLE KIT,KRATOM,0.00000000,NONE,NONE,
6943498658909,XROS 4 RED KIT,2,0.00000000,NONE,NONE,
6943498658916,XROS 4 RAINBOW KIT,2,0.00000000,NONE,NONE,
6943498659029,XROS 0.8 COREX   *EACH,5,0.00000000,NONE,NONE,6943498697410
6943498661282,VAPORESSO PODSTICK KIT,2,0.00000000,NONE,NONE,6943498650767
6943498661657,VaporessoSwag2KitBlack,2,0.00000000,NONE,NONE,
6943498661664,VAPORESSO SWAG II,2,0.00000000,NONE,NONE,6943498661671
6943498661688,SWAG KIT II RED,2,0.00000000,NONE,NONE,
6943498667239,VaporessoSwag2KitRose,2,0.00000000,NONE,NONE,
6943498679843,ZERO MESH POD PACK(2 pods),5,0.00000000,NONE,NONE,
6943498680047,VAPORESSO XROS 7-COLOR,2,0.00000000,NONE,NONE,
6943498680054,VaporessoXROSSilver,2,0.00000000,NONE,NONE,
6943498680061,VaporessoXROSGrey,2,0.00000000,NONE,NONE,
6943498680078,VaporessoXROSSkyBlue,2,0.00000000,NONE,NONE,
6943498680085,VaporessoXROSBlue,2,0.00000000,NONE,NONE,
6943498680092,VAPORESSO XROS PINK,2,0.00000000,NONE,NONE,
6943498680641,Vaporesso Zero Kit BlackPurple,2,0.00000000,NONE,NONE,
6943498682126,VaporessoZeroSilver,2,0.00000000,NONE,NONE,
6943498682133,VaporessoZeroRainbow,2,0.00000000,NONE,NONE,
6943498682171,Vaporesso Zero Kit Orange,2,0.00000000,NONE,NONE,
6943498682591,XROS 4 NANO GRAPHITE BLACK,3,0.00000000,NONE,NONE,
6943498682614,XROS 4 NANO TWILIGHT PURPLE,3,0.00000000,NONE,NONE,
6943498682621,XROS 4 NANO WORD-POP YELLOW,3,0.00000000,NONE,NONE,
6943498682652,XROS 4 NANO AQUAMARINE,3,0.00000000,NONE,NONE,
6943498687718,VAPORESSO XROS GREEN,2,0.00000000,NONE,NONE,
6943498687725,VAPORESSO XROS GREY,2,0.00000000,NONE,NONE,
6943498689316,GTX 0.3 MESH COIL,5,0.00000000,NONE,NONE,
6943498689538,VAPORESSO XROS W DESIGN,2,0.00000000,NONE,NONE,6943498689545
6943498691272,GTX 0.15 MESH COIL,5,0.00000000,NONE,NONE,
6943498691531,XROS MINI,2,0.00000000,NONE,NONE,
6943498691548,XROS MINI SPACE GREY,10,0.00000000,NONE,NONE,
6943498691555,XROS MINI SILVER,2,0.00000000,NONE,NONE,
6943498691739,XROS MINI GREEN/BLUE,2,0.00000000,NONE,NONE,
6943498691746,XROS MINI ORANGE RED,2,0.00000000,NONE,NONE,
6943498691753,XORS MINI GRAPE PURPLE,2,0.00000000,NONE,NONE,
6943498693016,VAPORESSO XROS 2 BLACK,2,0.00000000,NONE,NONE,
6943498693023,VAPORESSO XROS 2 GREY,2,0.00000000,NONE,NONE,
6943498693030,VAPORESSO XROS 2 SILVER,2,0.00000000,NONE,NONE,
6943498693047,VAPORESSO XROS 2 GREEN TO BLUE,2,0.00000000,NONE,NONE,
6943498693054,VAPORESSO XROS 2 ORANGE RED,2,0.00000000,NONE,NONE,
6943498693061,VAPORESSO XROS 2 BLUE,2,0.00000000,NONE,NONE,
6943498695188,XORS MINI MIDNIGHT BLUE,2,0.00000000,NONE,NONE,
6943498695218,XORS MINI CHERRY RED,2,0.00000000,NONE,NONE,
6943498695249,XORS MINI FOREST GREEN,2,0.00000000,NONE,NONE,
6943498695270,XORS MINI SAKURA PINK,2,0.00000000,NONE,NONE,
6943498695720,VAPORESSO CHERRY RED,2,0.00000000,NONE,NONE,
6943498695737,VAPORESSO XROS 2 FOREST GREEN,2,0.00000000,NONE,NONE,
6943498695744,VAPORESSO XROS 2 SAKURA PINK,2,0.00000000,NONE,NONE,
6943498695812,XROS POD 1.0 *EACH,5,0.00000000,NONE,NONE,359242792928
6943498695813,XROS POD 1.2  *EACH,5,0.00000000,NONE,NONE,6943498697373
6943498695836,xros pod 0.8 mesh pod each,5,0.00000000,NONE,NONE,
6943498697137,XROS 4 MINI BLACK,2,0.00000000,NONE,NONE,
6943498697144,XROS 4 MINI SPACE GRAY,2,0.00000000,NONE,NONE,
6943498697168,XROS 4 MINI ICE BLUE,2,0.00000000,NONE,NONE,
6943498697175,XROS 4 MINI ICE PURPLE,2,0.00000000,NONE,NONE,
6943498697182,XROS 4 MINI ICE GREEN,2,0.00000000,NONE,NONE,
6943498697205,XROS 4 MINI CAMO SILVER,2,0.00000000,NONE,NONE,
6943498697229,XROS 4 MINI RED CAMO,2,0.00000000,NONE,NONE,
6943498697434,XROS POD 0.6 *EACH,5,0.00000000,NONE,NONE,
6944628500266,Zip-50,8,0.00000000,NONE,NONE,
694856622143,FLUM RAINBOW SKITTLE,ZIIPLAB,0.00000000,NONE,NONE,
6952506400584,I4 CHARGER,8,12.50000000,NONE,NONE,
6952506491896,NITECORE I8,8,0.00000000,NONE,NONE,
695510716994,BAKE D8 BISCOTTI,CBD,0.00000000,NONE,NONE,
695510732956,BAKE D8 BUBBA KUSH,CBD,0.00000000,NONE,NONE,
695510734905,BAKE D8 PURPLE PUNCH,CBD,0.00000000,NONE,NONE,
695510791328,BAKE D8 ICE CREAM CAKE,CBD,0.00000000,NONE,NONE,
695510793452,BAKE D8 GORILLA GLUE disp,CBD,0.00000000,NONE,NONE,
695682284895,COOKIES 5GSATIVA BLUE RAZ,CBD,0.00000000,NONE,NONE,
695682284918,COOKIES 5GM ADIOSMOFO,CBD,0.00000000,NONE,NONE,
695682284949,COOKIES 5GM BLUB BANANA,CBD,0.00000000,NONE,NONE,
695682289944,COOKIES 30K MIAMI MINT,ZIIPLAB,0.00000000,NONE,NONE,
695682289968,COOKIES 30K BERRY PIE,ZIIPLAB,0.00000000,NONE,NONE,
695682289975,COOKIES 30K OCEAN BEACH,ZIIPLAB,0.00000000,NONE,NONE,
695682289982,COOKIES 30K PEACH JUICY ICE,ZIIPLAB,0.00000000,NONE,NONE,
695682289999,COOKIES 30K SOUR APPLE,ZIIPLAB,0.00000000,NONE,NONE,
695682290001,COOKIES 30K STRAWBERRY ICE,ZIIPLAB,0.00000000,NONE,NONE,
695682290018,COOKIES 30K META MOON,ZIIPLAB,0.00000000,NONE,NONE,
695682290025,COOKIES 30K MEXICO MANGO,ZIIPLAB,0.00000000,NONE,NONE,
695682290032,COOKIES 30K BLKICE/HVNMIN/FAB,ZIIPLAB,0.00000000,NONE,NONE,
695682290629,COOKIES HYBRID 5GM GELATTI,CBD,0.00000000,NONE,NONE,
6956916402978,EGRIP VT,2,40.00000000,NONE,NONE,
6956916408826,PENGUIN SE (WHITE),2,0.00000000,NONE,NONE,
6956916408833,PENGUIN SE (BLACK),2,0.00000000,NONE,NONE,
6956916408840,PENGUIN SE (LIGHT BLUE),2,0.00000000,NONE,NONE,
6956916408857,PENGUIN SE (LIGHT PINK),2,0.00000000,NONE,NONE,
6956916408871,PENGUIN SE (GREY MIX),2,0.00000000,NONE,NONE,
6956916409243,ATOPACK DOLPHIN KIT,2,0.00000000,NONE,NONE,6956916409229
6956916418009,BF ATOMIZER 1.5 * EACH*,5,0.00000000,NONE,NONE,
6956916418153,CUBIS 1.0 OHM,5,0.00000000,NONE,NONE,
6956916423447,ATOPACK Coils 0.6ohm,5,0.00000000,NONE,NONE,N14001000501
6956916423461,ATOPACK COIL .25 OHM,5,0.00000000,NONE,NONE,
6956916425489,ATO PACK COIL,5,0.00000000,NONE,NONE,
6956916427063,ATOMIZER HEAD *5 PACK* AIO ECO,5,0.00000000,NONE,NONE,
6956916430278,TEROS CARTRIDE,5,0.00000000,NONE,NONE,
6956916430537,NOTCHCOIL,5,0.00000000,NONE,NONE,
6956916440161,EGO AIO ECO KIT,2,0.00000000,NONE,NONE,
6956916441489,TEROS KIT,2,0.00000000,NONE,NONE,6956916441434
6956916441533,ESPION SILK,2,0.00000000,NONE,NONE,
6956916442202,EXCEED EDGE,2,0.00000000,NONE,NONE,
6958946201699,PRO C4,8,12.25000000,NONE,NONE,
6958946201880,EFEST LUSH Q2 CHARGER,8,0.00000000,NONE,NONE,
6958946201897,LUSH Q4 CHARGER,8,0.00000000,NONE,NONE,
6958946202184,IMR 20700,4,0.00000000,NONE,NONE,
6958946202269,IMR 21700,4,0.00000000,NONE,NONE,6958946202283
6958946202320,20700 EFEST,4,0.00000000,NONE,NONE,
6958947120913,CLEITO 120 COIL,5,0.00000000,NONE,NONE,
6958947121026,ASPIRE POCKEX COIL,5,0.00000000,NONE,NONE,6958947123761
6958947121668,ASPIRE BREEZE COIL,5,0.00000000,NONE,NONE,6958947123754
6958947121750,Athos coils,5,0.00000000,NONE,NONE,
6958947122474,ASPIRE BVC GLASSOMIZER,7,0.00000000,NONE,NONE,6958947122474
6958947123266,ASPIRE NAUTILUS X COILE *EACH*,5,0.00000000,NONE,NONE,6958947120623
6958947123686,POCKET X KIT,2,0.00000000,NONE,NONE,6958947121934
6958947123778,ASPIRE REVVO TANK,7,0.00000000,NONE,NONE,6958947123983
6958947123785,REVVO COIL,5,0.00000000,NONE,NONE,
6958947123938,WOOD SKY STAR,2,0.00000000,NONE,NONE,
6958947123952,SKYSTAR CARBON FIBER,3,0.00000000,NONE,NONE,
6958947124294,BREEZE 2 (BLACK),2,0.00000000,NONE,NONE,
6958947124300,BREEZE 2(BLUE),2,0.00000000,NONE,NONE,
6958947124317,BREEZE 2 (RED),2,0.00000000,NONE,NONE,
6958947124324,BREEZE 2(GRAY),2,0.00000000,NONE,NONE,
6958947124331,ASPIRE BREEZE2 RAINBOW,2,0.00000000,NONE,NONE,
6958947124348,BREEZE 2 (GOLD),5,0.00000000,NONE,NONE,
6958947124461,ASPIRE REVO MINITANK,7,0.00000000,NONE,NONE,
6958947124546,ASPIRE REVVO MINI,5,0.00000000,NONE,NONE,
6958947124553,BREEZE 2 REPLACEMENT ATOMIZER,5,0.00000000,NONE,NONE,
6958947124713,NAUTILUS AIO KIT BLK,2,20.50000000,NONE,NONE,
6958947124775,COBBLE,2,0.00000000,NONE,NONE,6958947124768
6958947124850,COBBLE POD,5,0.00000000,NONE,NONE,
6958947124867,Nautilus AIO Replacement Coil,5,0.00000000,NONE,NONE,
6958947125024,SPRYTE,2,0.00000000,NONE,NONE,6958947124980
6958947125086,BREEZE 2 POD,7,0.00000000,NONE,NONE,
6958947125093,ASPIRE BREEZE 2 CAMO,2,0.00000000,NONE,NONE,
6958947125109,NAUTILUS AIO POD,5,3.50000000,NONE,NONE,
6958947125352,SPRYTE POD,5,0.00000000,NONE,NONE,
6958947125475,spryte coil 1.02,5,0.00000000,NONE,NONE,
6958947125581,ASPIRE REVO MINI TANK,7,0.00000000,NONE,NONE,
6958947125598,ASPIRE REVO RAINBOW TANK,7,0.00000000,NONE,NONE,
6958947126328,CLEITO MESH COIL,5,0.00000000,NONE,NONE,
6958947127202,TIGON 10-12W COILS,5,0.00000000,NONE,NONE,6958947127202
6958947127998,JOURNEY TO INFINITY AVP,5,0.00000000,NONE,NONE,
6958947128834,JOURNEY TO INFINITY AVP POD,5,0.00000000,NONE,NONE,6958947128384
6958947133371,ASPIRE MIXX MOD,3,0.00000000,NONE,NONE,
6958947135245,ASPIRE ZERO.G KIT BLACK,2,0.00000000,NONE,NONE,
6958947135252,ASPIRE ZERO.G STAINLESS STEEL,2,0.00000000,NONE,NONE,
696832887212,LB MENS ENHANCEMENT GUMMY,CBD,0.00000000,NONE,NONE,
696952911794,SPOOKY GREASE MONKEY 3G,ZIIPLAB,0.00000000,NONE,NONE,
696952911800,SPOOKY BLUE DREAM 3G,ZIIPLAB,0.00000000,NONE,NONE,
696952911817,SPOOKY GOLDEN GOAT 3G,ZIIPLAB,0.00000000,NONE,NONE,
696952911824,SPOOKY MK ULTRA 3G,ZIIPLAB,0.00000000,NONE,NONE,
696952911831,SPOOKY SUNSET SHERBERT 3G,ZIIPLAB,0.00000000,NONE,NONE,
696952911848,SPOOKY FORBIDDEN FRUIT 3G,ZIIPLAB,0.00000000,NONE,NONE,
696952911855,SPOOKY STRAWBERRY AMNESIA 3G,ZIIPLAB,0.00000000,NONE,NONE,
696952911862,SPOOKY SOUR DIESEL 3G,ZIIPLAB,0.00000000,NONE,NONE,
696952911879,SPOOKY GREEN CRACK 3G,ZIIPLAB,0.00000000,NONE,NONE,
696952911886,SPOOKY CART GREASE MONKEY 2G,CBD,0.00000000,NONE,NONE,
696952911893,SPOOKY CART BLUE DREAM 2G,CBD,0.00000000,NONE,NONE,
696952911909,SPOOKY CART SUNSET SHERBERT 2G,CBD,0.00000000,NONE,NONE,
696952911916,SPOOKY CART MK ULTRA 2G,CBD,0.00000000,NONE,NONE,
696952911923,SPOOKY CART GREEN CRACK 2G,CBD,0.00000000,NONE,NONE,
696952911930,SPPOKY CART SOUR DIESEL 2G,CBD,0.00000000,NONE,NONE,
6970186230048,CCELL NI200 .2OHM,5,2.50000000,NONE,NONE,
6970186230109,VP TARGET PRO KIT,2,53.45000000,NONE,NONE,
6970186230178,NALU RDA,6,17.90000000,NONE,NONE,
6970186230185,TARGET MINI KIT,2,35.99000000,NONE,NONE,
6970186230239,CCELL GD .5 OHM,5,0.00000000,NONE,NONE,
6970186230550,Eco Universal Coil,5,1.20000000,NONE,NONE,
6970186230581,Tarot Nano Starter Kit,2,40.99000000,NONE,NONE,6943498645145
6970186230673,PHIX ORIGINAL,PHIX LAB,13.50000000,NONE,NONE,
6970186230680,PHIX STRAWBERRY,PHIX LAB,13.50000000,NONE,NONE,
6970186230703,PHIX PODS BUTTERSCOTCH,PHIX LAB,13.50000000,NONE,NONE,
6970186230710,PHIX SPEARMINT,PHIX LAB,6.75000000,NONE,NONE,
6970186230765,EUC ECO UNIVERSAL COIL,5,0.00000000,NONE,NONE,6943498648375
6970186230772,EUC CERAMIC COILS EACH,5,0.00000000,NONE,NONE,6970186230826
6970186230857,AURORA START KIT,6,0.00000000,NONE,NONE,
6970186230901,VECO ONE PLUS,2,0.00000000,NONE,NONE,
6970186231021,TAROT NANO RAINBOW,2,0.00000000,NONE,NONE,6970186231021
6970186231090,VECO SOLO KIT (BLACK),2,0.00000000,NONE,NONE,
6970186231106,VECO SOLO,2,0.00000000,NONE,NONE,
6970186231113,VECO SOLO (RAINBOW),2,0.00000000,NONE,NONE,
6970186231120,VECO SOLO KIT (BLUE),2,0.00000000,NONE,NONE,
6970186231755,VECO SOLO PLUS (SILVER),2,0.00000000,NONE,NONE,
6970186231762,VECO SOLO PLUS (RAINBOW),2,0.00000000,NONE,NONE,
6970186231786,REVENGER KIT,2,0.00000000,NONE,NONE,6970186231793
6970186231847,REVENGER MOD,3,0.00000000,NONE,NONE,6970186231854
6970186231854,SWAG KIT,2,0.00000000,NONE,NONE,
6970186231984,GT CORES NRG TANK,5,0.00000000,NONE,NONE,6943498600175
6970186232219,PHIX STARTER KIT,PHIX LAB,0.00000000,NONE,NONE,
6970186232332,REVENGER KIT NEW,2,0.00000000,NONE,NONE,6970186232318
6970186232486,INFUSION COOL MELON,PHIX LAB,13.50000000,NONE,NONE,
6970186232653,Tarot Nano Kit Dead Walker,2,0.00000000,NONE,NONE,
6970186232660,Tarot Nano Kit Soul Fire,2,0.00000000,NONE,NONE,
6970186236484,CASCADE TANK,7,0.00000000,NONE,NONE,
6970186236491,REVENGER KIT (FREEDOM),2,0.00000000,NONE,NONE,
6970186236750,GTM COIL,5,0.00000000,NONE,NONE,
6970186239126,REVENGER MINI KIT (BLACK),2,0.00000000,NONE,NONE,
6970186239140,REVENGER MINI KIT (SILVER),2,0.00000000,NONE,NONE,
6970186239164,REVENGER MINI KIT (RED),2,0.00000000,NONE,NONE,
6970186239188,REVENGER MINI KIT (BLUE),2,0.00000000,NONE,NONE,
6970186239409,SWITCHER WITH NRG,2,0.00000000,NONE,NONE,
6970186239461,SWITCHER MOD,3,0.00000000,NONE,NONE,6970186239478
6970232210178,TF-RDTA,6,21.50000000,NONE,NONE,
6970232210291,Knight Kit 80w,2,0.00000000,NONE,NONE,
6970232210352,H-PRIV 200W,3,45.00000000,NONE,NONE,
6970232210604,KOOPER 300W MOD,3,39.99000000,NONE,NONE,
6970232210635,TFV8,7,24.75000000,NONE,NONE,
6970232210673,V8-RBA TFV8 Tank,5,0.00000000,NONE,NONE,
6970232210680,V8 Q4 COIL,5,0.00000000,NONE,NONE,
6970232210697,V8-T8 OCTUPLE COIL,5,0.46000000,NONE,NONE,
6970232210703,V8-T6 COIL,5,3.00000000,NONE,NONE,
6970232210888,MINOS-Q2 .3 OHM,5,2.98000000,NONE,NONE,
6970232210901,HELMET CLP 0.4OHM,5,0.00000000,NONE,NONE,6970232210994
6970232210918,MICRO ONE 150 KIT,2,48.60000000,NONE,NONE,
6970232210932,CLOUD BEAST V8 REPLACEMENT,8,0.00000000,NONE,NONE,1624000800010
6970232211434,V8-X4 COILS,5,0.00000000,NONE,NONE,1424003500012
6970232211632,OSUB 80W KIT,2,0.00000000,NONE,NONE,6970232212974
6970232211816,XCUBE ULTRA 22OW,3,49.90000000,NONE,NONE,6970232211830
6970232212028,G-PRIV 220W MOD,3,70.00000000,NONE,NONE,6940695603183
6970232212189,BRIT ONE MINI KIT,2,17.50000000,NONE,NONE,6970232212172
6970232212196,V8 BABY - Q2,5,0.00000000,NONE,NONE,1424003700016
6970232212219,BABY BEAST REPLACEMENT GLASS,8,0.00000000,NONE,NONE,1624002800018
6970232212226,V8 BABY - T8,5,0.00000000,NONE,NONE,6970232212547
6970232212233,TREEBOX PLUS,3,0.00000000,NONE,NONE,
6970232212271,BRIT MINI BM2 0.6,5,0.00000000,NONE,NONE,
6970232212295,B2 Coils,5,0.00000000,NONE,NONE,
6970232212349,HELMET NANO .6OHM COIL,5,0.00000000,NONE,NONE,6970232211021
6970232212387,OSUB 60W MINI,2,25.00000000,NONE,NONE,1824001700023
6970232212424,Vape Pen 22,2,0.00000000,NONE,NONE,6970232212493
6970232212516,ALIEN KIT,2,52.99000000,NONE,NONE,503059
6970232212547,V8 BABY-T6,5,0.00000000,NONE,NONE,
6970232212561,STICK X8 KIT,2,0.00000000,NONE,NONE,6940695600922
6970232212585,Vape Pen 22 Coils,5,0.00000000,NONE,NONE,6970232216811
6970232212950,TFV8 COLORED,7,25.75000000,NONE,NONE,6970232213247
6970232212998,Big Baby Beast Color,7,0.00000000,NONE,NONE,603083
6970232213063,G-PRIV 220W KIT,2,73.99000000,NONE,NONE,6970232213575
6970232213209,H-PRIV PRO,2,50.00000000,NONE,NONE,6970232213193
6970232213254,V8 BABY-M2 COILS,5,0.00000000,NONE,NONE,6970232215067
6970232213353,OSUB One Kit,2,40.00000000,NONE,NONE,170215602510
6970232213360,G320 MARSHAL KIT BLK,2,50.00000000,NONE,NONE,6970232213377
6970232213742,PRIV ONE KIT,5,0.00000000,NONE,NONE,6970232213735
6970232213902,ALIEN MOD,3,0.00000000,NONE,NONE,6970232211786
6970232213957,STICK V8 KIT,2,30.00000000,NONE,NONE,1824002600056
6970232214350,MAJESTY KIT (PURPLE CARBON),2,0.00000000,NONE,NONE,
6970232214367,MAJESTY KIT (RED CARBON),2,0.00000000,NONE,NONE,
6970232214381,MAJESTY KIT (BLUE CARBON),2,0.00000000,NONE,NONE,
6970232214398,SMOK MAJESTY (BLUE RESIN),2,0.00000000,NONE,NONE,
6970232214411,MAJESTY KIT (YELLOW RESIN),2,0.00000000,NONE,NONE,
6970232214428,MAJESTY KIT (GREEN RESIN),2,0.00000000,NONE,NONE,
6970232214626,V8 X-BABY COILS,5,0.00000000,NONE,NONE,6970232210437
6970232214756,SKYHOOK RDTA BOX KIT,2,45.00000000,NONE,NONE,6970232214701
6970232214961,G80 KIT with battery,2,0.00000000,NONE,NONE,6970232214947
6970232215029,OSUB One .2 ohm coil,5,1.50000000,NONE,NONE,
6970232215111,Alien Kit Rainbow,2,0.00000000,NONE,NONE,
6970232215159,GX350 KIT,2,60.00000000,NONE,NONE,6970232215142
6970232215173,GX350 Mod,3,0.00000000,NONE,NONE,6970232215203
6970232215319,AL-85 KIT gold gold,2,40.00000000,NONE,NONE,6970232214657
6970232215326,AL85 GUN METAL KIT,2,0.00000000,NONE,NONE,
6970232215494,TF-V12 (GOLD),7,0.00000000,NONE,NONE,
6970232215586,V12-X4 coils,5,0.00000000,NONE,NONE,
6970232215593,V12-Q4 coils,5,0.00000000,NONE,NONE,
6970232215609,V12-T6 COIL,5,0.00000000,NONE,NONE,
6970232215616,V12-T12 Coils,5,0.00000000,NONE,NONE,
6970232215654,TFV12 Pyrex Glass Tube,8,0.00000000,NONE,NONE,
6970232215661,V-12-RBA,5,0.00000000,NONE,NONE,
6970232215685,CLOUD BEAST KING TFV - 12,7,0.00000000,NONE,NONE,6970232215227
6970232215807,Vape Pen 22 Red,2,0.00000000,NONE,NONE,
6970232215852,Q-BOX 50W KIT,2,0.00000000,NONE,NONE,6970232215838
6970232215951,G-PRIV RAINBOW KIT,2,0.00000000,NONE,NONE,
6970232216002,ALIEN KIT FULL RAINBOW,2,0.00000000,NONE,NONE,
6970232216088,V12-T8 COILS,5,0.00000000,NONE,NONE,
6970232216095,ALIEN KIT FULL GOLD,2,0.00000000,NONE,NONE,
6970232216644,VAPE PEN TANK,7,0.00000000,NONE,NONE,
6970232216774,TF-V12 (GUNMETAL),7,0.00000000,NONE,NONE,
6970232217030,VAPE PEN X4,5,0.00000000,NONE,NONE,
6970232217610,V12-T14 COILS,5,0.00000000,NONE,NONE,
6970232217757,GX2/4 Kit,2,0.00000000,NONE,NONE,6970232217702
6970232217948,GX2/4 350 watt Mod,3,0.00000000,NONE,NONE,6970232217887
6970232218068,T-PRIV KIT (BLACK & RED),2,0.00000000,NONE,NONE,
6970232218075,T-PRIV KIT,2,0.00000000,NONE,NONE,
6970232218099,T-PRIV KIT (RED),2,0.00000000,NONE,NONE,
6970232218327,T-PRIV KIT (RAINBOW),2,0.00000000,NONE,NONE,
6970232218372,T-PRIV MOD (BLACK/RED),3,0.00000000,NONE,NONE,
6970232218402,T-PRIV MOD (7 COLOR),3,0.00000000,NONE,NONE,
6970232218419,T-PRIV MOD (SILVER),3,0.00000000,NONE,NONE,
6970232218495,PROCOLOR MOD (BLUE),3,0.00000000,NONE,NONE,
6970232218501,PROCOLOR MOD (RAINBOW),3,0.00000000,NONE,NONE,
6970232218518,PROCOLOR MOD (BLACK),3,0.00000000,NONE,NONE,
6970232218549,PROCOLOR MOD (SILVER),3,0.00000000,NONE,NONE,
6970232218655,PROCOLOR KIT,2,0.00000000,NONE,NONE,6970232218686
6970232218679,PROCOLOR KIT (RAINBOW),2,0.00000000,NONE,NONE,
6970232218686,PROCOLOR KIT (BLACK),2,0.00000000,NONE,NONE,
6970232218877,T-PRIV MOD (GOLD),3,0.00000000,NONE,NONE,6970232219423
6970232219089,TFV8 X-BABY,7,0.00000000,NONE,NONE,6970232219126
6970232219256,T-PRIV KIT (ORANGE),2,0.00000000,NONE,NONE,
6970232219263,T-PRIV KIT (WHITE/RAINBOW),2,0.00000000,NONE,NONE,
6970232219287,T-PRIV KIT (GREEN),2,0.00000000,NONE,NONE,
6970232219300,T-PRIV MOD (AUTO BLUE),3,0.00000000,NONE,NONE,
6970232219324,T-PRIV MOD (ORANGE),3,0.00000000,NONE,NONE,
6970232219379,T-PRIV KIT (BLACK/RAINBOW),2,0.00000000,NONE,NONE,
6970232219386,T-PRIV KIT (YELLOW),2,0.00000000,NONE,NONE,
6970232219416,T-PRIV MOD (BLACK/RAINBOW),3,0.00000000,NONE,NONE,
6970232219423,T-PRIV MOD (YELLOW),3,0.00000000,NONE,NONE,
6970232219560,T-PRIV MOD (PINK),3,0.00000000,NONE,NONE,
6970232219591,MAJESTY MOD (RED CARBON),3,0.00000000,NONE,NONE,
6970232219638,PRIV V8 KIT,2,0.00000000,NONE,NONE,6940695601301
6970232219706,OSUB KING KIT,2,0.00000000,NONE,NONE,
6970305340955,CROWN 3 0.4 OHM,5,0.00000000,NONE,NONE,
6970305340962,CROWN 3 COILS .25 OHM,5,0.00000000,NONE,NONE,6970305340955
6970305341150,VALYRIAN (SILVER),7,0.00000000,NONE,NONE,
6970305341167,VALYRIAN (BLACK),7,0.00000000,NONE,NONE,
6970305341174,VALYRIAN(BLUE),7,0.00000000,NONE,NONE,
6970305341181,VALYRIAN (PURPLE),7,0.00000000,NONE,NONE,
6970305341198,VALYRIAN (RAINBOW),7,0.00000000,NONE,NONE,
6970305341204,VALYRIAN COIL .15 OHM EACH,5,0.00000000,NONE,NONE,
6970305344205,CROWN IV TANK,7,0.00000000,NONE,NONE,6970305344212
6970305344557,VALYRIAN II KIT WHITE,2,0.00000000,NONE,NONE,
6970305344571,VALYRIAN II KIT RED,2,0.00000000,NONE,NONE,
6970305344595,VALYRIAN II KIT BLUE,2,0.00000000,NONE,NONE,
6970305344731,UWELL BLOCK MOD,3,32.00000000,NONE,NONE,
6970305344755,CROWN IV COIL,5,0.00000000,NONE,NONE,
6970305344762,Crown IV coil 0.4 ohm,5,0.00000000,NONE,NONE,
6970305344786,VALYRIAN 2 TANK STAINLESS STEE,7,0.00000000,NONE,NONE,
6970305344793,VALYRIAN 2 TANK BLACK,7,0.00000000,NONE,NONE,
6970305344809,VALYRIAN 2 TANK IRIDESCENT,8,0.00000000,NONE,NONE,
6970305344816,VALYRIAN 2 TANK SAPHIRE BLUE,7,0.00000000,NONE,NONE,
6970305344823,VALYRIAN II PURPLE TANK,7,0.00000000,NONE,NONE,
6970305344847,VALYRIAN 2 COIL,5,0.00000000,NONE,NONE,
6970305344854,VALYRIAN II QUAD COIL EACH,5,4.50000000,NONE,NONE,6970305345684
6970305344861,VALYRIAN II TRIPLE MESH EACH,5,0.00000000,NONE,NONE,
6970305345493,CROWN IV COIL UN2,5,0.00000000,NONE,NONE,
6970305345721,UWELL CALIBURN KIT,2,0.00000000,NONE,NONE,05GA9B9DIEIE6068
6970305345844,CALIBURN POD 1.4 EACH,5,0.00000000,NONE,NONE,
6970305346513,VALYRIAN COIL .18 OHM/ EACH,5,0.00000000,NONE,NONE,
6970305346551,NUNCHAKU COIL UN2 EACH,5,0.00000000,NONE,NONE,
6970305346667,VALYRIAN 2 TANK RED & BLACK,7,0.00000000,NONE,NONE,
6970305347145,AMULET POD KIT,2,28.00000000,NONE,NONE,
6970305347169,AMULET POD,5,6.50000000,NONE,NONE,
697030534812805bd9b2,U-WELL CROWN POD SYSTEM,3,0.00000000,NONE,NONE,6970305348128
6970305348432,U-WELL CROWN POD1 EACH,5,0.00000000,NONE,NONE,6970305348425
6970305348463,KOKO KIT G1,2,0.00000000,NONE,NONE,6970305348463
6970305348548,CALIBURN/KOKO PODS EACH,5,0.00000000,NONE,NONE,6970305348548
6970305348876,UWELL TRIPOD 1.2 POD *EACH*,5,0.00000000,NONE,NONE,
6970305348890,UWELL TRIPOD KIT BLACK,2,0.00000000,NONE,NONE,
6970305348906,UWELL TRIPOD KIT METALIC GREEN,2,0.00000000,NONE,NONE,
6970305348913,UWEL KIT TRIPOD BLACK AND GOLD,2,0.00000000,NONE,NONE,
6970305349231,UWELL CALIBURN G KIT,2,0.00000000,NONE,NONE,
6970305349248,UWELL CALIBURN G KIT GREY,2,0.00000000,NONE,NONE,
6970305349255,CALIBURN G ROSY BROWN,2,0.00000000,NONE,NONE,
6970305349262,UWELL CALIBURN G KIT RED,2,0.00000000,NONE,NONE,
6970305349279,UWELL CALIBURN G KIT GREEN,2,0.00000000,NONE,NONE,
6970305349286,UWELL CALIBURN G KIT BLUE,2,0.00000000,NONE,NONE,
6970305349354,UWELL CALIBURN G POD EACH,5,0.00000000,NONE,NONE,6941736500027
6970305349378,CALIBURN G 1.0 COIL *EACH*,5,0.00000000,NONE,NONE,
6970305349484,CALIBURN G COIL,5,0.00000000,NONE,NONE,
6970305349798,UWELL CROWN V MESH .23 EACH,5,0.00000000,NONE,NONE,
6970305349903,CALIBURN KOKO PRIME KIT,2,0.00000000,NONE,NONE,6970305349897
6970313640337,Kenthal A1 26ga 30ft,5,0.00000000,NONE,NONE,
6970313640566,RAZ RYL 35K WHITE YUMMY ICE,ZIIPLAB,0.00000000,NONE,NONE,
6970313641181,RAZ DC25K FRZ DRGN LMN,ZIIPLAB,0.00000000,NONE,NONE,
6970313641204,RAZ DC25K FRZ RASP WTRMLN,ZIIPLAB,0.00000000,NONE,NONE,6972866507464
6970313641372,RAZTN9000 WHITE GUMMY GRAPE,ZIIPLAB,0.00000000,NONE,NONE,
6970313641396,RAZ TN9000 STRAW ORANGE MANGO,ZIIPLAB,0.00000000,NONE,NONE,
6970313641402,RAZ TN9000 BLU RAZ B POP,ZIIPLAB,0.00000000,NONE,NONE,
6970313641716,RAZ DC25K FRZ CHERRY APPLE,ZIIPLAB,0.00000000,NONE,NONE,6972866507501
6970313641921,GV H45 RUBBER WHITE,2,0.00000000,NONE,NONE,
6970313642058,GV H45 MINT GREEN,2,0.00000000,NONE,NONE,
6970313642065,GV H45 LIME GREEN,2,0.00000000,NONE,NONE,
6970313642072,GV H45 LIGHT GREEN,2,0.00000000,NONE,NONE,
6970313642089,GV H45 SKY BLUE,2,0.00000000,NONE,NONE,
6970313642096,GV H45 GRAY BLUE,2,0.00000000,NONE,NONE,
6970313642119,RAZ TN9000 STRAW WTRMLN,ZIIPLAB,0.00000000,NONE,NONE,
6970313642164,RAZ DC25K NY MINT,ZIIPLAB,0.00000000,NONE,NONE,6972866506641
6970313642188,RAZ DC25K PINK LEM MINTY O,ZIIPLAB,0.00000000,NONE,NONE,6972866506665
6970313642331,RAZ RYL 35K SOUR APPLE ICE,ZIIPLAB,0.00000000,NONE,NONE,
6970313642362,RAZ DC25K  FRZ JUICY STRAW,ZIIPLAB,0.00000000,NONE,NONE,
6970313642393,RAZ DC25K FRZ BANANA,ZIIPLAB,0.00000000,NONE,NONE,6972866507488
6970313642522,RAZ RYL 35K ICY MINT,ZIIPLAB,0.00000000,NONE,NONE,
6970313642546,RAZ RYL 35K RAINBOW,ZIIPLAB,0.00000000,NONE,NONE,
6970313642560,RAZ RYL 35K ORANGE MANGO,ZIIPLAB,0.00000000,NONE,NONE,
6970313642584,RAZ RYL 35K BLUE RAZ ICE,ZIIPLAB,0.00000000,NONE,NONE,
6970313642607,RAZ RYL 35K MIAMI MINT,ZIIPLAB,0.00000000,NONE,NONE,
6970313642621,RAZ RYL 35K TRIPLE BERRY,ZIIPLAB,0.00000000,NONE,NONE,
6970313642645,RAZ RYL 35K RAZBERY WATERMELON,ZIIPLAB,0.00000000,NONE,NONE,
6970313642669,RAZ RYL 35K SOUR STRAWBERRY,ZIIPLAB,0.00000000,NONE,NONE,
6970313642706,RAZ RYL 35K PEACH PASNFRUIT,ZIIPLAB,0.00000000,NONE,NONE,
6970313642720,RAZ RYL 35K WATERMELON ICE,ZIIPLAB,0.00000000,NONE,NONE,
6970313643543,RAZ TN9000 BLACK CHERRY KIWI,ZIIPLAB,0.00000000,NONE,NONE,
6970313643567,RAZ TN9000 DAY CRAWLER,ZIIPLAB,0.00000000,NONE,NONE,
6970313643970,AEGIS MINI KIT STEALTH BLACK,2,0.00000000,NONE,NONE,6970313645585
6970313644175,MECH PRO KIT,2,0.00000000,NONE,NONE,
6970313644526,GREEKVAPE PRE BUILT COILS,5,0.00000000,NONE,NONE,6970313644502
6970313644892,AEGIS 100W MOD BLACK,3,0.00000000,NONE,NONE,
6970313644908,AEGIS 100W MOD YELLOW,3,0.00000000,NONE,NONE,
6970313644915,AEGIS 100W MOD GUNMETAL,3,0.00000000,NONE,NONE,
6970313645134,GEEKVAPE M100 CLASSIC BLACK,2,0.00000000,NONE,NONE,
6970313645141,Geekvape M100 rainbow,2,0.00000000,NONE,NONE,
6970313645165,GEEKVAPE M100 KIT SILVER,2,0.00000000,NONE,NONE,
6970313645172,GEEKVAPE M100 KIT GREY,2,0.00000000,NONE,NONE,
6970313645202,ATHENA SQUONK KIT (BLACK),2,0.00000000,NONE,NONE,
6970313645219,ATHENA SQUONK KIT (SILVER),2,0.00000000,NONE,NONE,
6970313645226,ATHENA SQUONK KIT (BLUE),2,0.00000000,NONE,NONE,
6970313645585,AEGIS MINI BLACK & RED,2,0.00000000,NONE,NONE,
6970313645592,AEGIS MINI KIT BLUE,2,0.00000000,NONE,NONE,
6970313645608,AEGIS MINI BLACK& GREEN,2,0.00000000,NONE,NONE,
6970313645820,GEEKVAPE Z 0.15 COIL EACH,5,0.00000000,NONE,NONE,
6970313646001,aegis nano kit red,2,0.00000000,NONE,NONE,6970313647107
6970313646155,aegis nano kit blue,2,0.00000000,NONE,NONE,
6970313646162,aegis nano kit yellow,2,0.00000000,NONE,NONE,6970313647121
6970313646445,aegis nano kit camo green,2,0.00000000,NONE,NONE,6970313647145
6970313647381,AEGIS NANO POD EACH,5,0.00000000,NONE,NONE,6970313647565
6970313647404,BLADE 235W MOD,3,0.00000000,NONE,NONE,
6970313647589,GEEKVAPE M 0.15 QUADRA COIL,5,0.00000000,NONE,NONE,
6970313647619,AEGIS LEGEND MOD 200W,3,0.00000000,NONE,NONE,6970313641792
6970313647800,LOOP RDA BLACK,6,0.00000000,NONE,NONE,
6970313648081,ZEUS BUBBLE GLASS,10,0.00000000,NONE,NONE,
6970313648449,RAZ LTX STRAW PEACH GUSH,ZIIPLAB,0.00000000,NONE,NONE,6978269660539
6970313648548,RAZ LTX WHITE GRAPE GUSH,ZIIPLAB,0.00000000,NONE,NONE,6972777971033
6970313648562,RAZ LTX TROPICAL GUSH,ZIIPLAB,0.00000000,NONE,NONE,6978269660386
6970313648586,RAZ LTX BLU RAZZ GUSH,ZIIPLAB,0.00000000,NONE,NONE,6972777971286
6970313648685,GEEK VAPE BOOST COIL 1/EACH,5,0.00000000,NONE,NONE,6970313645578
6970313648760,RAZ LTX TRIPPLE BERRY GUSH,ZIIPLAB,0.00000000,NONE,NONE,
6970313648784,ZEUS RTA,6,22.00000000,NONE,NONE,6971894243382
6970313649040,AEGIS LEGEND KIT(AERO TANK),3,37.83000000,NONE,NONE,2002
6970313649750,Aegis Legend 2 Silver,2,0.00000000,NONE,NONE,
6970313649798,Aegis Legend 2 Rainbow,2,0.00000000,NONE,NONE,
6970323070254,MESH COIL OWL,5,0.00000000,NONE,NONE,
6970323070384,OWL TANK,7,0.00000000,NONE,NONE,
6970470011254,Reuleaux RXMini Kit,2,38.99000000,NONE,NONE,
6970470011308,REULEAUX RX300,3,0.00000000,NONE,NONE,
6970470011391,Predator 228 Kit,2,0.00000000,NONE,NONE,6970470011407
6970470011421,PREDATOR 228 KIT (GOLD),2,0.00000000,NONE,NONE,
6970470011469,Predator 228 MOD,3,0.00000000,NONE,NONE,6970470011476
6970470011612,ExoSkeleton ES300,2,0.00000000,NONE,NONE,6970470011605
6970470011995,REULEAUX RX GEN3 MOD,3,0.00000000,NONE,NONE,
6970470012015,REULEAUX GEN3 MOD (GREY),3,0.00000000,NONE,NONE,
6970470012039,REULEAUX GEN3 MOD GREEN,3,0.00000000,NONE,NONE,
6970470012053,REULEAUX RXGEN3 (BLACK),2,0.00000000,NONE,NONE,
6970470012060,Reauleaux RX Gen3 Brown,2,0.00000000,NONE,NONE,
6970470012077,REULEAUX RXGEN3 KIT (GREY),2,0.00000000,NONE,NONE,
6970470012091,REULEAUX RXGEN3 KIT (GREEN),2,0.00000000,NONE,NONE,
6970470012305,REULEAUX RX MACHINA,2,0.00000000,NONE,NONE,6970470012299
6970470012626,REULEAUX RX2 20700,3,0.00000000,NONE,NONE,
6970470012886,RAVAGE 230 MOD (BLACK),3,0.00000000,NONE,NONE,
6970470012893,RAVAGE 230 MOD (CUSTOM BLUE),3,0.00000000,NONE,NONE,
6970470015030,ELABO COILS,5,0.00000000,NONE,NONE,
6970470015122,WT-V3 .17 OHM COILS,5,0.00000000,NONE,NONE,
6970470015337,WM03 TRIPLE .2OHM,5,0.00000000,NONE,NONE,N14006004501
6970470018338,LUXOTIC BF BOX,2,0.00000000,NONE,NONE,6970470018284
6970493050322,OHM STICK MECH MOD,2,0.00000000,NONE,NONE,6970493050322
6970612601039,DROP RDA BLACK/SILVER,6,0.00000000,NONE,NONE,6970612602067
6970612601046,DROP RDA SILVER,6,0.00000000,NONE,NONE,
6970612601176,MESH PRO RDA,6,0.00000000,NONE,NONE,6970612601183
6970612601374,DROP RDA MATTE BLACK,6,0.00000000,NONE,NONE,
6970612601381,DROP RDA GUM METAL,6,0.00000000,NONE,NONE,
6970612601398,DROP RDA BLUE,6,0.00000000,NONE,NONE,
6970612601404,DROP RDA GOLD,6,0.00000000,NONE,NONE,
6970612602609,EDGE KIT - BLACK,2,0.00000000,NONE,NONE,
6970612606270,XP 77W KIT,2,0.00000000,NONE,NONE,
6970612606300,XP 77W KIT AURORA,2,0.00000000,NONE,NONE,
6970612606317,XP 77W KIT,2,0.00000000,NONE,NONE,
6970635160070,SMOANT RABOX,3,0.00000000,NONE,NONE,
6970635160209,SMOANT CHARON 218W MOD,3,0.00000000,NONE,NONE,
6970635160308,CHARON TS 218 RAINBOW,3,0.00000000,NONE,NONE,
6970635160414,SMOANT CYLON MOD (BLACK),3,0.00000000,NONE,NONE,
6970635160421,RANKER,3,0.00000000,NONE,NONE,
6970635160773,CHARON MINI 225W RAINBOW,3,0.00000000,NONE,NONE,
6970635161947,BATTLESTAR SQUONKER KIT,2,0.00000000,NONE,NONE,
6970640510259,MYSTIQUE MESH TANK DESPOSABLE,7,0.00000000,NONE,NONE,
6970640511225,IJOY SOLO V2 PRO 200W,3,0.00000000,NONE,NONE,
6970640511324,IJOY SHOGUN KIT,2,0.00000000,NONE,NONE,6970640511317
6970640511454,MAXO V12 RAINBOW,7,0.00000000,NONE,NONE,
6970640512116,DIAMOND PD270 KIT,2,0.00000000,NONE,NONE,6970640513472
6970640512253,CAPTOIN X3 COIL,5,0.00000000,NONE,NONE,6970640514059
6970640512550,iJOY 20700 3000 mAh,4,0.00000000,NONE,NONE,6970640512550
6970640512567,IJOY COMBO SRDA,6,0.00000000,NONE,NONE,
6970640512659,CIGPET ECO RDA TANK,6,0.00000000,NONE,NONE,
6970640512789,COMBO RDA,6,0.00000000,NONE,NONE,
6970640513571,MAXO ZENITH MOD,3,0.00000000,NONE,NONE,
6970640513595,IJOY CAPTAIN COILS,5,0.00000000,NONE,NONE,
6970640513854,Captain PD270 mod,3,0.00000000,NONE,NONE,6970640514660
6970640513878,CAPTAIN SUBOHM TANK,7,0.00000000,NONE,NONE,6970640513878
6970640514363,CAPTAIN PD1865 KIT BLACK,2,0.00000000,NONE,NONE,
6970640514806,DIAMOND VPC KIT,2,0.00000000,NONE,NONE,6970640514851
6970640515063,IJOY AVENGER BABY,2,0.00000000,NONE,NONE,6970640514950
6970640515124,unipod 3 pack,5,0.00000000,NONE,NONE,
6970640515988,CAPO 100 KIT,2,0.00000000,NONE,NONE,
6970640516084,AVENGER SUBOHM TANK (BLACK),7,0.00000000,NONE,NONE,
6970640516091,AVENGER SUBOHM TANK (BLUE),7,0.00000000,NONE,NONE,
6970640516251,DIAMOND PD270,3,0.00000000,NONE,NONE,
6970640516282,AVENGER KIT(MATTE BLACK),2,0.00000000,NONE,NONE,
6970640516350,CIGPET RESIN DRIP TIP,8,0.00000000,NONE,NONE,
6970640516404,AVENGER MOD,3,0.00000000,NONE,NONE,6970640516428
6970640516626,IJOY 20350 BATTERY,4,0.00000000,NONE,NONE,
6970640516794,IJOY CAPTAIN MINI EACH,5,0.00000000,NONE,NONE,
6970640516930,SABER,2,0.00000000,NONE,NONE,6970640516923
6970773860030,ASVAPE MICHAEL,2,0.00000000,NONE,NONE,6970773860030
6970810460025,X200,3,0.00000000,NONE,NONE,
6970810460049,DRAG Mod,3,0.00000000,NONE,NONE,
6970810460087,VOOPOO DEMON RDA,6,0.00000000,NONE,NONE,
6970810460100,MOJO KIT,2,0.00000000,NONE,NONE,
6970810460155,VOOPOO TOO KIT(TURQUISE),2,0.00000000,NONE,NONE,
6970810460292,VOOPOO A-1(BLACK),2,0.00000000,NONE,NONE,
6970810460308,VOOPOO DRAG KIT RAINBOW,2,0.00000000,NONE,NONE,
6970810460315,UFORCE U2,5,0.00000000,NONE,NONE,
6970810460391,UFORCE U4,5,0.00000000,NONE,NONE,
6970810460438,GOLD DRAG KIT,2,0.00000000,NONE,NONE,
6970810460452,UFORCE U6 COIL,5,0.00000000,NONE,NONE,
6970810460469,UFORCE U8 COIL EACH,5,0.00000000,NONE,NONE,
6970810460476,UFORCE N1,5,0.00000000,NONE,NONE,
6970810460551,PANDA POD KIT,2,0.00000000,NONE,NONE,6970810460551
6970810460643,PANDA POD .8OHM,5,2.50000000,NONE,NONE,
6970810460735,PANDA POD 1.2OHM,5,2.50000000,NONE,NONE,
6970810460995,VFL PODS,5,0.00000000,NONE,NONE,
6970810461015,UFORCE N2,5,0.00000000,NONE,NONE,
6970810461077,VFL,2,0.00000000,NONE,NONE,6970810461107
6970810461343,VMATE,3,0.00000000,NONE,NONE,6970810461039
6970810461466,CALIBER,2,0.00000000,NONE,NONE,6970810460704
6970810461930,DRAG 2 KIT,2,0.00000000,NONE,NONE,6970810461947
6970810462005,VOOPOO DRAG 2 MOD,3,0.00000000,NONE,NONE,
6970810462326,UFORCE N3 COIL,5,2.47000000,NONE,NONE,
6970810462340,UFORCE P2 DRAG MINI,5,0.00000000,NONE,NONE,
6970810462517,DRAG MINI KIT,2,0.00000000,NONE,NONE,6970810462302
6970810465747,VOOPOO X-217 MOD,3,0.00000000,NONE,NONE,6970810465754
6970810466041,VOOPOO DRAG 2 PLATINUM MOD,3,0.00000000,NONE,NONE,6970810466041
6970810466683,FINIC 16 KIT,3,0.00000000,NONE,NONE,6970810466676
6970810466898,YC-R1 FINIC KIT COIL,5,0.00000000,NONE,NONE,
6970810467109,ALPHA ZIP KIT,3,0.00000000,NONE,NONE,6970810467093
6970810467420,DRAG MINI PLATINUM,2,0.00000000,NONE,NONE,6970810467413
6970810467604,DRAG 2 PLATINUM,2,0.00000000,NONE,NONE,
6970810467710,VOOPOO FINIC FISH,5,0.00000000,NONE,NONE,6970810467697
6970810467956,MT-M2 DUAL MESH COIL,5,0.00000000,NONE,NONE,
6970810467970,MT-M3 TRIPLE MESH COIL,5,0.00000000,NONE,NONE,
6970810467994,DRAG NANO POD S1 each,5,0.00000000,NONE,NONE,
6970810468014,VOOPOO FINC FISH POD,5,0.00000000,NONE,NONE,
6970810468052,VOOPOO PNP-M2 COIL,5,0.00000000,NONE,NONE,
6970810468076,VOOPOO DRAG BABY,5,0.00000000,NONE,NONE,
6970810468632,VOOPOO MAAT,7,0.00000000,NONE,NONE,
6970810468656,MAAT TANK,7,0.00000000,NONE,NONE,
6970810468854,DRAG NANO KIT,2,0.00000000,NONE,NONE,6970810468830
6970810469202,VOOPOO DRAG BABY TRIO KIT,3,0.00000000,NONE,NONE,6970810469172
6970834000139,vandy vape tool kit,8,0.00000000,NONE,NONE,
6970834000825,KYLIN RTA,6,0.00000000,NONE,NONE,6970834009644
6970834001358,MESH RDA,6,0.00000000,NONE,NONE,6970834001341
6970834003864,VANDYVAPE LIT RDA RAINBOW,6,0.00000000,NONE,NONE,
6970834004496,VANDY VAPE PRE BUILT COILS,5,0.00000000,NONE,NONE,6970834004458
6970834004793,TRIPPLE II RTA,7,0.00000000,NONE,NONE,6970834004793
6970834004847,VANDY VAPE CABSTONE RDA,6,0.00000000,NONE,NONE,6970834004847
6970834008630,PULSE KIT SPL EDITION,2,61.00000000,NONE,NONE,6970834008623
6970834008999,M COIL FOR KYLIN RTA,AIR BEND,0.00000000,NONE,NONE,6970834009002
6970879590985,PUNK 220W(BLACK),3,0.00000000,NONE,NONE,6970879591005
6970879590992,TESLA PUNK MOD (RAINBOW),3,0.00000000,NONE,NONE,
6970879591340,CP COUPLES KIT,2,0.00000000,NONE,NONE,6970879591357
6970879591548,SLIVER KIT,2,0.00000000,NONE,NONE,6970879591524
6970879591562,SLIVER PODS EACH,5,0.00000000,NONE,NONE,
6970879591746,TPOD KIT,2,24.00000000,NONE,NONE,6970879591746
6970879591791,TPOD PODS EACH,5,0.00000000,NONE,NONE,
6970879591838,XT 220W,3,0.00000000,NONE,NONE,6970879591807
6970879591920,GT VAPE TOOL KIT,8,0.00000000,NONE,NONE,
6970879592415,XT MINI,3,0.00000000,NONE,NONE,6970879592422
6970879592880,TS-120X COIL,5,2.12000000,NONE,NONE,
6970879593122,PUNK 86W MOD,3,0.00000000,NONE,NONE,6970879593139
6970879593474,WYE II KIT,2,38.00000000,NONE,NONE,6970879593498
6970885740039,SUORIN AIR kit,2,0.00000000,NONE,NONE,193835000526
6970885740046,SUORIN AIR CARTRIDE,5,0.00000000,NONE,NONE,840141800165
6970891760120,GOLISI 18350 BATT EACH,4,0.00000000,NONE,NONE,
6970891769307,MEDO POD POPSICLE FLAVOR,ZIIPLAB,0.00000000,NONE,NONE,6970891769307
6970925914055,PODKING MAXX MANGO/PINA/PEACH,ZIIPLAB,0.00000000,NONE,NONE,
6970925914062,PODKING MAXX BANANA MILK,ZIIPLAB,0.00000000,NONE,NONE,6970925914475
6970925914093,PODKING MAXX TIGER BLOOD,ZIIPLAB,0.00000000,NONE,NONE,6973194250213
6970925914147,PODKING MAXX STRAW/WAT GUM,ZIIPLAB,0.00000000,NONE,NONE,
6970925914161,PODKING MAXX BLU ICE,ZIIPLAB,0.00000000,NONE,NONE,
6970925914185,PODKING MAXX LUSH ICE,ZIIPLAB,0.00000000,NONE,NONE,
6970925914192,PODKING MAXX STRAWBERRY LEMON,ZIIPLAB,0.00000000,NONE,NONE,
6970925914215,PODKING MAXX MIGHY MINT,ZIIPLAB,0.00000000,NONE,NONE,
6970925914321,POD KING MAXX APPLE HONEYDEW K,ZIIPLAB,0.00000000,NONE,NONE,
6970935850091,Rythm tank,7,0.00000000,NONE,NONE,
6971060681109,RDS DUAL SYSTEM KIT,2,0.00000000,NONE,NONE,6971060681161
6971060681185,RM SERIS MESH COIL *EACH*,5,0.00000000,NONE,NONE,6971060681185
6971097030048,SUORIN DROP,2,0.00000000,NONE,NONE,193835000823
6971097030062,SUORIN DROP CARTRIDGE,5,0.00000000,NONE,NONE,
6971097030079,VAGON CARTRIDGE,5,0.00000000,NONE,NONE,
6971097030154,SUORIN ISHARE,2,0.00000000,NONE,NONE,
6971097030161,SUORIN ISHARE BATTERY,2,0.00000000,NONE,NONE,
6971097030192,ISHARE CARTRIDGE,5,0.00000000,NONE,NONE,
6971097030925,SUORIN DROP (DIAMOND BLUE),2,0.00000000,NONE,NONE,
6971097030956,SUORIN VAGON,5,0.00000000,NONE,NONE,
6971131740643,CERAMIC ATOMIZER,5,0.00000000,NONE,NONE,3750
6971131740841,nexMESH Triple Density,5,0.00000000,NONE,NONE,
6971131740995,U-KEY DAZZVAPE,4,0.00000000,NONE,NONE,6971131740483
6971131741350,CLICK DEVICE,2,0.00000000,NONE,NONE,6971131741329
6971131741619,OFRF NEXMESH A1 COIL EACH,5,0.00000000,NONE,NONE,
6971131742029,waxxi glass atomizer,7,0.00000000,NONE,NONE,
6971131742036,waxii coil 1pc,5,0.00000000,NONE,NONE,
6971131763062,FIREBOLT COTTON,8,0.00000000,NONE,NONE,
6971154220054,evolve c dry kit,1,0.00000000,NONE,NONE,
6971154220146,EVOLVE-D,2,0.00000000,NONE,NONE,6971154222492
6971154220214,EVOLVE PLUS 2IN1,2,0.00000000,NONE,NONE,
6971154220221,EVOLVE 3-1,2,0.00000000,NONE,NONE,6971154220221
6971154220245,YOCAN UNI TWIST BATT,4,0.00000000,NONE,NONE,6971154224878
6971154220337,WIT KIT,2,0.00000000,NONE,NONE,
6971154220467,YOCAN STIX,1,0.00000000,NONE,NONE,
6971154220559,EVOLVE PLUS XL COIL EACH,5,0.00000000,NONE,NONE,1350
6971154220696,EVOLVE PLUS COIL EACH,5,0.00000000,NONE,NONE,
6971154220788,EVOLVE-D DRY HERB COIL*EACH*,5,0.00000000,NONE,NONE,
6971154222119,EVOLVE PLUS KIT,2,0.00000000,NONE,NONE,6971154222119
6971154222485,EVOLVE D BLACK,1,0.00000000,NONE,NONE,
6971154222980,UNI PRO BATTERY,4,0.00000000,NONE,NONE,101051004129
6971154223192,YOCAN HIT,2,0.00000000,NONE,NONE,6971154223185
6971154223505,DIVE MINI PEN,1,0.00000000,NONE,NONE,
6971154223635,DIVE MINI XTAL COIL,5,0.00000000,NONE,NONE,
6971154223642,YOCAN DIVE XTAL COIL,5,0.00000000,NONE,NONE,
6971154224311,YOCAN DIVE MINI,8,0.00000000,NONE,NONE,
6971154224335,YOCAN ARMOR CBD KIT SINGLE,4,0.00000000,NONE,NONE,
6971154224830,YOCAN,4,0.00000000,NONE,NONE,6971154224823
6971154225394,YOCAN DIVE MINI GREEN APPLE,2,0.00000000,NONE,NONE,
6971154225448,YOCAN DIVE MINI RAINBOW,2,0.00000000,NONE,NONE,
6971154225813,YOCAN FALCON BLK,1,0.00000000,NONE,NONE,
6971154226070,FALCON,8,0.00000000,NONE,NONE,
6971154226100,YOCAN BATTERY,4,0.00000000,NONE,NONE,
6971154226452,YOCAN REX,5,0.00000000,NONE,NONE,
6971154226568,YOCAN REX QUARTZ TRI COIL,5,0.00000000,NONE,NONE,
6971238560090,GRAFFITI 220W 7-COLOR,3,0.00000000,NONE,NONE,
6971238560106,GRAFFITI 220W GUN METAL,3,0.00000000,NONE,NONE,
6971251112009,SX MINI,3,0.00000000,NONE,NONE,
6971287090937,DRUGA FOXY,3,0.00000000,NONE,NONE,6971287090944
6971465280044,KADO STEALTH,2,0.00000000,NONE,NONE,
6971492191030,FREEMAX MESH PRO TANK,7,0.00000000,NONE,NONE,192786000005
6971492192891,FIRELUKE 2 TANK (M),7,0.00000000,NONE,NONE,192786001293
6971492193942,fireluke m tx mesh coil,5,0.00000000,NONE,NONE,
6971492193959,FIRELUKE M COILTX2 MESH EACH,5,0.00000000,NONE,NONE,
6971492193980,FIRELUKE M TX4 COIL,5,0.00000000,NONE,NONE,
6971548806154,CHILLAX FRESH BLUE RAZZ,ZIIPLAB,0.00000000,NONE,NONE,
6971548806192,CHILLAX BUBBLY GRAPE,ZIIPLAB,0.00000000,NONE,NONE,
6971548806215,CHILLAX TROPICAL FRUIT,ZIIPLAB,0.00000000,NONE,NONE,
6971548806222,CHILLAX MIXED BERRY,ZIIPLAB,0.00000000,NONE,NONE,
6971548806246,CHILLAX SWEET HONEYDEW ICE,ZIIPLAB,0.00000000,NONE,NONE,
6971548806253,CHILLAX FROZEN BANANA,ZIIPLAB,0.00000000,NONE,NONE,
6971548806260,CHILLAX GRAPEFRUIT SALTY DOG,ZIIPLAB,0.00000000,NONE,NONE,
6971648220553,FALCOM M1 COIL,5,0.00000000,NONE,NONE,
6971648220560,FALCON M2 COIL,5,3.00000000,NONE,NONE,U6971648220560
6971648221123,Falcon King Tank Bright Chrome,7,0.00000000,NONE,NONE,
6971648221147,FALCON M-DUAL COIL,5,0.00000000,NONE,NONE,
6971648221154,Falcon King Tank Carbon Black,7,0.00000000,NONE,NONE,
6971648221161,Falcon King Tank Black,7,0.00000000,NONE,NONE,
6971648221178,Falcon King Tank Blue,7,0.00000000,NONE,NONE,
6971648221208,Falcon King Tank Purple,7,0.00000000,NONE,NONE,
6971648221215,Falcon King Tank SS,7,0.00000000,NONE,NONE,
6971648221222,Falcon King Tank Rainbow,7,0.00000000,NONE,NONE,
6971648221413,FALCON BEAK SS METAL,2,0.00000000,NONE,NONE,
6971648221420,FALCON BEAK BLUE,2,0.00000000,NONE,NONE,
6971648221437,FALCON BEAK GUNMETAL,2,0.00000000,NONE,NONE,
6971648221444,FALCON BEAK RAINBOW,2,0.00000000,NONE,NONE,
6971648221451,FALCON BEAK BLACK,2,0.00000000,NONE,NONE,
6971648222113,HORIZON TECH FALCON 2,7,0.00000000,NONE,NONE,
6971648222168,FALCON II SECTOR MESH EACH,5,0.00000000,NONE,NONE,
6971648223264,SAKERZ 2 IN 1 MESH 0.17 COIL,5,0.00000000,NONE,NONE,
6971648227859,HORIZON TECH 100K COOL MINT,ZIIPLAB,0.00000000,NONE,NONE,
6971648227866,HORIZON TECH 100K MINT ICE,ZIIPLAB,0.00000000,NONE,NONE,
6971648227873,HorizonTech 100K SOUR APPLE,ZIIPLAB,0.00000000,NONE,NONE,
6971648227880,HorizonTech 100K PEACH ICE,ZIIPLAB,0.00000000,NONE,NONE,
6971648227903,HORIZON TECH 100K WATE ICE,ZIIPLAB,0.00000000,NONE,NONE,
6971648227910,HORIZON TECH 100K STRAW  SLUSH,ZIIPLAB,0.00000000,NONE,NONE,
6971648227934,HORIZON TECH 100K BRAZ SLUSHY,ZIIPLAB,0.00000000,NONE,NONE,
6971648227941,HORIZON TECH 100K CHERRY SLUSH,ZIIPLAB,0.00000000,NONE,NONE,
6971648227965,HORIZON TECH 100K GRAPE SLUSH,ZIIPLAB,0.00000000,NONE,NONE,
6971648229631,Aquila sub ohm tank black,7,0.00000000,NONE,NONE,
6971648229648,HORIZON TECH AQUILA,7,0.00000000,NONE,NONE,
6971648229655,HORIZON TECH AQUILA BLUE,7,0.00000000,NONE,NONE,
6971648229679,HORIZON TECH AQUILA RAINBOW,7,0.00000000,NONE,NONE,
6971648229686,AQUILA COILD *EACH*,5,0.00000000,NONE,NONE,
6971693770027,RINCOC POD,2,0.00000000,NONE,NONE,
6971693770140,METIS TRIPLE / QUAD MESH COIL,5,0.00000000,NONE,NONE,
6971693770225,MANTO S MESH 228W KIT,2,0.00000000,NONE,NONE,6971693770225
6971693770331,MECHMAN 228W MESH KIT,2,0.00000000,NONE,NONE,6971693770331
6971693770348,MECHMANMESHCOIL,5,0.95000000,NONE,NONE,6971693770348
6971698320043,HAVA LEMON KIT,2,12.50000000,NONE,NONE,
6971698320067,HAVA GOLIATH BEETLES KIT,2,31.00000000,NONE,NONE,
6971732600094,MOTIV 2,2,0.00000000,NONE,NONE,6971732600100
6971732600292,WISMEC ACTIVE MOD,3,0.00000000,NONE,NONE,6971732600308
6971732600728,WISMEC LUXOTIC DF BOX,2,0.00000000,NONE,NONE,
6971732601084,REULEAUX TINKER KIT,2,0.00000000,NONE,NONE,6971732601008
6971732604085,MOTIV 2 CARTRIDGE,5,0.00000000,NONE,NONE,
6971805430016,ORION DNA,3,0.00000000,NONE,NONE,6971805430023
6971805430412,LYRA KIT,2,19.00000000,NONE,NONE,6971805430382
6971805435011,ORION DNA POD BOX/2PACK,5,0.00000000,NONE,NONE,6971805435004
6971805435110,LOST VAPE REGULAR COIL 0.5 0HM,5,0.00000000,NONE,NONE,
6971805435202,LYRA COIL .6 MESH,5,0.00000000,NONE,NONE,
6971805435301,LYRA PODS 2PK,5,0.00000000,NONE,NONE,6971805435301
6971824063011,FOGER 30K WTRMLN ICE KIT,ZIIPLAB,0.00000000,NONE,NONE,6971824063660
6971824063035,FOGER 30K GUMMY BEAR KIT,ZIIPLAB,0.00000000,NONE,NONE,6971824063684
6971824063042,FOGER 30K DRAG KIWI BR KIT,ZIIPLAB,0.00000000,NONE,NONE,6971824063691
6971824063059,FOGER 30K PINE COCO KIT,ZIIPLAB,0.00000000,NONE,NONE,
6971824063066,FOGER 30K STRAW ICE KIT,ZIIPLAB,0.00000000,NONE,NONE,
6971824063073,FOGER 30K COOL MINT KIT,ZIIPLAB,0.00000000,NONE,NONE,6971824063714
6971824063080,FOGER 30K BLU RAZZ ICE KIT,ZIIPLAB,0.00000000,NONE,NONE,
6971824063097,FOGER 30K JUICY PCH KIT,ZIIPLAB,0.00000000,NONE,NONE,6971824063738
6971824063110,FOGER 30K STRAW BANANA KIT,ZIIPLAB,0.00000000,NONE,NONE,6971824063790
6971824063127,FOGER 30K BBERRY WTRMLN KIT,ZIIPLAB,0.00000000,NONE,NONE,6971824063752
6971824063134,FOGER 30K STRAW KIWI KIT,ZIIPLAB,0.00000000,NONE,NONE,6971824063769
6971824063141,FOGER 30K STRAW WTRMLN KIT,ZIIPLAB,0.00000000,NONE,NONE,6971824063776
6971824063158,FOGER 30K GUM MINT KIT,ZIIPLAB,0.00000000,NONE,NONE,
6971824063165,FOGER 30K WTRMLN ICE POD,ZIIPLAB,0.00000000,NONE,NONE,
6971824063172,FOGER 30K SR APPL ICE POD,ZIIPLAB,0.00000000,NONE,NONE,6971824064001
6971824063189,FOGER 30K GUMMY BEAR POD,ZIIPLAB,0.00000000,NONE,NONE,6971824064018
6971824063196,FOGER 30K KIWI DRAG BR POD,ZIIPLAB,0.00000000,NONE,NONE,6971824064025
6971824063202,FOGER 30K PINE COCONUT POD,ZIIPLAB,0.00000000,NONE,NONE,6971824064032
6971824063219,FOGER 30K COOL MINT POD,ZIIPLAB,0.00000000,NONE,NONE,6971824064049
6971824063226,FOGER 30K BLU RAZZ ICE POD,ZIIPLAB,0.00000000,NONE,NONE,6971824064056
6971824063233,FOGER 30K JUICY PEACH POD,ZIIPLAB,0.00000000,NONE,NONE,6971824064063
6971824063257,FOGER 30K BBERRY WTRMLN POD,ZIIPLAB,0.00000000,NONE,NONE,6971824064087
6971824063264,FOGER 30K STRAW KIWI POD,ZIIPLAB,0.00000000,NONE,NONE,6971824064094
6971824063288,FOGER 30K GUM MINT POD,ZIIPLAB,0.00000000,NONE,NONE,6971824064117
6971824063295,FOGER 30K STRAW BANANA POD,ZIIPLAB,0.00000000,NONE,NONE,6971824064124
6971824063301,FOGER 30K STRAW ICE POD,ZIIPLAB,0.00000000,NONE,NONE,6971824064131
6971824063318,FOGER 30K COFFEE KIT,ZIIPLAB,0.00000000,NONE,NONE,
6971824063325,FOGER 30K COFFEE POD,ZIIPLAB,0.00000000,NONE,NONE,6971824064162
6971824063332,FOGER 30K MIAMI MINT KIT,ZIIPLAB,0.00000000,NONE,NONE,
6971824063349,FOGER 30K MEXICO MANGO KIT,ZIIPLAB,0.00000000,NONE,NONE,
6971824063356,FOGER 30K MIAMI MINT POD,ZIIPLAB,0.00000000,NONE,NONE,6971824064148
6971824063363,FOGER 30K MEXI MANGO POD,ZIIPLAB,0.00000000,NONE,NONE,
6971824063400,FOGER 30K TOBACCO KIT,ZIIPLAB,0.00000000,NONE,NONE,
6971824063424,FOGER 30K WTRMLN BBGUM KIT,ZIIPLAB,0.00000000,NONE,NONE,6971824063899
6971824063431,FOGER 30K WHITE GUMMY KIT,ZIIPLAB,0.00000000,NONE,NONE,6971824063905
6971824063448,FOGER 30K ICY MINT KIT,ZIIPLAB,0.00000000,NONE,NONE,
6971824063462,FOGER 30K WTRMLN BBGUM POD,ZIIPLAB,0.00000000,NONE,NONE,6971824064209
6971824063479,FOGER 30K WHITE GUMMY POD,ZIIPLAB,0.00000000,NONE,NONE,6971824064216
6971824063486,FOGER 30K ICY MINT POD,ZIIPLAB,0.00000000,NONE,NONE,
6971824063493,FOGER 30K STRAW CAKE KIT,ZIIPLAB,0.00000000,NONE,NONE,6971824063868
6971824063509,FOGER 30K STRAW CAKE POD,ZIIPLAB,0.00000000,NONE,NONE,6971824064179
6971824063516,FOGER 30K TOBACCO POD,ZIIPLAB,0.00000000,NONE,NONE,6971824064186
6971824063677,FOGER 30K SOUR APPLE ICE,ZIIPLAB,0.00000000,NONE,NONE,
6971824063721,FOGER 30K BLUE RAZZ ICE KIT,ZIIPLAB,0.00000000,NONE,NONE,
6971824063813,FOGER 30K MIAMI MINT KIT,ZIIPLAB,0.00000000,NONE,NONE,
6971824063820,FOGER BIT MEXICO MANGO,ZIIPLAB,0.00000000,NONE,NONE,
6971824063837,COFFE FOGGER 30K,CLEARNCE,0.00000000,NONE,NONE,
6971824063844,FOGER 30K SOUR GUSH KIT,ZIIPLAB,0.00000000,NONE,NONE,
6971824063851,FOGER 30K SOUR BLU DUS KIT,ZIIPLAB,0.00000000,NONE,NONE,
6971824063929,FOGER 30K OMG B POP KIT,ZIIPLAB,0.00000000,NONE,NONE,
6971824063936,FOGER 30K STRAWB B POP KIT,ZIIPLAB,0.00000000,NONE,NONE,
6971824063943,FOGER 30K BLUE RANCHER KIT,ZIIPLAB,0.00000000,NONE,NONE,
6971824063950,FOGER 30K SOUR FAB KIT,ZIIPLAB,0.00000000,NONE,NONE,
6971824063967,FOGER 30K SOUR CRANAPL KIT,ZIIPLAB,0.00000000,NONE,NONE,
6971824063974,FOGER 30K SOUR GUSH,ZIIPLAB,0.00000000,NONE,NONE,
6971824063981,FOGER 30K SOUR BLUE DUST,ZIIPLAB,0.00000000,NONE,NONE,
6971824063998,FOGER 30K WATERMELON ICE POD,ZIIPLAB,0.00000000,NONE,NONE,
6971824064100,FOGER 30K STRAW WATER POD,ZIIPLAB,0.00000000,NONE,NONE,
6971824064155,FOGER 30K MEXICO MANGO POD,ZIIPLAB,0.00000000,NONE,NONE,
6971824064230,FOGER 30K OMG BPOP,ZIIPLAB,0.00000000,NONE,NONE,
6971824064247,FOGER 30K STRAWBERRY BPOP,ZIIPLAB,0.00000000,NONE,NONE,
6971824064254,FOGER 30K BLUE RANCHER BPOP,ZIIPLAB,0.00000000,NONE,NONE,
6971824064261,FOGER 30K SOUR FCUKING FAB,ZIIPLAB,0.00000000,NONE,NONE,
6971824064278,FOGER 30K SOUR CRANAPPLE,ZIIPLAB,0.00000000,NONE,NONE,
6971824064285,FOGER BIT SOUR MANGO PINEAPPLE,ZIIPLAB,0.00000000,NONE,NONE,
6971824064292,FOGER BIT MIAMI MINT,ZIIPLAB,0.00000000,NONE,NONE,
6971824064308,FOGER BIT ORNG CRAN LIME ICE,ZIIPLAB,0.00000000,NONE,NONE,
6971824064315,FOGER BIT PASSION KIWI,ZIIPLAB,0.00000000,NONE,NONE,
6971824064322,FOGER BIT BANAN TAFFY FREEZE,ZIIPLAB,0.00000000,NONE,NONE,
6971824064339,FOGER BIT SUMMER MIST,ZIIPLAB,0.00000000,NONE,NONE,
6971824064346,FOGER BIT COOL MINT,ZIIPLAB,0.00000000,NONE,NONE,
6971824064353,FOGER BIT WTRMLN ICE,ZIIPLAB,0.00000000,NONE,NONE,
6971824064360,FOGER BIT FUKCING FAB,ZIIPLAB,0.00000000,NONE,NONE,
6971824064377,FOGER BIT WHITE PCH RASP,ZIIPLAB,0.00000000,NONE,NONE,
6971824064384,FOGER BIT GEORGIA PEACH,ZIIPLAB,0.00000000,NONE,NONE,
6971824064391,FOGER BIT SR APPLE WTRMLN,ZIIPLAB,0.00000000,NONE,NONE,
6971824064407,FOGER BIT WINTERGREEN,ZIIPLAB,0.00000000,NONE,NONE,
6971824064414,FOGER BIT STRAWB BURST,ZIIPLAB,0.00000000,NONE,NONE,
6971824064421,FOGER BIT BLU RAZZ ICE,ZIIPLAB,0.00000000,NONE,NONE,
6971824064599,FOGER 30K FRZN BLUEBERRY KIT,ZIIPLAB,0.00000000,NONE,NONE,
6971824064612,FOGER 30K FRZN LEMON KIT,ZIIPLAB,0.00000000,NONE,NONE,
6971824064643,FOGER 30K COLA SLUSH KIT,ZIIPLAB,0.00000000,NONE,NONE,
6971824064728,FOGER 30K FRZN WATERMELON POD,ZIIPLAB,0.00000000,NONE,NONE,
6971824064735,FOGER 30K FRZN BLUEBERRY POD,ZIIPLAB,0.00000000,NONE,NONE,
6971824064742,FOGER 30K FROZEN BANANA POD,ZIIPLAB,0.00000000,NONE,NONE,
6971824064759,FOGER 30K FROZEN LEMON POD,ZIIPLAB,0.00000000,NONE,NONE,
6971824064766,FOGER 30K ORNG SLUSH POD,ZIIPLAB,0.00000000,NONE,NONE,
6971824064773,FOGER 30K GRAPE SLUSHN POD,ZIIPLAB,0.00000000,NONE,NONE,
6971824064780,FOGER 30K COLA SLUSH POD,ZIIPLAB,0.00000000,NONE,NONE,
6971824064865,FOGER 30K META MOON KIT,ZIIPLAB,0.00000000,NONE,NONE,
6971824064872,FOGER 30K PINK N BLUE KIT,ZIIPLAB,0.00000000,NONE,NONE,
6971824064889,FOGER 30K DRAG FRUIT LEM KIT,ZIIPLAB,0.00000000,NONE,NONE,
6971824064896,FOGER 30K PINK LEMONADE KIT,ZIIPLAB,0.00000000,NONE,NONE,
6971824064902,FOGER 30K CHERRY BOMB KIT,ZIIPLAB,0.00000000,NONE,NONE,
6971824064919,FOGER 30K VANILLA CCAKE KIT,ZIIPLAB,0.00000000,NONE,NONE,
6971824064926,FOGER 30K COCO CCAKE KIT,ZIIPLAB,0.00000000,NONE,NONE,
6971824064933,FOGER 30K SKITTLES CCAKE KIT,ZIIPLAB,0.00000000,NONE,NONE,
6971824064940,FOGER 30K COCONUT CCAKE KIT,ZIIPLAB,0.00000000,NONE,NONE,
6971824064957,FOGER 30K RED VELV CCAKE KIT,ZIIPLAB,0.00000000,NONE,NONE,
6971824065060,FOGER 30K META MOON POD,ZIIPLAB,0.00000000,NONE,NONE,
6971824065077,FOGER 30KPINK&BLUE POD,ZIIPLAB,0.00000000,NONE,NONE,
6971824065084,FOGER 30K DF LEMONADE POD,ZIIPLAB,0.00000000,NONE,NONE,
6971824065091,FOGER 30K PINK LEMONADE POD,ZIIPLAB,0.00000000,NONE,NONE,
6971824065107,FOGER 30KCHERRY BOMB POD,ZIIPLAB,0.00000000,NONE,NONE,
6971824065114,FOGER 30K VANILLA CUPCAKE POD,ZIIPLAB,0.00000000,NONE,NONE,
6971824065121,FOGER 30K CHOCOLATECUPCAKE POD,ZIIPLAB,0.00000000,NONE,NONE,
6971824065138,FOGER 30K SKITTLES CUPCAKE POD,ZIIPLAB,0.00000000,NONE,NONE,
6971824065145,FOGER 30K COCONUT CUPCAKE POD,ZIIPLAB,0.00000000,NONE,NONE,
6971824065152,FOGER 30K RV CUPCAKE POD,ZIIPLAB,0.00000000,NONE,NONE,
6971824065244,FOGER 30K COCNT CUPCAKE POD,ZIIPLAB,0.00000000,NONE,NONE,
6971824065749,foger pod punch,ZIIPLAB,0.00000000,NONE,NONE,
6971824065763,FOGER 30K PURP PAS. PUNCH POD,ZIIPLAB,0.00000000,NONE,NONE,
6971824065770,FOGER 30K CHERRY SLUSH POD,ZIIPLAB,0.00000000,NONE,NONE,
6971824065800,FOGER 30K PEACH SLUSH POD,ZIIPLAB,0.00000000,NONE,NONE,
6971824067200,FOGER 30K DRAGON MELON POD,ZIIPLAB,0.00000000,NONE,NONE,
6971824067217,FOGER 30K CALI CHERRY POD,ZIIPLAB,0.00000000,NONE,NONE,
6971824067224,FOGER 30K BERRY BLISS POD,ZIIPLAB,0.00000000,NONE,NONE,
6971824067231,FOGER 30K FRZN BLACKBERRY POD,ZIIPLAB,0.00000000,NONE,NONE,
6971824067248,FOGER 30K FROZEN PINEAPPLE POD,ZIIPLAB,0.00000000,NONE,NONE,
6971824067255,FOGER 30K STRAWNANA ICECRM POD,TOBACCO,0.00000000,NONE,NONE,
6971824067262,FOGER 30K VANILLA ICECRM POD,ZIIPLAB,0.00000000,NONE,NONE,
6971824067279,wtmln cotton candy fogger,ZIIPLAB,0.00000000,NONE,NONE,
6971824990119,ORION Q,5,0.00000000,NONE,NONE,6971824990126
6971824995008,ORION Q POD,5,0.00000000,NONE,NONE,6971824995015
6971847471305,JUICY BAR PEACH MANGO WATRMELN,ZIIPLAB,0.00000000,NONE,NONE,
6971847471336,JUICY BAR PECH MANGO PINAPPLE,ZIIPLAB,0.00000000,NONE,NONE,
6971847471343,JUICY BAR KIWI PASSIONFRUT GUV,ZIIPLAB,0.00000000,NONE,NONE,
6971847471367,JUICY BAR STRAWBERRY MANGO,ZIIPLAB,0.00000000,NONE,NONE,
6971847471619,JUICY BAR MIXED BERRY ICE,ZIIPLAB,0.00000000,NONE,NONE,
6971847471961,JUICY BAR CALIFRNIA ORANGE ICE,ZIIPLAB,0.00000000,NONE,NONE,
6971847472081,JUICY BAR BLACK & BLUE BRY ICE,ZIIPLAB,0.00000000,NONE,NONE,
6971847472098,JUICY BAR BRAZILIAN COCKTAIL,ZIIPLAB,0.00000000,NONE,NONE,
6971847472104,JUICY BAR GEORGIA PEACH ICE,ZIIPLAB,0.00000000,NONE,NONE,
6971847472746,JUICY BAR VANILLA ICE CREAM,ZIIPLAB,0.00000000,NONE,NONE,
6971847472753,JUICY BAR ALASKAN BLUEBRY MINT,ZIIPLAB,0.00000000,NONE,NONE,
6971847473316,JUICY BAR JUICY PAAN ICE,ZIIPLAB,0.00000000,NONE,NONE,
6971883400253,RUN ABOUT,2,0.00000000,NONE,NONE,6971883400215
6971883403377,RUN ABOUT POD,5,0.00000000,NONE,NONE,
6971889490425,AIR MOD 60 KIT CARBON FIBER,2,0.00000000,NONE,NONE,
6971889490487,AIR MOD 60 MAMBA EDITION,2,0.00000000,NONE,NONE,
6971889490500,AIR COIL DM 0.2 EACH,5,0.00000000,NONE,NONE,
6971894240350,boost .2 coil,5,0.00000000,NONE,NONE,
6971894240602,GEEKVAPE B 0.2 COIL,5,0.00000000,NONE,NONE,
6971894240718,MM X2 0.4 COIL,5,2.99000000,NONE,NONE,
6971894241142,aegis nano kit black,2,0.00000000,NONE,NONE,6971894245898
6971894241159,aegis nano kit rainbow,2,0.00000000,NONE,NONE,6971894245904
6971894241937,Flint Kit,2,0.00000000,NONE,NONE,
6971894242378,LUCID KIT,2,0.00000000,NONE,NONE,6971894242354
6971894243191,MM SS 0.5 COIL,5,0.00000000,NONE,NONE,
6971894244051,AEGIS SOLO KIT,2,0.00000000,NONE,NONE,6971894244099
6971894244068,AEGIS SOLO KIT RED,2,0.00000000,NONE,NONE,
6971894244075,AEGIS SOLO KIT BLUE,2,0.00000000,NONE,NONE,
6971894244396,FRENZY KIT,2,0.00000000,NONE,NONE,6971894244358
6971894244648,NS COIL FRENZY COIL,5,0.00000000,NONE,NONE,6971894244648
6971894244792,FRENZY POD PER BOX,5,0.00000000,NONE,NONE,6971894244792
6971894244907,AEGIS X MOD ONLY,3,45.00000000,NONE,NONE,6971894244914
6971894245058,AEGIS X KIT(ZEUS),2,0.00000000,NONE,NONE,6970313648593
6971894245379,AEGIS BOOST,2,0.00000000,NONE,NONE,6971894245386
6971894245461,AEGIS BOOST PODS EACH,5,0.00000000,NONE,NONE,6971894245461
6971894245676,ZEUS SS TANK,7,0.00000000,NONE,NONE,6972866501004
6971894245683,ZEUS GUNMETAL TANK,7,0.00000000,NONE,NONE,
6971894245690,ZEUS BLUE TANK,7,0.00000000,NONE,NONE,6972866501028
6971894245706,ZEUS RED TANK,7,0.00000000,NONE,NONE,6972866501035
6971894245713,ZUUS RAAINBOW TANK,7,0.00000000,NONE,NONE,6972866501042
6971894245720,ZEUS BLACK TANK,7,0.00000000,NONE,NONE,6972866501059
6971894245935,Aegis Legend 2 Classic Black,2,0.00000000,NONE,NONE,
6971894245973,GEEK VAPE L200,3,0.00000000,NONE,NONE,6970313640603
6971894246499,MESH Z1 COIL KA1 .4,5,0.00000000,NONE,NONE,6971894246499
6971894246536,ZEUS GOLD TANK,7,0.00000000,NONE,NONE,6972866501066
6971894246574,EAGIS SOLO KIT 7 COLOR,2,0.00000000,NONE,NONE,
6971894246581,AEGIS SOLO KIT BLUE/GREEN,2,0.00000000,NONE,NONE,
6971894246635,MESH Z2 COIL KA1 .2 each,5,0.00000000,NONE,NONE,6971894249711
6971894246765,ZEUS LEGEND KIT BLUE KIT,2,0.00000000,NONE,NONE,
6971894246772,ZEUS LEGEND GUNMETAL KIT,2,0.00000000,NONE,NONE,
6971894246789,ZEUS LEGEND GOLD KIT,2,0.00000000,NONE,NONE,
6971894246796,ZEUS LEGEND BLACK KIT,2,0.00000000,NONE,NONE,
6971894246802,ZEUS LEGEND RAINBOW KIT,2,0.00000000,NONE,NONE,
6971894248042,G COIL (AEGIS POD COIL),5,0.00000000,NONE,NONE,6971894248790
6971894248134,AEGIS ZEUS MAX,2,0.00000000,NONE,NONE,
6971894248141,AEGIS MAX BLACK TUNGSTEN KIT,2,0.00000000,NONE,NONE,
6971894248158,AEGIS MAX GREY PEARL KIT,2,0.00000000,NONE,NONE,
6971894248165,AEGIS MAX ZUES WHITE STORM,2,0.00000000,NONE,NONE,
6971894248172,AEGIS MAX ZUES,2,0.00000000,NONE,NONE,
6971894248295,AEGIS POD KIT,2,0.00000000,NONE,NONE,6971894248264
6971894248349,AEGIS POD KIT POD 2PK,5,0.00000000,NONE,NONE,
6971894248424,ZEUS X MESH RTA - RAINBOW,7,0.00000000,NONE,NONE,
6971894248431,ZEUS X MESH RTA - BLACK,7,0.00000000,NONE,NONE,
6971894249438,AEGIS BOOST PLUS KIT,2,0.00000000,NONE,NONE,6971894249384
6971894249582,AEGIS BOOST PLUS POD **EACH**,5,0.00000000,NONE,NONE,6971894249568
6971894249735,GEEK VAPE Z0.4 COIL *EACH*,5,0.00000000,NONE,NONE,
6971894249797,GEEK VAPE SUPERMESH 0.2,5,0.00000000,NONE,NONE,
6971894249834,GEEKVAPE SUPERMESH X2 .4 EACH,5,0.00000000,NONE,NONE,6970313644311
6971894249933,VELX MIMO COIL EACH,5,0.00000000,NONE,NONE,
6971894249940,VELX MIMO KIT BLACK,3,0.00000000,NONE,NONE,
6971894249964,Velx Prism Black,4XPODS,0.00000000,NONE,NONE,6971894249964
6971985670400,MS MELLOW SMOKE COTTON CANDY,ZIIPLAB,0.00000000,NONE,NONE,6971985670400
6972131080135,IPV ASPECT KIT,2,16.50000000,NONE,NONE,6972131080098
6972131080166,ASPECT K1 POD,5,4.85000000,NONE,NONE,
6972131080272,IPV V3 MINI KIT,2,0.00000000,NONE,NONE,
6972131080371,ELF ADA COIL 2PCS,5,0.00000000,NONE,NONE,6972131080340
6972136450568,AIRISTECH Q2 DAB COIL EA,5,0.00000000,NONE,NONE,
6972136491400,AIRIS ALPHA MIAMI BREEZE,ZIIPLAB,0.00000000,NONE,NONE,
6972136491417,AIRIS ALPHA WHITE GRAPE ICE,ZIIPLAB,0.00000000,NONE,NONE,
6972136491424,AIRIS ALPHA SPIKED KIWI,ZIIPLAB,0.00000000,NONE,NONE,
6972136491431,AIRIS ALPHA PEACH BERRY ICE,ZIIPLAB,0.00000000,NONE,NONE,
6972136491455,AIRIS ALPHA KIWI DRAGON BERRY,ZIIPLAB,0.00000000,NONE,NONE,
6972136491462,AIRIS ALPHA STRAWBERRY ICE,ZIIPLAB,0.00000000,NONE,NONE,
6972136491479,AIRIS ALPHA CHUG JUGG,ZIIPLAB,0.00000000,NONE,NONE,
6972136491486,AIRIS ALPHA STRWBRY MINT CANDY,ZIIPLAB,0.00000000,NONE,NONE,
6972136491493,AIRIS ALPHA MEXICO MANGO,ZIIPLAB,0.00000000,NONE,NONE,
6972136491509,AIRIS ALPHA SLURP JUICE,ZIIPLAB,0.00000000,NONE,NONE,
6972136491516,AIRIS ALPHA RAP GOD,ZIIPLAB,0.00000000,NONE,NONE,
6972136491530,AIRIS ALPHA DEVILS KISS,ZIIPLAB,0.00000000,NONE,NONE,
6972205997475,FH THAI KUSH x CALI KUSH 11G,ZIIPLAB,0.00000000,NONE,NONE,
6972205997512,FH SOUR DIESEL x GUSHERS 11G,ZIIPLAB,0.00000000,NONE,NONE,
6972205997536,FH NANA RUNTZ x SNOWMAN 11G,ZIIPLAB,0.00000000,NONE,NONE,
6972240772778,VVC .15 C COIL *SINGLE*,5,0.00000000,NONE,NONE,
6972240772877,VANDY VAPE GAUR-21 MOD,3,0.00000000,NONE,NONE,6972240772648
6972240773959,RHINO POD DEVICE,2,0.00000000,NONE,NONE,
6972310441870,MICOOL DEVICE,2,0.00000000,NONE,NONE,
6972310442068,MICOOL POD,5,0.00000000,NONE,NONE,
6972391240010,OFRF NEX MESH COIL EACH,5,0.00000000,NONE,NONE,
6972464290089,REFRESHING MINT DISPOSABLE,ZIIPLAB,4.00000000,NONE,NONE,
6972464290102,GREEN APPLE DISPOSABLE,ZIIPLAB,3.88000000,NONE,NONE,
6972464290119,COOL MELON DISPOSABLE,ZIIPLAB,4.00000000,NONE,NONE,
6972464290126,BLUBERRY BOMB DISPOSABLE,ZIIPLAB,4.00000000,NONE,NONE,
6972464290201,VOZOL D2 COOL MELON ICED MANGO,ZIIPLAB,0.00000000,NONE,NONE,6972464290201
6972464290218,VOZOL D2 BLUE BOMB SWEET STRAW,ZIIPLAB,0.00000000,NONE,NONE,6972464290218
6972699175441,XLIM GREEN LEMON,2,0.00000000,NONE,NONE,
6972699175458,XLIM BLUE GREEN,2,0.00000000,NONE,NONE,
6972699175465,XLIM ARTIC ICE,2,0.00000000,NONE,NONE,
6972699175472,XLIM BLACK RED,2,0.00000000,NONE,NONE,
6972699175489,XLIM BLACK WHITE,2,0.00000000,NONE,NONE,
6972699175496,XLIM CARTRIDGE BOX OF 3,5,0.00000000,NONE,NONE,05P242023111806624
6972699175618,XLIM BLACK,2,0.00000000,NONE,NONE,
6972699175649,XLIM DARK BLUE,2,0.00000000,NONE,NONE,
6972699175656,XLIM GUNMETAL,2,0.00000000,NONE,NONE,
6972699175663,XLIM SILVER,2,0.00000000,NONE,NONE,
6972699175670,OXVA XLIM SE BLACK,2,0.00000000,NONE,NONE,
6972699175687,OXVA SLIM SE DARK BLUE,2,0.00000000,NONE,NONE,
6972699175694,OXVA XLIM SE SPACE GRAY,2,0.00000000,NONE,NONE,
6972699175700,OXVA XLIM SE ROSE GOLD,2,0.00000000,NONE,NONE,
6972699175717,OXVA XLIM SE PURPLE SILVER,2,0.00000000,NONE,NONE,
6972699175724,OXVA XLIM SE GREEN GOLD,2,0.00000000,NONE,NONE,
6972699175731,OXVA XLIM SE GOLD PINK,2,0.00000000,NONE,NONE,
6972699175748,OXVA XLIM SE GALAXY,2,0.00000000,NONE,NONE,
6972777970395,VAPPRO 1500 PUFF GRAPE ICE,ZIIPLAB,0.00000000,NONE,NONE,
6972777970401,VAPPRO 1500 PUFF PINEAPPLE ICE,ZIIPLAB,0.00000000,NONE,NONE,
6972777970418,VAPPRO 1500 PUFF LUSH ICE,ZIIPLAB,0.00000000,NONE,NONE,
6972777970425,VAPPRO 1500 STRAWBERRYICECREAM,ZIIPLAB,0.00000000,NONE,NONE,
6972777970432,VAPPRO 1500 PUFF MANGO ICE,ZIIPLAB,0.00000000,NONE,NONE,
6972777970449,VAPPRO 1500 PUFF APPLE ICE,ZIIPLAB,0.00000000,NONE,NONE,
6972777970456,VAPPRO 1500 PUFF BANNANAICE,ZIIPLAB,0.00000000,NONE,NONE,
6972777970463,VAPPRO 1500 PUFF BLUE RAZZ ICE,ZIIPLAB,0.00000000,NONE,NONE,
6972777970470,VAPPRO 1500 PUFF LEMON TART,ZIIPLAB,0.00000000,NONE,NONE,
6972777970487,VAPPRO 1500 PUFF GUMMY BEAR,ZIIPLAB,0.00000000,NONE,NONE,
6972777970593,VAPPRO 1500 PUFF MINT,ZIIPLAB,0.00000000,NONE,NONE,
6972777974720,MINTY O''s CACTUS JACK,ZIIPLAB,0.00000000,NONE,NONE,
6972777974744,MINTY O''s PINK LEMONADE,ZIIPLAB,0.00000000,NONE,NONE,
6972777974768,MINTY O''s PINEAPPLE,ZIIPLAB,0.00000000,NONE,NONE,
6972777974782,MINTY O''s LIME,ZIIPLAB,0.00000000,NONE,NONE,
6972777974805,MINTOPIA MINTY O''s TURBO,ZIIPLAB,0.00000000,NONE,NONE,
6972777974829,MINTY O''s WATERMELON,ZIIPLAB,0.00000000,NONE,NONE,
6972777974843,MINTY O''s CHERRY LEMON,ZIIPLAB,0.00000000,NONE,NONE,
6972777974867,MINTY O''s ROOT BEER,ZIIPLAB,0.00000000,NONE,NONE,
6972791015980,ORION BAR COOL MINT,ZIIPLAB,0.00000000,NONE,NONE,
6972791015997,ORION BAR PINEAPPLE LMNADE,ZIIPLAB,0.00000000,NONE,NONE,
6972791016017,ORION BAR 7500 RAINBOW DROP,ZIIPLAB,0.00000000,NONE,NONE,
6972791016024,ORION BAR STRAWBERRY KIWI,ZIIPLAB,0.00000000,NONE,NONE,
6972791016031,ORION BAR BLUEBERRY RASPBERRY,ZIIPLAB,0.00000000,NONE,NONE,
6972791016048,ORION BAR ALOE GRAPE,ZIIPLAB,0.00000000,NONE,NONE,
6972791016055,ORION BAR SOUR APPLE ICE,ZIIPLAB,0.00000000,NONE,NONE,
6972791016079,ORION BAR 7500 LUSH ICE,ZIIPLAB,0.00000000,NONE,NONE,
6972791016086,ORION BAR BANANA CAKE,ZIIPLAB,0.00000000,NONE,NONE,
6972791016093,ORION BAR MANGO ICE,ZIIPLAB,0.00000000,NONE,NONE,
6972791018349,THELEMA QUEST 200W MOD,2,0.00000000,NONE,NONE,
6972849814015,SS EXTRA TANK LUSH ICE,ZIIPLAB,0.00000000,NONE,NONE,
6972849814022,SS EXTRA TANK BLUE RAZZ ICE,ZIIPLAB,0.00000000,NONE,NONE,
6972849814039,SNOOPYSMOKE GRAPE ICE,ZIIPLAB,0.00000000,NONE,NONE,
6972849814046,SS EXTRA TANK BLUEBERRY MINT,ZIIPLAB,0.00000000,NONE,NONE,
6972849814053,SNOOPYSMOKE STRAWB ICE,ZIIPLAB,0.00000000,NONE,NONE,
6972849814077,SNOOPY SMOKE KOOL MINT,ZIIPLAB,0.00000000,NONE,NONE,
6972849814084,SNOOPYSMOKE STRAWBERRY KIWI,ZIIPLAB,0.00000000,NONE,NONE,
6972849814114,SNOOPYSMOKE SB BANANA,ZIIPLAB,0.00000000,NONE,NONE,
6972849814121,SS EXTRA TANK PINA COLADA,ZIIPLAB,0.00000000,NONE,NONE,
6972849814138,SS EXTRA TANK STRWBRY PCH MINT,ZIIPLAB,0.00000000,NONE,NONE,
6972849824069,SS EXTRA TANK BAHAMA MAMA,ZIIPLAB,0.00000000,NONE,NONE,
6972849824106,SNOOPYSMOKE PINK LEMONADE,ZIIPLAB,0.00000000,NONE,NONE,
6972849824144,SNOOPYSMOKE FZN STRWBRY CRM,ZIIPLAB,0.00000000,NONE,NONE,
6972849824168,SNOOPYSMOKE TB ICE,ZIIPLAB,0.00000000,NONE,NONE,
6972849824175,SNOOPYSMOKE BLACK ICE,ZIIPLAB,0.00000000,NONE,NONE,
6972849824182,SNOOPYSMOKE COLOMBIAN COFFEE,ZIIPLAB,0.00000000,NONE,NONE,
6972849824199,SNOOPYSMOKE BLUEBERRY RASP,ZIIPLAB,0.00000000,NONE,NONE,
6972849824205,SS EXTRA TANK WATERMELON ICE,ZIIPLAB,0.00000000,NONE,NONE,
6972849824236,SNOOPYSMOKE PINEAPPLE ICE,ZIIPLAB,0.00000000,NONE,NONE,
6972849824243,SNOOPYSMOKE PEACH MELON ICE,ZIIPLAB,0.00000000,NONE,NONE,
6972849824267,SNOOPYSMOKE CHERRY COKE ICE,ZIIPLAB,0.00000000,NONE,NONE,
6972859032041,BURST STRAW WATRMLN BBGUM,ZIIPLAB,0.00000000,NONE,NONE,
6972859032058,BURST PINK LEMONADE,ZIIPLAB,0.00000000,NONE,NONE,
6972859032119,BURST LEMON LIME,ZIIPLAB,0.00000000,NONE,NONE,
6972859032133,BURST CHERRY LIME,ZIIPLAB,0.00000000,NONE,NONE,
6972859032140,BURST BANANA ICE,ZIIPLAB,0.00000000,NONE,NONE,
6972859032188,BUSRT PINEAPPLE ICE,ZIIPLAB,0.00000000,NONE,NONE,
6972859032201,BURST GRAPE ICE,ZIIPLAB,0.00000000,NONE,NONE,
6972859032218,BURST MIXED BERRY,ZIIPLAB,0.00000000,NONE,NONE,
6972859032232,BURST SOUR APPLE,ZIIPLAB,0.00000000,NONE,NONE,
6972859032256,BURST SPEARMINT,ZIIPLAB,0.00000000,NONE,NONE,
6972859032263,BURST BLUE RAZZ,ZIIPLAB,0.00000000,NONE,NONE,
6972859032270,BURST BLUEBERRY FUSION,ZIIPLAB,0.00000000,NONE,NONE,
6972859032294,BURST SOUR BR,ZIIPLAB,0.00000000,NONE,NONE,
6972859032317,BURST WATERMELON ICE,ZIIPLAB,0.00000000,NONE,NONE,
6972859032379,BURST STRAWBERRY KIWI,ZIIPLAB,0.00000000,NONE,NONE,
6972859032386,BURST KIWI PFG,ZIIPLAB,0.00000000,NONE,NONE,
6972859032393,BURST DOUBLE APPLE 30K PUFF,ZIIPLAB,0.00000000,NONE,NONE,691388005515
6972859032423,BURST STRAWBERRY ICE CREAM,ZIIPLAB,0.00000000,NONE,NONE,
6972859033482,BURST PEACH MANGO WATERMELON,ZIIPLAB,0.00000000,NONE,NONE,
6972859033543,BURST PASSION GRAPEFRUIT,ZIIPLAB,0.00000000,NONE,NONE,
6972866500243,AEGIS HERO BLACK,2,0.00000000,NONE,NONE,
6972866500250,AEGIS HERO GUNMETAL,2,0.00000000,NONE,NONE,
6972866500274,GV Aegis Hero Blue,2,0.00000000,NONE,NONE,
6972866500281,AEGIS HERO SILVER,2,0.00000000,NONE,NONE,
6972866500557,RAZ DC25K STRAWB GRANOLA,ZIIPLAB,0.00000000,NONE,NONE,6972866502926
6972866500731,AEGIS HERO RAINBOW,2,0.00000000,NONE,NONE,
6972866501417,AEGIS HERO POD,5,0.00000000,NONE,NONE,
6972866501776,AEGIS LEGEND ZUES FANTASY RAIN,2,0.00000000,NONE,NONE,
6972866501783,AEGIS LEGEND ZEUS BLACK BLUE,2,0.00000000,NONE,NONE,
6972866501790,AEGIS LEGEND ZUES LIGHT BLUE,2,0.00000000,NONE,NONE,
6972866501806,AEGIS LEGEND ZUES KIT BLK GNMT,2,0.00000000,NONE,NONE,
6972866502506,GeekVape Nano Tank,7,0.00000000,NONE,NONE,6972866502483
6972866502872,RAZ DC25K KEY LIME PIE,ZIIPLAB,0.00000000,NONE,NONE,
6972866502902,RAZ DC25K FIRE AND ICE,ZIIPLAB,0.00000000,NONE,NONE,
6972866502964,RAZ LTX ZERO NIC STRWBRRY BRST,ZIIPLAB,0.00000000,NONE,NONE,
6972866502988,RAZ LTX ZERO NIC NY MINT,ZIIPLAB,0.00000000,NONE,NONE,
6972866503008,RAZ LTX ZERO NIC RAZZLE DAZZLE,ZIIPLAB,0.00000000,NONE,NONE,
6972866503022,RAZ LTX ZERO NIC BLUBRRY WTRML,ZIIPLAB,0.00000000,NONE,NONE,
6972866503046,RAZ LTX ZERO NIC BANGING SOUR,ZIIPLAB,0.00000000,NONE,NONE,
6972866503060,RAZ LTX PEPPERMINT CNDY,ZIIPLAB,0.00000000,NONE,NONE,
6972866503220,GV MERO AIO KIT GUNMETAL,2,0.00000000,NONE,NONE,
6972866503336,RAC LTX XMAS WTRMLN ICE,ZIIPLAB,0.00000000,NONE,NONE,
6972866503442,GV MERO POD 1PCS/EACH,5,0.00000000,NONE,NONE,
6972866503725,GV PO.2 MESH COIL,5,0.00000000,NONE,NONE,
6972866503787,PO.4 COIL MESH,5,0.00000000,NONE,NONE,
6972866503848,GEEK VAPE B1.2 COIL,5,0.00000000,NONE,NONE,
6972866503909,GEEK VAPE COIL B0.4 1/EACH,5,0.00000000,NONE,NONE,
6972866503961,GEEK VAPE B0.6 COIL EACH,5,0.00000000,NONE,NONE,
6972866504142,GEEK VAPE BOOST 0.3 COIL,5,0.00000000,NONE,NONE,
6972866504180,GEEK VAPE BOOST 0.3 COIL,5,0.00000000,NONE,NONE,
6972866504852,AEGIS BOOST LUXURY SILVER,2,0.00000000,NONE,NONE,
6972866504869,AGIS BOOST LUXURY RED,2,0.00000000,NONE,NONE,
6972866504876,AGIS BOOST LUXURY NAVY BLUE,2,0.00000000,NONE,NONE,
6972866505019,AGIS BOOST LUXURY SPACE BLACK,2,0.00000000,NONE,NONE,
6972866505026,AGIS BOOST LUXURY GUNMETAL,2,0.00000000,NONE,NONE,
6972866505033,AEGIS BOOST LUXURYALMIGHTY BLU,2,0.00000000,NONE,NONE,
6972866505040,AGIS BOOST LUXURY RAINBOW,2,0.00000000,NONE,NONE,
6972866505149,GV M0.14 COILS EACH,5,0.00000000,NONE,NONE,
6972866506177,GV Z MAX TANK SILVER,7,0.00000000,NONE,NONE,
6972866506184,GS Z MAX TANK BLACK,7,0.00000000,NONE,NONE,
6972866506191,GX Z  TANK GUNMETAL,7,0.00000000,NONE,NONE,6972866501011
6972866506207,GV Z MAX TANK BLUE,7,0.00000000,NONE,NONE,
6972866506214,GV Z MAX TANK GOLD,7,0.00000000,NONE,NONE,
6972866506221,GV Z MAX TANK RAINBOW,7,0.00000000,NONE,NONE,
6972866506320,GV Z 0.2 COIL,5,0.00000000,NONE,NONE,
6972866506344,Z 0.4 Coil,5,0.00000000,NONE,NONE,
6972866506474,B100 21700 KIT,2,0.00000000,NONE,NONE,6972866506474
6972866506504,geekvape b100 21700 devil red,2,0.00000000,NONE,NONE,
6972866506689,RAZ LTX SOUR APPLE ICE,ZIIPLAB,0.00000000,NONE,NONE,
6972866507389,RAZ LTX TABACCO,ZIIPLAB,0.00000000,NONE,NONE,
6972866507525,RAZ LTX 25K ORNG BRY LIME ICE,ZIIPLAB,0.00000000,NONE,NONE,
6972866507549,raz LTX black&blue lime,ZIIPLAB,0.00000000,NONE,NONE,
6972866507785,RAZ LTX 25K SOUR APPLE WTRMLN,ZIIPLAB,0.00000000,NONE,NONE,6975984057026
6972866507907,RAZ LTX BLCK CHRY PCH,ZIIPLAB,0.00000000,NONE,NONE,
6972866508140,RAZ LTX 25K MANGO LOCO,ZIIPLAB,0.00000000,NONE,NONE,
6972866508195,RAZ LTX 25K SOUR RASBRY WTRMLN,ZIIPLAB,0.00000000,NONE,NONE,
6972866508218,geekvape supermesh x1 0.2ohm,5,0.00000000,NONE,NONE,
6972866509147,GV M0.2 TRIPLE COIL,5,0.00000000,NONE,NONE,
6972866509161,GV OBSELISK 120 FC KIT,2,0.00000000,NONE,NONE,
6972866509444,GV OBELISK 120FC BLACK,3,0.00000000,NONE,NONE,
6972866509529,GeekVape PO.5 Coil *EACH*,5,0.00000000,NONE,NONE,
6972866509581,GV M0.3 DUAL COIL EACH,5,0.00000000,NONE,NONE,
6972866509918,RAZ LTX ORANGE MANGO,ZIIPLAB,0.00000000,NONE,NONE,6970313642140
6972986240043,H2OG SUN PIPE KIT,2,0.00000000,NONE,NONE,6972986240005
6973194250053,POD KING MAXX CHOC MINT,ZIIPLAB,0.00000000,NONE,NONE,
6973194250060,POD KING MAXX STRAW CHEESECAKE,ZIIPLAB,0.00000000,NONE,NONE,
6973194250077,POD KING MAXX MANGO CAKE,ZIIPLAB,0.00000000,NONE,NONE,
6973199590000,seahorse pro blue,1,0.00000000,NONE,NONE,
6973199590017,seahorse pro red,1,0.00000000,NONE,NONE,
6973199590024,LOOKAH Seahorse pro Black,1,0.00000000,NONE,NONE,6973199590024
6973199590031,seahorse pro gray,1,0.00000000,NONE,NONE,
6973199590338,seahorse pro orange,1,0.00000000,NONE,NONE,
6973199590512,seahorse pro green,1,0.00000000,NONE,NONE,
6973199593872,SEAHORSE PRO PLUS RED,1,0.00000000,NONE,NONE,
6973199593889,SEAHORSE PRO PLUS BLUE,1,0.00000000,NONE,NONE,
6973199593926,SEAHORSE PRO PLUS BLACK,1,0.00000000,NONE,NONE,
6973199598716,LOOKAH GIRAFFE ASSORTED COLORS,1,0.00000000,NONE,NONE,6973199598723
6973199599928,LOOKAH BEAR (ASORTED),4,0.00000000,NONE,NONE,6942167101029
6973388310037,AGAIN LEMON COLA,ZIIPLAB,0.00000000,NONE,NONE,
6973388310044,AGAIN BRAVO WATERMELON,ZIIPLAB,0.00000000,NONE,NONE,
6973388310051,AGAIN GLAMOUR MINT,ZIIPLAB,0.00000000,NONE,NONE,
6973388310280,AGAIN GRAPE BOMB,ZIIPLAB,0.00000000,NONE,NONE,
6973388310297,AGAIN GREEN MANGO,ZIIPLAB,0.00000000,NONE,NONE,
6973388310303,AGAIN SWEET GRAPEFRUIT,ZIIPLAB,0.00000000,NONE,NONE,
6974000804361,DB R6000 RAINBOW BEAR,ZIIPLAB,0.00000000,NONE,NONE,
6974000804385,DB R6000 PINEAPPLE GRAPEFRUIT,ZIIPLAB,0.00000000,NONE,NONE,
6974000804392,DB R6000 PINEAPPLE COCONUT RUM,ZIIPLAB,0.00000000,NONE,NONE,
6974000804408,DB R6000 BLUE RASP LEMON,ZIIPLAB,0.00000000,NONE,NONE,
6974000804415,DB R6000 GRAPE BLACKBERRY,ZIIPLAB,0.00000000,NONE,NONE,
6974000804422,DB R6000 PASSION FRUIT GUAVA,ZIIPLAB,0.00000000,NONE,NONE,
6974000804439,DB R6000 PEACH SNOW-PEAR,ZIIPLAB,0.00000000,NONE,NONE,
6974000804453,DB R6000 STRAW ORANGE MANGO,ZIIPLAB,0.00000000,NONE,NONE,
6974000804460,DB R6000 COOL MINT,ZIIPLAB,0.00000000,NONE,NONE,
6974000804477,DB R6000 WATERMELON CHERRY,ZIIPLAB,0.00000000,NONE,NONE,
6974000804484,DB R6000 WATERMELON ICE,ZIIPLAB,0.00000000,NONE,NONE,
6974000804491,DB R6000 GREEN APPLE ICE,ZIIPLAB,0.00000000,NONE,NONE,
6974129600110,WHIFF BANANA ICE,ZIIPLAB,0.00000000,NONE,NONE,
6974129600134,WHIFF BUBBLE GUM,ZIIPLAB,0.00000000,NONE,NONE,
6974129600141,WHIFF CANDYLAND,ZIIPLAB,0.00000000,NONE,NONE,
6974129600165,WHIFF STRAW BANANA,ZIIPLAB,0.00000000,NONE,NONE,
6974129600172,WHIFF GRAPE ICE,ZIIPLAB,0.00000000,NONE,NONE,
6974129600196,WHIFF MANGO MELON ICE,ZIIPLAB,0.00000000,NONE,NONE,
6974129600219,WHIFF NEW YORK,ZIIPLAB,0.00000000,NONE,NONE,
6974129600240,WHIFF UNICORN,ZIIPLAB,0.00000000,NONE,NONE,
6974129600257,WHIFF MAILUBU COLADA,ZIIPLAB,0.00000000,NONE,NONE,
6974143940704,YOCAN RED DIABLO TORCH ASSORT,1,0.00000000,NONE,NONE,
6974143940742,YOCAN RED TEMPORAL TORCH ASSOR,1,0.00000000,NONE,NONE,
6974143940896,YOCAN RED RUSH TORCH ASSORT,1,0.00000000,NONE,NONE,6974143940919
6974143941008,YOCAN RED SLATE TORCH GREY,1,0.00000000,NONE,NONE,
6974143941091,YOCAN RED GAVIN TORCH ASSORT,1,0.00000000,NONE,NONE,
6974143941107,YOCAN RED SHIFT TORCH ASSORT,1,0.00000000,NONE,NONE,6974143941114
6974227021589,GEEK BAR FOREST BERRY 5.5K,ZIIPLAB,0.00000000,NONE,NONE,
6974227021602,GEEK BAR POLAR ICE MINT 5.5K,ZIIPLAB,0.00000000,NONE,NONE,
6974227022029,GEEK BAR WATERMELON ICE 5.5K,ZIIPLAB,0.00000000,NONE,NONE,
6974227022067,GEEK BAR TROPICAL FRUIT 5.5K,ZIIPLAB,0.00000000,NONE,NONE,
6974227022104,GEEK BAR GREEN APPLE KIWI 5.5K,ZIIPLAB,0.00000000,NONE,NONE,
6974227022111,GEEK BAR ORANGEMANGOGUAVA 5.5K,ZIIPLAB,0.00000000,NONE,NONE,
6974227022142,GEEK BAR PINEAPPLCOCOMILK 5.5K,ZIIPLAB,0.00000000,NONE,NONE,
6974227022159,GEEK BAR MIXEDFRUITSHISHA 5.5K,ZIIPLAB,0.00000000,NONE,NONE,
6974227022197,GEEK BAR BERRY TRIO 5.5K,ZIIPLAB,0.00000000,NONE,NONE,
6974227022203,GEEK BAR BLUEBERYMILKSHKE 5.5K,ZIIPLAB,0.00000000,NONE,NONE,
6974256870691,CRYSTAL SOUR FCKING FAB 30K,ZIIPLAB,0.00000000,NONE,NONE,
6974256870714,CRYSTAL MARY BNNA TFY FRZE 30K,ZIIPLAB,0.00000000,NONE,NONE,
6974256870715,CRYSTAL MARY BNNA TFY FRZE 30K,ZIIPLAB,0.00000000,NONE,NONE,
6974256870738,CRYSTAL MARY BLUE RANCHER 30K,ZIIPLAB,0.00000000,NONE,NONE,
6974256870776,CRYSTAL MARY MIAMI MINT 30K,ZIIPLAB,0.00000000,NONE,NONE,
6974256871001,CRYSTAL RASBRRY PEACH LIME 30K,ZIIPLAB,0.00000000,NONE,NONE,
6974256871148,CRYSTAL MARY STRWBRY B-POP 30K,ZIIPLAB,0.00000000,NONE,NONE,
6974256871149,CRYSTAL MARY STRWBRY B-POP 30K,ZIIPLAB,0.00000000,NONE,NONE,
6974256872077,CRYSTAL BLUEBERRY WTRMLON 30K,ZIIPLAB,0.00000000,NONE,NONE,
6974256872084,CRYSTAL MARY STBRY WTRMLN 30K,ZIIPLAB,0.00000000,NONE,NONE,
6974256872299,CRYSTAL MARY WHTE GMMY BER 30K,ZIIPLAB,0.00000000,NONE,NONE,
6974256872336,CRYSTAL MARY PINK LEMONADE 30K,ZIIPLAB,0.00000000,NONE,NONE,
6974256874828,CRYSTAL SOUR MNGO PNEAPPLE 30K,ZIIPLAB,0.00000000,NONE,NONE,
6974256875818,CRYSTAL BLUE RAZZ ICE 30K,ZIIPLAB,0.00000000,NONE,NONE,
6974256876051,CRYSTAL MARY STRWBRY CLADA 30K,ZIIPLAB,0.00000000,NONE,NONE,Pulse X 50-SC
6974256876556,CRYSTAL MARY COOL MINT 30K,ZIIPLAB,0.00000000,NONE,NONE,
6974256876570,CRYSTAL MARY ORANGE DRAGON 30K,ZIIPLAB,0.00000000,NONE,NONE,
6974256876571,CRYSTAL MARY ORANGE DRAGON 30K,ZIIPLAB,0.00000000,NONE,NONE,
6974331906437,VPLAY20K WATERMELON BREEZE,ZIIPLAB,0.00000000,NONE,NONE,
6974331906550,VPLAY20K WTF,ZIIPLAB,0.00000000,NONE,NONE,
6974331906574,VPLAY20K MINTY THRILL,ZIIPLAB,0.00000000,NONE,NONE,
6974331906598,VPLAY20K BLUERAZZ BASH,ZIIPLAB,0.00000000,NONE,NONE,
6974488944924,SILI BOX CARIBBEAN PUNCH,ZIIPLAB,0.00000000,NONE,NONE,
6974488944931,SILI BOX SUGAR BABY,ZIIPLAB,0.00000000,NONE,NONE,
6974488944948,SILI BOX ICE APPLE BOMB,ZIIPLAB,0.00000000,NONE,NONE,
6974488944955,SILI BOX OCEANSIDE STRAWBERRY,ZIIPLAB,0.00000000,NONE,NONE,
6974488944962,SILI BOX PURPLE DRAGON BERRY,ZIIPLAB,0.00000000,NONE,NONE,
6974488944979,SILI BOX WIGGLYVILLE,ZIIPLAB,0.00000000,NONE,NONE,
6974488946720,SILI BOX BLUE SLUSH,ZIIPLAB,0.00000000,NONE,NONE,
6974488946737,SILI BOX PBLS,ZIIPLAB,0.00000000,NONE,NONE,
6974488946928,SILI BOX MANGO MISTRESS,ZIIPLAB,0.00000000,NONE,NONE,
6974488946935,SILI BOX FUZZY GRAPE,ZIIPLAB,0.00000000,NONE,NONE,
6974488946942,SILI BOX BLUE BANGER,ZIIPLAB,0.00000000,NONE,NONE,
6974488946959,SILI BOX GRAPE DADDY,ZIIPLAB,0.00000000,NONE,NONE,
6974488946966,SILI BOX CANDY POP,ZIIPLAB,0.00000000,NONE,NONE,
6974488946973,SILI BOX JOLLY LUSH,ZIIPLAB,0.00000000,NONE,NONE,
6974488946980,SILI BOX JUICY GUSHER,ZIIPLAB,0.00000000,NONE,NONE,
6974488946997,SILI BOX GOOEY GUMMY,ZIIPLAB,0.00000000,NONE,NONE,
6974488947222,SILI BOX BUBBLE BERRY,ZIIPLAB,0.00000000,NONE,NONE,
6974488947239,SILI BOX MIGHTY MINT,ZIIPLAB,0.00000000,NONE,NONE,
6974488947246,SILI BOX TROPICAL BREEZE,ZIIPLAB,0.00000000,NONE,NONE,
6974488947253,SILI BOX GREEN GHOST,ZIIPLAB,0.00000000,NONE,NONE,
6974537923665,TMT 15K MINT ICE,ZIIPLAB,0.00000000,NONE,NONE,
6974537923689,TMT 15K MIAMI MINT,ZIIPLAB,0.00000000,NONE,NONE,
6974537923696,TMT 15K BLUE MINT,ZIIPLAB,0.00000000,NONE,NONE,
6974537923719,TMT 15K STRAWBERRY WATERMELON,ZIIPLAB,0.00000000,NONE,NONE,
6974537923726,TMT 15K STRAWBERRY KIWI,ZIIPLAB,0.00000000,NONE,NONE,
6974537923733,TMT 15K LUSH ICE,ZIIPLAB,0.00000000,NONE,NONE,
6974537923740,TMT 15K BLUE RAZZ,ZIIPLAB,0.00000000,NONE,NONE,
6974537923757,TMT 15K BLACK ICE,ZIIPLAB,0.00000000,NONE,NONE,
6974537923764,TMT 15K MANGO ICE,ZIIPLAB,0.00000000,NONE,NONE,
6974537923771,TMT 15K SOUR APPLE ICE,ZIIPLAB,0.00000000,NONE,NONE,
6974537923788,TMT 15K TROPICAL RAINBOW,ZIIPLAB,0.00000000,NONE,NONE,
6974537923795,TMT 15K BANANA ICE,ZIIPLAB,0.00000000,NONE,NONE,
6974537923801,TMT 15K PINEAPPLE MANGO ICE,ZIIPLAB,0.00000000,NONE,NONE,
6974537923818,TMT 15K PEACH ICE,ZIIPLAB,0.00000000,NONE,NONE,
6974622801311,GEEKVAPE 1FC BLUE SILVER,2,0.00000000,NONE,NONE,
6974622801328,GEEKVAPE 1FC SILVER,2,0.00000000,NONE,NONE,
6974622801335,GEEKVAPE 1FC GUNMETAL,2,0.00000000,NONE,NONE,
6974622801342,GEEKVAPE 1FC BLACK,2,0.00000000,NONE,NONE,
6974622801359,GEEKVAPE 1FC RAINBOW,2,0.00000000,NONE,NONE,
6974622801687,GEEKVAPE OBELISK 65 LAVA,2,0.00000000,NONE,NONE,
6974622801700,GEEKVAPE OBELISK 65 NAVY BLUE,2,0.00000000,NONE,NONE,
6974622801731,GEEKVAPE OBELISK 65 SCAR BLUE,2,0.00000000,NONE,NONE,
6974622801762,Aegis Legend 2 BlackCarbonFire,2,0.00000000,NONE,NONE,
6974622802073,GEEKVAPE ONE POD/EACH,5,0.00000000,NONE,NONE,
6974622803179,GEEKVAPE H45 BLACK,2,0.00000000,NONE,NONE,
6974622803186,GEEKVAPE H45 GUNMETAL,2,0.00000000,NONE,NONE,
6974622803193,GEEKVAPE H45 SILVER,2,0.00000000,NONE,NONE,
6974622803209,GEEKVAPE H45 WHITE,2,0.00000000,NONE,NONE,
6974622803216,GEEKVAPE H45 BLUE,2,0.00000000,NONE,NONE,
6974622803223,GEEKVAPE H45 RAINBOW,2,0.00000000,NONE,NONE,
6974622803230,GEEKVAPE H45 RED,2,0.00000000,NONE,NONE,
6974622803247,GEEKVAPE H45 BLACK ORANGE,2,0.00000000,NONE,NONE,
6974622803384,GEEKVAPE H45 CART each,5,0.00000000,NONE,NONE,6974622803346
6974622807313,GEEKVAPE B60 BLUE RED,2,0.00000000,NONE,NONE,
6974622807320,GEEKVAPE B60 SILVER,2,0.00000000,NONE,NONE,
6974622807337,GEEKVAPE B60 BOTTLE GREEN,2,0.00000000,NONE,NONE,
6974622807344,GEEKVAPE B60 GOLDEN RED,2,0.00000000,NONE,NONE,
6974622807351,GEEKVAPE B60 BLACK,2,0.00000000,NONE,NONE,
6974622807368,GEEKVAPE B60 MINT BLUE,2,0.00000000,NONE,NONE,
6974622807382,GEEKVAPE B60 RAINBOW,2,0.00000000,NONE,NONE,
6974622807597,Geek VapeZ 0.15 XM Coil *Each*,5,0.00000000,NONE,NONE,
6974622807771,GEEKVAPE T200 KIT SILVER,2,0.00000000,NONE,NONE,
6974622807788,GEEKVAPE T200 KIT BLACK,2,0.00000000,NONE,NONE,
6974622807795,GEEKVAPE T200 KIT RAINBOW,2,0.00000000,NONE,NONE,
6974622807801,GEEKVAPE T200 KIT BLKISH GREEN,2,0.00000000,NONE,NONE,
6974622807818,GEEKVAPE T200 KIT AZURE BLUE,2,0.00000000,NONE,NONE,
6974622807825,GEEKVAPE T200 KIT NAVY BLUE,2,0.00000000,NONE,NONE,
6974622807832,GEEKVAPE T200 KIT CLARET RED,2,0.00000000,NONE,NONE,
6974622807849,GEEK VAPE SONDER U BLACK,5,0.00000000,NONE,NONE,
6974622807863,GEEK VAPE SONDER U WHITE,5,0.00000000,NONE,NONE,
6974622807887,GEEK VAPE SONDER U GRAY,5,0.00000000,NONE,NONE,
6974622807900,GEEK VAPE SONDER U CELESTE GLA,5,0.00000000,NONE,NONE,
6974622807924,GEEK VAPE SONDER U WINE RED,5,0.00000000,NONE,NONE,
6974622807986,GEEKVAPE U0.7 *EACH*,5,0.00000000,NONE,NONE,
6974622808006,GV U REPLACEMENT POD EACH,5,0.00000000,NONE,NONE,
6974622809102,H45 KIT CRYSTAL PINK,2,0.00000000,NONE,NONE,
6974622809126,H45 KIT CRYSTAL BLUE,2,0.00000000,NONE,NONE,
6974622809133,H45 KIT CRYSTAL GREEN,2,0.00000000,NONE,NONE,
6974622809140,GV H45 PURPLE,2,0.00000000,NONE,NONE,
6974622809614,RAZ 6k CRUSHED BERRIES,ZIIPLAB,0.00000000,NONE,NONE,
6974622809638,RAZ 6K FROZEN STRAWBERRY,ZIIPLAB,0.00000000,NONE,NONE,
6974622809652,RAZ 6K GEORGIA PEACH,ZIIPLAB,0.00000000,NONE,NONE,
6974622809690,RAZ 6K SPEARMINT,ZIIPLAB,0.00000000,NONE,NONE,
6974622809691,RAZ 6000 SPEARMINT,ZIIPLAB,0.00000000,NONE,NONE,
6974622809713,RAZ 6000 WATERMELON ICE,ZIIPLAB,0.00000000,NONE,NONE,
6974622809737,RAZ 6K DRAGONFRUIT LEMONADE,ZIIPLAB,0.00000000,NONE,NONE,
6974622809751,RAZ 6K STRAWBERRY KIWI,ZIIPLAB,0.00000000,NONE,NONE,
6974622809775,RAZ 6K PEACH PEAR,ZIIPLAB,0.00000000,NONE,NONE,
6974622809799,RAZ 6K HAWAII SUNSET,ZIIPLAB,0.00000000,NONE,NONE,
6974771820201,EZII MINI WAX/DAB TANK BLACK,10,0.00000000,NONE,NONE,
6974771821659,DAZII BOX MIX COLORS,4,0.00000000,NONE,NONE,6974771821598
6974771821666,DAZZI BOX 510 BATTERY,CBD,0.00000000,NONE,NONE,
6975199971261,NORTH 5K BLUEBERRY MINT,ZIIPLAB,0.00000000,NONE,NONE,
6975199971285,NORTH 5K BLUEBERRY WATERMELON,ZIIPLAB,0.00000000,NONE,NONE,
6975199971308,NORTH 5K BUBBLE GUM FREEZE,ZIIPLAB,0.00000000,NONE,NONE,
6975199971322,NORTH 5K COCONUT BANANA,ZIIPLAB,0.00000000,NONE,NONE,
6975199971346,NORTH 5K GRAPE SODA,ZIIPLAB,0.00000000,NONE,NONE,
6975199971384,NORTH 5K MANGO FREEZE,ZIIPLAB,0.00000000,NONE,NONE,
6975199971391,NORTH 5K RASPBERRY LEMON,ZIIPLAB,0.00000000,NONE,NONE,
6975199971438,NORTH 5K RASPBERRY MINT,ZIIPLAB,0.00000000,NONE,NONE,
6975207754190,ELF BAR BLUE RAZZ ICE,ZIIPLAB,0.00000000,NONE,NONE,4895255208150
6975207754213,ELF BAR CRANBERRY GRAPE,ZIIPLAB,0.00000000,NONE,NONE,
6975207754220,EB CUBA CIGAR,ZIIPLAB,0.00000000,NONE,NONE,
6975207754237,ELF BAR ENERGY,ZIIPLAB,0.00000000,NONE,NONE,
6975207754244,ELF BAR GREEN APPLE,ZIIPLAB,0.00000000,NONE,NONE,
6975207754251,ELF BAR GUAVA ICE,ZIIPLAB,0.00000000,NONE,NONE,
6975207754268,ELF BAR GUMI,ZIIPLAB,0.00000000,NONE,NONE,
6975207754275,ELF BAR HONEY/PINEAPPLE/ORANGE,ZIIPLAB,0.00000000,NONE,NONE,
6975207754282,ELF BAR KIWI PASSION GUAVA,ZIIPLAB,0.00000000,NONE,NONE,
6975207754299,ELF BAR LEMON MINT,ZIIPLAB,0.00000000,NONE,NONE,
6975207754305,ELF BAR MALYSIAN MANGO,ZIIPLAB,0.00000000,NONE,NONE,
6975207754312,ELF BAR MANGO PEACH,ZIIPLAB,0.00000000,NONE,NONE,
6975207754329,ELF BAR MANGO PEACH APRICOT,ZIIPLAB,0.00000000,NONE,NONE,
6975207754343,EB PEACH ICE,ZIIPLAB,0.00000000,NONE,NONE,6941976239565
6975207754350,ELF PEACH MANGO WATER,ZIIPLAB,0.00000000,NONE,NONE,
6975207754367,ELFBAR PINEAPPLE COCONUT ICE,ZIIPLAB,0.00000000,NONE,NONE,
6975207754374,ELF BAR RAINBOW CANDY,ZIIPLAB,0.00000000,NONE,NONE,
6975207754381,ELF BAR RAINBOW CLOUDZ,ZIIPLAB,0.00000000,NONE,NONE,
6975207754404,ELFBAR SAKURA GRAPE,ZIIPLAB,0.00000000,NONE,NONE,6941976239619
6975207754411,ELF BAR SOUR APPLE,ZIIPLAB,0.00000000,NONE,NONE,
6975207754428,Elfbar strawberry banana,ZIIPLAB,0.00000000,NONE,NONE,
6975207754435,EB STRAWBERRY ICE,ZIIPLAB,0.00000000,NONE,NONE,6941976239633
6975207754459,EB STRAWBERRY MANGO,ZIIPLAB,0.00000000,NONE,NONE,6941976239657
6975207754466,EB STRAWBERRY PINA COLODA,ZIIPLAB,0.00000000,NONE,NONE,6941976239664
6975207754473,ELF BAR SWEET MENTHOL,ZIIPLAB,0.00000000,NONE,NONE,
6975207754480,Elf bar triple berry ice,ZIIPLAB,0.00000000,NONE,NONE,
6975207754527,ELFBAR WATERMELON ICE,ZIIPLAB,0.00000000,NONE,NONE,
697521540223,DELTA 10 CART,CBD,0.00000000,NONE,NONE,697521540223
697521543200,DELTA 10 CONCENTRATE,CBD,0.00000000,NONE,NONE,
697521629713,DELTA 10 DISPOSABLE,CBD,0.00000000,NONE,NONE,
697560615753,SUGAR EXTRAX FRUITY PEBBS,CBD,0.00000000,NONE,NONE,
697560615760,SUGAR EXTRAX TROPICANA KUSH,CBD,0.00000000,NONE,NONE,
697560615777,SUGAR EXTRAX COCO OG,CBD,0.00000000,NONE,NONE,
6975819833245,TIK30 510 BATTERY,SALT NIC,0.00000000,NONE,NONE,
6975886081570,YOCAN ICAN ERIG VAPORIZOR,1,0.00000000,NONE,NONE,
6975886085905,YO CAN ZEN KIT,1,0.00000000,NONE,NONE,6975886085899
6975886089538,YOCAN DUBB DUAL CART VAPORIZER,1,0.00000000,NONE,NONE,
6975984050454,GV Z FLI TANK SILVER,7,0.00000000,NONE,NONE,
6975984050461,GV Z FLI TANK BLACK,7,0.00000000,NONE,NONE,
6975984050478,GV Z FLI TANK GUNMETAL,7,0.00000000,NONE,NONE,
6975984050485,GV Z FLI TANK BLUE,7,0.00000000,NONE,NONE,
6975984050508,GV Z FLI TANK RAINBOW,7,0.00000000,NONE,NONE,
6975984051802,RAZ 6K LEMON LIME,ZIIPLAB,0.00000000,NONE,NONE,
6975984051826,RAZ 6K BLUE RAZ,ZIIPLAB,0.00000000,NONE,NONE,
6975984051840,RAZ 6K FUJI BLUE RAZ,ZIIPLAB,0.00000000,NONE,NONE,
6975984051864,RAZ 6K POM POM RAZ,ZIIPLAB,0.00000000,NONE,NONE,
6975984051888,RAZ 6K  CACTUS JACK,ZIIPLAB,0.00000000,NONE,NONE,
6975984051901,RAZ 6K CLEAR,ZIIPLAB,0.00000000,NONE,NONE,
6975984052182,RAZ 6K BLUE RAZ ICE,ZIIPLAB,0.00000000,NONE,NONE,
6975984052441,RAZ 6K STRAZZ,ZIIPLAB,0.00000000,NONE,NONE,
6975984052465,RAZ 6K MANGO MANIA,ZIIPLAB,0.00000000,NONE,NONE,
6975984052489,RAZ 6K MIAMI MINT,ZIIPLAB,0.00000000,NONE,NONE,
6975984052502,RAZ 6K FUJI PEAR,ZIIPLAB,0.00000000,NONE,NONE,
6975984052861,RAZ TN9000 STRAWBERRY ICE,ZIIPLAB,0.00000000,NONE,NONE,
6975984052885,RAZ TN9000 STRAWBERRY SHRTCAKE,ZIIPLAB,0.00000000,NONE,NONE,
6975984052908,RAZ TN9000 NIGHT CRAWLER,ZIIPLAB,0.00000000,NONE,NONE,
6975984052922,RAZ TN9000 DRAGNFRUIT LEMONADE,ZIIPLAB,0.00000000,NONE,NONE,
6975984052946,RAZ TN9000 POLAR ICE,ZIIPLAB,0.00000000,NONE,NONE,
6975984052960,RAZ TN9000 GRAHAM TWIST,ZIIPLAB,0.00000000,NONE,NONE,
6975984052984,RAZ TN9000 BLUE RAZ ICE,ZIIPLAB,0.00000000,NONE,NONE,
6975984053004,RAZ TN9000 BLUEBERRY WATERMELN,ZIIPLAB,0.00000000,NONE,NONE,
6975984053028,RAZ TN9000 MIAMI MINT,ZIIPLAB,0.00000000,NONE,NONE,
6975984053042,RAZ TN9000 MANGO COLADA,ZIIPLAB,0.00000000,NONE,NONE,
6975984053066,RAZ TN9000 CITRONNADE,ZIIPLAB,0.00000000,NONE,NONE,
6975984053080,RAZ TN9000 GRAPE ICE,ZIIPLAB,0.00000000,NONE,NONE,
6975984053103,RAZ TN9000 TRIPLE BERRY ICE,ZIIPLAB,0.00000000,NONE,NONE,
6975984053127,RAZ TN9000 WATERMELON ICE,ZIIPLAB,0.00000000,NONE,NONE,
6975984053141,RAZ TN9000 CACTUS JACK,ZIIPLAB,0.00000000,NONE,NONE,
6975984053165,RAZ TN9000 CHERRY LEMON,ZIIPLAB,0.00000000,NONE,NONE,
6975984053615,RAZTN9000 PUMPKIN PIE,ZIIPLAB,0.00000000,NONE,NONE,
6975984053639,RAZTN9000 APPLE CINNAMON,ZIIPLAB,0.00000000,NONE,NONE,
6975984054698,RAZ TN9000 VIOLET,ZIIPLAB,0.00000000,NONE,NONE,
6975984054711,RAZ TN9000 MEGA RUBY,ZIIPLAB,0.00000000,NONE,NONE,
6975984054735,RAZ TN9000 MEGA VICKY,ZIIPLAB,0.00000000,NONE,NONE,
6975984054759,RAZ TN9000 MEGA TIFFANY,ZIIPLAB,0.00000000,NONE,NONE,
6975984055039,RAZ TN9000 ORANGE RASPBERRY,ZIIPLAB,0.00000000,NONE,NONE,
6975984055053,RAZ TN BLURAZZ COTTON CLOUDZ,ZIIPLAB,0.00000000,NONE,NONE,
6975984055077,RAZ TN BANANA COCONUT,ZIIPLAB,0.00000000,NONE,NONE,
6975984055145,RAZ TN9000 GUMMY WATERMELON,ZIIPLAB,0.00000000,NONE,NONE,
6975984055169,RAZ PINEAPPLE PASSNFRUIT GUAVA,ZIIPLAB,0.00000000,NONE,NONE,
6975984055183,RAZ PEACH GRAPEFRUIT,ZIIPLAB,0.00000000,NONE,NONE,
6975984055640,RAZ TN9000 GEORGIA PEACH,ZIIPLAB,0.00000000,NONE,NONE,
6975984055787,RAZ VALENTINES DAY RUBY 2PC,ZIIPLAB,0.00000000,NONE,NONE,
6975984056029,GV AEGIS LEGEND III KIT BLACK,2,0.00000000,NONE,NONE,
6975984056036,GV AEGIS LEGEND III KIT BLUE,2,0.00000000,NONE,NONE,
6975984056043,GV AEGIS LEGEND III KIT RED,2,0.00000000,NONE,NONE,
6975984056050,GV AEGIS LEGEND III KIT PURPLE,2,0.00000000,NONE,NONE,
6975984056067,GV AEGIS LEGEND III KIT GREEN,2,0.00000000,NONE,NONE,
6975984056074,GV AEGIS LEGEND III KIT SILVER,2,0.00000000,NONE,NONE,
6975984056081,GV AEGIS LEGEND III KIT GLD BL,2,0.00000000,NONE,NONE,
6975984056098,GV AEGIS LEGEND III KIT TT GRY,2,0.00000000,NONE,NONE,
6975984056104,GV AEGIS LEGEND III KIT RAINBO,2,0.00000000,NONE,NONE,
6975984056111,GV AEGIS LEGEND III KIT DK GRY,2,0.00000000,NONE,NONE,
6975984056807,RAZ DC25K STRAWBERRY BURST,ZIIPLAB,0.00000000,NONE,NONE,6972866502964
6975984056821,RAZ DC25K ICED BLUE DRAGON,ZIIPLAB,0.00000000,NONE,NONE,6972866507587
6975984056845,RAZ DC25K SB ORANGE TANG,ZIIPLAB,0.00000000,NONE,NONE,
6975984056869,RAZ DC25000 NIGHT CRAWLER,ZIIPLAB,0.00000000,NONE,NONE,6972866507624
6975984056883,RAZ DC25K WINTERGREEN,ZIIPLAB,0.00000000,NONE,NONE,6972866507648
6975984056906,RAZ DC25K BLUEBERRY WATERMELON,ZIIPLAB,0.00000000,NONE,NONE,6972866507662
6975984056920,RAZ DC25K BLUE RAZ ICE,ZIIPLAB,0.00000000,NONE,NONE,
6975984056944,RAZ DC25K MIAMI MINT,ZIIPLAB,0.00000000,NONE,NONE,6972866507709
6975984056968,RAZ DC25K RASPERRY LIMEADE,ZIIPLAB,0.00000000,NONE,NONE,6972866507723
6975984056982,RAZ DC25k GEORGIA PEACH,ZIIPLAB,0.00000000,NONE,NONE,6972866507747
6975984057002,RAZ DC25K BANGIN SOUR BERRIES,ZIIPLAB,0.00000000,NONE,NONE,6972866507761
6975984057040,RAZ DC25K SOUR WM PEACH,ZIIPLAB,0.00000000,NONE,NONE,6972866507808
6975984057064,RAZ DC25K WATERMELON ICE,ZIIPLAB,0.00000000,NONE,NONE,6972866507822
6975984057088,RAZ DC25K CHERRY STRAPPLE,ZIIPLAB,0.00000000,NONE,NONE,6972866507846
6975984057507,RAZ MEGA BLACK CHERRY PEACH,ZIIPLAB,0.00000000,NONE,NONE,
6975984057521,RAZ TN9000 SOUR MANGO PINEAPPL,ZIIPLAB,0.00000000,NONE,NONE,
6975984057545,RAZ TN9000 TROPICAL STORM,ZIIPLAB,0.00000000,NONE,NONE,
6975984059310,RAZ DC25K RAINBOW RAIN,ZIIPLAB,0.00000000,NONE,NONE,6972866507860
6975984059334,RAZ DC25K STRAW KIWI PEAR,ZIIPLAB,0.00000000,NONE,NONE,6972866507884
6975984059372,RAZ 25K RAZZLE DAZZLE,ZIIPLAB,0.00000000,NONE,NONE,6972866507921
6975984059860,RAZ TN 0% NIC STRAWBERRY ICE,ZIIPLAB,0.00000000,NONE,NONE,
6975984059884,RAZ TN 0% NIC NIGHT CRAWLER,ZIIPLAB,0.00000000,NONE,NONE,
6975984059921,RAZ TN9000 MIAMI MINT ZERO,ZIIPLAB,0.00000000,NONE,NONE,
6975984059945,RAZ TN 0% NIC WATERMELON ICE,ZIIPLAB,0.00000000,NONE,NONE,
6976110750163,JUICY BAR PRO COCONUT BANANA,ZIIPLAB,0.00000000,NONE,NONE,
6976110750170,JUICY BAR PRO BRITISH BERRY,ZIIPLAB,0.00000000,NONE,NONE,
6976110750187,JUICY BAR PRO BLUEBERRY WATERM,ZIIPLAB,0.00000000,NONE,NONE,
6976110750194,JUICY BAR STRAW PINA COLADA,ZIIPLAB,0.00000000,NONE,NONE,
6976110750200,JUICY BAR PRO MEXICAN MANGO IC,ZIIPLAB,0.00000000,NONE,NONE,
6976110750217,JUICY BAR PRO BLUEBERRY RAS,ZIIPLAB,0.00000000,NONE,NONE,
6976110750224,JUICY BAR PRO BLUE RAZZ ICE,ZIIPLAB,0.00000000,NONE,NONE,
6976110750231,JUICY BAR PRO SPEARMINT,ZIIPLAB,0.00000000,NONE,NONE,
6976110750248,JUICY BAR PRO LEMONLIME MINT,ZIIPLAB,0.00000000,NONE,NONE,
6976110750255,JUICY BARPRO FRUITCOCKTAIL ICE,ZIIPLAB,0.00000000,NONE,NONE,
6976110750262,JUICY BAR PRO SNOWCONE ICE,ZIIPLAB,0.00000000,NONE,NONE,
6976110750279,JUICY BAR WATERMELON BUBBLEGUM,ZIIPLAB,0.00000000,NONE,NONE,
6976110750293,JUICY BAR PRO ORANGE M WATERM,ZIIPLAB,0.00000000,NONE,NONE,
6976110750309,JUICY BAR PRO PEACHMANGO PA,ZIIPLAB,0.00000000,NONE,NONE,
6976110750316,JUICY BAR FANTA STRAWBERY,ZIIPLAB,0.00000000,NONE,NONE,
6976110751627,JUICY BAR KIWI DRAGON BERRY,ZIIPLAB,0.00000000,NONE,NONE,
6976110751634,JUICY BAR PRO BLACK ICE,ZIIPLAB,0.00000000,NONE,NONE,
6976110751641,JUICY BAR PRO STRAWB WATERMEL,ZIIPLAB,0.00000000,NONE,NONE,
6976110751658,JUICY BAR PRO AMERICAN COFFEE,ZIIPLAB,0.00000000,NONE,NONE,
6976110752174,JUICY BAR PRO PINEAPPLE MINT,ZIIPLAB,0.00000000,NONE,NONE,
6976110752181,JUICY BAR PRO MEXICAN COLA ICE,ZIIPLAB,0.00000000,NONE,NONE,
6976110752570,JB7500 PRO APPLE PEACH,ZIIPLAB,0.00000000,NONE,NONE,
6976110752594,JB7500 PRO WINTER MINT,ZIIPLAB,0.00000000,NONE,NONE,
6976110753539,JUICY BAR KIWI SM,ZIIPLAB,0.00000000,NONE,NONE,
6976110753553,JB7500 PRO APPLE BLUE RAZZ ICE,ZIIPLAB,0.00000000,NONE,NONE,
6976110753560,JB7500 PRO BERRIES & CHERRIES,ZIIPLAB,0.00000000,NONE,NONE,
6976110753577,JB7500 PRO BLUBRY STRWBRY ICE,ZIIPLAB,0.00000000,NONE,NONE,
6976110753614,JB7500 PRO STRWBRY VANILA  ICE,ZIIPLAB,0.00000000,NONE,NONE,
6976110753621,JUICY BAR TEXAS C&C,ZIIPLAB,0.00000000,NONE,NONE,
6976110753676,JUICY BAR APPLE GUMMIES,ZIIPLAB,0.00000000,NONE,NONE,
6976110753683,JUICY BAR BLUE SLUSHY,ZIIPLAB,0.00000000,NONE,NONE,
6976110753720,JUICY BAR PRO MINT ICE,ZIIPLAB,0.00000000,NONE,NONE,
6976110753751,JUICY BAR SOUR CHERRY ICE,ZIIPLAB,0.00000000,NONE,NONE,
6976110753768,JUICY BAR STRAWBERRY B,ZIIPLAB,0.00000000,NONE,NONE,
6976110753782,JUICY BAR STRAWBERRY K,ZIIPLAB,0.00000000,NONE,NONE,
6976110753799,JUICY BAR STRAWBERRY MANGO,ZIIPLAB,0.00000000,NONE,NONE,
6976110753812,JUICY BAR WATERMELON CANDY,ZIIPLAB,0.00000000,NONE,NONE,
6976110755380,JB PROP MAX RSBRRY WATRMLN ICE,ZIIPLAB,0.00000000,NONE,NONE,
6976110755854,JB PROP MAX PEACHY MINT,ZIIPLAB,0.00000000,NONE,NONE,
6976110755861,JB PROP MAX NANA BLURAZ ICE,ZIIPLAB,0.00000000,NONE,NONE,
6976110755878,JB PROP MAX BERRY BERRY ICE,ZIIPLAB,0.00000000,NONE,NONE,
6976110755885,JB PROP MAX BLUBRY STRWBRY ICE,ZIIPLAB,0.00000000,NONE,NONE,
6976110755892,JB PROP MAX BLUE RAZZ ICE,ZIIPLAB,0.00000000,NONE,NONE,
6976110755908,JB PROP MAX CAR STRBRY CNT ICE,ZIIPLAB,0.00000000,NONE,NONE,
6976110755915,JUICE BAR DOUBLE MINT,ZIIPLAB,0.00000000,NONE,NONE,
6976110755922,JB PROP MAX FUCKING FAB,ZIIPLAB,0.00000000,NONE,NONE,
6976110755939,JB PROP MAX GREEN GRAPE ICE,ZIIPLAB,0.00000000,NONE,NONE,
6976110755960,juice bar pro rasp water ice,ZIIPLAB,0.00000000,NONE,NONE,
6976110755977,JB PROP MAX STRBRRY CHRRY ICE,ZIIPLAB,0.00000000,NONE,NONE,
6976110755984,JB PROP MAX WATERMLN KIWI ICE,ZIIPLAB,0.00000000,NONE,NONE,
6976110755991,JB PROP MAX WHITE GUMMY,ZIIPLAB,0.00000000,NONE,NONE,
6976110756134,JB WATERMELON ICE,ZIIPLAB,0.00000000,NONE,NONE,
6976110756141,JB COCONUT BANANA ICE,ZIIPLAB,0.00000000,NONE,NONE,
6976110756158,JB SPEARMINT,ZIIPLAB,0.00000000,NONE,NONE,
6976110756165,JB STRAWBERRY ICE,ZIIPLAB,0.00000000,NONE,NONE,
6976110756172,JB MEXICAN MANGO ICE,ZIIPLAB,0.00000000,NONE,NONE,
6976984850020,RAMA STRAWBERRY WATERMELON,ZIIPLAB,0.00000000,NONE,NONE,
6976984850037,RAMA STRAWBERRY BANANA,ZIIPLAB,0.00000000,NONE,NONE,
6976984850129,RAMA ICELANDIC MINT,ZIIPLAB,0.00000000,NONE,NONE,
6976984850938,RAMA CALIFORNIA CHERRY,ZIIPLAB,0.00000000,NONE,NONE,
6976984850945,RAMA RASPBERRY ORANGE,ZIIPLAB,0.00000000,NONE,NONE,
6976984852789,HYDE NIC STRIPS CINIMON,TOBACCO,0.00000000,NONE,NONE,
6976984852871,HYDE NIC STRIPS COOL MINT,TOBACCO,0.00000000,NONE,NONE,
6976984852901,HYDE NIC STRIPS CITRUS,TOBACCO,0.00000000,NONE,NONE,
6976984852932,HYDE NIC STRIPS SPEARMINT,TOBACCO,0.00000000,NONE,NONE,
6976984852963,HYDE NIC STRIPS WINTERGREEN,TOBACCO,0.00000000,NONE,NONE,
6976984852994,HYDE NIC STRIPS WATERMELON,TOBACCO,0.00000000,NONE,NONE,
6977093950007,EHUKA SILVER KIT,2,0.00000000,NONE,NONE,
6977093950014,EHUKA KIT BLACK,2,0.00000000,NONE,NONE,
6977093950021,EHUKA RED KIT,2,0.00000000,NONE,NONE,
6977093950038,EHUKA GOLD KIT,2,0.00000000,NONE,NONE,
6977093950052,EHUKA X1 0.2 POD EACH,5,0.00000000,NONE,NONE,
6977292671055,SHREDDER 63MM GRINDER,1,0.00000000,NONE,NONE,
697794362874,MONSTER BARS BLACKBERRY JAM,ZIIPLAB,0.00000000,NONE,NONE,
6978269661499,RAZ VUE POD PINEAPPLE MTN DEW,ZIIPLAB,0.00000000,NONE,NONE,
6978269661512,RAZ VUE KIT PINEAPPLE MTN DEW,ZIIPLAB,0.00000000,NONE,NONE,
6978269661529,RAZ VUE POD STRAWBERRY BLAST,ZIIPLAB,0.00000000,NONE,NONE,
6978269661543,RAZ VUE KIT STRAWBERRY BLAST,ZIIPLAB,0.00000000,NONE,NONE,
6978269661550,RAZ VUE POD WHITE GUMMY,ZIIPLAB,0.00000000,NONE,NONE,
6978269661611,RAZ VUE KIT HAWAIIAN PUNCH,ZIIPLAB,0.00000000,NONE,NONE,
6978269661628,RAZ VUE POD HAWAIIAN PUNCH,ZIIPLAB,0.00000000,NONE,NONE,
6978269661697,RAZ VUE POD SOUR APPLE ICE,ZIIPLAB,0.00000000,NONE,NONE,
6978269661703,RAZ VUE KIT SOUR APPLE ICE,ZIIPLAB,0.00000000,NONE,NONE,
6978269661727,RAZ VUE POD MIAMI MINT,ZIIPLAB,0.00000000,NONE,NONE,
6978269661734,RAZ VUE KIT MIAMI MINT,ZIIPLAB,0.00000000,NONE,NONE,
6978269661758,RAZ VUE POD WATERMELON ICE,ZIIPLAB,0.00000000,NONE,NONE,
6978269661772,RAZ VUE POD TRIPLE BERRY ICE,ZIIPLAB,0.00000000,NONE,NONE,
6978269661796,RAZ VUE KIT BLUE RAZ ICE,ZIIPLAB,0.00000000,NONE,NONE,
6978269661833,RAZ VUE POD BLUE RAZ ICE,ZIIPLAB,0.00000000,NONE,NONE,
6978271530004,RAZ ORNG PINEAPPLE PUNCH,ZIIPLAB,0.00000000,NONE,NONE,
6978271530028,RAZ BLUEBERRY PUNCH,ZIIPLAB,0.00000000,NONE,NONE,6978269660836
6978271530042,RAZ TRIPLE BERRY PUNCH,ZIIPLAB,0.00000000,NONE,NONE,
6978271530066,RAZ SOUR RASP PUNCH,ZIIPLAB,0.00000000,NONE,NONE,6972777971408
6978271530080,RAZ HAWAIIAN PUNCH,ZIIPLAB,0.00000000,NONE,NONE,6978269660881
6978271530219,RAZ RYL 35K DRGNFRUT LEMONADE,ZIIPLAB,0.00000000,NONE,NONE,
6978271531254,GV AEGIS HERO 5 KIT IRON BLACK,2,0.00000000,NONE,NONE,
6978271531261,GV AEGIS HERO 5 KIT BLAZE RED,2,0.00000000,NONE,NONE,
6978271531278,GV AEGIS HERO 5 KIT SILVER,2,0.00000000,NONE,NONE,
6978271531285,GV AEGIS HERO 5 KIT WHITE,2,0.00000000,NONE,NONE,
6978271531292,GV AEGIS HERO 5 KIT FROST MINT,2,0.00000000,NONE,NONE,
6978271531308,GV AEGIS HERO 5 KIT RACE GREEN,2,0.00000000,NONE,NONE,
6978271531315,GV AEGIS HERO 5 KIT TURBO BLUE,2,0.00000000,NONE,NONE,
6978271531322,GEEKVAPE AEGIS CART BLACK,5,0.00000000,NONE,NONE,
6978271534057,RAZ BATCH 50K BLUE RAZ BAT,ZIIPLAB,0.00000000,NONE,NONE,
6978271534071,RAZ BATCH 50K LEMON BAT,ZIIPLAB,0.00000000,NONE,NONE,
6978271534095,RAZ BATCH 50K WHITE PEACH BAT,ZIIPLAB,0.00000000,NONE,NONE,
6978271534118,RAZ BATCH 50K TRIPPLE BERY BAT,ZIIPLAB,0.00000000,NONE,NONE,
6978271534132,RAZ BATCH 50K WATERMELONBATCH,ZIIPLAB,0.00000000,NONE,NONE,
6978476941285,MFU 150K COLA LEMON,ZIIPLAB,0.00000000,NONE,NONE,
6978476941346,MFU 150K GUM MINT,ZIIPLAB,0.00000000,NONE,NONE,
6978476941391,MFU 150K MIAMI MINT,ZIIPLAB,0.00000000,NONE,NONE,
698711,GHOST DISPO ATF 2MG,ZIIPLAB,0.00000000,NONE,NONE,
698712,GHOST 2 MG DISPO WATER ZKITT,ZIIPLAB,0.00000000,NONE,NONE,
698769116645,BAKE D8 TRAIN WRECK,CBD,0.00000000,NONE,NONE,
698769241453,BAKE D8 STICKY BUNZ,CBD,0.00000000,NONE,NONE,
698769267835,BAKE D8 STRAWBERRY KUSH,CBD,0.00000000,NONE,NONE,
698769349661,BAKE D8 WHITE RUNTZ,CBD,0.00000000,NONE,NONE,
698769391677,BAKE D8 ZKITTLES,CBD,0.00000000,NONE,NONE,
6990454654917,DNA 250,3,0.00000000,NONE,NONE,
699747695138,ALD MAZE POD,5,1.95000000,NONE,NONE,
7,SUICIDE BUNY 15ML,10,7.00000000,NONE,NONE,
700433944284,AE VOYAGER FRTCBAR HYBRID,CBD,0.00000000,NONE,NONE,
700433944291,AE VOYAGER GORILAGLUE INDICA,CBD,0.00000000,NONE,NONE,
700433944307,AE VOYAGER GHOSTOG SATIVA,CBD,0.00000000,NONE,NONE,
700598108996,OPMS MALAY 30 GRAMS,KRATOM,0.00000000,NONE,NONE,
700621788263,bowl buddy,CBD,0.00000000,NONE,NONE,
7007070,EGOONE CL-NI,5,0.00000000,NONE,NONE,
700721137459,ELF BAR AIRO MAX WATERMELON IC,ZIIPLAB,0.00000000,NONE,NONE,
700721137473,ELFBAR AIRO MAX KIWI PASSION,ZIIPLAB,0.00000000,NONE,NONE,
700721137497,ELFBAR AIRO MAX CRAN GRAPE,ZIIPLAB,0.00000000,NONE,NONE,
700786110008,blunteffect spray each,12345678,0.00000000,NONE,NONE,
701220162690,DAZED AB 4.2G TROPICAL ZKITTLE,CBD,0.00000000,NONE,NONE,
701220162706,DAZED AB 4.2 PINEAPPLE DEVILLE,CBD,0.00000000,NONE,NONE,
701220162713,DAZED AB 4.2 APPLE NANAS,CBD,0.00000000,NONE,NONE,
701220162768,DAZED AB 4.2 BLUE WIDOW,CBD,0.00000000,NONE,NONE,
701220162775,DAZED AB 4.2 GELONADE,CBD,0.00000000,NONE,NONE,
701220162782,DAZED AB 4.2 GODS GIFT,CBD,0.00000000,NONE,NONE,
701575931491,TREETOP D8 BLUE DREAM,CBD,0.00000000,NONE,NONE,
701575931507,TREETOP WATERMELON 30MG,CBD,0.00000000,NONE,NONE,
701575931521,TREETOP D8 GELATO,CBD,0.00000000,NONE,NONE,
701575931538,TREETOP DELTA 8 BLUE DREAM,ZIIPLAB,0.00000000,NONE,NONE,
701575931552,TREETOP D8 GELATO,ZIIPLAB,0.00000000,NONE,NONE,
701980365683,NORTH 5K ORNG MNGO WTRMLN,ZIIPLAB,0.00000000,NONE,NONE,
701980365690,NORTH 5K LUSH ICE,ZIIPLAB,0.00000000,NONE,NONE,
701980365706,NORTH 5K PINA COLADA,ZIIPLAB,0.00000000,NONE,NONE,
701980365713,NORTH 5K CHERRY COLA,ZIIPLAB,0.00000000,NONE,NONE,
701980365720,NORTH 5K STRAWBERRY BANANNA,ZIIPLAB,0.00000000,NONE,NONE,
701980365737,701980365737,ZIIPLAB,0.00000000,NONE,NONE,
701980365744,NORTH 5K KIWI STRWBRY ICE,ZIIPLAB,0.00000000,NONE,NONE,
701980365751,NORTH 5K BLUE RASPBERRY,ZIIPLAB,0.00000000,NONE,NONE,
701980365768,NORTH 5K MIGHTY MINT,ZIIPLAB,0.00000000,NONE,NONE,
701980365775,NORTH 5K TROPICAL SUMMER,ZIIPLAB,0.00000000,NONE,NONE,
701980454110,XTUBE 710,4,0.00000000,NONE,NONE,
701980454134,ROCK 710 KIT,2,0.00000000,NONE,NONE,701980454134
702840357282,TSUNAMI DUGOUT KIT BLACK,1,0.00000000,NONE,NONE,
702840357497,TSUNAMI DUGOUT SILVER,1,0.00000000,NONE,NONE,
702840358920,TSUNAMI DRY HERB GRINDER GREY,1,0.00000000,NONE,NONE,
702840359071,TSUNAMI DRY HERB GRINDER BLCK,1,0.00000000,NONE,NONE,
702840366666,TSUNAMI PREMIUM,8,0.00000000,NONE,NONE,
702840368936,TSUNAMI PREMIUM,8,0.00000000,NONE,NONE,
702840370175,TSUNAMI PREMIUM,8,0.00000000,NONE,NONE,
702840370298,NEU COVERT,8,0.00000000,NONE,NONE,
702840371882,TSUNAMI AL DUGOUT BLACK,1,0.00000000,NONE,NONE,
702840371912,TSUNAMI DUGOUT PRO PIPE ASSORT,1,0.00000000,NONE,NONE,
702840371943,TSUNAMI PREMIUM,8,0.00000000,NONE,NONE,
70284037203201850511,BLINK MINI METALLIC TORCH ASRT,1,0.00000000,NONE,NONE,018505117321
702840373053,TSUNAMI PREMIUM,8,0.00000000,NONE,NONE,
702909429844,MR SKY COOKIE BLUE RAZZ WATERM,ZIIPLAB,0.00000000,NONE,NONE,
702909429851,MR SKY COOKIE BLUE RAZZ ICE,ZIIPLAB,0.00000000,NONE,NONE,
702909429868,MR SKY COOKIE BLUE RAZZ LEMONA,ZIIPLAB,0.00000000,NONE,NONE,
702909429875,MR SKY COOKIE WATERMELON CHEW,ZIIPLAB,0.00000000,NONE,NONE,
702909429905,MR SKY COOKIE,ZIIPLAB,0.00000000,NONE,NONE,
702909429967,MR SKY COOKIE STRAWBERRY ICE,ZIIPLAB,0.00000000,NONE,NONE,
702909438778,Pablo bar Strawberry Kiwi Dark,ZIIPLAB,0.00000000,NONE,NONE,
702909438815,Pablo bar Orange peach pineapp,ZIIPLAB,0.00000000,NONE,NONE,
702909438846,Pablo bar Banana Ice,ZIIPLAB,0.00000000,NONE,NONE,
703230694406,CN PEACH BLUE RASPBERRY 3MG,10,0.00000000,NONE,NONE,765066671549
703230694413,CN PEACH BLUE RASPBERRY 6MG,10,0.00000000,NONE,NONE,765066671556
703856931435,VILLAINOUS 60ML,10,0.00000000,NONE,NONE,
704001601128,GHOST SB LUCID DREAM,CBD,0.00000000,NONE,NONE,
704001601142,GHOST SB RAINBOW MINTZ,CBD,0.00000000,NONE,NONE,
704001601166,GHOST SB ELECTRIC LEMONADE,CBD,0.00000000,NONE,NONE,
704001601180,GHOST SB FRENCH COOKIES,CBD,0.00000000,NONE,NONE,
704260207154,JGO THC-P AND O ALL FLAVORS,CBD,0.00000000,NONE,NONE,
704335643016,CLOUD NURDZ WATERMELON BERRY,ZIIPLAB,0.00000000,NONE,NONE,
704335643030,CLOUD NURDZ MELON KIWI,ZIIPLAB,0.00000000,NONE,NONE,
704335643054,CLOUD NURDZ STRAWBERRY GRAPE,ZIIPLAB,0.00000000,NONE,NONE,
704335643078,CLOUD NURDZ APPLE GRAPE,ZIIPLAB,0.00000000,NONE,NONE,
704335643092,CLOUD NURDZ APPLE WATERMELON,ZIIPLAB,0.00000000,NONE,NONE,
704335643115,CLOUD NURDZ BLUERASP PEACH,ZIIPLAB,0.00000000,NONE,NONE,
704335644907,CLOUD NURDZ VB HIBISCUS,SALT NIC,0.00000000,NONE,NONE,
704335645294,CLOUD NURDZ V BRY HIBSCS 25MG,SALT NIC,0.00000000,NONE,NONE,
704335645300,CLOUD NURDZ V BRY HIBSCS 50MG,SALT NIC,0.00000000,NONE,NONE,
704335645331,GN GUAVA PASSIONFRUIT ICE 25MG,SALT NIC,0.00000000,NONE,NONE,
704335645348,CN GUAVA PASSIONFRUIT ICE 50MG,SALT NIC,0.00000000,NONE,NONE,
704335645379,CN STRAWBERRY KIWI ICED 25MG,SALT NIC,0.00000000,NONE,NONE,
704335645386,CN STRAWBERRY KIWI ICED 50MG,SALT NIC,0.00000000,NONE,NONE,
704674069256,SB/NOMS CANDY LEMONADE,ZIIPLAB,0.00000000,NONE,NONE,
704674081722,PRESSED 3GM TABLETS,KRATOM,0.00000000,NONE,NONE,
704674315964,SB/NOMS POG,ZIIPLAB,0.00000000,NONE,NONE,
704674322276,PRESSD  HYD GREEN 90MG,KRATOM,0.00000000,NONE,NONE,
704674449539,SB/NOM WHITE PEACH RAZZ,ZIIPLAB,0.00000000,NONE,NONE,
704674482970,SB/NOM MELON DUO,ZIIPLAB,0.00000000,NONE,NONE,
704674488194,PRESSD SHOT 40MG EACH,KRATOM,0.00000000,NONE,NONE,
704751829131,TWIST GREEN NO1 120ML 6MG,10,0.00000000,NONE,NONE,
704751829247,TWIST CRIMSON NO1 3MG,10,0.00000000,NONE,NONE,
704751829254,Twist Crimson No. 1,10,0.00000000,NONE,NONE,
704751829261,TWIST RED NO1 120ML 6MG,10,0.00000000,NONE,NONE,
704817490220,PIXE 60ML,10,0.00000000,NONE,NONE,704817490268
705060,C4 KIT,2,0.00000000,NONE,NONE,
705333580181,CAKE XL BANANA COOKIES,ZIIPLAB,0.00000000,NONE,NONE,705333309744
705333580204,CAKE XL LA CONFIDENTIAL,ZIIPLAB,0.00000000,NONE,NONE,
705333580242,CAKE XL AK-47,ZIIPLAB,0.00000000,NONE,NONE,
705333580426,CAKE XL PINEAPPLE EXPRESS,ZIIPLAB,0.00000000,NONE,NONE,
705333581027,CAKE CART,CBD,0.00000000,NONE,NONE,
705333581089,CAKE CART,CBD,0.00000000,NONE,NONE,
705333581096,cake ice cream cake cart,CBD,0.00000000,NONE,NONE,
705333581102,CAKE CART,CBD,0.00000000,NONE,NONE,
705333581119,cake texas pound cake cart,CBD,0.00000000,NONE,NONE,
705333581126,cake wedding cake cart,CBD,0.00000000,NONE,NONE,
705333581232,CAKE CART,CBD,0.00000000,NONE,NONE,
705333581249,CAKE CART,CBD,0.00000000,NONE,NONE,
705333581256,CAKE SOUR TANGIE CART,CBD,0.00000000,NONE,NONE,
705333581263,cake skywalker OG cart,CBD,0.00000000,NONE,NONE,
705333581287,CAKE CART,CBD,0.00000000,NONE,NONE,
705333581294,CAKE CART,CBD,0.00000000,NONE,NONE,
705333581300,cake gorilla glue cart,CBD,0.00000000,NONE,NONE,
705333581331,CAKE BANANA RUNTZ CART,CBD,0.00000000,NONE,NONE,
705333581669,cake white runts disposable,ZIIPLAB,0.00000000,NONE,NONE,
705333581744,cake pineapple upside down cak,ZIIPLAB,0.00000000,NONE,NONE,
705333581751,cake disposable ice cream cake,ZIIPLAB,0.00000000,NONE,NONE,
705333581782,cake birthday cake disposable,ZIIPLAB,0.00000000,NONE,NONE,705333587838
705333582222,cake sour tangie disposable,ZIIPLAB,0.00000000,NONE,NONE,705333582826
705333582567,cake lemon kush disposable,ZIIPLAB,0.00000000,NONE,NONE,
705333582840,CAKE SUPER SILVER HAZE DISPO,ZIIPLAB,0.00000000,NONE,NONE,
705333582857,cake OG kush disposable,ZIIPLAB,0.00000000,NONE,NONE,
705333587753,CAKE WEDDING CAKE,ZIIPLAB,0.00000000,NONE,NONE,
705333587883,CAKE PURPLE PUNCH,ZIIPLAB,0.00000000,NONE,NONE,
705333588057,CAKE SNOWCAP,ZIIPLAB,0.00000000,NONE,NONE,
705333588071,CAKE TROPICAL COOKIES,ZIIPLAB,0.00000000,NONE,NONE,
705377731716,NAKED 600MG CBD,CBD,17.00000000,NONE,NONE,705377731709
705377915031,PB AND JAM MONSTER,10,0.00000000,NONE,NONE,705377915031
705377915062,JAM MONSTER SALT,SALT NIC,0.75000000,NONE,NONE,659424844761
708210372190,BEAST E-LIQUID,10,0.00000000,NONE,NONE,708210372183
708210372831,PUMP KAKE,10,0.00000000,NONE,NONE,708210372824
710,Smok Drip Tips,8,0.00000000,NONE,NONE,810
710022787499,CM BUTTERSCOTCH 3MG,10,0.00000000,NONE,NONE,
710022787505,CM BUTTERSCOTCH 6MG,10,0.00000000,NONE,NONE,
710022787529,custard monster BS 48mg,SALT NIC,0.00000000,NONE,NONE,
710022787697,CM VANILLA 3MG,10,0.00000000,NONE,NONE,
710022787703,CM VANILLA 6MG,10,0.00000000,NONE,NONE,
710022787710,JAM MONSTER SALT,SALT NIC,0.00000000,NONE,NONE,
710022787840,JAM MONSTER STRAWBERRY,10,0.00000000,NONE,NONE,
710022787857,JAM MONSTER STRAWBERRY,10,0.00000000,NONE,NONE,
710022787895,JAM MONSTER BLUEBERRY 3MG,10,0.00000000,NONE,NONE,
710022787901,JAM MONSTER BLUEBERRY 6MG,10,0.00000000,NONE,NONE,
710022787949,JAM MONSTER BLACKBERRY 3MG,10,0.00000000,NONE,NONE,
710022788007,JAM MONSTER GRAPE 6MG,10,0.00000000,NONE,NONE,
710022788052,JAM MONSTER APPLE 6MG,10,0.00000000,NONE,NONE,
710022788144,JAM MONSTER BANANA 3MG,10,0.00000000,NONE,NONE,
710022788151,JAM MONSTER BANANA 6MG,10,0.00000000,NONE,NONE,
710022788243,JAM MONSTER MIXED BERRY 3MG,10,0.00000000,NONE,NONE,
710022788250,JAM MONSTER MIXED BERRY 6MG,10,0.00000000,NONE,NONE,
710022788441,JM PB & GRAPE 3MG,10,0.00000000,NONE,NONE,
710022788458,JM PB & GRAPE,10,0.00000000,NONE,NONE,
710022788496,JAM MONSTER  PB & STRAWBRY 3MG,10,0.00000000,NONE,NONE,
710022788557,JM PB & BANANA 6MG,10,0.00000000,NONE,NONE,
710022789196,JAM MONSTER MIXED BERRY 3MG,10,0.00000000,NONE,NONE,
710022789202,FRUIT MONSTER MIXED BERRY 6MG,10,0.00000000,NONE,NONE,
711528695288,HYDE CINNAMON BANANA,ZIIPLAB,0.00000000,NONE,NONE,711528695288
711852686921,HYDE STRAWBERRY BANANA 50MG,ZIIPLAB,0.00000000,NONE,NONE,
711852696951,HYDE BANANA ICE,ZIIPLAB,0.00000000,NONE,NONE,
711926124816,HYDE TOBACCO,ZIIPLAB,0.00000000,NONE,NONE,711926124816
711926124817,HYDE FIRE AND ICE,ZIIPLAB,0.00000000,NONE,NONE,711926124908
711926124854,HYDE MANGO,ZIIPLAB,0.00000000,NONE,NONE,
711926124885,HYDE PEACH MANGO WATERMELON,ZIIPLAB,0.00000000,NONE,NONE,711926125073
711926124886,HYDE MANGO ICE,ZIIPLAB,0.00000000,NONE,NONE,711926124878
711926124887,HYDE SPEARMINT,ZIIPLAB,0.00000000,NONE,NONE,711926125066
711926124888,HYDE PINEAPPLE ICE,ZIIPLAB,0.00000000,NONE,NONE,711926124861
711926124889,HYDE STRAWBERRIES & CREAM,ZIIPLAB,0.00000000,NONE,NONE,711926125097
711926124890,HYDE  CHERRY LEMONADE,ZIIPLAB,0.00000000,NONE,NONE,711926125035
711926124891,HYDE HONEYDEW,ZIIPLAB,0.00000000,NONE,NONE,711926125059
711926124892,HYDE BLUE RAZZ,ZIIPLAB,0.00000000,NONE,NONE,711926125028
711926124893,HYDE KRAZY KUSTARD,ZIIPLAB,0.00000000,NONE,NONE,711926125004
711926124894,HYDE PINK LEMONADE,ZIIPLAB,0.00000000,NONE,NONE,711926125011
711926124895,HYDE STRAW MELON APPLE,ZIIPLAB,0.00000000,NONE,NONE,711926125042
711926125080,HYDE LUSH ICE,ZIIPLAB,0.00000000,NONE,NONE,711926125080
712345040190,ZKITTLEZ 7G D8 FLOWER,CBD,0.00000000,NONE,NONE,
715330740556,HOHM DEPOT 3005 MAH EACH,4,0.00000000,NONE,NONE,
716165174172,RAW ORGHEMP 1 1/4 EA,TOBACCO,0.00000000,NONE,NONE,
716165174578,RAW CONE  CLASSIC KINGSIZE EA,TOBACCO,0.00000000,NONE,NONE,
716165177111,RAW CONE  CLASSIC 1 1/4 EA,TOBACCO,0.00000000,NONE,NONE,
716165177296,ELEMENTS ULTHIN 1 1/4 EA,TOBACCO,0.00000000,NONE,NONE,
716165177319,RAW CLASSIC 1 1/4 EA,TOBACCO,0.00000000,NONE,NONE,
716165177814,ELEMENTS ULTHIN KING EA,TOBACCO,0.00000000,NONE,NONE,
716165200246,RAW GUMMED TIPS PACK,1,0.00000000,NONE,NONE,
716165201038,RAW CLASSIC 1 1/4 PAPERS,TOBACCO,0.00000000,NONE,NONE,
716165201953,RAW CONE ORG HEMP 1 1/4 EA,TOBACCO,0.00000000,NONE,NONE,
716165281641,RAW CHALLENGE CONE 24IN,TOBACCO,0.00000000,NONE,NONE,
716165283645,RAW ASHTRAY,8,0.00000000,NONE,NONE,
716165286424,RAW CLASSIC ROLLING TRAY BLACK,8,0.00000000,NONE,NONE,
716165289913,RAW BLACK 1 1/4 CONE 6 PK EA,1,0.00000000,NONE,NONE,
716165296829,RAW  CLASSIC 1 1/4 CONE,TOBACCO,0.00000000,NONE,NONE,
716165296836,RAW  CLASSIC KING CONE,TOBACCO,0.00000000,NONE,NONE,
716165301486,ELEMENTS PINK KING EA,TOBACCO,0.00000000,NONE,NONE,
716715326983,HOW HIGH GREEN CRACK,CBD,0.00000000,NONE,NONE,
716715326990,HOW HIGH PINEAPPLE KUSH,CBD,0.00000000,NONE,NONE,
716715327003,HOW HIGH SOUR DIESEL,CBD,0.00000000,NONE,NONE,
716715327010,HOW HIGH BLUE WIDOW,CBD,0.00000000,NONE,NONE,
716715327027,HOW HIGH BANANA RUNTZ,CBD,0.00000000,NONE,NONE,
716892415234,SOFI ZERO MIAMI MINT,ZIIPLAB,0.00000000,NONE,NONE,
716892415258,SOFI ZERO RASP PCH WTRMLN,ZIIPLAB,0.00000000,NONE,NONE,
716892415272,SOFI ZERO STRAWBERRY MANGO,ZIIPLAB,0.00000000,NONE,NONE,
716892415296,SOFI ZERO TOBACCO,ZIIPLAB,0.00000000,NONE,NONE,
716892415333,SOFI ZERO CLEAR,ZIIPLAB,0.00000000,NONE,NONE,
716892415470,SOFI ZERO FUKCING FAB,ZIIPLAB,0.00000000,NONE,NONE,
716892415579,SOFI ZERO STRAW B POP,ZIIPLAB,0.00000000,NONE,NONE,
719243925857,LIX 120ML 3MG,10,0.00000000,NONE,NONE,719243925871
719243925925,LIX 120ML 6MG,10,0.00000000,NONE,NONE,
719284899261,Blanq delta 8 banana kush cart,CBD,0.00000000,NONE,NONE,
719284899278,Blanq delta 8 grape ape cart,CBD,0.00000000,NONE,NONE,
719284899285,BLANQ SOUR DIESEL DELTA  8,CBD,0.00000000,NONE,NONE,
719284899292,Blanq delta 8 golden pineapple,CBD,0.00000000,NONE,NONE,
719284899308,Blanq delta 8 cranberry kush,CBD,0.00000000,NONE,NONE,
719284899315,Blanq delta 8 gelato cart,CBD,0.00000000,NONE,NONE,
719284899346,Blanq delta 8 gorilla glue,CBD,0.00000000,NONE,NONE,
719284899353,BLANQ MAUI WAUI DELTA 8,CBD,0.00000000,NONE,NONE,
719284899360,Blanq delta 8 cart,CBD,0.00000000,NONE,NONE,
719284899377,Blanq delta 8 strawberry caugh,CBD,0.00000000,NONE,NONE,
719284899384,Blanq delta 8 fire OG cart,CBD,0.00000000,NONE,NONE,
719284899391,BLANQ BLUE WIDOW / BLUE DREAM,CBD,0.00000000,NONE,NONE,719284899322
719284899414,Blanko  24 karat gold cart,CBD,0.00000000,NONE,NONE,
719284899421,Blanq delta 8 watermelon zkitz,CBD,0.00000000,NONE,NONE,
719410700010,5 HOUR ENERGY BERRY,1,0.00000000,NONE,NONE,
719410720018,5 HOUR ENERGY GRAPE,1,0.00000000,NONE,NONE,
719410760014,5 HOUR ENERGY BLUE RASBERRY,1,0.00000000,NONE,NONE,
720053652383,G/EXTRX LAKE CAKE HORCHATA,ZIIPLAB,0.00000000,NONE,NONE,
720053652413,G/EXTRX XXX O.G. CHEESECAKE,ZIIPLAB,0.00000000,NONE,NONE,
720053652437,G/EXTRX APPLE SUNDAE LEMON PIE,ZIIPLAB,0.00000000,NONE,NONE,
720053653731,GHOST SB CHERRY PIE,ZIIPLAB,0.00000000,NONE,NONE,
720053653755,GHOST SB GUAVA,ZIIPLAB,0.00000000,NONE,NONE,
720053653779,GHOST SB LIMONCELLO,ZIIPLAB,0.00000000,NONE,NONE,
720053653793,GHOST SB MANDARIN KUSH,ZIIPLAB,0.00000000,NONE,NONE,
720053653816,GHOST SB RASPBERRY KUSH,ZIIPLAB,0.00000000,NONE,NONE,
720053653830,GHOST SB STARFRUIT,ZIIPLAB,0.00000000,NONE,NONE,
720665101231,BREEZE PRO COCONUT BANANA,ZIIPLAB,0.00000000,NONE,NONE,
720665101279,NORTH 5K PINEAPLE PASSIONFRUIT,ZIIPLAB,0.00000000,NONE,NONE,
720665102160,BREEZE PRO MENTHOL,ZIIPLAB,0.00000000,NONE,NONE,
720-T,CG CALCIFERS SAND CASTLE TEAL,1,0.00000000,NONE,NONE,
721412494002,HOHM RUN XL 21700,4,0.00000000,NONE,NONE,
721412494040,hohm run 21700 batt each,4,0.00000000,NONE,NONE,
721535012039,BIDI STICK - MINT FREEZE,ZIIPLAB,0.00000000,NONE,NONE,
721535012459,BIDI STICK - FRESH MANGO,ZIIPLAB,0.00000000,NONE,NONE,
721535012466,BIDI STICK - JUNGLE JUICE,ZIIPLAB,0.00000000,NONE,NONE,
721535012473,BIDI STICK BERRY BLAST,ZIIPLAB,0.00000000,NONE,NONE,
721535012480,BIDI STICK DRAGON VENOM,ZIIPLAB,0.00000000,NONE,NONE,
721535012497,BIDI STICK - LUSH ICE,ZIIPLAB,0.00000000,NONE,NONE,
721535012527,BIDI STICK KICK START,ZIIPLAB,0.00000000,NONE,NONE,
721535012534,BIDI STICK - ICY MANGO,ZIIPLAB,3.99000000,NONE,NONE,
722512467415,EXPERT MAENG DA GREEN BOTTLE,KRATOM,0.00000000,NONE,NONE,
722713776552,NN BLUBRRY PAPYA STRWBRRY 3MG,ZIIPLAB,0.00000000,NONE,NONE,
722713776569,NN BLUBRRY PAPYA STRWBRRY 6MG,ZIIPLAB,0.00000000,NONE,NONE,
723549950581,XA POPS SATIVA 1G,CBD,0.00000000,NONE,NONE,
723549950635,XA POPS INDICA 1G,CBD,0.00000000,NONE,NONE,
723549950642,XA POPS INDICA HYBRID 1G,CBD,0.00000000,NONE,NONE,
723707515690,KIJO GREEN MAENG DA 150CT,KRATOM,0.00000000,NONE,NONE,
723707515713,red thai kijo kratom 150CT,KRATOM,0.00000000,NONE,NONE,
723707515737,kijo kratom 150 cap,KRATOM,0.00000000,NONE,NONE,
724235333350,CLAPBACK 100ML,10,0.00000000,NONE,NONE,724235333237
724235333503`,CLAPBACK SALT 30ML,10,0.00000000,NONE,NONE,724235333251
724235345568,SVRF HEMP ENHANCER,10,0.00000000,NONE,NONE,724235345568
724235349337,GOLDEN TICKET CHOCOLATE MILK,SALT NIC,0.00000000,NONE,NONE,724235301915
725272730829,HYDE PINAPLE ICE,ZIIPLAB,0.00000000,NONE,NONE,
725423835212,twisted tongle 100ml,10,0.00000000,NONE,NONE,725423835205
725657999605,SOFI ZERO Blue Razz ICE,ZIIPLAB,0.00000000,NONE,NONE,
725657999667,SOFI ZERO WTRMLN ICE,ZIIPLAB,0.00000000,NONE,NONE,
725657999698,SOFI CHERRY BOMB 25K 0NIC,ZIIPLAB,0.00000000,NONE,NONE,
725657999759,Sofi Strawberry nana 25K 0nic,ZIIPLAB,0.00000000,NONE,NONE,
725657999780,SOFI ZERO COOL MINT,ZIIPLAB,0.00000000,NONE,NONE,
725657999810,SOFI SOUR APPLE ICE 25K 0 NIC,ZIIPLAB,0.00000000,NONE,NONE,
7257144616564,JUUL CHARGER,JUUL LAB,0.00000000,NONE,NONE,
726597627504,COTTON CANDY SE GUMMIES,CBD,0.00000000,NONE,NONE,
726597631952,CRUSH 5G DISPO BLUEBERRY KUSH,CBD,0.00000000,NONE,NONE,
726597631969,CRUSH 5G DISPO ZKITTLES PUNCH,CBD,0.00000000,NONE,NONE,
726597631976,CRUSH 5G DISPO SR SPACE CANDY,CBD,0.00000000,NONE,NONE,
726597631983,CRUSH 5G DISPO PINAPLE EXPRESS,CBD,0.00000000,NONE,NONE,
726597631990,CRUSH 5G DISPO TRAIN WRECK,CBD,0.00000000,NONE,NONE,
726597632973,CRSH SHRM MAGIC MSHRM GRN APPL,CBD,0.00000000,NONE,NONE,
726597632980,CRSH SHRM MGC MSHRM STRBRY,CBD,0.00000000,NONE,NONE,
726597632997,CRUSH BLURAZ 5000MG MASHROM GU,CBD,0.00000000,NONE,NONE,
726962987110,BLOW DISPOSABLE,ZIIPLAB,0.00000000,NONE,NONE,726962987110
727603025000,VAPETASIA RAINBOW ROAD,SALT NIC,0.00000000,NONE,NONE,
727603050002,VAPETASIA RAINBOW ROAD,SALT NIC,0.00000000,NONE,NONE,
728488202029,KIJO KRATOM CAPSULE 300CT,KRATOM,0.00000000,NONE,NONE,728488202029
728488202111,PROPHET STRAW CUPCAKE,ZIIPLAB,0.00000000,NONE,NONE,
728662247198,lift cbd pen,CBD,0.00000000,NONE,NONE,728662247204
729920169238,GM RED MAENG DA 300G POWDER,KRATOM,0.00000000,NONE,NONE,
729920169245,GM WHITE MAENG DA 300G POWDER,KRATOM,0.00000000,NONE,NONE,
729920169252,GM BALI GOLD 300G POWDER,KRATOM,0.00000000,NONE,NONE,
729920169269,GM MAENG DA 300G POWDER,KRATOM,0.00000000,NONE,NONE,
729920169276,GM TRAINWRECK 300G POWDER,KRATOM,0.00000000,NONE,NONE,
732068712198,RED MAENG DA 7C5 CT CAPSULE,KRATOM,9.65000000,NONE,NONE,
732131594362,WOW 2G CART TROPICAL RUNTZ,CBD,0.00000000,NONE,NONE,
732131594379,WOW D11 OGKUSH 2GM CART,CBD,0.00000000,NONE,NONE,
733569031818,JGO PARTY PACK PM,CBD,0.00000000,NONE,NONE,733569018642
734366010693,SMOKE ODOR CANDLE PUMPKINSPICE,12345678,0.00000000,NONE,NONE,
734366014905,SMOKE ODOR CANDLE BAMBOO BREEZ,12345678,0.00000000,NONE,NONE,
734366015278,SMOKE ODOR CANDLE P COCNUT,12345678,0.00000000,NONE,NONE,
734366018507,SMOKE ODOR CANDLE NAG CHAMPA,12345678,0.00000000,NONE,NONE,
734366018569,SMOKE ODOR CANDLE SANDALWOOD,12345678,0.00000000,NONE,NONE,
734366019504,SMOKE ODOR CANDLE CL FRESH,12345678,0.00000000,NONE,NONE,
734366020036,SMOKE ODOR CANDLE LAV CHAMO,12345678,0.00000000,NONE,NONE,
734366021095,SMOKE ODOR CANDLE DRAGON BLOOD,12345678,0.00000000,NONE,NONE,
734366021118,SMOKE ODOR CANDLE HIPPIE LOVE,12345678,0.00000000,NONE,NONE,
734366021521,SMOKE ODOR CANDLE HB HILLS,12345678,0.00000000,NONE,NONE,
734366034781,SMOKE ODOR CANDLE APPLE CINN,12345678,0.00000000,NONE,NONE,
734366037140,SMOKE ODOR CANDLE CREAMVANILLA,12345678,0.00000000,NONE,NONE,
734366037294,SMOKE ODOR CANDLE MBERRY SPICE,12345678,0.00000000,NONE,NONE,
734366037362,SMOKE ODOR CANDLE ORANGE LEMON,12345678,0.00000000,NONE,NONE,
734366037607,SMOKE ODOR CANDLE BB DREAMZ,12345678,0.00000000,NONE,NONE,
734366037621,SMOKE ODOR CANDLE  RASTA LOVE,12345678,0.00000000,NONE,NONE,
734366037638,SMOKE ODOR CANDLE FLOWER POWER,12345678,0.00000000,NONE,NONE,
734366037737,SMOKE ODOR CANDLEHAPPY DAZE,12345678,0.00000000,NONE,NONE,
734366037744,SMOKE ODOR CANDLE SUGAR SKULL,12345678,0.00000000,NONE,NONE,
734366037782,SMOKE ODOR CANDLE BLUE SERNITY,12345678,0.00000000,NONE,NONE,
734366037867,SMOKE ODOR CANDLE MW MANGO,12345678,0.00000000,NONE,NONE,
734366037874,SMOKE ODOR CANDLE TRIPPY HIPPI,12345678,0.00000000,NONE,NONE,
734366037911,SMOKE ODOR CANDLE SPRK JUNIPER,12345678,0.00000000,NONE,NONE,
734366037966,SMOKE ODOR CANDLE YIN YANG,12345678,0.00000000,NONE,NONE,
734366038055,SMOKE ODOR CANDLE KIWI STRAW,12345678,0.00000000,NONE,NONE,
734366038109,SMOKE ODOR CANDLE GRROVN GRAPE,12345678,0.00000000,NONE,NONE,
734366038123,SMOKE ODOR CANDLE PEACE & LOVE,12345678,0.00000000,NONE,NONE,
734366038307,SMOKE ODOR CANDLE ISLAND RAIN,12345678,0.00000000,NONE,NONE,
734366038338,SMOKE ODOR CANDLEHLIBLAZE,12345678,0.00000000,NONE,NONE,
734366038345,SMOKE ODOR CANDLE JOLLY JOINT,12345678,0.00000000,NONE,NONE,
734366038352,SMOKE ODOR CANDLE CHILL,12345678,0.00000000,NONE,NONE,
734366038437,SMOKE ODOR CANDLE SHAVE ICE,12345678,0.00000000,NONE,NONE,
734366038451,SMOKE ODOR CANDLE BUBLY MIMOSA,12345678,0.00000000,NONE,NONE,
734366038512,SMOKE ODOR CANDLE OCEAN BREEZE,12345678,0.00000000,NONE,NONE,
734366038529,SMOKE ODOR CANDLE WHITE PMPKIN,12345678,0.00000000,NONE,NONE,
734366038536,SMOKE ODOR CANDLE P WAFFLES,12345678,0.00000000,NONE,NONE,
735810708869,THE MALTED 60ML,10,12.00000000,NONE,NONE,
735816080594,CALI XXL SOUR WATERMELON,ZIIPLAB,0.00000000,NONE,NONE,
736373142909,kijo gold extract,KRATOM,0.00000000,NONE,NONE,
736606006008,HOOCH 60ML,10,0.00000000,NONE,NONE,627306003001
737879499795,OXBAR ASTROMAZE AMER TOBACCO,ZIIPLAB,0.00000000,NONE,NONE,
737879499801,OXBAR ASTROMAZE BLUE RAZ POP,ZIIPLAB,0.00000000,NONE,NONE,
737879499818,OXBAR ASTROMAZE BLUEBRY WTRMLN,ZIIPLAB,0.00000000,NONE,NONE,
737879499832,OXBAR ASTROMAZE CANE MINT,ZIIPLAB,0.00000000,NONE,NONE,
737879499849,OXBAR ASTROMAZE FRUITY PEBS,ZIIPLAB,0.00000000,NONE,NONE,
737879499856,OXBAR ASTROMAZE JUICY WTRMLN,ZIIPLAB,0.00000000,NONE,NONE,
737879499863,OXBAR ASTROMAZE MINT EMERALD,ZIIPLAB,0.00000000,NONE,NONE,
737879499870,OXBAR ASTROMAZE ROOTBEER FLOAT,ZIIPLAB,0.00000000,NONE,NONE,
737879499871,OXBAR ASTROMAZE ROOTBEER FLOAT,ZIIPLAB,0.00000000,NONE,NONE,
737879499887,OXBAR ASTROMAZE ROCKET POP,ZIIPLAB,0.00000000,NONE,NONE,
737879499894,OXBAR ASTROMAZE RED PNCH SLUSH,ZIIPLAB,0.00000000,NONE,NONE,
737879499900,OXBAR ASTROMAZE SNICKER DIDDLR,ZIIPLAB,0.00000000,NONE,NONE,
737879499917,OXBAR ASTROMAZE SEXY STRAWBERY,ZIIPLAB,0.00000000,NONE,NONE,
737879499924,OXBAR ASTROMAZE STRAW STAR POP,ZIIPLAB,0.00000000,NONE,NONE,
737879499931,OXBAR ASTROMAZE WTRMN APL GUSH,ZIIPLAB,0.00000000,NONE,NONE,
737879499948,OXBAR ASTROMAZE FRUITY WORMS,ZIIPLAB,0.00000000,NONE,NONE,
737879500309,OXBAR ASTROMAZE MENTHOL,ZIIPLAB,0.00000000,NONE,NONE,
737879500606,OXBAR ASTROMAZE VIR TOBACCO,ZIIPLAB,0.00000000,NONE,NONE,
739601139214,ML KRATOM GUMMIES MIXED BERRY,KRATOM,0.00000000,NONE,NONE,
740111140799,NM 7S HYDROXY7 5MG BLUE RAZZ,KRATOM,0.00000000,NONE,NONE,
740111140812,NM 7S HYDROXY7 5MG WATERMELON,KRATOM,0.00000000,NONE,NONE,
741365743835,VAPETASIA HYVE BLUBRRY LMNADE,ZIIPLAB,0.00000000,NONE,NONE,
741365743842,VAPETASIA X HYVE SOUR STRAWBRR,ZIIPLAB,0.00000000,NONE,NONE,
741365743859,VAPETASIA X HYVE SOURBLUE GUMY,ZIIPLAB,0.00000000,NONE,NONE,
741718960162,NIC LESS PEACH MANGO WATERMELO,ZIIPLAB,0.00000000,NONE,NONE,
741718960179,NICLESS BLUE RAZ,ZIIPLAB,0.00000000,NONE,NONE,
741718960193,NICLESS STRAW BANANA,ZIIPLAB,0.00000000,NONE,NONE,
742271561254,FUZION BIO DIGITAL SCALE,8,0.00000000,NONE,NONE,
742271561315,FUZION VP100 POCKET SCALE,8,0.00000000,NONE,NONE,
742271561353,FUZION VP-100 /0.01G,1,0.00000000,NONE,NONE,742271561278
742271561674,FUZION XTREME DIGTL MINI SCALE,8,0.00000000,NONE,NONE,
742271561827,FUZION EDGE-1000,1,0.00000000,NONE,NONE,
742271561834,FUZION NITRO MINI SCALE,8,0.00000000,NONE,NONE,
742271561841,FUZION NITRO SCALE,1,0.00000000,NONE,NONE,
742271561865,FUZION PT2000 SCALE,1,0.00000000,NONE,NONE,
742271561995,DIABLO FP-V2,1,0.00000000,NONE,NONE,742271561643
742271562145,VIBE EQ-100 SCALE,1,0.00000000,NONE,NONE,
742329534667,QUIET OWL 60ML,10,0.00000000,NONE,NONE,742329534575
742329534766,Element 125ml,10,0.00000000,NONE,NONE,742329534773
742901868685,DAZED THC-V LEMON BERRY D8,CBD,0.00000000,NONE,NONE,
742901868845,DAZED THC-O+D8 PINK CHAMP 2G,CBD,0.00000000,NONE,NONE,
742901869361,DAZED D8 PEACH/CREAM CART 2G,CBD,0.00000000,NONE,NONE,
742901869453,DAZED HYBRID 2G D8 BLUE RAZZ,CBD,0.00000000,NONE,NONE,
742901869514,DAZED 950 THC-V CART 2G HAWAII,CBD,0.00000000,NONE,NONE,
742901869590,DAZED D8 BLUEBERRY GAS 1.5G,CBD,0.00000000,NONE,NONE,
742920984816,HOHM LIFE 18650,4,0.00000000,NONE,NONE,734602845898
742920984854,26650 INR BATTERY CELL,4,0.00000000,NONE,NONE,
742978799110,OCHO OBLITER8 DEATH STAR,CBD,0.00000000,NONE,NONE,
742978799134,OCHO OBLITER8 ASTEROID OG,CBD,0.00000000,NONE,NONE,
742978799141,OCHO OBLITER8 COSMIC COLLISION,CBD,0.00000000,NONE,NONE,
742978846227,LOOSELEAF WRAPS SWEET AROMATIC,CLEARNCE,0.00000000,NONE,NONE,
742978846234,LOOSELEAF WRAPS STRAWBRY DREAM,CLEARNCE,0.00000000,NONE,NONE,
742978846258,LOOSELEAF WRAPS PEACH DREAM,CLEARNCE,0.00000000,NONE,NONE,
742978846630,LOOSELEAF WRAPS GRAPE DREAM,CLEARNCE,0.00000000,NONE,NONE,
743407089321,CRUSH ZKITTLES PUNCH 2GM CART,CBD,0.00000000,NONE,NONE,
743407089338,CRUSH BLUEBERRY KUSH 2G CART,CBD,0.00000000,NONE,NONE,
743407089345,CRUSH ANIMAL COOKIE 2GM CART,CBD,0.00000000,NONE,NONE,
743407089352,CRUSH SSC 2GM CART,CBD,0.00000000,NONE,NONE,
743407089369,CRUSH PINA EXPRESS 2GM CART,CBD,0.00000000,NONE,NONE,
743407089376,CRUSH WHITE WIDOW 2G CART,CBD,0.00000000,NONE,NONE,
743407089383,CRUSH TRAIN WRECK 2G CART,CBD,0.00000000,NONE,NONE,
744306006006,GOODIES 60ML,10,0.00000000,NONE,NONE,277806003003
744368390945,CBD Gummies 5pc 75mg,CBD,0.00000000,NONE,NONE,
744368391522,CBD pills 75mg,CBD,0.00000000,NONE,NONE,
744368391577,Max Chill Fruit Punch 75mg,CBD,0.00000000,NONE,NONE,
744444,TRITON TANK,7,22.50000000,NONE,NONE,
745051123925,STR8  Mimosa  D-8 dispo,CBD,0.00000000,NONE,NONE,
745051124014,STR8 tropic thunder D-8 Cart,CBD,0.00000000,NONE,NONE,
745484843759,TREETOP D8 PURPLE PUNCH,ZIIPLAB,0.00000000,NONE,NONE,
745484843773,TREETOP D8 SKYWALKER,ZIIPLAB,0.00000000,NONE,NONE,
745557462849,ALASKAN ICE 500MG TINCTURE,CBD,18.00000000,NONE,NONE,745557462795
745557463037,LEMON CAKE 350MG TANK,CBD,11.00000000,NONE,NONE,
745557463112,BLUBERRY GEALITO 250MG CBD VAP,CBD,11.00000000,NONE,NONE,
745557463136,BLUBERY GEALITO 500MG CBD VAPE,CBD,18.00000000,NONE,NONE,
745557463143,BLUEBERRY GELATO 1000MG CBD VA,CBD,29.99000000,NONE,NONE,
745557463150,APPLEJACK PEAR 250MG CBD VAPE,CBD,11.00000000,NONE,NONE,
745557463167,APPLEJACK PEAR 1000MG CBD VAPE,CBD,18.00000000,NONE,NONE,
745557463181,APPLEJACK PEAR 1000MG CBD VAPE,CBD,29.00000000,NONE,NONE,
745557463198,PEACH 250MG CBD VAPE,CBD,11.00000000,NONE,NONE,
745557463204,PEACH 500MG CBD VAPE,CBD,18.00000000,NONE,NONE,
745557463211,PEACH 1000MG CBD VAPE,CBD,29.00000000,NONE,NONE,
745557463464,THIN MINT 350MG CBD TANK,CBD,11.00000000,NONE,NONE,
745558696335,CALI PODS,ZIIPLAB,0.00000000,NONE,NONE,745558696335
745559536746,natural 600mg cbd cart,CBD,0.00000000,NONE,NONE,
745559536753,NATURAL CBD DISPOSABLE,CBD,0.00000000,NONE,NONE,745559536753
745559536838,PINEAPPLE EXPRESS 600MG CART,CBD,0.00000000,NONE,NONE,
745559596863,BATON RUBY RED,2,0.00000000,NONE,NONE,
745559678910,BATON SILVER,2,0.00000000,NONE,NONE,745559678910
745559841468,BATON WILD MELON 2.5%,SALT NIC,3.50000000,NONE,NONE,
745559921160,BATON V2 BLUE KIT,3,0.00000000,NONE,NONE,
745560319871,BATON V2 EVERGREEN KIT,2,0.00000000,NONE,NONE,
745560681893,CALI AIR GRAPE,ZIIPLAB,0.00000000,NONE,NONE,
745560681909,CALI AIR PODS LUSH ICE 5%,ZIIPLAB,0.00000000,NONE,NONE,
745560681923,CALI AIR OMG,ZIIPLAB,0.00000000,NONE,NONE,
745560681930,CALI AIR PODS MINT PODS 5%,ZIIPLAB,0.00000000,NONE,NONE,
745560681961,CALI AIR STRAWBERRY,ZIIPLAB,0.00000000,NONE,NONE,
745560681978,CALI AIR WATERMELON,ZIIPLAB,0.00000000,NONE,NONE,
745560737910,CALI AIR STRAW KIWI,ZIIPLAB,0.00000000,NONE,NONE,
745560737934,CALI AIR BANANA ICE,ZIIPLAB,0.00000000,NONE,NONE,
745844453123,WHITE RABBIT ACID,10,0.00000000,NONE,NONE,
746160150628,EMPIRE RED MAENG DA 100 G,KRATOM,0.00000000,NONE,NONE,
746160150635,Empire white maeng da 100 g,KRATOM,0.00000000,NONE,NONE,
746160150659,empire trainwreck 100 g,KRATOM,0.00000000,NONE,NONE,
74635,Stick 80w Kit,2,35.00000000,NONE,NONE,6940695631018
746877829,RIOT SQUAD 30ML SALT NIC 48MG,SALT NIC,0.00000000,NONE,NONE,
746-CC,GANDALFS PIPE COLOR CHANGE,1,0.00000000,NONE,NONE,
746-LG,GANDALFS PIPE LT GREEN TRANSPA,1,0.00000000,NONE,NONE,
746-Y,GANDALFS PIPE AMBER YELLOW,1,0.00000000,NONE,NONE,
749460981282,SMYLE FYRE GAS PUMP TORCH,1,0.00000000,NONE,NONE,749460981251
749524938191,BATON ORANGE KIT,2,0.00000000,NONE,NONE,
749611242285,HUMAN GRADE WOODEN DUGOUT,1,0.00000000,NONE,NONE,
749874082865,dubai cookie snack,ZIIPLAB,0.00000000,NONE,NONE,
75,Sigeli Swallowtail 75A,3,59.00000000,NONE,NONE,
7501154142255,SHAKE GREEN KUSH 8G,CBD,0.00000000,NONE,NONE,
7501154142460,BUDLYF PINK PANTIES 5G,CBD,0.00000000,NONE,NONE,
750253727475,BAM BAM 3X30ML,10,0.00000000,NONE,NONE,
750253727796,JH PEACH PEAR 6MG,10,0.00000000,NONE,NONE,
750253727819,JH PEACH PEAR 3M,10,0.00000000,NONE,NONE,
750253728380,JH WATERMELON LIME 3MG,10,0.00000000,NONE,NONE,
750253728397,JH WATERMELON LIME 6mg,10,0.00000000,NONE,NONE,
750253728403,JH STRAWBERRY KIWI 6MG,10,0.00000000,NONE,NONE,
750253728410,JH STRAWBERRY KIWI 3MG,10,0.00000000,NONE,NONE,
750253729073,pnch devils punchbowl,ZIIPLAB,0.00000000,NONE,NONE,
750253729196,KHALI THE FAIREMOUT,10,0.00000000,NONE,NONE,
751503596926,SAD BOY SALT 30ML PUMP COOKIE,SALT NIC,0.00000000,NONE,NONE,
7515312231130,SOC PORTABLE ENAIL,1,0.00000000,NONE,NONE,7515312231140
751667217941,Pocket Scale,1,0.00000000,NONE,NONE,
751667217989,FASWEIGH 1000G SMALL,1,17.00000000,NONE,NONE,
751667218023,Pocket Scale,1,0.00000000,NONE,NONE,
751667289146,FASWEIGH 100G LARGE,1,20.00000000,NONE,NONE,
751667289184,FASWEIGH 100G SMALL,1,15.00000000,NONE,NONE,
752298508620,PIXIE DUST POD 4G GDFTHR OG,CBD,0.00000000,NONE,NONE,
7526489219212,R&M BAR BERRY FUSION,ZIIPLAB,0.00000000,NONE,NONE,
7526489219229,R&M BAR RAINBOW CANDY,ZIIPLAB,0.00000000,NONE,NONE,
7526489219236,R&M BAR PEACH MANGO WATERMELN,ZIIPLAB,0.00000000,NONE,NONE,
7526489219243,R&M BAR SNOW CONE ICE,ZIIPLAB,0.00000000,NONE,NONE,
7526489219250,R&M BAR FIJI MELONS ICE,ZIIPLAB,0.00000000,NONE,NONE,
7526489219267,R&M BAR FUJI APPLE ICE,ZIIPLAB,0.00000000,NONE,NONE,
7526489219274,R&M BAR BLUE RAZZ POMEGRANATE,ZIIPLAB,0.00000000,NONE,NONE,
7526489219281,R&M BAR RASPERRY CHERRY,ZIIPLAB,0.00000000,NONE,NONE,
7526489219304,R&M BAR BLUE RASPERRY ICE,ZIIPLAB,0.00000000,NONE,NONE,
7526489219311,R&M BAR WATERMELON BUBBLE GUM,ZIIPLAB,0.00000000,NONE,NONE,
7526489219328,R&M BAR SPEAR MINT,ZIIPLAB,0.00000000,NONE,NONE,
7526489219342,R&M BAR TROPICAL PUNCH,ZIIPLAB,0.00000000,NONE,NONE,
7526489219366,R&M BAR KIWI DRAGON BERRY,ZIIPLAB,0.00000000,NONE,NONE,
7526489221017,R&M Legend Ras Blue Black,ZIIPLAB,0.00000000,NONE,NONE,
7526489221024,R&M Legend Grape Ras BlackCura,ZIIPLAB,0.00000000,NONE,NONE,
7526489221031,R&M Legend Kiwi Passionfruit,ZIIPLAB,0.00000000,NONE,NONE,
7526489221048,R&M Legend Blue sour Razz,ZIIPLAB,0.00000000,NONE,NONE,
7526489221055,R&M Legend Grape Ice,ZIIPLAB,0.00000000,NONE,NONE,
7526489221062,R&M Legend Blueberry Ice,ZIIPLAB,0.00000000,NONE,NONE,
7526489221079,R&M legend strawberry watermel,ZIIPLAB,0.00000000,NONE,NONE,
7526489221086,R&M Legend Big Bang Fruits,ZIIPLAB,0.00000000,NONE,NONE,
7526489221093,R&M Legend Cotton Candy,ZIIPLAB,0.00000000,NONE,NONE,
7526489221109,R&M Legend Snow Cone Ice,ZIIPLAB,0.00000000,NONE,NONE,
7526489221116,R&M Legend Gummy Bear,ZIIPLAB,0.00000000,NONE,NONE,
7526489221123,R&M Legend Lush Ice,ZIIPLAB,0.00000000,NONE,NONE,
752710029719,FOG IT APPLE SHAKE DISP,ZIIPLAB,0.00000000,NONE,NONE,
752710029771,FOG IT REFRESHER DISP,ZIIPLAB,0.00000000,NONE,NONE,
752830015661,ROCKET PUNCH,10,0.00000000,NONE,NONE,752830015364
752830168671,ZA ZA RED SHOT,CBD,0.00000000,NONE,NONE,
752830206298,ONE UP TROPICAL BLEND,SALT NIC,0.00000000,NONE,NONE,
752830208896,ONE UP MANGO ICE BLEND,SALT NIC,0.00000000,NONE,NONE,
752830833586,CANDY KING ON SALT,SALT NIC,0.00000000,NONE,NONE,644216240197
753215567836,ZENERGY UPLIFT SATIVA,ZIIPLAB,0.00000000,NONE,NONE,
753215567843,ZENERGY UNWIND INDICA,ZIIPLAB,0.00000000,NONE,NONE,
753215568413,D8 DAB WATERMELON ZKITTLES,CBD,0.00000000,NONE,NONE,
753215569007,D8 DABS BANANA RUNTZ,CBD,0.00000000,NONE,NONE,
753215570010,D8 DAB MAUI WOWIE,CBD,0.00000000,NONE,NONE,
753275549889,WHIP TRIP FLAVORS MIXED 1L,8,0.00000000,NONE,NONE,753275542255
753275930700,REDS APPLE GRAPE ICED,SALT NIC,0.00000000,NONE,NONE,
753275930885,REDS APPLE STRAWBERRY ICED,SALT NIC,0.00000000,NONE,NONE,
753620078064,ESCO BARS COTTON CANDY,ZIIPLAB,0.00000000,NONE,NONE,
753620079955,ESCO BAR STRAWBERRY BANANA,ZIIPLAB,0.00000000,NONE,NONE,
753620086540,ESCO BARS ORANGE LIMADE,ZIIPLAB,0.00000000,NONE,NONE,
753620198670,ESCO BAR RAINBOW,ZIIPLAB,0.00000000,NONE,NONE,
753620202919,ESCO BARS MANGO ICE,ZIIPLAB,0.00000000,NONE,NONE,
753620217326,ESCO BARS STRAWBERRY CREAM,ZIIPLAB,0.00000000,NONE,NONE,
753620238123,ESCO BARS COOL SALTED CARAMEL,ZIIPLAB,0.00000000,NONE,NONE,
753620330452,ESCO BAR TABACCO,ZIIPLAB,0.00000000,NONE,NONE,
753620380341,ESCO BARS GRAPE ICE,ZIIPLAB,0.00000000,NONE,NONE,
753620410895,ESCO BARS MEGA STRAB WATERMELO,ZIIPLAB,0.00000000,NONE,NONE,
753620427329,ESCO BARS MEGA KIWI GUAVA,ZIIPLAB,0.00000000,NONE,NONE,
753620437373,ESCO BARS MEGA BLOODORANGE TAN,ZIIPLAB,0.00000000,NONE,NONE,
753620471575,Esco Bars Mega Rootbear Float,ZIIPLAB,0.00000000,NONE,NONE,
753620493317,ESCO BARS MEGA BLUE RASP ICE,ZIIPLAB,0.00000000,NONE,NONE,
753620495885,ESCO BARS MEGA PEACH PINEAPPLE,ZIIPLAB,0.00000000,NONE,NONE,
755003854166,TREETOP D8 SKYWALKER CART,CBD,0.00000000,NONE,NONE,
755003854180,TREETOP D8 BANANA RUNTZ,ZIIPLAB,0.00000000,NONE,NONE,
755003854203,TREETOP D8 BANANA RUNTZ,CBD,0.00000000,NONE,NONE,
755003854340,TREETOP D8 WATERMEL ZKITTLES,CBD,0.00000000,NONE,NONE,
755003854364,TREETOP D8 WATERMELON ZKITTLES,ZIIPLAB,0.00000000,NONE,NONE,
755003854388,TREETOP D8 GUMMY SOUR SNACKS,CBD,0.00000000,NONE,NONE,
755003854555,STRANGE CLOUDS WATERMELON GUSH,CBD,0.00000000,NONE,NONE,755003854562
755003854579,d8 blackberry kush 950mg,CBD,0.00000000,NONE,NONE,
755003854593,d8 grape ape 950 mg,CBD,0.00000000,NONE,NONE,
755003854616,d8 raspberry runtz 950 mg,10,0.00000000,NONE,NONE,
755003854630,strawberry dream 950 mg,CBD,0.00000000,NONE,NONE,
755003854654,d8 watermelon gusher 950 mg,CBD,0.00000000,NONE,NONE,
755003854678,d8 rainbow bears gummy 600mg,CBD,0.00000000,NONE,NONE,
755003855095,d8 birthday cake 950 mg,CBD,0.00000000,NONE,NONE,
755003855118,d8 lemon runtz 950 mg,CBD,0.00000000,NONE,NONE,
755003855132,d8 strawberry shortcake 950 mg,CBD,0.00000000,NONE,NONE,
755003855156,d8 tropical runtz 950 mg,CBD,0.00000000,NONE,NONE,
755003855293,Tree Top D10 Blueberry Cookies,CBD,0.00000000,NONE,NONE,755003855293
755003855316,Tree Top D10 Blueberry Cookies,ZIIPLAB,0.00000000,NONE,NONE,755003855316
755003855330,Tree Top D10Sour Apple Monster,CBD,0.00000000,NONE,NONE,755003855330
755003855354,Tree Top D10 Sour Apple Monste,ZIIPLAB,0.00000000,NONE,NONE,755003855354
755003855385,Tree Top D10 Uper Sour Diesel,CBD,0.00000000,NONE,NONE,755003855385
755003855408,Tree Top D10 Super Sour Diesl,ZIIPLAB,0.00000000,NONE,NONE,755003855408
755003855422,Tree Top D10 Triple OG,CBD,0.00000000,NONE,NONE,755003855422
755003855446,Tree Top D10 Triple OG,ZIIPLAB,0.00000000,NONE,NONE,755003855446
755003855514,TREETOP D10 SKYWALKER OG,ZIIPLAB,0.00000000,NONE,NONE,
755003855538,Tree Top D10 Skywalker OG,CBD,0.00000000,NONE,NONE,755003855538
755003855804,d10 sour water gummies 500 mg,CBD,0.00000000,NONE,NONE,
755003855811,d10 sour snake gummies 500 mg,CBD,0.00000000,NONE,NONE,
755003856313,TREETOP 2 GRAM BANANA RUNTZ,ZIIPLAB,0.00000000,NONE,NONE,
755003856351,TREETOP 2 GRAM CHERRY PIE,ZIIPLAB,0.00000000,NONE,NONE,
755003856375,TREETOP 2 GRAM GELATO,ZIIPLAB,0.00000000,NONE,NONE,
755003856412,TREETOP 2 GRAM PURPLE PUNCH,ZIIPLAB,0.00000000,NONE,NONE,
755003857082,SPACE GODS GUMMIES STRAW/MANGO,CBD,0.00000000,NONE,NONE,
755003857112,SPACE GODS GUMMIES WATERMELON,CBD,0.00000000,NONE,NONE,
755003857129,SPACE GODS WATERMELON,CBD,0.00000000,NONE,NONE,
755003857143,SPACE GODS GUMMIES WILD BERRY,CBD,0.00000000,NONE,NONE,
755003857921,TREETOP SOURSNAKES,CBD,0.00000000,NONE,NONE,
755003858072,TREETOP HHC FRUITY BEBBLES OG,ZIIPLAB,0.00000000,NONE,NONE,
755003858096,TREETOP HHC KING LOUIS,ZIIPLAB,0.00000000,NONE,NONE,
755003858119,TREETOP HHC LONDON POUND CAKE,ZIIPLAB,0.00000000,NONE,NONE,
755003858133,TREETOP HHC SFV OG,ZIIPLAB,0.00000000,NONE,NONE,
755003858539,treetop hhc 2g LA confidential,ZIIPLAB,0.00000000,NONE,NONE,
755003858560,treetop hhc 2g sour diesel,ZIIPLAB,0.00000000,NONE,NONE,
755003858751,SHRUUMZ BAR COOKIE BUTTER,7476667,0.00000000,NONE,NONE,
755003858782,SHRUUMZ BAR COOKIES N CREAM,7476667,0.00000000,NONE,NONE,
755003858799,SHRUMMMZ FRUITY CEREAL BAR,CBD,0.00000000,NONE,NONE,
755003858829,SHRUUMZ DARK CHOCOLATE,CBD,0.00000000,NONE,NONE,
755003858836,SHRUUMZ CINNAMON BAR,7476667,0.00000000,NONE,NONE,
755003858867,SHRUUMZ BIRTHDAY CAKE,7476667,0.00000000,NONE,NONE,
755003858874,TP EXTRAX D8 LIVE RESIN CART,CBD,0.00000000,NONE,NONE,755003858898
755003858881,TP D8 D10 O LR CART WATERMELON,CBD,0.00000000,NONE,NONE,
755003858911,TP D8 D10 O LR CART MAUI WOWIE,CBD,0.00000000,NONE,NONE,
755003859451,BLIZZ KRATOM EXTRAX SHOT,KRATOM,0.00000000,NONE,NONE,
755003860860,SPACE GODS ALIEN APPLE 3G DISP,ZIIPLAB,0.00000000,NONE,NONE,
755003860891,SPACE GODS MOON DUST 3G DISPO,ZIIPLAB,0.00000000,NONE,NONE,
755003860907,SPACE GODS COSMO CRUSH 3G DISP,ZIIPLAB,0.00000000,NONE,NONE,
755003861485,SPACE GODS CHEESY CRISPS 200MG,CBD,0.00000000,NONE,NONE,
755003861508,SPACE GODS CHILI CRISPS 200MG,CBD,0.00000000,NONE,NONE,
755003861522,SPACE GODS SPICY CRISPS 200MG,CBD,0.00000000,NONE,NONE,
755003861614,DIAMOND SHRUUMZ,7476667,0.00000000,NONE,NONE,
755003862192,PURPLE KANDY 3G SCMS,CBD,0.00000000,NONE,NONE,
755003862215,SCMS 3G SHERBERRY ZAZA,CBD,0.00000000,NONE,NONE,
755003862239,SCMS 3G WATERMELON ZOUR CANDY,CBD,0.00000000,NONE,NONE,
7552962261539,CRYSTAL KIT,2,0.00000000,NONE,NONE,
756029734142,juice HEAD SALTS CITRUS BLUE,SALT NIC,0.00000000,NONE,NONE,
756029734395,JH MANGO STRAWBERRY FREEZE 3MG,10,0.00000000,NONE,NONE,
756029734401,JH MANGO STRAWBERRY FREEZE 6MG,10,0.00000000,NONE,NONE,
756029734425,JH MANGO STRAWBERRY 3MG,10,0.00000000,NONE,NONE,
756029734432,JH MANGO STRAWBERRY 6MG,10,0.00000000,NONE,NONE,
756256321252,FLUM FLOAT PEACE ICE,ZIIPLAB,0.00000000,NONE,NONE,
757170899384,HYVE X LYF BERRY BLISS ICE,ZIIPLAB,0.00000000,NONE,NONE,
757170899520,HYVE X LYF ALOHA FUSION,ZIIPLAB,0.00000000,NONE,NONE,
757170899544,HYVE X LYF PASSIONFRUIT FUJI,ZIIPLAB,0.00000000,NONE,NONE,
757170899568,HYVE X LYF HONEYDEW DRAGONFRUI,ZIIPLAB,0.00000000,NONE,NONE,
757170899575,HYVE X LYF KIWI MANGO PEACH,ZIIPLAB,0.00000000,NONE,NONE,
757170899704,VAPETASIA X HYVE VNLA,ZIIPLAB,0.00000000,NONE,NONE,
757170899711,VAPETASIA X HYVE HNYDEW KREAM,ZIIPLAB,0.00000000,NONE,NONE,
757170899728,VAPETASIA HYVE DRAGONS BREATH,ZIIPLAB,0.00000000,NONE,NONE,
757170903685,STRANGE CLOUDS 30ML,SALT NIC,0.00000000,NONE,NONE,757170903708
758381541857,Kush Burst D8 Juicy Pineapple,CBD,0.00000000,NONE,NONE,758381541857
758475649629,AMAZING MANGO 1200MG CBD,CBD,0.00000000,NONE,NONE,
758475649643,HAWAIIAN FOG 1200MG CBD,CBD,0.00000000,NONE,NONE,
758475649667,LAVA FLOW 1200MG CBD,CBD,0.00000000,NONE,NONE,
758475649681,REALLY BERRY 1200MG CBD,CBD,0.00000000,NONE,NONE,
758475650151,NAKED CBD 600MG TINCTURE,CBD,19.00000000,NONE,NONE,
758763246608,Pain Freeze CBD Rub 50mg,CBD,0.00000000,NONE,NONE,
75876324696,Spearmint CBD eliquid 75mg,CBD,0.00000000,NONE,NONE,
758890628094,ESCO BARS BLACK DRAGON ICE,ZIIPLAB,0.00000000,NONE,NONE,
758890628117,ESCO BARS BLUEBERRY AMBROSIA,ZIIPLAB,0.00000000,NONE,NONE,
758890628131,ESCO BARS ALOE MANGO MELON,ZIIPLAB,0.00000000,NONE,NONE,
758890629640,Esco Bars 60 ml free base,10,0.00000000,NONE,NONE,758890629442
758890629831,ESCO BAR GUMMY BEAR,ZIIPLAB,0.00000000,NONE,NONE,
758890630332,ESCO BAR 6K SPEARMINT,ZIIPLAB,0.00000000,NONE,NONE,
760537217882,BEANBAGS 60ML,10,9.00000000,NONE,NONE,760537217967
760537217912,HONEY MELLOW 60ML,10,9.00000000,NONE,NONE,760537217882
760537217936,SOULY CANNOLI 60ML,10,9.00000000,NONE,NONE,760537217929
760587589618,FOG IT BOX COOL MINT,ZIIPLAB,0.00000000,NONE,NONE,
760587589663,FOG IT BOX BLUE MIST,ZIIPLAB,0.00000000,NONE,NONE,
760587589687,FOG IT BOX SEX ON THE BEACH,ZIIPLAB,0.00000000,NONE,NONE,
760680060038,HIGH CLASS,10,0.00000000,NONE,NONE,
760680061561,CARAMEL FRAPP 120ML,10,0.00000000,NONE,NONE,
762233416,MECH PRO KIT,2,0.00000000,NONE,NONE,
762535058108,HEMPMETICS,CBD,0.00000000,NONE,NONE,
762876648501,CALI BAR JUICE HEAD BBL,ZIIPLAB,0.00000000,NONE,NONE,
762876648518,CALI BAR JUICE HEAD PEACH/PEAR,ZIIPLAB,0.00000000,NONE,NONE,
762876648525,CALI BARS PINEAPPE GRAPEFRUIT,ZIIPLAB,0.00000000,NONE,NONE,
762876648532,CALI BAR STRAWBERRY KIWI,ZIIPLAB,0.00000000,NONE,NONE,
762876648549,JUICE HEAD CALIBAR WATER/LIME,ZIIPLAB,0.00000000,NONE,NONE,762876648549
762876648648,JUICE HEADCALIBARWATER/LIMEICE,ZIIPLAB,0.00000000,NONE,NONE,
762876648846,JUICE HEAD FREEZE 3mg,10,0.00000000,NONE,NONE,
762876650146,JH GUAVA PEACH 3MG,10,0.00000000,NONE,NONE,
762876650153,JH GUAVA PEACH 6MG,10,0.00000000,NONE,NONE,
762876650177,Juice Head Salt,10,0.00000000,NONE,NONE,762876650160
762983310070,ELF BAR AIRO MAX SOUR BATCH,ZIIPLAB,0.00000000,NONE,NONE,
762983310087,ELF BAR AIRO MAX YMMY BEAR ICE,ZIIPLAB,0.00000000,NONE,NONE,
762983310247,ELF BAR AIRO MAX COOL MINT,ZIIPLAB,0.00000000,NONE,NONE,
762983310285,ELF BAR AIRO MAX BLUE LEMONADE,ZIIPLAB,0.00000000,NONE,NONE,
762983310315,ELF BAR AIRO MAX HAWAIIAN PUNC,ZIIPLAB,0.00000000,NONE,NONE,
762983310322,ELF BAR AIRO MAX GRAPE ICE,ZIIPLAB,0.00000000,NONE,NONE,
762983310346,ELF BAR AIRO MAX WTRMLN KIWI,ZIIPLAB,0.00000000,NONE,NONE,
763662545868,HAPPESMOKERS STRAW CONNECTOR,1,0.00000000,NONE,NONE,
764575049078,NEXT BIG THING 120ML,10,0.00000000,NONE,NONE,608033533372
765003859116,HAPPI 1.5GM CART,CBD,0.00000000,NONE,NONE,755003859116
765066671334,CN STRAWBERRY LEMON ICE 3MG,10,0.00000000,NONE,NONE,
765066671341,CN STRAWBERRY LEMON ICE 6MG,10,0.00000000,NONE,NONE,
765066671365,CN GRAPE STRAWBERRY ICE 3MG,10,0.00000000,NONE,NONE,670875607842
765066671372,CN GRAPE STRAWBERRY ICE 6MG,10,0.00000000,NONE,NONE,
765066671396,CN PEACH BLUE RASPBRRY ICE 3MG,10,0.00000000,NONE,NONE,
765066671402,CN PEACH BLUE RASPBRRY ICE 6MG,10,0.00000000,NONE,NONE,
765066671426,CN GRAPE APPLE ICE 3MG,10,0.00000000,NONE,NONE,
765066671433,CN GRAPE APPLE ICE 6MG,10,0.00000000,NONE,NONE,
765066671457,CN APPLE WATERMELON ICE 3MG,10,0.00000000,NONE,NONE,
765066671464,CN APPLE WATERMELON ICE 6MG,10,0.00000000,NONE,NONE,
765066671488,CN KIWI MELON ICE 3MG,10,0.00000000,NONE,NONE,
765066671495,CN KIWI MELON ICE 6MG,10,0.00000000,NONE,NONE,
765066671518,CN BLUE RASPBRRY LEMON ICE 3MG,10,0.00000000,NONE,NONE,
765066671525,CN BLUE RASPBRRY LEMON ICE 6MG,10,0.00000000,NONE,NONE,
765066671570,CN KIWI MELON 3MG,10,0.00000000,NONE,NONE,
765066671600,CN GRAPE APPLE 3MG,10,0.00000000,NONE,NONE,
765066671648,CN GRAPE STRAWBERRY 6MG,10,0.00000000,NONE,NONE,650434323567
765066671662,CN WATERMELON APPLE 3MG,10,0.00000000,NONE,NONE,
765066671679,CN WATERMELON APPLE 6MG,10,0.00000000,NONE,NONE,
765066671709,CN STRAWBERRY LEMON 6MG,10,0.00000000,NONE,NONE,
765066671723,CN BLUE RASPBERRY LEMON 3MG,10,0.00000000,NONE,NONE,
765066671730,CN BLUE RASPBERRY LEMON 6MG,10,0.00000000,NONE,NONE,
765531997822,treetop D8 purple punch,CBD,0.00000000,NONE,NONE,
766008633687,2-in-1 Freezable Nector,1,0.00000000,NONE,NONE,766008633687
766162723675,BRIX HR 7.10G SUPER SILVR HAZE,CBD,0.00000000,NONE,NONE,
766162723699,BRIX HR 7.10G ZOOKIEZ,ZIIPLAB,0.00000000,NONE,NONE,
766162723705,BRIX HR 7.10G BLUE ZKITTLZ,CBD,0.00000000,NONE,NONE,
766162724023,SHRUMFUZED 4PC LIME ZKITTLEZ,7476667,0.00000000,NONE,NONE,
766162724030,SHRUMFUZED 4PC TROPI PINEAPPLE,7476667,0.00000000,NONE,NONE,
766162724047,SHRUMFUZED 4PC ROYAL RAZZ,7476667,0.00000000,NONE,NONE,
766162724085,SHRUMFUZED 10PC LIME ZKITTLES,7476667,0.00000000,NONE,NONE,
766162724092,SHRUMFUZED 10PC ROYAL RAZZ,7476667,0.00000000,NONE,NONE,
766162724108,SHRUMFUZED 10PC TROP PINEAPPLE,7476667,0.00000000,NONE,NONE,
766567223862,KNOCKOUT 1ML CBD,CBD,0.00000000,NONE,NONE,
766679202687,MODUS PD 2G GREEN CRACK,ZIIPLAB,0.00000000,NONE,NONE,
766679202694,MODUS PD 2G MELONADE,ZIIPLAB,0.00000000,NONE,NONE,
766679202700,MODUS PD 2G BLUE CHIP COOKIES,ZIIPLAB,0.00000000,NONE,NONE,
766679202717,MODUS PD 2G WATERMELON ZLUSHIE,ZIIPLAB,0.00000000,NONE,NONE,
766679202724,MODUS PD 2G PINEAPPLE CAKE,ZIIPLAB,0.00000000,NONE,NONE,
766679202731,MODUS PD 2G GARY P GRAPE,ZIIPLAB,0.00000000,NONE,NONE,
766679202748,MODUS PD 2G PINK ROZAY,ZIIPLAB,0.00000000,NONE,NONE,
766679203851,MODUD BLUERAZZ SHOTS EA,KRATOM,0.00000000,NONE,NONE,
766679206876,MODUS KNOCK OUT GREEN CRACK,CBD,0.00000000,NONE,NONE,
766679206883,MODUS KNOCK OUT GELONADE,CBD,0.00000000,NONE,NONE,
766679206890,MODUS KNOCK OUT GOD''S GIFT,CBD,0.00000000,NONE,NONE,
767461339413,DOZO JCKHEREWR 4GM DNUT EAC,CBD,0.00000000,NONE,NONE,
768679520655,FUTURE BAR APOLLO GRAPE,ZIIPLAB,0.00000000,NONE,NONE,
768679520716,FUTURE BAR METEORITE LUSH ICE,ZIIPLAB,0.00000000,NONE,NONE,
768679520778,FUTURE BAR BLUE MOON,ZIIPLAB,0.00000000,NONE,NONE,
768679520839,FUTURE BAR FRUIT FICTION,ZIIPLAB,0.00000000,NONE,NONE,
768679520891,FUTURE BAR ICED PEACH BLAST,ZIIPLAB,0.00000000,NONE,NONE,
768679520952,FUTURE BAR BIG BANG RAZ,ZIIPLAB,0.00000000,NONE,NONE,
768679521010,FUTURE BAR MERCURY LADA,ZIIPLAB,0.00000000,NONE,NONE,
768679521072,FUTURE BAR ECLIPSE,ZIIPLAB,0.00000000,NONE,NONE,
768679521133,FUTURE BAR VENUS BANANA,ZIIPLAB,0.00000000,NONE,NONE,
768679521195,FUTURE BAR STAR BERRY KIWI,ZIIPLAB,0.00000000,NONE,NONE,
768679521256,FUTURE BAR BLACKHOLE BERRY ICE,ZIIPLAB,0.00000000,NONE,NONE,
768679521317,FUTURE BAR SUPERNOVA COLADA,ZIIPLAB,0.00000000,NONE,NONE,
768679521430,FUTURE BAR LIGHT YEAR,ZIIPLAB,0.00000000,NONE,NONE,
768679521492,FUTURE BAR SATURN APPLE WATERM,ZIIPLAB,0.00000000,NONE,NONE,
768679521553,FUTURE BAR ASTEROID APPLE,ZIIPLAB,0.00000000,NONE,NONE,
768679521614,FUTURE BAR GALACTIC MINT,ZIIPLAB,0.00000000,NONE,NONE,
768679521676,FUTURE BAR PLANET MARS,ZIIPLAB,0.00000000,NONE,NONE,
768679521737,FUTURE BAR MYSTERY FLAVOR UFO,ZIIPLAB,0.00000000,NONE,NONE,
768679521799,FUTURE BAR TRIPLE BERRYCLUSTER,ZIIPLAB,0.00000000,NONE,NONE,
768855521872,FRIED ICE CREAM 60ML,10,12.00000000,NONE,NONE,
768989456456777,VANDYVAPE JACKAROO M COIL,5,0.00000000,NONE,NONE,6972240770163
769498983744,HORNED THAI MAENG DA 60 CT,KRATOM,0.00000000,NONE,NONE,
769498984482,TIANNA RED,KRATOM,0.00000000,NONE,NONE,
769498984512,TIANAA WHITE,KRATOM,0.00000000,NONE,NONE,
769498984543,TIANAA GREEN,KRATOM,0.00000000,NONE,NONE,
769548711488,GEEK PURPLEDRANK INDICA,CBD,0.00000000,NONE,NONE,
769548711518,GEEK RASPBRRY KUSH INDICA,CBD,0.00000000,NONE,NONE,
769548711525,GEEK PAPPLE PNH SATIVA,CBD,0.00000000,NONE,NONE,
769548711532,GEEK BLUEDREAM SATIVA,CBD,0.00000000,NONE,NONE,
769548711549,GEEK WTM GELATO HYBRID,CBD,0.00000000,NONE,NONE,
769577836596,OCHO OBLITER8 SPACE FORCE ONE,CBD,0.00000000,NONE,NONE,
769577836619,OCHO OBLITER8 MAC GALACTIK,CBD,0.00000000,NONE,NONE,
769577836633,OCHO OBLITER8 STAR FIGHTER,CBD,0.00000000,NONE,NONE,
769577836718,OCHO EXTRACTS AE DURBAN POISON,ZIIPLAB,0.00000000,NONE,NONE,
769577836732,OCHO EXTRACTS AE JEALOUSY,ZIIPLAB,0.00000000,NONE,NONE,
769577836756,OCHO EXTRACTS AE NIGHT SHADE,ZIIPLAB,0.00000000,NONE,NONE,
769577921353,LOOSELEAF WRAPS COOKIES & CRM,CLEARNCE,0.00000000,NONE,NONE,
769577921568,LOOSELEAF WRAPS RUBY DREAM,CLEARNCE,0.00000000,NONE,NONE,
77,CG PICKLE PIPE,1,0.00000000,NONE,NONE,
771377150765,ELEPHANT KRATOM GREEN MANG DA,KRATOM,0.00000000,NONE,NONE,
771377150772,ELEPHANT KRATOM WHITE MAENG DA,KRATOM,0.00000000,NONE,NONE,
771377150789,ELEPHANT KRATOM RED BALI,KRATOM,0.00000000,NONE,NONE,
772856246160,OCCULTUS SALTS,SALT NIC,0.00000000,NONE,NONE,772856246108
780042891780,CN ALOE MANGO 3MG,10,0.00000000,NONE,NONE,
780042891797,CN ALOE MANGO,10,0.00000000,NONE,NONE,
780042893272,SADBOY SALT NIC PUMPKIN COOKIE,SALT NIC,0.00000000,NONE,NONE,
780042893289,SADBOY SALT NIC PUMPKIN COOKIE,SALT NIC,0.00000000,NONE,NONE,
781231000440,RAP SNACKS LIL BABY HONEY JAL,9,0.00000000,NONE,NONE,
781231000457,RAP SNACKS SD BBQ CHED,9,0.00000000,NONE,NONE,
781231000501,RAP SNACKS LIL BABY ALL IN HOT,9,0.00000000,NONE,NONE,
782706708434,DAZED THC-O LIVE RESIN 950MG,CBD,0.00000000,NONE,NONE,
782706708502,DAZED THC-O 2100MG SATIVA 2G,CBD,0.00000000,NONE,NONE,
782706863560,BLAZE D-10 BLUE DREAM,CBD,0.00000000,NONE,NONE,
782706863577,BLAZE D-10 WATERMELON ZKITTLES,CBD,0.00000000,NONE,NONE,
782706863584,BLAZE D-10 GORILLA GLUE,CBD,0.00000000,NONE,NONE,
782706863591,BALZE D-10 MAUI WAUI,CBD,0.00000000,NONE,NONE,
782706863607,BLAZE D-10 SOUR DIESEL,CBD,0.00000000,NONE,NONE,
782860154726,Menthol Stawberry Pom 50mg,SALT NIC,0.00000000,NONE,NONE,
782860154757,Hawaiian Pog 35Mg,SALT NIC,0.00000000,NONE,NONE,
782860154795,MAUI SUN 35MG,SALT NIC,0.00000000,NONE,NONE,
782860154856,NAKED SALT 35MG LAVAFLOW,SALT NIC,0.00000000,NONE,NONE,
782860154863,NAKED SALT 50MG LAVAFLOW,SALT NIC,0.00000000,NONE,NONE,
783243433780,ELEMENT SN E-JUICE,10,0.00000000,NONE,NONE,783243433735
783325845036,Chakra HHC Zkittlez,CBD,0.00000000,NONE,NONE,
783325845043,Chakra HHC grandaddy purple,CBD,0.00000000,NONE,NONE,
783325845081,Chakra HHC Blueberry,CBD,0.00000000,NONE,NONE,
783325845098,Chakra HHC Pineapple Kush,CBD,0.00000000,NONE,NONE,
783325845135,Chakra HHC Strawnana,CBD,0.00000000,NONE,NONE,
783325845142,Chakra HHC Carribbean Dream,CBD,0.00000000,NONE,NONE,
783325845180,Chakra HHC Wedding Cake,CBD,0.00000000,NONE,NONE,
783495634157,GHOST NRTHN LGHTS DISP D8/THCP,CBD,0.00000000,NONE,NONE,
783495634164,GHOST MAUI WOW DISP D8/THCP,CBD,0.00000000,NONE,NONE,
783495634171,GHOST APPLE FRTR DISP D8/THCP,CBD,0.00000000,NONE,NONE,
783586936429,SORBET POP SALT,10,0.00000000,NONE,NONE,
783586936443,SORBET POP,10,0.00000000,NONE,NONE,636836520223
783970203052,DAZE FUSION 100ML,10,0.00000000,NONE,NONE,783970204004
783970784285,FM 2G HEVY HITTR MANGO GELATO,CBD,0.00000000,NONE,NONE,
783970784292,FM 2G HEVY HITTR GRAPE APE,CBD,0.00000000,NONE,NONE,
783970784315,FM 2G HEVY HITTR STRAW NANA,CBD,0.00000000,NONE,NONE,
783970784339,FM 2G HEVY HITTR SOUP APP KLLR,CBD,0.00000000,NONE,NONE,
783970784346,FM 2G HEVY HITTR GSC,CBD,0.00000000,NONE,NONE,
783970784353,FM 2G HEVY HITTR BLUBRRY COOKI,CBD,0.00000000,NONE,NONE,
783970784360,FM 2G HEVY HITTR GREEN CRACK,CBD,0.00000000,NONE,NONE,
783970784681,FM BABY JAYS JAR FRUITY PEBBLE,CBD,0.00000000,NONE,NONE,
783970784728,FM BABY JAYS JAR PURPLE KUSH,CBD,0.00000000,NONE,NONE,
783970784735,FM BABY JAYS JAR ATF,CBD,0.00000000,NONE,NONE,
783970792600,LR STRAWNERRY KUSH 2G,CBD,0.00000000,NONE,NONE,
783970792624,LR FORBIDDEN FRUIT 2G,ZIIPLAB,0.00000000,NONE,NONE,
783970793515,LR GREEN CRACK 2G,CBD,0.00000000,NONE,NONE,
783970793539,LR ALASKAN THUNDER F**K 2G,ZIIPLAB,0.00000000,NONE,NONE,
783970793591,FM NIC + THC PEACH ICE,CBD,0.00000000,NONE,NONE,
783970793607,FM NIC + THC GRAPE ICE,CBD,0.00000000,NONE,NONE,
783970793614,FM NIC + THC BLUEBERRY,CBD,0.00000000,NONE,NONE,
783970793621,FM NIC + THC RAINBOW CANDY,CBD,0.00000000,NONE,NONE,
783970793638,FM NIC + THC MIXED BERRY,CBD,0.00000000,NONE,NONE,
783970793645,FM NIC + THC BANANA ICE,CBD,0.00000000,NONE,NONE,
783970812636,POLKADOT CHOCOLATE CHERRY CORD,7476667,0.00000000,NONE,NONE,
783970812650,POLKADOT COCONUT BOUND,7476667,0.00000000,NONE,NONE,
783970812711,POLKADOT TORRONE DELIGHT,7476667,0.00000000,NONE,NONE,
784131917153,NOVA PASSION FRUIT MANGO,ZIIPLAB,0.00000000,NONE,NONE,
784131917191,Glamee nova taro ice cream,ZIIPLAB,0.00000000,NONE,NONE,
784131917221,NOVA COOL MINT,ZIIPLAB,0.00000000,NONE,NONE,
784131917337,NOVA STRAWBERRY,ZIIPLAB,0.00000000,NONE,NONE,
784131917351,GLAMEE MATE RAINBOW,ZIIPLAB,0.00000000,NONE,NONE,
784131917375,GLAMEE MATE APPLE BANANA ICE,ZIIPLAB,0.00000000,NONE,NONE,
784131917399,GLAMEE MATE PEACH MANGO WATERM,ZIIPLAB,0.00000000,NONE,NONE,
784131917412,GLAMEE MAYE STRAW BANANA,ZIIPLAB,0.00000000,NONE,NONE,
784131917429,GLAMEE MATE STRAW WATER,ZIIPLAB,0.00000000,NONE,NONE,
784131917436,GLAMEE MATE STRAW CREAM,ZIIPLAB,0.00000000,NONE,NONE,
784131917443,GLAMEE MATE BLUEBERRY ICE,ZIIPLAB,0.00000000,NONE,NONE,
784316973578,PIXI PRO CLEAR,ZIIPLAB,0.00000000,NONE,NONE,
784316973585,PIXI PRO OG BANANA ICE,ZIIPLAB,0.00000000,NONE,NONE,
784316973592,PIXI PRO COOL MINT ICE,ZIIPLAB,0.00000000,NONE,NONE,
784316973608,PIXI PRO PAPAYA GUAVA MOON,ZIIPLAB,0.00000000,NONE,NONE,
784316973615,PIXI PRO MATCHA BERRY ICE,ZIIPLAB,0.00000000,NONE,NONE,
784316973622,PIXI PRO BLUE RAZZ GRAPE ICE,ZIIPLAB,0.00000000,NONE,NONE,
784316973639,PIXI PRO ORANGE MANGO MELON,ZIIPLAB,0.00000000,NONE,NONE,
784316973646,PIXI PRO WATERMELON MINT,ZIIPLAB,0.00000000,NONE,NONE,
784316973660,PIXI PRO BLUEBERRY MELON,ZIIPLAB,0.00000000,NONE,NONE,
784316973677,PIXI PRO LUSH LEMONADE,ZIIPLAB,0.00000000,NONE,NONE,
784512,Imren 26650 Battery,4,0.00000000,NONE,NONE,
784762991010,ZIGZAG ROLLING TRAY CLASSIC,8,0.00000000,NONE,NONE,
784762991034,ZIG ZAG ORANGE ROLLING TRAY HP,1,0.00000000,NONE,NONE,
784762991072,ZIG ZAG ORANGE ROLLING TRAY OR,1,0.00000000,NONE,NONE,
784762991195,ZIGZAG ROLLING TRAY CLASSIC,8,0.00000000,NONE,NONE,
784762991225,ZIGZAG ROLLING TRAY WHITE,8,0.00000000,NONE,NONE,
784762991249,ZIGZAG ROLLING TRAY TIE-DYE,8,0.00000000,NONE,NONE,
784762991287,ZIGZAG ROLLING TRAY PAPERMIX,8,0.00000000,NONE,NONE,
784785688546,FLOAT SHROOMBERRY,7476667,0.00000000,NONE,NONE,
784785688560,FLOAT TRIPS AHOY,7476667,0.00000000,NONE,NONE,
784785688584,FLOAT COSMIC KAVA,CBD,0.00000000,NONE,NONE,
784847463296,KING MATE CHILLED CHEERIES EAC,CBD,0.00000000,NONE,NONE,
784847463357,KING PRE ROLL,CBD,14.99000000,NONE,NONE,784847463319
784847569202,IRON MIKE FUJI APPLE,ZIIPLAB,0.00000000,NONE,NONE,
784847569219,IRON MIKE COOL MINT,ZIIPLAB,0.00000000,NONE,NONE,
784847569226,IRON MIKE MELONHEAD,ZIIPLAB,0.00000000,NONE,NONE,
784847569240,IRON MIKE WATERMELON,ZIIPLAB,0.00000000,NONE,NONE,
784847569257,IRON MIKE WHITE GUMMY BEAR,ZIIPLAB,0.00000000,NONE,NONE,
784847569264,IRON MIKE BLUE RAZZ,ZIIPLAB,0.00000000,NONE,NONE,
784847569271,IRON MIKE APPLE MANGO PEAR,ZIIPLAB,0.00000000,NONE,NONE,
784847569288,IRON MIKE APPLE PUNCH,ZIIPLAB,0.00000000,NONE,NONE,
784847569301,IRON MIKE CRAN GRAPE,ZIIPLAB,0.00000000,NONE,NONE,
784847569325,IRON MIKE FROZEN GRAPE,ZIIPLAB,0.00000000,NONE,NONE,
784847569332,IRON MIKE PEACH WATERMELON,ZIIPLAB,0.00000000,NONE,NONE,
784847569356,IRON MIKE LUSH LIME,ZIIPLAB,0.00000000,NONE,NONE,
784847569363,IRON MIKE FROZEN BANANA,ZIIPLAB,0.00000000,NONE,NONE,
784847569370,IRON MIKE FROZEN PEACH,ZIIPLAB,0.00000000,NONE,NONE,
784847570475,IRON MIKE TORO ROSSO,ZIIPLAB,0.00000000,NONE,NONE,
784847570505,IRON MIKE FROZEN MANGO,ZIIPLAB,0.00000000,NONE,NONE,
784847570529,IRON MIKE FROZEN BLUEBERRY,ZIIPLAB,0.00000000,NONE,NONE,
784847570635,IRON MIKE MELONBERRY,ZIIPLAB,0.00000000,NONE,NONE,
784847572035,IRON MIKE WATERMELON BUBBLEGUM,ZIIPLAB,0.00000000,NONE,NONE,
784847572042,IRON MIKE APPLE PEACH,ZIIPLAB,0.00000000,NONE,NONE,
784847572059,IRON MIKE GRAPE RAZZ,ZIIPLAB,0.00000000,NONE,NONE,
784847572066,IRON MIKE WATERMELON GUMMIES,ZIIPLAB,0.00000000,NONE,NONE,
784847572073,IRON MIKE LEMON BERRY,ZIIPLAB,0.00000000,NONE,NONE,
784847575012,TYSON LEGEND 30K APPL MELON,ZIIPLAB,0.00000000,NONE,NONE,
784847575067,TYSON LEGEND 30K cool mint,ZIIPLAB,0.00000000,NONE,NONE,
784847575074,TYSON LEGEND 30K FROZ BANAN,ZIIPLAB,0.00000000,NONE,NONE,
784847575081,TYSON LEGEND 30K FROZ BLUBRRY,ZIIPLAB,0.00000000,NONE,NONE,
784847575098,TYSON LEGEND 30K FROZEN GRAPE,ZIIPLAB,0.00000000,NONE,NONE,
784847575104,TYSON LEGEND 30K FROZ MANGO,ZIIPLAB,0.00000000,NONE,NONE,
784847575111,TYSON LEGEND 30K FROZ PEACH,ZIIPLAB,0.00000000,NONE,NONE,
784847575128,TYSON LEGEND 30K FROZ STRAW,ZIIPLAB,0.00000000,NONE,NONE,
784847575135,TYSON LEGEND 30K GRN APPL,ZIIPLAB,0.00000000,NONE,NONE,
784847575142,TYSON LEGEND 30K MENTHOL,ZIIPLAB,0.00000000,NONE,NONE,
784847575159,TYSON LEGEND 30K STRAW BANANA,ZIIPLAB,0.00000000,NONE,NONE,
785222233,AEROTANK TURBO,7,15.00000000,NONE,NONE,
785233,SNOOP DOGG BLISTER PACK,1,0.00000000,NONE,NONE,
7852720369,KAMRY K103,2,30.00000000,NONE,NONE,
785411,VISION SPINER II,4,8.00000000,NONE,NONE,
785412,ARTIC COIL,5,2.50000000,NONE,NONE,
785842,ATLANTIS 2,7,22.00000000,NONE,NONE,
785845100,IPOW 2,4,15.00000000,NONE,NONE,
7858458249,K100 VV KAMRY,2,15.00000000,NONE,NONE,
78601352,FUMA POSH KIT,ZIIPLAB,0.00000000,NONE,NONE,78601369
78601413,posh pineapple slush,ZIIPLAB,0.00000000,NONE,NONE,
786032629159,BARISTA BREW OFD 3MG,ZIIPLAB,0.00000000,NONE,NONE,
786032629166,BARISTA BREW OFD 6MG,ZIIPLAB,0.00000000,NONE,NONE,
786032629234,BARISTA BREW SCM 3MG,ZIIPLAB,0.00000000,NONE,NONE,
786032629241,BARISTA BREW SCM 6MG,ZIIPLAB,0.00000000,NONE,NONE,
786032629272,BARISTA BREW WCM 3MG,ZIIPLAB,0.00000000,NONE,NONE,
786032629289,BARISTA BREW WCM 6MG,ZIIPLAB,0.00000000,NONE,NONE,
786032629425,BARISTA BREW OLD FASHION DONUT,SALT NIC,0.00000000,NONE,NONE,
786032629432,BARISTA BREW RZBRY CRM CHZ DAN,SALT NIC,0.00000000,NONE,NONE,
78603325,posh banana smoothie,ZIIPLAB,0.00000000,NONE,NONE,
786162200433,SMARTWATER 20 OZ,9,0.00000000,NONE,NONE,786162411396
78655711,FUMA PODS,ZIIPLAB,0.00000000,NONE,NONE,
78691100,POSH PLUS O.M.G TROPICAL,ZIIPLAB,0.00000000,NONE,NONE,78691100
78692213,POSH PLUS FROZEN STRAWBERRY,ZIIPLAB,0.00000000,NONE,NONE,
78692237,POSH PLUS CREME BRULEE,ZIIPLAB,0.00000000,NONE,NONE,78692237
78692268,PINA COLADA POSH PLUS,ZIIPLAB,0.00000000,NONE,NONE,78692268
78692275,posh plus frozen mango,ZIIPLAB,0.00000000,NONE,NONE,
78692299,POSH PLUS MINTY MELON,ZIIPLAB,0.00000000,NONE,NONE,
787206006004,VAPE PARFAIT 60ML,10,0.00000000,NONE,NONE,258306003007
787303238988,CN KIWI MELON 6MG,10,0.00000000,NONE,NONE,
787416230862,HOW HIGH GREEN CRACK 1G DISPO,CBD,0.00000000,NONE,NONE,
787416230879,HOW HIGH SOUR DIESEL 1G DISPO,CBD,0.00000000,NONE,NONE,
787416230886,HOW HIGH STRAW SHORT 1G DISPO,CBD,0.00000000,NONE,NONE,
787416230893,HOW HIGH WATER GUSH 1G DISPO,CBD,0.00000000,NONE,NONE,
787416531266,GHOST BLACKBERRY KUSH D11 DISP,CBD,0.00000000,NONE,NONE,
787416531280,GHOST GORILLA GLUE D11-THC,CBD,0.00000000,NONE,NONE,
787416531334,GHOST STRAWNANA D11 DISPO,CBD,0.00000000,NONE,NONE,
7876736,clearance dispo 1g d8 etc...,CLEARNCE,0.00000000,NONE,NONE,
787790314615,switch grapefuit guava,ZIIPLAB,0.00000000,NONE,NONE,
787790314714,switch green apple,ZIIPLAB,0.00000000,NONE,NONE,
787790315315,switch pog,ZIIPLAB,0.00000000,NONE,NONE,
787790315414,switch strawberry banana,ZIIPLAB,0.00000000,NONE,NONE,
787790315513,switch strawberry lemonade,ZIIPLAB,0.00000000,NONE,NONE,
787790315612,switch watermelon ice,ZIIPLAB,0.00000000,NONE,NONE,
787790431411,CC COTTONCANDY 6MG,10,0.00000000,NONE,NONE,
787790432111,CANDY KING COTTON CANDY,SALT NIC,0.00000000,NONE,NONE,
787790432210,CANDY KING COTTON CANDY,SALT NIC,0.00000000,NONE,NONE,
787790432319,CANDY KING GUMMY BEARS,SALT NIC,0.00000000,NONE,NONE,
787790432418,CANDY KING GUMMY BEARS,SALT NIC,0.00000000,NONE,NONE,
787790432517,CANDY KING MA BALOONS,SALT NIC,0.00000000,NONE,NONE,
787790432616,CANDY KING MA BALOONS,SALT NIC,0.00000000,NONE,NONE,
787790432715,CANDY KING SB POP DROPS,SALT NIC,0.00000000,NONE,NONE,
787790432814,CANDY KING SB POP DROPS,SALT NIC,0.00000000,NONE,NONE,
787790435419,CANDY KING GUSH 3MG,10,0.00000000,NONE,NONE,
787790435518,CK GUSH 6MG,10,0.00000000,NONE,NONE,
787790435716,CK JAWS 3MG,10,0.00000000,NONE,NONE,
787790435815,CK JAWS 6mg,10,0.00000000,NONE,NONE,
787790436010,CK SOUR STRAWS 3MG,10,0.00000000,NONE,NONE,
787790436119,CK SOUR STRAWS 6MG,10,0.00000000,NONE,NONE,
787790465614,CK TROPIC CHEW 3MG,10,0.00000000,NONE,NONE,
787790465713,CK TROPIC CHEW 6MG,10,0.00000000,NONE,NONE,
787790466512,CANDYKINGAIR STRA WAT BUB,ZIIPLAB,0.00000000,NONE,NONE,
787790466611,CANDYKING AIR PEACY RING,ZIIPLAB,0.00000000,NONE,NONE,
787790466819,CANDYKING AIR PINK SQUARES,ZIIPLAB,0.00000000,NONE,NONE,
787790466918,CANDYKINGAIR GUSH FRUIT,ZIIPLAB,0.00000000,NONE,NONE,
787790467014,CANDYKING AIR MINT,ZIIPLAB,0.00000000,NONE,NONE,
787790467113,CANDYKING AIR BLUERAZZ,ZIIPLAB,0.00000000,NONE,NONE,
787790467915,CANDYKING AIR STRAW ROLLS,ZIIPLAB,0.00000000,NONE,NONE,787790467519
788400849343,ROCHAMBEAU BOURBON TOBACCO,10,0.00000000,NONE,NONE,788400849343
788782962401,Khali Vapor 30ml salt,SALT NIC,0.00000000,NONE,NONE,788782962371
788782962623,BAM BAMS 100ML,10,0.00000000,NONE,NONE,788782962548
788782962661,JUICE HEAD SALT,SALT NIC,0.00000000,NONE,NONE,600609529249
788782962678,JUICE HEAD WATERMELON LIME,SALT NIC,0.00000000,NONE,NONE,810108040286
788782962685,JUICE HEAD SALTS Watermel lime,SALT NIC,0.00000000,NONE,NONE,
788782963859,JH PINEAPPLE GRAPEFRUIT 3MG,10,0.00000000,NONE,NONE,
788782963866,JH PINEAPPLE GRAPEFRUIT 6MG,10,0.00000000,NONE,NONE,
788782964184,juice HEAD SALTS PINEAPPLE GF,SALT NIC,0.00000000,NONE,NONE,
788782964979,JH BLUEBERRY LEMON FREEZE 3MG,10,0.00000000,NONE,NONE,
788782964986,JH BLUEBERRY LEMON FREEZE 6MG,10,0.00000000,NONE,NONE,
788782965068,JH PINAPL GRAPFRUIT FREEZE 3MG,10,0.00000000,NONE,NONE,
788782965075,JH PINAPL GRAPFRUIT FREEZE 6MG,10,0.00000000,NONE,NONE,
788782965167,JUICE HEAD Blueberry L,SALT NIC,0.00000000,NONE,NONE,
788782965228,JH BLUEBERRY LEMON 3MG,10,0.00000000,NONE,NONE,
788782965235,JH BLUEBERRY LEMON 6MG,10,0.00000000,NONE,NONE,
789456,Frosted O''s 60ml,10,0.00000000,NONE,NONE,685349763184
791541824780,OMEGA XL COOL MINT,ZIIPLAB,0.00000000,NONE,NONE,669936784059
791541824797,OMEGA XL BANANA ICE,ZIIPLAB,0.00000000,NONE,NONE,
791541824803,OMEGA XL PEACH BERRY,ZIIPLAB,0.00000000,NONE,NONE,
791541824810,OMEGA XL LUSH ICE,ZIIPLAB,0.00000000,NONE,NONE,
791541824827,OMEGA XL BLUE RASPBERRY,ZIIPLAB,0.00000000,NONE,NONE,
791541824995,OMEGA XL KIWI STRAWBERRY,ZIIPLAB,0.00000000,NONE,NONE,
791541825930,OMEGA XL GUAVA ICE,ZIIPLAB,0.00000000,NONE,NONE,
791541825954,OMEGA XL ICED BERRIES,ZIIPLAB,0.00000000,NONE,NONE,
791541825978,OMEGA XL PINA COLADA,ZIIPLAB,0.00000000,NONE,NONE,
791541826517,OMEGA XL PEACH ICE,ZIIPLAB,0.00000000,NONE,NONE,
791541826531,OMEGA XL TUTTI FRUITTI ICE,ZIIPLAB,0.00000000,NONE,NONE,
791541826555,OMEGA XL PINEAPPLE LEMONADE,ZIIPLAB,0.00000000,NONE,NONE,
791541826937,OMEGA XL PINK LEMONADE,ZIIPLAB,0.00000000,NONE,NONE,
791541826951,OMEGA XL STRAWBERRY BANANA,ZIIPLAB,0.00000000,NONE,NONE,
791541827040,OMEGA XL STRAWBERRY YOGURT,ZIIPLAB,0.00000000,NONE,NONE,
791541827842,OMEGA XL WATERMELON CANDY,ZIIPLAB,0.00000000,NONE,NONE,
791541827866,OMEGA XL GUMMY BEAR,ZIIPLAB,0.00000000,NONE,NONE,
791541827880,Omega XL Vanilla Custard,ZIIPLAB,0.00000000,NONE,NONE,791541827880
791541827903,OMEGA XL JUICY MANGO,ZIIPLAB,0.00000000,NONE,NONE,
792671312109,PIXI CONNECT SOUR DISEAL,ZIIPLAB,0.00000000,NONE,NONE,
793585970867,HILLSIDE GLASS DABBER 3PK,1,0.00000000,NONE,NONE,
793585972465,COOKIES COOKIE BITE HAND PIPE,1,0.00000000,NONE,NONE,517510001
793618291518,DINNER LADY LEMON TART,ZIIPLAB,0.00000000,NONE,NONE,
793811322033,LOKEE HYDE,4,0.00000000,NONE,NONE,712035739830
793888294592,GR 1.2KMG CBD MIXED BERRY,CBD,0.00000000,NONE,NONE,
793888296190,GR 1.2KMG CBD LUSH ICE,CBD,0.00000000,NONE,NONE,
793888298194,GR 1.2KMG CBD BLUE RASPBERRY,CBD,0.00000000,NONE,NONE,
793888300293,GR 1.2KMG CBD MELON ICE,CBD,0.00000000,NONE,NONE,
793888722453,RIPE VAPES VCT/BANANA,ZIIPLAB,0.00000000,NONE,NONE,793888727953
793888930278,CK Cola Gummies 3mg,10,0.00000000,NONE,NONE,
793888930377,CK Cola Gummies 6mg,10,0.00000000,NONE,NONE,
793888930575,CK Mint 3mg,10,0.00000000,NONE,NONE,
793888930674,CK Mint 6mg,10,0.00000000,NONE,NONE,
793888930872,CK Pink Lemonade Strips 3MG,10,0.00000000,NONE,NONE,
793888930971,CK Pink Lemonade Strips 6MG,10,0.00000000,NONE,NONE,
793888931176,CK GOBBIES 3mg,10,0.00000000,NONE,NONE,
793888931275,CK GOBBIES 6mg,10,0.00000000,NONE,NONE,
793888931374,CK ON SALT Cola Gummies 35mg,SALT NIC,0.00000000,NONE,NONE,
793888931473,CK ON SALT Cola Gummies 50mg,SALT NIC,0.00000000,NONE,NONE,
793888931572,CK ON SALT Mint 35mg,SALT NIC,0.00000000,NONE,NONE,
793888931671,CK ON SALT Mint 50mg,SALT NIC,0.00000000,NONE,NONE,
793888931770,CANDY KING ON SALT 35mg,SALT NIC,0.00000000,NONE,NONE,
793888931879,CANDY KING ON SALT 50mg,SALT NIC,0.00000000,NONE,NONE,
793888931978,CANDY KING ONSALT Gobbies 35mg,SALT NIC,0.00000000,NONE,NONE,
793888932074,CK ON SALT GOBBIES 50mg,SALT NIC,0.00000000,NONE,NONE,
795044596755,CACTUS DOUBLE TAP D8 IND/SAT,CBD,0.00000000,NONE,NONE,
795044596762,CACTUS DOUBLE TAP D8 IND/SAT,CBD,0.00000000,NONE,NONE,
795044596779,CACTUS DOUBLE TAP D8 SAT/HYB,ZIIPLAB,0.00000000,NONE,NONE,
795044596786,CACTUS DOUBLE TAP D8/10 IND/SA,CBD,0.00000000,NONE,NONE,
795044598520,CACTUS LABS HHC/D11/THCOP,CBD,0.00000000,NONE,NONE,795044598490
795044599350,SIX SHOOTER D11 6G ST+AK47+DP,ZIIPLAB,0.00000000,NONE,NONE,
795044599367,SIX SHOOTER D11 6G WC+GEL+SC,ZIIPLAB,0.00000000,NONE,NONE,
795044599374,SIX SHOOTER D11 6G OGK+GG+BB,ZIIPLAB,0.00000000,NONE,NONE,
795044599398,SIX SHOOTER D11 6G BD+LAKC+GG,ZIIPLAB,0.00000000,NONE,NONE,
795044599404,SIX SHOOTER D11 PP+OG+GUSH,ZIIPLAB,0.00000000,NONE,NONE,
795044599428,SIX SHOOTER D11 6G BC+GA+PE,ZIIPLAB,0.00000000,NONE,NONE,
795044599435,SIX SHOOTER D11 6G  PP+WW+BD,ZIIPLAB,0.00000000,NONE,NONE,
795044599442,SIX SHOOTER D11 6G TW+AK47+GDP,ZIIPLAB,0.00000000,NONE,NONE,
795044604337,SIX SHOOTER D9 6G WC+GELATO+SC,ZIIPLAB,0.00000000,NONE,NONE,
795044604344,SIX SHOOTER D9 6G OGK+GG+BB,ZIIPLAB,0.00000000,NONE,NONE,
795044604351,SIX SHOOTER D9 6G TW+AK47+GDP,ZIIPLAB,0.00000000,NONE,NONE,
795044604368,SIX SHOOTER D9 6G PP+WW+BD,ZIIPLAB,0.00000000,NONE,NONE,
795044604375,SIX SHOOTER D9 6G BC+GA+PE,ZIIPLAB,0.00000000,NONE,NONE,
795044604399,SIX SHOOTER D9 6G BC+OGK+ZKITT,ZIIPLAB,0.00000000,NONE,NONE,
795044604405,SIX SHOOTER D9 6G ST+AK47+DP,ZIIPLAB,0.00000000,NONE,NONE,
795044604429,SIX SHOOTER D9 6G BD+LKC+GG,ZIIPLAB,0.00000000,NONE,NONE,
795152405734,JAM MONSTER LEMON 3MG,10,0.00000000,NONE,NONE,
795152405741,JAM MONSTER LEMON 6MG,10,0.00000000,NONE,NONE,
795152406465,JAM MONSTER BANANA 3MG,10,0.00000000,NONE,NONE,
795152406502,MONSTER BARS STRAW JAM,ZIIPLAB,0.00000000,NONE,NONE,
795152406519,MONSTER BARS BLUEBERRY JAM,ZIIPLAB,0.00000000,NONE,NONE,
795152406526,MONSTER BARS STRAW CUSTATD,ZIIPLAB,0.00000000,NONE,NONE,
795152406557,MONSTER BARS BLUBERRY RASP LEM,ZIIPLAB,0.00000000,NONE,NONE,
795152406564,MONSTER BARS MIXED BERRY,ZIIPLAB,0.00000000,NONE,NONE,
795152406571,MONSTER BARS PASSORANGEGUVA,ZIIPLAB,0.00000000,NONE,NONE,
795152406588,Monster Bar strawberry kiwi po,ZIIPLAB,0.00000000,NONE,NONE,
795152406595,MONSTER BARS BLU/RASPBERRY LEM,ZIIPLAB,0.00000000,NONE,NONE,
795152406625,MONSTER BARS PASSORANGGUVA ICE,ZIIPLAB,0.00000000,NONE,NONE,
795152406830,MONSTER BARS MANGOPEACH GUAVA,ZIIPLAB,0.00000000,NONE,NONE,
795152407899,JM PB & BANANA 3MG,10,0.00000000,NONE,NONE,
795152408131,CM BUTTERSCOTCH 3MG,10,0.00000000,NONE,NONE,
795154436750,CN CHERRY APPLE ICED 25MG,SALT NIC,0.00000000,NONE,NONE,
795154436767,CN CHARRY APPLE ICED 50MG,SALT NIC,0.00000000,NONE,NONE,
795154436774,CN PEACH DRAGONFRUIT ICE 25MG,SALT NIC,0.00000000,NONE,NONE,
795154436781,CN PEACH DRAGONFRUIT ICE 50MG,SALT NIC,0.00000000,NONE,NONE,
795154437535,TWIST DRAGONTHOL 6MG,10,0.00000000,NONE,NONE,
795154437542,DRAGONTHOL 3MG,10,0.00000000,NONE,NONE,
795847774541,DOZO BLUBRY MUFFN 4GM DNUT EAC,CBD,0.00000000,NONE,NONE,
795847774558,DOZO LMNCRY GELA 4GM DNUT EAC,CBD,0.00000000,NONE,NONE,
7963126984,TFV16 TRIPLE MESH COIL EACH,5,0.00000000,NONE,NONE,6940695630585
799899785227,PUFF MINI MOCHA COFFEE,ZIIPLAB,0.00000000,NONE,NONE,
799975842622,CE4 CLEAROMIZER`,8,0.00000000,NONE,NONE,
7C4313400904,LUMI DISPOSABLE TANK,7,0.00000000,NONE,NONE,6971894242118
7g1411267257,RAZ 6000 ALASKAN MINT,ZIIPLAB,0.00000000,NONE,NONE,6974622809676
80001120642,DG PLATINUM WATER PIPE BEAKER,1,0.00000000,NONE,NONE,
80001120643,DG PLATINUM WATER PIPE BKR BLU,1,0.00000000,NONE,NONE,
80001120645,DG PLTNM WATER PIPE BLACK,1,0.00000000,NONE,NONE,
80001120652,DG TORNADO WATER PIPE BLACK,1,0.00000000,NONE,NONE,
80001120653,DG GLASS TORNADO PIPE PINK,1,0.00000000,NONE,NONE,
80001120661,DG GLS WATER PIPE PYRAMID,1,0.00000000,NONE,NONE,
80001120662,GLASS WATER PIPE 16 IN GRN,1,0.00000000,NONE,NONE,
80001120663,DG PIPE PYRAMID PINK,1,0.00000000,NONE,NONE,
8000141511,DG GLASS CUP WATER PIPE,1,0.00000000,NONE,NONE,
8000153973,DG PLTNM WATER PIPE CHECKERED,1,0.00000000,NONE,NONE,
8000154243,DG WATER PIPE RECYCLER BLACK,1,0.00000000,NONE,NONE,
8000154252,DG BELL SHAPE WATER PIPE,1,0.00000000,NONE,NONE,
8000154528,DG 7MM MINI WATER PIPE BLUE,1,0.00000000,NONE,NONE,
8000154659,DG WIG WAG SWIRL WATER PIPE,1,0.00000000,NONE,NONE,
800030410004,CD 1000 SCALE,1,0.00000000,NONE,NONE,2010111215567
8000401002,DG SIAMESE QUARTZ BANGER TS,1,0.00000000,NONE,NONE,
800050410008,EDGE-1000 SCALE,1,0.00000000,NONE,NONE,
800051701006,EQ 100,1,0.00000000,NONE,NONE,
800061601006,DIABLO EP100 SCALE,1,0.00000000,NONE,NONE,305
800061606506,FP 650,1,0.00000000,NONE,NONE,
800061610008,FP 1000,1,0.00000000,NONE,NONE,
8001620050002,PT-500 SCALE,1,0.00000000,NONE,NONE,
802091500205,FUZION BIO DIGITAL SCALE,1,0.00000000,NONE,NONE,
80500843,VANDYVAPE MESH RDA,6,0.00000000,NONE,NONE,
807172037083,Infyniti Scales Mini,1,0.00000000,NONE,NONE,
807172062436,Infyniti Scales,1,0.00000000,NONE,NONE,
80-MB-CC,CG SPOON CC MAGNET AND MAG BL,1,0.00000000,NONE,NONE,
810002740183,MOJO DISPOSABLE POD,ZIIPLAB,0.00000000,NONE,NONE,810002741654
810004618831,HUMBLE DONKEYKAHN 3mg,10,0.00000000,NONE,NONE,
810004618848,HBL DONKEY KHAN 6MG,10,0.00000000,NONE,NONE,
810004618862,HUMBLE SMASHMOUTH 120ML 3MG,10,0.00000000,NONE,NONE,
810004618879,HBL SMASH MOUTH 6MG,10,0.00000000,NONE,NONE,850883007081
810004618893,HBL GUAVAKAHN 3MG,10,0.00000000,NONE,NONE,
810004618909,HBL GUAVAKAHN 6MG,10,0.00000000,NONE,NONE,
810004618923,HBL PEACH PLEASURE 3MG,10,0.00000000,NONE,NONE,
810004618930,HBL PEACH PLEASURE 6MG,10,0.00000000,NONE,NONE,
810004618954,HBL BLUE SLUSHEE 3MG,10,0.00000000,NONE,NONE,
810004618961,HBL BLUE SLUSHEE 6MG,10,0.00000000,NONE,NONE,
810004619012,HBL VTR 3MG,10,0.00000000,NONE,NONE,
810004619029,HBL VTR 6MG,10,0.00000000,NONE,NONE,
810004619043,HBL BERRY BLOW DOE 3MG,10,0.00000000,NONE,NONE,
810004619050,HBL BERRY BLOW DOE 6MG,10,0.00000000,NONE,NONE,
810004619074,HBL PEE WEE KIWI 3MG,10,0.00000000,NONE,NONE,
810004619081,HBL PEE WEE KIWI 6MG,10,0.00000000,NONE,NONE,
810004619104,HBL FRUIT PUNCH 3MG,10,0.00000000,NONE,NONE,
810004619111,HBL FRUIT PUNCH 6MG,10,0.00000000,NONE,NONE,
810004619371,HBL HUMBLE CRUMBLE 3MG,10,0.00000000,NONE,NONE,
810004619388,HBL HUMBLE CRUMBLE 6MG,10,0.00000000,NONE,NONE,
810004619401,HBL AMERICAN DREAM 3MG,10,0.00000000,NONE,NONE,
810004619418,HBL AMERICAN DREAM 6MG,10,0.00000000,NONE,NONE,
810004619432,HBL SWEATER PUPPETS 3MG,10,0.00000000,NONE,NONE,
810004619449,HBL SWEATER PUPPETS 6MG,10,0.00000000,NONE,NONE,
810004619463,HBL HOPSCOTCH 3MG,10,0.00000000,NONE,NONE,
810004619470,HUMBLE HOPSCOTCH 6mg,10,0.00000000,NONE,NONE,
810008093054,pulsar vapor vessel V2,1,0.00000000,NONE,NONE,
810011320949,The Finest Cool Mint 3MG,10,0.00000000,NONE,NONE,
810011320956,THE FINEST COOL MINT 6mg,10,0.00000000,NONE,NONE,
810011320970,THE FINEST MINT 30mg salt,SALT NIC,0.00000000,NONE,NONE,302035551534
810011321816,SWIFT BAR PLUS BANANA ICE,ZIIPLAB,0.00000000,NONE,NONE,
810011321861,SWIFT BAR COLA ICE,ZIIPLAB,0.00000000,NONE,NONE,
810011321878,SWIFT BAR BANANA ICE,ZIIPLAB,0.00000000,NONE,NONE,
810011321908,SWIFT BAR LYCHEE,ZIIPLAB,0.00000000,NONE,NONE,
810011322080,TF COTTON CLOUDS 3MG,10,0.00000000,NONE,NONE,
810011322097,TF COTTON CLOUDS 6MG,10,0.00000000,NONE,NONE,
810011322110,TF STRAWBERRY CHEW 3MG,10,0.00000000,NONE,NONE,
810011322127,TF STRAWBERRY CHEW 6MG,10,0.00000000,NONE,NONE,810152541333
810011322202,TF GREEN APPLE CITRUS 3MG,10,0.00000000,NONE,NONE,
810011322219,TF GREEN APPLE CITRUS 6MG,10,0.00000000,NONE,NONE,
810011322233,TF LEMON LUSH,10,0.00000000,NONE,NONE,
810011322240,TF LEMON LUSH 3MG,10,0.00000000,NONE,NONE,
810011322356,TF STRAWBERRY CUSTARD 3MG,10,0.00000000,NONE,NONE,
810011322363,TF STRAWBERRY CUSTARD 6MG,10,0.00000000,NONE,NONE,
810011322387,TF VANILLA ALMOND CUSTARD 3MG,10,0.00000000,NONE,NONE,
810011322394,TF VANILLA ALMOND CUSTARD 6MG,10,0.00000000,NONE,NONE,
810011322417,TF LEMON CUSTARD 3MG,10,0.00000000,NONE,NONE,
810011322424,TF LEMON CUSTARD 6MG,10,0.00000000,NONE,NONE,
810011322479,FINEST BANANA MENTHOL 30ml,SALT NIC,0.00000000,NONE,NONE,
810011322486,FINEST BANANA MENTHOL 50,SALT NIC,0.00000000,NONE,NONE,
810011322509,FINEST PEACH MENTHOL 30,SALT NIC,0.00000000,NONE,NONE,
810011322516,FINEST PEACH MENTHOL 50,SALT NIC,0.00000000,NONE,NONE,
810011322530,FINEST HONEYDEW MENTHOL 30,SALT NIC,0.00000000,NONE,NONE,
810011322547,FINEST HONEYDEW MENTHOL 50,SALT NIC,0.00000000,NONE,NONE,
810011322653,FINEST PINEAPPLE MENTHOL 30,SALT NIC,0.00000000,NONE,NONE,
810011322660,FINEST PINEAPPLE MENTHOL 50,SALT NIC,0.00000000,NONE,NONE,
810011322684,FINEST STRWBRY LEM MENTHOL 30,SALT NIC,0.00000000,NONE,NONE,
810011322691,FINEST STRBRY LEM MENTHOL 50,SALT NIC,0.00000000,NONE,NONE,
810011322806,FINEST STRAWBERRY CHEW 30,SALT NIC,0.00000000,NONE,NONE,810152541340
810011322813,FINEST STRAWBERRY CHEW 50,SALT NIC,0.00000000,NONE,NONE,810152541852
810011322837,FINEST LEMON LUSH 30,SALT NIC,0.00000000,NONE,NONE,
810011322844,FINEST LEMON LUSH 50,SALT NIC,0.00000000,NONE,NONE,
810011322868,FINEST GRN APL CITRS MENTHL 30,SALT NIC,0.00000000,NONE,NONE,
810011322875,FINEST GRN APL CITRS MENTHL 50,SALT NIC,0.00000000,NONE,NONE,
810011322929,THE FINEST STRAWCUSTARD 30MG,SALT NIC,0.00000000,NONE,NONE,810152541845
810011323070,FINEST LEMON LUSH MENTHOL 30,SALT NIC,0.00000000,NONE,NONE,
810011323087,FINEST LEMON LUSH MENTHOL 50,SALT NIC,0.00000000,NONE,NONE,
810011323261,SWIFT PRO DISPOSABLE,ZIIPLAB,0.00000000,NONE,NONE,810011321977
810011323346,SWIFT 3K BANANA ICE,ZIIPLAB,0.00000000,NONE,NONE,
810011323353,SWIFT 3K LUSH ICE,ZIIPLAB,0.00000000,NONE,NONE,
810011323360,SWIFT 3K LEMON HEAD,ZIIPLAB,0.00000000,NONE,NONE,
810011323377,SWIFT 3K STRAWBERRY BANANA ICE,ZIIPLAB,0.00000000,NONE,NONE,
810011323384,SWIFT 3K LEMON TART,ZIIPLAB,0.00000000,NONE,NONE,
810011323391,SWIFT 3K COTTON CANDY,ZIIPLAB,0.00000000,NONE,NONE,
810011323407,SWIFT 3K COOL MINT,ZIIPLAB,0.00000000,NONE,NONE,
810011323414,SWIFT 3K BLUE RAZZ ICE,ZIIPLAB,0.00000000,NONE,NONE,
810011323421,SWIFT 3K RED APPLE,ZIIPLAB,0.00000000,NONE,NONE,
810011323438,SWIFT 3K PEACH LEMONADE,ZIIPLAB,0.00000000,NONE,NONE,
810011323445,SWIFT 3K LEMON LUSH,ZIIPLAB,0.00000000,NONE,NONE,
810011323452,SWIFT 3K STRAW WAFER,ZIIPLAB,0.00000000,NONE,NONE,
810011323469,SWIFT 3K P.O.G,ZIIPLAB,0.00000000,NONE,NONE,
810011323476,SWIFT 3K STRAWBERRY ICE,ZIIPLAB,0.00000000,NONE,NONE,
810011323483,FINEST BLUE RAZZ MENTHOL 30,SALT NIC,0.00000000,NONE,NONE,
810011323490,FINEST BLUE RAZZ MENTHOL 50,SALT NIC,0.00000000,NONE,NONE,
810011323629,swft lux blue razz ice,ZIIPLAB,0.00000000,NONE,NONE,
810011323636,SWFT LUX LUSH ICE,ZIIPLAB,0.00000000,NONE,NONE,
810011323650,SWFT LUX ALOE GRAPE,ZIIPLAB,0.00000000,NONE,NONE,
810011323674,swft lux gummy bear,ZIIPLAB,0.00000000,NONE,NONE,
810011323681,swft lux watermelon bubba,ZIIPLAB,0.00000000,NONE,NONE,
810011323704,SWFT LUX COOL MINT,ZIIPLAB,0.00000000,NONE,NONE,
810011323711,SWFT LUX TOBACCO,ZIIPLAB,0.00000000,NONE,NONE,
810011323735,swft lux mango ice,ZIIPLAB,0.00000000,NONE,NONE,
810011323742,SWFT LUX RED ENERGY,ZIIPLAB,0.00000000,NONE,NONE,
810011323759,swft lux white peach ice,ZIIPLAB,0.00000000,NONE,NONE,
810011323766,SWFT LUX RAINBOW CANDY,ZIIPLAB,0.00000000,NONE,NONE,
810011324343,TF BLUE BERRY LEMON SWIRL 3MG,10,0.00000000,NONE,NONE,
810011326064,Swift Mod Blue Razz,ZIIPLAB,0.00000000,NONE,NONE,
810011326071,Swift Mod Bubble Gum,ZIIPLAB,0.00000000,NONE,NONE,
810011326088,Swift Mod Cool Mint,ZIIPLAB,0.00000000,NONE,NONE,
810011326095,Swift Mod Gummy Bear,ZIIPLAB,0.00000000,NONE,NONE,
810011326101,Swift Mod Lush Ice,ZIIPLAB,0.00000000,NONE,NONE,
810011326118,Swift Mod Cotton Candy,ZIIPLAB,0.00000000,NONE,NONE,
810011326132,Swift Mod Jolly Green,ZIIPLAB,0.00000000,NONE,NONE,
810011326156,Swift Mod Mango Coconut,ZIIPLAB,0.00000000,NONE,NONE,
810011326163,Swift Mod Pink Lemodade Slush,ZIIPLAB,0.00000000,NONE,NONE,
810011326187,Swift Mod Strawberry Wafer,ZIIPLAB,0.00000000,NONE,NONE,
810011326736,Swift Mod raspberry lush ice,ZIIPLAB,0.00000000,NONE,NONE,
810011326743,Swift Mod Strawberry Lush Ice,ZIIPLAB,0.00000000,NONE,NONE,
810011326750,Swift Mod White Peach Ice,ZIIPLAB,0.00000000,NONE,NONE,
810011326774,Swift Mod Pineapple Punch,ZIIPLAB,0.00000000,NONE,NONE,
810011326781,Swift Mod Grape Ice,ZIIPLAB,0.00000000,NONE,NONE,
810011326798,Swift Mod Peach Mango,ZIIPLAB,0.00000000,NONE,NONE,
810011326804,Swift Mod Kiwi Berry Ice,ZIIPLAB,0.00000000,NONE,NONE,
810011326811,Swift Mod Pina Colada,ZIIPLAB,0.00000000,NONE,NONE,
810011326828,Swift Mod Blueberry Ice,ZIIPLAB,0.00000000,NONE,NONE,
810011327757,Swift Mod Berry Blast,ZIIPLAB,0.00000000,NONE,NONE,
810014752853,SILICON SKIN 16MM,1,0.00000000,NONE,NONE,
810015390023,LAMP 300MG WATERMELON,CBD,7.00000000,NONE,NONE,
810015390306,LAMP 500MG CBD,CBD,0.00000000,NONE,NONE,
810015390931,ROYAL KRATOM MAENG DA 75 CAP,KRATOM,0.00000000,NONE,NONE,
810015390948,ROYAL KRATOM MAENG DA 75G PWDR,KRATOM,0.00000000,NONE,NONE,
810015390955,ROYAL KRATOM MAENG DA 500MG CP,KRATOM,0.00000000,NONE,NONE,
810023220022,NATURAL 250MG TINCTURE,CBD,9.00000000,NONE,NONE,
810023220039,NATURAL 500MG TINCTURE,CBD,15.00000000,NONE,NONE,
810023220046,NATURAL 1000MG TINCTURE,CBD,25.00000000,NONE,NONE,
810023220053,NATURAL 2000MG TINCTURE,CBD,45.00000000,NONE,NONE,
810023220060,FRESH BERRY 250MG TINCTURE,CBD,9.00000000,NONE,NONE,
810023220077,FRESH BERRY 500MG TINCTURE,CBD,15.00000000,NONE,NONE,
810023220084,FRESH BERRY 1000MG TINCTURE,CBD,25.00000000,NONE,NONE,
810023220091,FRESH BERRY 2000MG TINCTURE,CBD,45.00000000,NONE,NONE,
810023220107,VANILLA DREAM 250MG CBD,CBD,9.00000000,NONE,NONE,
810023220114,VANILLA DREAM 500MG TINCTURE,CBD,15.00000000,NONE,NONE,
810023220121,VANILLA DREAM 1000MG TINCTURE,CBD,25.00000000,NONE,NONE,
810023220138,VANILLA DREAM 2000MG TINCTURE,CBD,45.00000000,NONE,NONE,
810023220145,NATURAL HEMP DAILY TINCTURE,CBD,0.00000000,NONE,NONE,
810023220169,VANILLA DAILY TINCTURE,CBD,1.25000000,NONE,NONE,
810023220176,ENERGY 750MG CBD CAPSULES,CBD,26.00000000,NONE,NONE,
810023220183,SLEEP CAPSULES 750MG CBD,CBD,26.00000000,NONE,NONE,
810023220190,STRESS 750MG CBD CAPSULES,CBD,26.00000000,NONE,NONE,
810023220206,RELIEF 750MG CBD CAPSULES,CBD,26.00000000,NONE,NONE,
810023220213,ENERGY CAPSULE 25MG CBD,CBD,0.00000000,NONE,NONE,
810023220220,SLEEP CAPSULE 25MG CBD,CBD,0.00000000,NONE,NONE,
810023220237,STRESS CAPSULE 25MG CBD,CBD,0.00000000,NONE,NONE,
810023220244,RELIEF CAPSULE 25MG CBD,CBD,0.00000000,NONE,NONE,
810023220374,FRESH BERRY TINCT 33MG,CBD,2.50000000,NONE,NONE,810023220152
810026222429,CUBE TROPIC DISPOSABLE,ZIIPLAB,0.00000000,NONE,NONE,
810026222894,CUBE MANGO COLADA DISPO,ZIIPLAB,0.00000000,NONE,NONE,
810026222917,CUBE WILD BERRY 5% DISP,ZIIPLAB,0.00000000,NONE,NONE,
810026223143,CUBE ZERO RED APPLE DISPO,ZIIPLAB,0.00000000,NONE,NONE,
810026223150,CUBE ZERO ENERGY DISP,ZIIPLAB,0.00000000,NONE,NONE,
810026223167,CUBE ZERO STRAWNANA 0MG,ZIIPLAB,0.00000000,NONE,NONE,
810026223198,CUBE ZERO TROPIC,ZIIPLAB,0.00000000,NONE,NONE,
810026223211,CUBE ZERO DRAGONADE 0MG,ZIIPLAB,0.00000000,NONE,NONE,
810026223228,CUBE ZERO MELONERRY,ZIIPLAB,0.00000000,NONE,NONE,
810026223235,CUBE ZERO MANGO COLADA,ZIIPLAB,0.00000000,NONE,NONE,
810026223457,CUBE RAZZ LUSH DISPO,ZIIPLAB,0.00000000,NONE,NONE,
810026223471,CUBE ALOE GRAPE DISPO,ZIIPLAB,0.00000000,NONE,NONE,
810026223488,CUBE MELONTINI DISPO,ZIIPLAB,0.00000000,NONE,NONE,
810026223877,CUBE ZERO PASSIFLORA,ZIIPLAB,0.00000000,NONE,NONE,
810026223914,CUBE ZERO MELONTINI DISPO,ZIIPLAB,0.00000000,NONE,NONE,
810027711304,SEAHORSE CEREMIC PRO COIL EACH,5,0.00000000,NONE,NONE,6973199590147
810028445888,PUFFCO HOT KNIFE HEATING TOOL,1,0.00000000,NONE,NONE,
810028447004,PUFFCO PEAK E-RIG VP ONYX,1,0.00000000,NONE,NONE,
810028447028,PUFFCO PEAK E-RIG VP CLOUD,1,0.00000000,NONE,NONE,
810028448728,PUFFCO PEAK PRO 3DXL RIG ONYX,1,0.00000000,NONE,NONE,
810028448735,PUFFCO PEAK PRO 3DXL RIG PEARL,1,0.00000000,NONE,NONE,
810028449831,PUFFCO PEAK E-RIG VP BLISS,1,0.00000000,NONE,NONE,
810029040181,VAPETASIA MILK  OF THE POPPY,10,0.00000000,NONE,NONE,810029040174
810029040297,ROYALTY II 100ML 3MG,10,0.00000000,NONE,NONE,
810029040303,ROYALTY II 100ML 6MG,10,0.00000000,NONE,NONE,
810029040662,vapetasia killer kustard 6mg,10,0.00000000,NONE,NONE,
810029048866,VAPETASIA WHITE GUMMY,SALT NIC,0.00000000,NONE,NONE,
810029048873,VAPETASIA WHITE GUMMY,SALT NIC,0.00000000,NONE,NONE,
810029760980,FULL SEND PINEAPPLE,ZIIPLAB,0.00000000,NONE,NONE,
810032255626,ruthless bt 50mg disposable,ZIIPLAB,0.00000000,NONE,NONE,
810032257309,Ruthless 120ml,10,0.00000000,NONE,NONE,
810032257439,LOADED BANANA ICE,ZIIPLAB,0.00000000,NONE,NONE,
810032257446,LOADED MANGO BANANA ICE,ZIIPLAB,0.00000000,NONE,NONE,
810032257453,LOADED STRAWBERRY BANANA ICE,ZIIPLAB,0.00000000,NONE,NONE,
810042460188,OOZE VAULT EXTRACT BATTERY,4,0.00000000,NONE,NONE,
810042460409,Tanker Extract Battery,4,0.00000000,NONE,NONE,
810042460591,OOZE ECHO SILICONE WATER PIPE,1,0.00000000,NONE,NONE,810042460560
810042461024,OOZE OZONE SILICONE WATER PIPE,1,0.00000000,NONE,NONE,810042460904
810042462076,OOZE GLYCO BOWL,1,0.00000000,NONE,NONE,810042462878
810042462083,OOZE GLYCO CHILLED WATERPIPE,1,0.00000000,NONE,NONE,810042460065
810042463080,ooze quartz thermal banger,1,0.00000000,NONE,NONE,
810042463929,OOZE SWERVE SILICONE WATER PIP,1,0.00000000,NONE,NONE,810042463905
810050180009,FALCON M1 MESH COIL EACH,5,0.00000000,NONE,NONE,810050180016
810050180016,Falcon m2 mesh 0.16,5,0.00000000,NONE,NONE,
810050180047,FALCON M-DUAL MESH COIL EACH,5,0.00000000,NONE,NONE,
810050180054,Falcon 2 Coils,5,0.00000000,NONE,NONE,810050180054
810050180368,HORIZON TECH FALCON 2 RED,7,0.00000000,NONE,NONE,
810056402532,LEMON TART DINNER LADY 3MG,10,0.00000000,NONE,NONE,
810056402549,DINNERLADY LEMONTART 3MG,10,0.00000000,NONE,NONE,
810057940347,RANDY''S GRIP,2,0.00000000,NONE,NONE,
810057940354,RANDY''S GRIP REPLACEMENT COIL,5,0.00000000,NONE,NONE,
810060260272,CUREVANA D8 COOKIES N CREAM,CBD,0.00000000,NONE,NONE,
810060260289,CUREVANA STRAWBERRY SHORTCAKE,CBD,0.00000000,NONE,NONE,
810060260302,CUREVANA D8 BAMBAM OG,CBD,0.00000000,NONE,NONE,
810060260319,CUREVANA D8 GRAND DADDY OG,CBD,0.00000000,NONE,NONE,
810060260333,D8 THC FLOWER 14G CKS & CREAM,CBD,0.00000000,NONE,NONE,
810060260876,CUREVANA D8 ICECREAM CAKE,CBD,0.00000000,NONE,NONE,
810060260913,D8 THC FLOWER RUNTZ,CBD,0.00000000,NONE,NONE,
810060260920,D8 THC FLOWER 14G ICE CRM CKE,CBD,0.00000000,NONE,NONE,
810063710392,POPPI GRAPE,ZIIPLAB,0.00000000,NONE,NONE,
810063711054,POPPI CHERRY COLA,ZIIPLAB,0.00000000,NONE,NONE,
810078837619,3CHI Delta8 Seltzer Pineapple,CBD,0.00000000,NONE,NONE,
810078837626,3CHI D8 Seltzer Grapefruit,CBD,0.00000000,NONE,NONE,
810078837633,3CHI Delta8 Seltzer Cherry Lim,CBD,0.00000000,NONE,NONE,
810078837640,3CHI D8 Seltzer Blackberry Raz,CBD,0.00000000,NONE,NONE,
810088841965,URB WHITE CHOCOLATE ORANGE eac,CBD,0.00000000,NONE,NONE,
810088841996,URB WHITE choc straw EACH,CBD,0.00000000,NONE,NONE,
810089202680,MF MELLOW CLUSTERS 500 MG,CBD,0.00000000,NONE,NONE,
810089202710,MF RAINBOW BITES 500 MG THCO,CBD,0.00000000,NONE,NONE,
810089202727,MF SOUR WORMS 500 MG THCO,CBD,0.00000000,NONE,NONE,
810089202734,MF SOUR WATERMELON 500 MG THCO,CBD,0.00000000,NONE,NONE,
810089203977,MELLOW FELLOW LEAN,CBD,0.00000000,NONE,NONE,
810089207203,MF BLUEBERRY OG 2G DISPO D8,ZIIPLAB,0.00000000,NONE,NONE,
810089207241,MF GELATO 2G DISPO D8,ZIIPLAB,0.00000000,NONE,NONE,
810089207265,MF GUSHERS 2G DIPOS D8,ZIIPLAB,0.00000000,NONE,NONE,
810089207289,MF PINEAPPLE EXPRESS 2G DISPO,CBD,0.00000000,NONE,NONE,
810089207388,MF WEDDING CAKE 2G DISPO D8,CBD,0.00000000,NONE,NONE,
810089207401,MF ZKITTLEZ 2G DISPO D8,CBD,0.00000000,NONE,NONE,
810089207944,MF CHERRY PIE 2G DISPO THCO,ZIIPLAB,0.00000000,NONE,NONE,
810089207968,MF GELATO 2G DISPO THCO,ZIIPLAB,0.00000000,NONE,NONE,
810089207982,MF GUSHERS 2G DISPO THCO,ZIIPLAB,0.00000000,NONE,NONE,
810089208002,MF PINEAPPLE EXPRESS 2G DISPO,CBD,0.00000000,NONE,NONE,
810089208125,MF ZKITTLEZ 2G DISPO THCO,CBD,0.00000000,NONE,NONE,
810089209184,MELLOW FELLOW PEACH RINGS,CBD,0.00000000,NONE,NONE,
810089209191,MF D9 800MG APPLE RING GUMI,CBD,0.00000000,NONE,NONE,
810089209207,MELLOW FELLOW STRAWBERRY RINGS,CBD,0.00000000,NONE,NONE,
810089618726,Pink rose,TOBACCO,5.50000000,NONE,NONE,
810090983820,Z PODSV BANANA ICE BOX,JUUL LAB,0.00000000,NONE,NONE,
810090983844,Z PODSV BEAR ICE BOX,JUUL LAB,0.00000000,NONE,NONE,
810090983868,ZPODS BLUEBERRY PODS,JUUL LAB,0.00000000,NONE,NONE,
810090983882,Z PODSV MANGO BOX,JUUL LAB,0.00000000,NONE,NONE,
810090983905,Z PODSV NRG PODS BOX,JUUL LAB,0.00000000,NONE,NONE,
810090983943,ZPODS PINK LEMONADE,JUUL LAB,0.00000000,NONE,NONE,
810090983981,PODS V STRAWBERRY,JUUL LAB,0.00000000,NONE,NONE,
810090984001,PODSV STRAWNANA BOX,JUUL LAB,0.00000000,NONE,NONE,
810090984063,PODSV GRAPE BOX,JUUL LAB,0.00000000,NONE,NONE,
810090984087,Z PODSV APPLE BOX,JUUL LAB,0.00000000,NONE,NONE,
810090984100,PODSV WATERMELON BOX,JUUL LAB,0.00000000,NONE,NONE,
810094320751,SMILYN 500MG CHOCOLATE,CBD,0.00000000,NONE,NONE,
810096580030,PURLYF D10 PINA JACK 2GM DISP,ZIIPLAB,0.00000000,NONE,NONE,
810096580214,KRATOM SHOT GODESS,KRATOM,0.00000000,NONE,NONE,
810096580238,KRATOM SHOT BALI BLISS,KRATOM,0.00000000,NONE,NONE,
810096580252,KRATOM SHOT DA BLISS,KRATOM,0.00000000,NONE,NONE,
810096580276,HIXOTIC SOURPEBBLES 2GM DISP,CBD,0.00000000,NONE,NONE,
810096580283,HIXOTIC PURPLESUNSET 2GM DISP,CBD,0.00000000,NONE,NONE,
810096580290,HIXOTIC BLUBERYHEADBAND 2GM DI,CBD,0.00000000,NONE,NONE,
810096580306,RUSSELWRECK SATIVA 2GM DISP,CBD,0.00000000,NONE,NONE,
810096580313,HIXOTIC BLUBRRYHEADBND 2G CART,CBD,0.00000000,NONE,NONE,
810096580320,HIXOTIC PURPLE SUNSET 2G CART,CBD,0.00000000,NONE,NONE,
810096580337,HIXOTIC RUSSELWRECK 2G CART,CBD,0.00000000,NONE,NONE,
810096580344,HIXOTIC SOUR PEBBLES 2G CART,CBD,0.00000000,NONE,NONE,
810096580351,PURLYF 3G THC-0-P-D8 LEMON,CBD,0.00000000,NONE,NONE,
810096580368,PURLYF 3G THC-0-P-D8 MAUI RUNT,CBD,0.00000000,NONE,NONE,
810096580375,PURLYF 3G THC-0-P-D8 BUBBLEGUM,CBD,0.00000000,NONE,NONE,
810096580382,HIXOTIC PINA EXPRESS HYBRID,CBD,0.00000000,NONE,NONE,
810096580399,HIXOTIC ALASKAN THUNDER SATIVA,CBD,0.00000000,NONE,NONE,
810096580400,HIXOTIC ALASKAN THUNDER SATIVA,CBD,0.00000000,NONE,NONE,
810096580405,HIXOTIC SNOZZBERRY INDICA,CBD,0.00000000,NONE,NONE,
810096580412,ATF HIXOTIC,CBD,0.00000000,NONE,NONE,
810096580504,smacked haiwaindream sativa 3g,CBD,0.00000000,NONE,NONE,
810096580535,smacked berry gelato hybrid 3g,CBD,0.00000000,NONE,NONE,
810096580542,smacked strawlemo sativa 3gm,CBD,0.00000000,NONE,NONE,
810096580573,smacked gobstopper indica 3gm,CBD,0.00000000,NONE,NONE,
810096580719,HIXOTIC MR. NICE GUY DISP,CBD,0.00000000,NONE,NONE,810096580702
810096580733,HIXOTIC MR. NICE GUY 2G CART,CBD,0.00000000,NONE,NONE,
810096580849,THE JEFFREY SUCKA PUNCH 125MG,CBD,0.00000000,NONE,NONE,
810096580870,THE JEFFREY CACTUS COOL 125MG,CBD,0.00000000,NONE,NONE,
810096580948,RAVE KRATOM TABLETS 200MG,KRATOM,0.00000000,NONE,NONE,
810096580955,rave 5ct kratom tablet,KRATOM,0.00000000,NONE,NONE,
810096581235,HIXEXOTIC CANDYLAND DISPO 3G,CBD,0.00000000,NONE,NONE,
810096581259,HIXOTIC SPACE CAKE DISPO HY 3G,CBD,0.00000000,NONE,NONE,
810096581266,HIXOTIC TIGERS BLOOD 3G IN,CBD,0.00000000,NONE,NONE,
810096581267,HIXOTIC TIGERS BLOOD 3G IN,CBD,0.00000000,NONE,NONE,
810096581433,HIXOTIC DRAGONFRUIT COCONUT,CBD,0.00000000,NONE,NONE,
810096581471,HIXOTIC KIWI BERRY,CBD,0.00000000,NONE,NONE,
810096581532,HIXOTIC LAUGHING BUDDHA,CBD,0.00000000,NONE,NONE,
810096581563,HIXOTIC ZOMBIES OG,CBD,0.00000000,NONE,NONE,
810096581570,HIXOTIC CANDYLAND,CBD,0.00000000,NONE,NONE,
810096581600,HIXOTIC TIGERS BLOOD,CBD,0.00000000,NONE,NONE,
810096581617,HIXOTIC SPACE CAKE,CBD,0.00000000,NONE,NONE,
810096581921,RAVE WHITE DRAGON KRATOM SHOTS,KRATOM,0.00000000,NONE,NONE,
810096582027,HIXOTIC AC/DC DISPO,CBD,0.00000000,NONE,NONE,
810096582089,HIXOTIC THCA 5CT PREROLL,CBD,0.00000000,NONE,NONE,
810096582102,DOUBLESHOP NUMB BLUB LEMON,CBD,0.00000000,NONE,NONE,
810096582157,DOUBLE SHOT BOOST 60ML,CBD,0.00000000,NONE,NONE,
810096582652,TRAP''D OUT HYBRID 2.2G,CBD,0.00000000,NONE,NONE,
810096583116,RAVE KRATOM GUMMIES NUMB,KRATOM,0.00000000,NONE,NONE,
810096583147,RAVE KRATOM CHERRY L,KRATOM,0.00000000,NONE,NONE,
810096583338,HIXOTIC CHERRY MOMB,CBD,0.00000000,NONE,NONE,
810096583369,HIXOTIC GORILLA OG,CBD,0.00000000,NONE,NONE,
810096584724,RAVE KRATOM SS BLACK CHERRY,KRATOM,0.00000000,NONE,NONE,
810096584960,RAVE 7 HYDROXY TROP BLISS,KRATOM,0.00000000,NONE,NONE,
810096585141,Memory Lane Labs Blue Dream 1G,CBD,0.00000000,NONE,NONE,
810096585202,DOME WRECKER ALIEN COOKIES 1G,CBD,0.00000000,NONE,NONE,
810096585349,HIXOTIC GUMMIES BLU LEM,CBD,0.00000000,NONE,NONE,
810096585370,HIXOTIC GUMMIES PEACH PEAR,CBD,0.00000000,NONE,NONE,
810096585387,HIXOTIC GUMMIES STRAW BLASTED,CBD,0.00000000,NONE,NONE,
810096585417,HIXOTIC GUMMIES TWISTED TROP,CBD,0.00000000,NONE,NONE,
810096585547,RAVE KRATOM SS BLACK BERRY,KRATOM,0.00000000,NONE,NONE,
810096585684,RAVE KRATOM SS NATURAL,KRATOM,0.00000000,NONE,NONE,
810096585929,DOME WRECKER 3.5G GWS,CBD,0.00000000,NONE,NONE,
810096586377,HIXOTIC 1.3G PREROLL,CBD,0.00000000,NONE,NONE,810096586384
810096586902,micro 2ct Berry Blast,7476667,0.00000000,NONE,NONE,
810096586926,micro 2ct Mandarin Dream,7476667,0.00000000,NONE,NONE,
810096911865,JUICE HEAD 5K PINAPPL LEMLIME,ZIIPLAB,0.00000000,NONE,NONE,
810096911872,JUICE HEAD 5K RASBRRY LEMONADE,ZIIPLAB,0.00000000,NONE,NONE,
810096911896,JUICE HEAD 5K WATERMELON LIME,ZIIPLAB,0.00000000,NONE,NONE,
810096911902,JUICE HEAD 5K STRAW WATERMELON,ZIIPLAB,0.00000000,NONE,NONE,
810096911919,JUICE HEAD 5K PEACH PEAR,ZIIPLAB,0.00000000,NONE,NONE,
810096911926,JUICE HEAD 5K STRAWBERRY PEACH,ZIIPLAB,0.00000000,NONE,NONE,
810096911933,JUICE HEAD 5K PINAPPLGRPEFRUT,ZIIPLAB,0.00000000,NONE,NONE,
810096911940,JUICE HEAD 5K FRESH MINT,ZIIPLAB,0.00000000,NONE,NONE,
810096912220,JUICE HEAD 5K PINE LEMON LIME,ZIIPLAB,0.00000000,NONE,NONE,
810096912237,JUICE HEAD 5K RASBRRY LEMONADE,ZIIPLAB,0.00000000,NONE,NONE,
810096912251,JUICE HEAD 5K WATERMELON LIME,ZIIPLAB,0.00000000,NONE,NONE,
810096912268,JUICE HEAD 5K WATE STRAWBERRY,ZIIPLAB,0.00000000,NONE,NONE,
810096912275,JUICE HEAD 5K PEACH PEAR,ZIIPLAB,0.00000000,NONE,NONE,
810096912282,JUICE HEAD 5K PEACH STRAWBERRY,ZIIPLAB,0.00000000,NONE,NONE,
810096912299,JUICE HEAD 5K PINE GRAPEFRUIT,ZIIPLAB,0.00000000,NONE,NONE,
810096912404,JUICE HEAD POUCHES BLM,TOBACCO,0.00000000,NONE,NONE,
810096912411,JUICE HEAD POUCHES PPM,TOBACCO,0.00000000,NONE,NONE,
810096912428,JUICE HEAD POUCHES RLM,TOBACCO,0.00000000,NONE,NONE,
810096912435,JUICE HEAD POUCHES WSM,TOBACCO,0.00000000,NONE,NONE,
810096912442,JUICE HEAD POUCHES MSM,TOBACCO,0.00000000,NONE,NONE,
810096912459,JUICE HEAD POUCHES BLM,TOBACCO,0.00000000,NONE,NONE,
810096912466,JUICE HEAD POUCHES PPM,TOBACCO,0.00000000,NONE,NONE,
810096912473,JUICE HEAD POUCHES RLM,TOBACCO,0.00000000,NONE,NONE,
810096912480,JUICE HEAD POUCHES WSM,TOBACCO,0.00000000,NONE,NONE,
810096912497,JUICE HEAD POUCHES MSM,TOBACCO,0.00000000,NONE,NONE,
810096913197,JH FRUITY CREAM 3MG,10,0.00000000,NONE,NONE,
810096913203,JH FRUITY CREAM 6MG,10,0.00000000,NONE,NONE,
810096913227,JH STRAWBERRY CREAM 3MG,10,0.00000000,NONE,NONE,
810096913234,JH STRAWBERRY CREAM 6MG,10,0.00000000,NONE,NONE,
810096913258,JH CAKE BATTER 3MG,10,0.00000000,NONE,NONE,
810096913265,JH CAKE BATTER 6MG,10,0.00000000,NONE,NONE,
810096913289,JH SWEET CREAM 3MG,10,0.00000000,NONE,NONE,
810096913296,JH SWEET CREAM 6MG,10,0.00000000,NONE,NONE,
810097032736,VAPTIO CAPTAIN KIT,2,0.00000000,NONE,NONE,810097032743
810098281935,PARADISE KAVA 500MG,KRATOM,0.00000000,NONE,NONE,
810099262179,3CHI D9 300MG MILK CHOCOLATE,CBD,0.00000000,NONE,NONE,
810099262209,3CHI D9 DISPO BLUE DREAM,ZIIPLAB,0.00000000,NONE,NONE,
810099262230,3CHI D9 DISPO SNOWMAN,ZIIPLAB,0.00000000,NONE,NONE,
810099262247,3CHI D9 DISPO ICE CREAM CAKE,ZIIPLAB,0.00000000,NONE,NONE,
810100430344,PACHA MAMA THE LEAF MINT,10,0.00000000,NONE,NONE,810100430337
810100430368,FUJI APPLE STAWBERRY NECTARINE,ZIIPLAB,0.00000000,NONE,NONE,
810100430436,BLOOD ORANGE BANANA GSBRY 6MG,10,0.00000000,NONE,NONE,
810100430450,PACHAMAMA PASSIONFRUIT RASP YU,10,0.00000000,NONE,NONE,
810100430467,PACHA MAMA PASSIONFRT RSPBRY Y,10,0.00000000,NONE,NONE,
810100430481,pacha mama apple tobacco 50mg,SALT NIC,0.00000000,NONE,NONE,810100430474
810100430498,PACHA SALT 25MG ICY MANGO,SALT NIC,0.00000000,NONE,NONE,
810100430504,PACHA SALT 50MG ICY MANGO,SALT NIC,0.00000000,NONE,NONE,810100430504
810100430511,PACHA SALTS 30ML SORBET,SALT NIC,0.00000000,NONE,NONE,
810100430528,PACHA SORBET,SALT NIC,0.00000000,NONE,NONE,
810100430535,PACHA 30ML SALT FUJI,SALT NIC,0.00000000,NONE,NONE,
810100430559,PACHA STRAWBERRY WATERMELON,SALT NIC,0.00000000,NONE,NONE,
810100430566,PACHA Strawberry Waterm 50mg,SALT NIC,0.00000000,NONE,NONE,
810100430573,PACHA HONEYDEW MELON,SALT NIC,0.00000000,NONE,NONE,810100430580
810100430603,PACHA SALT STARFRUIT GRAPE,SALT NIC,0.00000000,NONE,NONE,810100430597
810100430696,KIWI BERRY ICE 25MG,SALT NIC,0.00000000,NONE,NONE,
810100430702,KIWI BERRY ICE 50MG,SALT NIC,0.00000000,NONE,NONE,
810100430719,golden peach pineapple 25MG,SALT NIC,0.00000000,NONE,NONE,
810100430726,golden peach pineapple 50MG,SALT NIC,0.00000000,NONE,NONE,
810100430733,PACHA STARFRUIT GRAP ICE,SALT NIC,0.00000000,NONE,NONE,
810100430740,PACHA STARFRUITGRP ICE 50MG,SALT NIC,0.00000000,NONE,NONE,
810100430757,PACHA FROSTED COCONUT 25MG,SALT NIC,0.00000000,NONE,NONE,
810100430764,PACHA FROSTED COCONUT 50MG,SALT NIC,0.00000000,NONE,NONE,
810100430771,PACHA FUJI ICE 25MG,SALT NIC,0.00000000,NONE,NONE,
810100430788,PACHA FUJI ICE 50MG,SALT NIC,0.00000000,NONE,NONE,
810100431341,watermelon ice 25MG,SALT NIC,0.00000000,NONE,NONE,
810100431372,PACHA SALT WATERMELON ICE,SALT NIC,0.00000000,NONE,NONE,
810100431402,BLACK ICE MENTHOL 25MG,SALT NIC,0.00000000,NONE,NONE,
810100431419,BLACK ICE MENTHOL 50MG,SALT NIC,0.00000000,NONE,NONE,
810100431426,CITRUS MEDLEY 25MG,SALT NIC,0.00000000,NONE,NONE,
810100431433,CITRUS MEDLEY 50MG,SALT NIC,0.00000000,NONE,NONE,
810100431464,blue razz ice 25MG,SALT NIC,0.00000000,NONE,NONE,
810100431495,blue razz ice 50MG,SALT NIC,0.00000000,NONE,NONE,
810100431501,blueberry lemonade 25MG,SALT NIC,0.00000000,NONE,NONE,
810100431518,blueberry lemonade 50MG,SALT NIC,0.00000000,NONE,NONE,
810100431570,SPREE SK BLUE RAZZ ICE,ZIIPLAB,0.00000000,NONE,NONE,
810100431600,SPREE SK PINEAPPLE COCONUT,ZIIPLAB,0.00000000,NONE,NONE,
810100431624,SPREE SK SWEET SPEARMINT,ZIIPLAB,0.00000000,NONE,NONE,
810100431631,SPREE SK RAINBOW FRUIT,ZIIPLAB,0.00000000,NONE,NONE,
810100431662,SPREE SK STRAW APPLE MELON,ZIIPLAB,0.00000000,NONE,NONE,
810100431716,SPREE SK STRAWBERRY MANGO,ZIIPLAB,0.00000000,NONE,NONE,
810101715464,AIRBAR X PLUS THC-O CART GRUNT,CBD,0.00000000,NONE,NONE,
810104321402,MELLOW FELLOW DAVINCI 2G DISPO,CBD,0.00000000,NONE,NONE,
810104321419,MELLOW FELLOW VANGOGH 2G DISPO,CBD,0.00000000,NONE,NONE,
810104321426,MELLOW FELLOW DALI 2G DISPO,CBD,0.00000000,NONE,NONE,
810104321433,MELLOW FELLOW PICASSO 2G DISPO,CBD,0.00000000,NONE,NONE,
810104321440,MF DA VINCI FRUIT 2ML DISPO,CBD,0.00000000,NONE,NONE,
810104321488,MF D10 CANDYLAND DISPO,ZIIPLAB,0.00000000,NONE,NONE,
810104321495,MF PINK ROZAY 2G D8,CBD,0.00000000,NONE,NONE,
810104321501,MF D8 DOUBLE DREAM 2G DISPO,ZIIPLAB,0.00000000,NONE,NONE,
810104321525,MF D10 GRANDDADDY PURP 2G DISP,ZIIPLAB,0.00000000,NONE,NONE,
810104321556,MF PLATINUM OG 2G DISPO THCO,CBD,0.00000000,NONE,NONE,
810104321563,MF SUNDAY DRIVER 2G DISPO,CBD,0.00000000,NONE,NONE,
810104321723,MF NORTHERN LIGHTS 2G D8/HHC,CBD,0.00000000,NONE,NONE,
810104321730,MF WHITE WIDOW 2G D8/HHCD10,CBD,0.00000000,NONE,NONE,
810104321754,MF MAUI WOWIE 2G D8/HHC/THCO,ZIIPLAB,0.00000000,NONE,NONE,
810104322546,MF HHC 1000MG RAINBOWBITES GUM,CBD,0.00000000,NONE,NONE,
810104322577,MF HHC SOURWATR 1000MG GUMI,CBD,0.00000000,NONE,NONE,
810104324496,MF DA VINCI GREASE MONKEY,ZIIPLAB,0.00000000,NONE,NONE,
810104324502,MF VAN GOGHS GOLDEN GOAT,CBD,0.00000000,NONE,NONE,
810104324519,MF DALI MK ULTRA 2 ML DISPO,CBD,0.00000000,NONE,NONE,
810104324526,MF PICASSO''S STRWBBRY AMNESIA,CBD,0.00000000,NONE,NONE,
810104324564,MF STRAW AMNESIA 2ML DISPO,CBD,0.00000000,NONE,NONE,
810104325448,MELLOW FELLOW DA VINCI 2 2G CA,CBD,0.00000000,NONE,NONE,
810104325455,MELLOW FELLOW VAN GOGH 2 2G CA,CBD,0.00000000,NONE,NONE,
810104325462,MELLOW FELLOW DALI 2 2G CART,CBD,0.00000000,NONE,NONE,
810104325479,MELLOW FELLOW PICASSO 2 2G CAR,CBD,0.00000000,NONE,NONE,
810104325929,MF D9 800MG SOURPUNCH GUMMI,CBD,0.00000000,NONE,NONE,
810104326063,MF DIAMONDS BUBBLEGUM KUSH (I),CBD,0.00000000,NONE,NONE,
810104326070,MF DIAMONDS LEGEND OG (I),CBD,0.00000000,NONE,NONE,
810104326087,MF DIAMONDS MR CLEAN,CBD,0.00000000,NONE,NONE,
810104326094,MF DIAMONDS JACK HERER,CBD,0.00000000,NONE,NONE,
810104326346,MF CHEERRING D9 800 GUMI,CBD,0.00000000,NONE,NONE,
810104326490,MF DALIS DRM BLND DBL DRM 2G,ZIIPLAB,0.00000000,NONE,NONE,
810104326506,MF PIC SUNDAE DRIVER 2MG,CBD,0.00000000,NONE,NONE,
810104326513,MF DA VINCI DRBN POISON 2G,ZIIPLAB,0.00000000,NONE,NONE,
810104326520,MF VAN GOGH WHT WIDOW 2G,CBD,0.00000000,NONE,NONE,
810104326537,MF FRIDA JNGLE CAKE 2G,ZIIPLAB,0.00000000,NONE,NONE,
810104326544,MF KLIMTS ACAPULO GLD 2G,ZIIPLAB,0.00000000,NONE,NONE,
810104326612,MF BASQUIAT TANGIE 2G,ZIIPLAB,0.00000000,NONE,NONE,
810104326629,MF O''KEEFFEE WHT BUFLO 2G,CBD,0.00000000,NONE,NONE,
810104328098,MF WARHOL WDDING CRSHR 2G,CBD,0.00000000,NONE,NONE,
810104328104,MF BANKSY AK-47 2G,ZIIPLAB,0.00000000,NONE,NONE,
810104328173,MF CREATIVITY 2PC GUMMY 100MG,CBD,0.00000000,NONE,NONE,
810104328197,MF DREAM 2PCK GUMMY 100MG,CBD,0.00000000,NONE,NONE,
810104328210,MF EUPHORIA 2PCK GUMMY 100MG,CBD,0.00000000,NONE,NONE,
810104328234,MF CLARITY 2PCK GUMMY 100MG,CBD,0.00000000,NONE,NONE,
810104328333,MF FRT PNCH GUMMIES 2000 MG D8,CBD,0.00000000,NONE,NONE,
810104328340,MF 2000 MG SR PNCH GUMMY,CBD,0.00000000,NONE,NONE,
810104328357,MF FRT PNCH HHC 2000 MG,CBD,0.00000000,NONE,NONE,
810104328364,MF SR PNCH HHC 2000 MG,CBD,0.00000000,NONE,NONE,
810104328432,MF LV FORBIDDEN FRUIT 2G DIPO,ZIIPLAB,0.00000000,NONE,NONE,
810104328449,MF LR BLUE DREAM 2G DISPO,ZIIPLAB,0.00000000,NONE,NONE,
810104328456,MF EUPHORIA GCRACK 2GM LIVERE,ZIIPLAB,0.00000000,NONE,NONE,
810104328470,MF LR JUICY FRUIT 2G DISPO,ZIIPLAB,0.00000000,NONE,NONE,
810104328487,MF LR CALI GAS 2G DISPO,ZIIPLAB,0.00000000,NONE,NONE,
810104328494,MF LR MASTER KUSH 2G DISPO,ZIIPLAB,0.00000000,NONE,NONE,
810104328500,MF LR GRANNY MAC 2G DISPO,ZIIPLAB,0.00000000,NONE,NONE,
810104328517,MF LR KING LOUIS 2G DISPO,ZIIPLAB,0.00000000,NONE,NONE,
810104328524,MF LR GHOST TRAIN HAZE 2G DISP,ZIIPLAB,0.00000000,NONE,NONE,
810104329811,MF 2G CART DA VINCI SERIOUS 6,CBD,0.00000000,NONE,NONE,810121203668
810104329835,MF 2G CART PICASSOS PANDORA BX,CBD,0.00000000,NONE,NONE,810121203712
810104329842,MF 2G CART DALI''S PHANTOM OG,CBD,0.00000000,NONE,NONE,
810104329859,MF 2G CART FRIDAS PLATINUM OG,CBD,0.00000000,NONE,NONE,
810104329866,MF 2G CART KLIMTS MIMOSA,CBD,0.00000000,NONE,NONE,
810104329873,MF 2G CART O''KEEFFE''S PINK ROZ,CBD,0.00000000,NONE,NONE,
810104329880,MF 2G CART BASQUIATS 1ST CLASS,CBD,0.00000000,NONE,NONE,
810104329897,MF 2G CART BANKSTS GODS GIFT,CBD,0.00000000,NONE,NONE,
810104329903,MF 2G CART WARHOL CANDYLAND,CBD,0.00000000,NONE,NONE,
810105770889,FP STRAWBERRY COCONUT,10,0.00000000,NONE,NONE,
810105771039,FP ALOE GRAPE,ZIIPLAB,0.00000000,NONE,NONE,
810105771060,FP BLUEBERRY MINT,ZIIPLAB,0.00000000,NONE,NONE,
810105771121,FP STRAWMELON APPLE,ZIIPLAB,0.00000000,NONE,NONE,
810105771152,FP SPEARMINT,ZIIPLAB,0.00000000,NONE,NONE,
810105771183,FP LUSCIOUS WATERMELON,ZIIPLAB,0.00000000,NONE,NONE,
810105771213,FB BERRYMELON ICY,ZIIPLAB,0.00000000,NONE,NONE,
810105772111,FP PEACH ORANGE,ZIIPLAB,0.00000000,NONE,NONE,
810105772203,FP VANILLA ICE CREAM,ZIIPLAB,0.00000000,NONE,NONE,
810105772470,FP CHERRY BERRY,ZIIPLAB,0.00000000,NONE,NONE,
810105772869,FP COOL MINT,ZIIPLAB,0.00000000,NONE,NONE,
810105773590,FP STRAWBERRY BANANA,ZIIPLAB,0.00000000,NONE,NONE,
810107133873,PACKSPOD GUAVA BUBBLEGUM,ZIIPLAB,0.00000000,NONE,NONE,
810107133934,PACKSPOD BLUE SLURPIE,ZIIPLAB,0.00000000,NONE,NONE,
810107133941,PACKSPOD BLACKCHERRY GELATO,ZIIPLAB,0.00000000,NONE,NONE,
810107133958,PACKSPOD BANANA FLAMBE,ZIIPLAB,0.00000000,NONE,NONE,
810107133965,PACKSPOD MIAMI HAZE,ZIIPLAB,0.00000000,NONE,NONE,
810107133972,PACKSPOD SOUR GUSHERS,ZIIPLAB,0.00000000,NONE,NONE,
810107133989,PACKSPOD MARSHMALLOW FLUFF,ZIIPLAB,0.00000000,NONE,NONE,
810107133996,PACKSPOD UNICORN SHERBET,ZIIPLAB,0.00000000,NONE,NONE,
810107134009,PACKSPOD ORANGE CREAMSICLE,ZIIPLAB,0.00000000,NONE,NONE,
810107134016,PACKSPOD RAINBOW SORBET,ZIIPLAB,0.00000000,NONE,NONE,
810107134023,PACKSPOD GELATO FREEZE,ZIIPLAB,0.00000000,NONE,NONE,
810107134047,PACKSPOD JELLY DULCE,ZIIPLAB,0.00000000,NONE,NONE,
810107134566,PACKS POD GUAVA BUBBLEGUM,ZIIPLAB,0.00000000,NONE,NONE,
810107134573,PACKS PODS JELLY DULCE,ZIIPLAB,0.00000000,NONE,NONE,
810107134603,PACKS PODS SOUR GUSHERS,ZIIPLAB,0.00000000,NONE,NONE,
810107139080,PACKSPOD BISCOTTI LATTE,ZIIPLAB,0.00000000,NONE,NONE,
810107139097,PACKSPOD BLOW POP,ZIIPLAB,0.00000000,NONE,NONE,
810107139103,PACKSPOD SPARK,ZIIPLAB,0.00000000,NONE,NONE,
810107139110,PACKSPOD GRAPE SWISH,ZIIPLAB,0.00000000,NONE,NONE,
810107139141,PACKSPOD PINA COLADA,ZIIPLAB,0.00000000,NONE,NONE,
810107139158,PACKSPOD POP ROCKS,ZIIPLAB,0.00000000,NONE,NONE,
810107491652,Sugar Extrax OG Shark,CBD,0.00000000,NONE,NONE,
810107491676,Sugar Extrax Master Kush,CBD,0.00000000,NONE,NONE,
810107491690,Sugar Extrax Acia Berry Gelato,CBD,0.00000000,NONE,NONE,
810107491713,Sugar Extrax Headbanger,CBD,0.00000000,NONE,NONE,
810107491737,SE DIABLO OG,ZIIPLAB,0.00000000,NONE,NONE,
810107491744,Sugar Extrax Diablo OG,CBD,0.00000000,NONE,NONE,
810107491751,Sugar Extrax Best Buds C/A,CBD,0.00000000,NONE,NONE,
810107492444,EXTRAX 2500MG ROOTBEERFLOAT GU,CBD,0.00000000,NONE,NONE,
810107492451,EXTRAX SOUR PEACH 2500MG GUMMY,CBD,0.00000000,NONE,NONE,
810107492468,EXTRAX 2500MG PURPLEBERRY GUMM,CBD,0.00000000,NONE,NONE,
810107492505,Goliath 2G pod starter kit,CBD,0.00000000,NONE,NONE,856726006600
810107492550,EXTRAX DOUBLE BUBBLE OG 2G,ZIIPLAB,0.00000000,NONE,NONE,
810107492604,EXTRAX STRAWBERRY KUSH 2G,ZIIPLAB,0.00000000,NONE,NONE,
810107492611,EXTRAX BLUEBERRY SKUNK 2G,ZIIPLAB,0.00000000,NONE,NONE,
810107492628,EXTRAX EKTO KOOLER 2G,ZIIPLAB,0.00000000,NONE,NONE,
810107492666,EXTRAX STRAW SHORTCAKE,ZIIPLAB,0.00000000,NONE,NONE,
810107492680,EXTRAX 2GM PURPLESLURRI DISP,ZIIPLAB,0.00000000,NONE,NONE,
810107492703,EXTRAX 2GM MOWIE WOWIE DISPOSA,ZIIPLAB,0.00000000,NONE,NONE,
810107492727,EXTRAX 2GM ICECREAMCOOKIE DISP,ZIIPLAB,0.00000000,NONE,NONE,
810107492802,EXTRAX 2GM CART D8/P/D10,CBD,0.00000000,NONE,NONE,
810107492826,EXTRAX 2GM GREENCRACK CART,CBD,0.00000000,NONE,NONE,
810107492840,EXTRAX CALIKUSH 2GM CART,CBD,0.00000000,NONE,NONE,
810107492864,LO 1250MG Watermelon Lemonade,CBD,0.00000000,NONE,NONE,
810107492888,LO 1250MG Blue Razzle,CBD,0.00000000,NONE,NONE,
810107492901,LO 1250MG SOUR APPLE,CBD,0.00000000,NONE,NONE,
810107493588,EXTRAX FLOWER SPACE CANDY 3.5,CBD,0.00000000,NONE,NONE,
810107493830,EXTRAX FIRE OG D11,CBD,0.00000000,NONE,NONE,
810107493854,EXTRAX LEMONADE KUSH D11,CBD,0.00000000,NONE,NONE,
810107493878,EXTRAX PIE HOE D11,CBD,0.00000000,NONE,NONE,
810107493908,EXTRAX GSC D11,CBD,0.00000000,NONE,NONE,
810107493946,EXTRAX 24K GOLD PUNCH D11,CBD,0.00000000,NONE,NONE,
810107494073,EXTRAX MIMOSA D11,CBD,0.00000000,NONE,NONE,810107493892
810107494158,EXTRAX WATERMELON KIWI 2500MG,CBD,0.00000000,NONE,NONE,
810107494165,EXTRAX C&C CHOC BAR D9 150MG,CBD,0.00000000,NONE,NONE,
810107494455,EXTRAX 3G DISP CANNALOPE HAZE,CBD,0.00000000,NONE,NONE,
810107494479,EXTRAX 3G DISP UNICORN PISS,CBD,0.00000000,NONE,NONE,
810107494493,EXTRAX 3G DISP CEREAL MILK,CBD,0.00000000,NONE,NONE,
810107494516,EXTRAX 2G CART KRYPTO KRONIC,CBD,0.00000000,NONE,NONE,
810107494530,EXTRAX 2G CART WEDDING CRASHER,CBD,0.00000000,NONE,NONE,
810107494554,EXTRAX 2G CART CHERRY BOMB,CBD,0.00000000,NONE,NONE,
810107494578,EXTRAX LIGHTS OUT THCH & THCJD,CBD,0.00000000,NONE,NONE,
810107494592,EXTRAX LIGHTS OUT THCH & THCJD,CBD,0.00000000,NONE,NONE,
810107494677,EB RIPE KIWIDRAGON BERRYICE,ZIIPLAB,0.00000000,NONE,NONE,
810107494691,EB RIPE APPLE MELON ICE,ZIIPLAB,0.00000000,NONE,NONE,
810107494714,EB FRUITA BERRY STRWBRRY ICE,ZIIPLAB,0.00000000,NONE,NONE,
810107495094,CALI EXTRAX TANGIE PCH 5000 MG,CBD,0.00000000,NONE,NONE,
810107495810,ZOM3I TOFFEE COOKIE,CBD,0.00000000,NONE,NONE,
810107495834,ZOM3I MOM APPLE PIE,CBD,0.00000000,NONE,NONE,
810107495995,EXTRAX BLOOD ORANGE 150 MG GUM,CBD,0.00000000,NONE,NONE,
810107496015,EXTRAX 150MG GUMMY GUAVA STAR,CBD,0.00000000,NONE,NONE,
810107496039,EXTRAX 150MG GUMMYRASP SHERBET,CBD,0.00000000,NONE,NONE,
810107496077,EXTRAX MOONBLUNT STAW NANA 2G,CBD,0.00000000,NONE,NONE,
810107496114,EXTRAX MOON BLUNT GAS OG 2G,CBD,0.00000000,NONE,NONE,
810107496152,EXTRAX 3.5G STRAWNANA HYBRID,ZIIPLAB,0.00000000,NONE,NONE,
810107496350,EXTRAX 3.5G BLUBRRY KUSH INDI,ZIIPLAB,0.00000000,NONE,NONE,
810107496374,EXTRAX 3.5G BDAY CAKE HYBRID,ZIIPLAB,0.00000000,NONE,NONE,
810107496398,EXTRAX 3.5G ORANGE CRUSH SATIV,ZIIPLAB,0.00000000,NONE,NONE,
810107496411,EXTRAX 3.5G GRAPE SORBET INDI,ZIIPLAB,0.00000000,NONE,NONE,
810107496510,EXTRAX LIGHTS OUT THCH THCJD2G,ZIIPLAB,0.00000000,NONE,NONE,
810107496534,EXTRAX LIGHTS OUT TCH THCJD2G,ZIIPLAB,0.00000000,NONE,NONE,
810107496909,goliath extrax,CBD,0.00000000,NONE,NONE,
810107497654,EXTRAX SWEET TOOTH,ZIIPLAB,0.00000000,NONE,NONE,
810107497678,EXTRAX ALIEN COOKIES,ZIIPLAB,0.00000000,NONE,NONE,
810107497692,EXTRAX THORS HAMMER,ZIIPLAB,0.00000000,NONE,NONE,
810107497715,EXTRAX GRANDMOMMY PURPLE,ZIIPLAB,0.00000000,NONE,NONE,
810107497739,EXTRAX JELLY SHERBET,ZIIPLAB,0.00000000,NONE,NONE,
810107498071,EXTRAX LIGHTSOUT GUMMIES MYSTE,CBD,0.00000000,NONE,NONE,
810107498095,EXTRAX 3.5G FORBIDDEN JELLY,ZIIPLAB,0.00000000,NONE,NONE,
810107498118,EXTRAX 3.5G THIN MINTZ,ZIIPLAB,0.00000000,NONE,NONE,
810107498132,EXTRAX 3.5 G KANDY KUSH,ZIIPLAB,0.00000000,NONE,NONE,
810107498156,EXTRAX 3.5G DEATH STAR,ZIIPLAB,0.00000000,NONE,NONE,
810107498279,EXTRAX 2X 2G CART PANAMA RED,CBD,0.00000000,NONE,NONE,
810107498286,EXTRAX 2X 2G CARTS OBAMA RUNTZ,CBD,0.00000000,NONE,NONE,
810107498293,EXTRAX 2X 2G CART BLUE COOKIES,CBD,0.00000000,NONE,NONE,
810107498309,EXTRAX 2X 2G CART BANANA CRACK,CBD,0.00000000,NONE,NONE,
810107498675,EXTRAX ADIOS GHOST TRAIN HAZE,ZIIPLAB,0.00000000,NONE,NONE,
810107498699,EXTRAX ADIOS POWER PLANT,ZIIPLAB,0.00000000,NONE,NONE,
810107499054,EXTRAX ZABERRY THCA HMP FL 3.5,CBD,0.00000000,NONE,NONE,
810107499078,EX BERY PIE x APPLE FRITR 2X2G,CBD,0.00000000,NONE,NONE,
810107499092,EX GRPE KUS X TANGI NANA 2X2G,CBD,0.00000000,NONE,NONE,
810107499597,EXTRAX BlueRazzLemonade 7000mg,CBD,0.00000000,NONE,NONE,
810107499610,EXTRAX Watermelon BBG 7000mg,CBD,0.00000000,NONE,NONE,
810107499634,EXTRAX StrawberryColada 7000mg,CBD,0.00000000,NONE,NONE,
810107499658,EXTRAX PurpleBerrySplash 7000m,CBD,0.00000000,NONE,NONE,
810107499672,EXTRAX Passion Punch 7000mg,CBD,0.00000000,NONE,NONE,
810107811894,PINWEEL GRAND DADDY PURP 3G,ZIIPLAB,0.00000000,NONE,NONE,
810107811900,PINWEEL LEMON MERINGUE 3G,ZIIPLAB,0.00000000,NONE,NONE,
810107811917,PINWEEL STRAWBRRY SHRTCKE 3G,ZIIPLAB,0.00000000,NONE,NONE,
810107811924,PINWEEL PEANTBTTR & JESUS 3G,ZIIPLAB,0.00000000,NONE,NONE,
810107811948,PINWHEEL 2G PINEAPPLE OG,CBD,0.00000000,NONE,NONE,
810107811962,PINWHEEL 2G MIMOSA,CBD,0.00000000,NONE,NONE,
810107811979,PINWHEEL 2G ZKITTLES,CBD,0.00000000,NONE,NONE,
810107811986,PINWHEEL 2G FRUITY PEBBLES,CBD,0.00000000,NONE,NONE,
810107812907,PACHA WHITE PEACH ICE 25MG,SALT NIC,0.00000000,NONE,NONE,
810107812914,PACHA PINK BERRY ICE 25MG,SALT NIC,0.00000000,NONE,NONE,
810107812921,KIWI GUAVA PASSIONFRUIT 25MG,SALT NIC,0.00000000,NONE,NONE,
810107812938,PACHA CHERRY LIMEADE 25MG,SALT NIC,0.00000000,NONE,NONE,
810107812945,PACHA PURPLE MANGO 25MG,SALT NIC,0.00000000,NONE,NONE,
810107812952,PACHA WHITE PEACH ICE 50MG,SALT NIC,0.00000000,NONE,NONE,
810107812969,PACHA PINK BERRY ICE 50MG,SALT NIC,0.00000000,NONE,NONE,
810107812976,KIWI GUAVA PASSIONFRUIT 50MG,SALT NIC,0.00000000,NONE,NONE,
810107812983,PACHA CHERRY LIMEADE 50MG,SALT NIC,0.00000000,NONE,NONE,
810107812990,PACHA PURPLE MANGO 50MG,SALT NIC,0.00000000,NONE,NONE,
810107813584,SPREE PODS STRWBRRY APPLE MELN,ZIIPLAB,0.00000000,NONE,NONE,
810107813614,SPREE POD BLOOD ORANGE PEACH,ZIIPLAB,0.00000000,NONE,NONE,
810107813638,SPREE POD SWEET SPEARMINT,ZIIPLAB,0.00000000,NONE,NONE,
810107813645,SPREE POD WATRMELN GRAPEFRUIT,ZIIPLAB,0.00000000,NONE,NONE,
810107813652,SPREE POD BLUE RAZZ ICE,ZIIPLAB,0.00000000,NONE,NONE,
810107813683,SPREE POD CREAMY MELON,ZIIPLAB,0.00000000,NONE,NONE,
810107813690,SPREE BATTERY PACK,ZIIPLAB,0.00000000,NONE,NONE,
810108040101,JUICEHEAD APPLE WATERMELON,10,0.00000000,NONE,NONE,
810108040118,JUICEHEAD APPLE WATERMELON,10,0.00000000,NONE,NONE,
810108040132,JUICEHEAD RASPBERRY LEMONADE,10,0.00000000,NONE,NONE,
810108040149,JUICEHEAD RASPBERRY LEMONADE,10,0.00000000,NONE,NONE,
810108950394,HYDE IQ WATERMELON CHEW,ZIIPLAB,0.00000000,NONE,NONE,
810108950400,HYDE IQ MENTHOL,ZIIPLAB,0.00000000,NONE,NONE,
810108950424,HYDE IQ FROZEN BANANA,ZIIPLAB,0.00000000,NONE,NONE,
810108950431,HYDE IQ PINK BURST,ZIIPLAB,0.00000000,NONE,NONE,
810108950448,HYDE IQ DEW,ZIIPLAB,0.00000000,NONE,NONE,
810108950455,HYDE IQ FRESH VANILLA,ZIIPLAB,0.00000000,NONE,NONE,
810108950479,HYDE IQ CRANBERRY LIME FIZZ,ZIIPLAB,0.00000000,NONE,NONE,
810108950486,HYDE IQ PEACH BLUEBERRY,ZIIPLAB,0.00000000,NONE,NONE,
810108950516,HYDE IQ SOUR APPLE ICE,ZIIPLAB,0.00000000,NONE,NONE,
810108950523,HYDE IQ RASPBERRY WATERMELON,ZIIPLAB,0.00000000,NONE,NONE,
810108950530,HYDE IQ BLUE RAZZ ICE,ZIIPLAB,0.00000000,NONE,NONE,
810108950561,HYDE IQ APPLE PEACH WATERMELON,ZIIPLAB,0.00000000,NONE,NONE,
810108954323,HYDE X STRAWBERRY ICE,ZIIPLAB,0.00000000,NONE,NONE,
810108954682,HYDE IQ BLUE DRINK,ZIIPLAB,0.00000000,NONE,NONE,
810108954699,HYDE IQ MYSTERY MIX,ZIIPLAB,0.00000000,NONE,NONE,
810108954705,HYDE IQ JUNGLE JUICE,ZIIPLAB,0.00000000,NONE,NONE,
810108954712,HYDE IQ BLUE RAZZ,ZIIPLAB,0.00000000,NONE,NONE,
810108954729,LEMON DROP HYDE IQ,ZIIPLAB,0.00000000,NONE,NONE,
810108954736,HYDE IQ WATERMELON FIZZ,ZIIPLAB,0.00000000,NONE,NONE,
810108955900,HYDE TROPICAL 6MG GUM,TOBACCO,0.00000000,NONE,NONE,
810108955917,HYDE WATERMELON  6MG GUM,TOBACCO,0.00000000,NONE,NONE,
810108955924,HYDE WINTERGREEN  6MG GUM,TOBACCO,0.00000000,NONE,NONE,
810108955931,HYDE SPEARMINT 6MG GUM,TOBACCO,0.00000000,NONE,NONE,
810108955948,HYDE COOL MINT  6MG GUM,TOBACCO,0.00000000,NONE,NONE,
810108955955,HYDE BLUBERY 6MG GUM,TOBACCO,0.00000000,NONE,NONE,
810109302765,VAPETASIA AIR BLUE RAZZ,ZIIPLAB,0.00000000,NONE,NONE,
810109302772,VAPETASIA AIR STRAW BAE,ZIIPLAB,0.00000000,NONE,NONE,
810109302789,VAPETASIA AIR STRAW GUAW,ZIIPLAB,0.00000000,NONE,NONE,
810109302796,VAPETASIA AIR BLUEBERRY ICE,ZIIPLAB,0.00000000,NONE,NONE,
810109302802,VAPETASIA AIR ROYALTY TWO,ZIIPLAB,0.00000000,NONE,NONE,
810109302819,VAPETASIA AIR CHERRY PEACHADE,ZIIPLAB,0.00000000,NONE,NONE,
810109302826,VAPETASIA AIR NANA BERRY,ZIIPLAB,0.00000000,NONE,NONE,
810109302833,VAPETASIA AIR TRAPPLE,ZIIPLAB,0.00000000,NONE,NONE,
810109302840,VAPETASIA AIR ENERGY,ZIIPLAB,0.00000000,NONE,NONE,
810109302857,VAPETASIA AIR KILLER KUSTARD,ZIIPLAB,0.00000000,NONE,NONE,
810109303168,MNKE BARS FRESH MINT,ZIIPLAB,0.00000000,NONE,NONE,
810109303175,MNKE BARS GRAPPLE,ZIIPLAB,0.00000000,NONE,NONE,
810109303182,MNKE BARS LEMON TART,ZIIPLAB,0.00000000,NONE,NONE,
810109303199,MNKE BARS PANGO GUAVA,ZIIPLAB,0.00000000,NONE,NONE,
810109303205,MNKE BARS MANGO,ZIIPLAB,0.00000000,NONE,NONE,
810109303212,MNKE BARS BLUE KIWI ICE,ZIIPLAB,0.00000000,NONE,NONE,
810109303229,MNKE BARS RASBERRY MINT,ZIIPLAB,0.00000000,NONE,NONE,
810109303236,MNKE BARS STRAW MELON,ZIIPLAB,0.00000000,NONE,NONE,
810109303243,MNKE BARS YUMMY GUMMY,ZIIPLAB,0.00000000,NONE,NONE,
810109303250,MNKE BARS  PEACH RINGS,ZIIPLAB,0.00000000,NONE,NONE,
810109304547,MNKE BARS MINT CUCUMBER MINT,ZIIPLAB,0.00000000,NONE,NONE,
810109304554,MNKE BARS MINT STRAWBERRY MINT,ZIIPLAB,0.00000000,NONE,NONE,
810109304578,MNKE BARS MINT PINEAPPLE MINT,ZIIPLAB,0.00000000,NONE,NONE,
810109304585,MNKE BARS MINT SPEARMINT,ZIIPLAB,0.00000000,NONE,NONE,
810109304608,MNKE BARS PINEAPPLE COCONUT,ZIIPLAB,0.00000000,NONE,NONE,
810109304622,MNKE BARS WHITE GUMMY,ZIIPLAB,0.00000000,NONE,NONE,
810109304646,MNKE BARS STRAW NANA,ZIIPLAB,0.00000000,NONE,NONE,
810109304677,MNKE BARS WATERMELON LIME,ZIIPLAB,0.00000000,NONE,NONE,
810109304684,MNKE BARS BLUE RAZZ LEMON,ZIIPLAB,0.00000000,NONE,NONE,
810109304714,MNKE BARS PEACH MANGO PEAR,ZIIPLAB,0.00000000,NONE,NONE,
810109304721,MNKE BARS STRAW KIWI ICE,ZIIPLAB,0.00000000,NONE,NONE,
810109304790,VAPETASIA BS STRAW BANAN 25MG,SALT NIC,0.00000000,NONE,NONE,
810109304806,VAPETASIA BS WHITE GUMMY 25MG,SALT NIC,0.00000000,NONE,NONE,
810109304882,VAPETASIA BS STRAW BANAN 50MG,SALT NIC,0.00000000,NONE,NONE,
810109304899,VAPETASIA BS WHITE GUMMY 50MG,SALT NIC,0.00000000,NONE,NONE,
810109304967,MNKE XL 25K FRESH MINT,ZIIPLAB,0.00000000,NONE,NONE,
810109304981,MNKE BAR 25K CUCUMBER MINT,ZIIPLAB,0.00000000,NONE,NONE,
810109305377,VAPETASIA BS ROCKET POP 50MG,SALT NIC,0.00000000,NONE,NONE,
810109305384,VAPETASIA BS ROCKET POP 25MG,SALT NIC,0.00000000,NONE,NONE,
810109305414,VAPETASIA BS CALI CHERRY 50MG,SALT NIC,0.00000000,NONE,NONE,
810109305421,VAPETASIA BS CALI CHERRY 25MG,SALT NIC,0.00000000,NONE,NONE,
810109305438,VAPETASIA BS MIAMI MINT 25MG,SALT NIC,0.00000000,NONE,NONE,
810109305445,VAPETASIA BS MIAMI MINT 50MG,SALT NIC,0.00000000,NONE,NONE,
810109306060,VAPETASIA BS CLEAR 25MG,SALT NIC,0.00000000,NONE,NONE,
810109306077,VAPETASIA BS CLEAR 50MG,SALT NIC,0.00000000,NONE,NONE,
810109306084,VAPETASIA BS CLEAR ICE 50MG,SALT NIC,0.00000000,NONE,NONE,
810109306091,VAPETASIA BS CLEAR ICE 25MG,SALT NIC,0.00000000,NONE,NONE,
810109306107,VAPETASIA BS BOLD TAB 25MG,SALT NIC,0.00000000,NONE,NONE,
810109306114,VAPETASIA BS BOLD TAB 50MG,SALT NIC,0.00000000,NONE,NONE,
810109306152,VAPETASIA BS ROYAL TAB 50MG,SALT NIC,0.00000000,NONE,NONE,
810109306169,VAPETASIA BS ROYAL TAB 25MG,SALT NIC,0.00000000,NONE,NONE,
810109306190,MNKE BAR 25K SPEARMINT,ZIIPLAB,0.00000000,NONE,NONE,
810110040724,HI OCTANE PINEAPPLE RINGS,CBD,0.00000000,NONE,NONE,
810110040731,HI OCTANE WATERMELON RINGS,CBD,0.00000000,NONE,NONE,
810110040748,HI OCTANE NEON RINGS,CBD,0.00000000,NONE,NONE,
810110043183,Looper Blue Gush,CBD,0.00000000,NONE,NONE,
810110043213,Looper Lifted Series Lava Cake,CBD,0.00000000,NONE,NONE,
810110043220,Looper Lifted Series Sour Lem,CBD,0.00000000,NONE,NONE,
810110043459,LOOPER XL CAKE BOMB 3G,CBD,0.00000000,NONE,NONE,
810110043466,LOOPER XL GRN CRK CHEMDAWG 3G,CBD,0.00000000,NONE,NONE,
810110043633,LOOPER GUAVA 2G DISPO,CBD,0.00000000,NONE,NONE,
810110043640,LOOPER PAPAYA PUNCH 2G DISPO,CBD,0.00000000,NONE,NONE,
810110043657,LOOPER WTRMLN ZKTLS 2G DISPO,CBD,0.00000000,NONE,NONE,
810110043763,LOOPER XL LIMONCELLO 3G,CBD,0.00000000,NONE,NONE,
810110043800,LOOPER XL RUNTZ X WC 3G,CBD,0.00000000,NONE,NONE,
810110043817,LOOPER XLSKYWALKER 3G,CBD,0.00000000,NONE,NONE,
810110043831,LOOPER XL SOUR KUSH 3G,CBD,0.00000000,NONE,NONE,
810110043947,LOOPER XL BLUE GHUSHERZ 3G,CBD,0.00000000,NONE,NONE,
810110043961,LOOPER XL FORBIDDEN FRUIT 3G,CBD,0.00000000,NONE,NONE,
810110043985,LOOPER XL JET FUEL 3G,CBD,0.00000000,NONE,NONE,
810110043992,LOOPER XL LAVA CAKE 3G,CBD,0.00000000,NONE,NONE,
810110044012,LOOPER XL SOUR LEMON 3G,CBD,0.00000000,NONE,NONE,
810110044234,LOOPER CANDY CHROME 2G DISPO,CBD,0.00000000,NONE,NONE,
810110044241,LOOPER GUSHER ZKITTLES 2G DISP,CBD,0.00000000,NONE,NONE,
810110044258,LOOPER STRAWBRY CKES 2G DISPO,CBD,0.00000000,NONE,NONE,
810110044319,LOOPER WHIPS TROPICAL PUNCH,CBD,0.00000000,NONE,NONE,
810110044326,LOOPER WHIPS ORGINAL,CBD,0.00000000,NONE,NONE,
810110044388,LOOPER GRAPE PIE 2G DISPO,CBD,0.00000000,NONE,NONE,
810110044395,LOOPER SNOW DOG 2G DISPO,CBD,0.00000000,NONE,NONE,
810110044401,LOOPER BANANA PUNCH 2G DISPO,CBD,0.00000000,NONE,NONE,
810110044418,LOOPER GREEN GOBLIN 2G DISPO,CBD,0.00000000,NONE,NONE,
810110044685,LOOPER XL WTRMLN SKITL 3G,CBD,0.00000000,NONE,NONE,
810110044692,LOOPER XL CANDY CHROME 3G,CBD,0.00000000,NONE,NONE,
810110044708,LOOPER XL GUSHER SKITTLE 3G,CBD,0.00000000,NONE,NONE,
810110044722,LOOPER XL GRAPE PIE 3G,CBD,0.00000000,NONE,NONE,
810110044746,LOOPER XL BANANA PUNCH 3G,CBD,0.00000000,NONE,NONE,
810110044753,LOOPER XL GRN GBLN 3G,CBD,0.00000000,NONE,NONE,
810110046108,LOOPER XL APPLE SHERBET,CBD,0.00000000,NONE,NONE,
810110046115,LOOPER XL MIMOSA 3G,CBD,0.00000000,NONE,NONE,
810110046634,LOOPER GUMMIES SOUR BLUE RAZZ,CBD,0.00000000,NONE,NONE,
810110046788,LOOPER DABZ WHITE RUNTZ 1G,CBD,0.00000000,NONE,NONE,
810110046795,LOOPER DABZ TROPICANA COOKIES,CBD,0.00000000,NONE,NONE,
810110046801,LOOPER DABZ SHERBET 1G,CBD,0.00000000,NONE,NONE,
810110046870,LOOPER 1000MG 2CT BLUE RASP,CBD,0.00000000,NONE,NONE,
810110046887,LOOPER 1000MG 2CT SR GRAPE,CBD,0.00000000,NONE,NONE,
810110046894,LOOPER 1000MG 2CT SR WTRMLN,CBD,0.00000000,NONE,NONE,
810110046900,LOOPER 1000MG 2CT GRN APL OG,CBD,0.00000000,NONE,NONE,
810110046917,LOOPER 1000MG 2CT MANGO GEL,CBD,0.00000000,NONE,NONE,
810110046924,LOOPER 1000MG 2CT STRAW KUSH,CBD,0.00000000,NONE,NONE,
810110047532,ULTRA7 6CT KRATOM CAPSULE,KRATOM,0.00000000,NONE,NONE,
810110048102,LOOPER XL JEALOUSY 4G,CBD,0.00000000,NONE,NONE,
810110048119,LOOPER XL PINEAPPLE OG 3G,CBD,0.00000000,NONE,NONE,
810110048126,lOOPER XL SOUR LEMON 3G,CBD,0.00000000,NONE,NONE,
810113830346,BODY ARMOR SPORT WATER 1.5L,9,0.00000000,NONE,NONE,
810120064406,Stiiizy Skywalker OG 2G Dispo,CBD,0.00000000,NONE,NONE,
810120064413,Stiiizy OG KUSH D8 2G Dispo,ZIIPLAB,0.00000000,NONE,NONE,
810120064420,Stiiizy Pineapple Express 2G d,ZIIPLAB,0.00000000,NONE,NONE,
810120064437,STIIIZY X BLUE DREAM 2G DISPO,CBD,0.00000000,NONE,NONE,
810120064444,STIIIZY X WATERMELON Z 2G DISP,CBD,0.00000000,NONE,NONE,
810120064451,STIIIZY X GELATO 2G DISPO,CBD,0.00000000,NONE,NONE,
810120064468,STIIIZY PURPLE PUNCH 2G DISPO,ZIIPLAB,0.00000000,NONE,NONE,
810120064475,STIIIZY KING LOUIS XIII 2G DIS,ZIIPLAB,0.00000000,NONE,NONE,
810120064482,STIIIZY BIRTHDAY CAKE 2G DISPO,ZIIPLAB,0.00000000,NONE,NONE,
810120064499,STIIIZY WHITE RASPBERRY 2G DIS,CBD,0.00000000,NONE,NONE,
810120401546,TORCH SOUR DIESEL,CBD,0.00000000,NONE,NONE,
810120401560,TORCH RAINBOW GELATO,CBD,0.00000000,NONE,NONE,
810120401621,TORCH PINK CHAMPAGNE,CBD,0.00000000,NONE,NONE,850035750902
810120408378,INFUZD NITROUS BIRTHDAY CAKE,8,0.00000000,NONE,NONE,
810120408392,INFUZD NITROUS MANGO PINEAPPLE,8,0.00000000,NONE,NONE,
810120408415,INFUZD NITROUS ALOE GRAPE,8,0.00000000,NONE,NONE,
810120408439,INFUZD NITROUS PURE,8,0.00000000,NONE,NONE,
810120409771,TORCH ONYX 5G GREEN GOBLIN,CBD,0.00000000,NONE,NONE,
810120409795,TORCH ONYX 5G BUBBLEGUM DIESEL,CBD,0.00000000,NONE,NONE,
810120409818,TORCH ONYX 5G WONDER SKUNK,CBD,0.00000000,NONE,NONE,
810120409832,TORCH ONYX 5G PEACH POISON,CBD,0.00000000,NONE,NONE,
810120409856,TORCH ONYX 5G APPLE JACK,CBD,0.00000000,NONE,NONE,
810120409870,TORCH ONYX 5G KIWI SHERBET,CBD,0.00000000,NONE,NONE,
810120409894,TORCH ONYX 5G UNICORN BUTTER,CBD,0.00000000,NONE,NONE,
810120409917,TORCH ONYX 5G JUPITER OG,CBD,0.00000000,NONE,NONE,
810120409931,TORCH ONYX 5G GRANDDADDY PURPL,CBD,0.00000000,NONE,NONE,
810120409955,TORCH ONYX 5G GOD''S GRAPES,CBD,0.00000000,NONE,NONE,
810121200001,MF AIRFLOW BATTERY,4,0.00000000,NONE,NONE,
810121200025,MELLOW FELLOW BERRY BAR 1000MG,CBD,0.00000000,NONE,NONE,810121200070
810121200032,MELLOWFELLOW JUNGLEFBAR 1000MG,CBD,0.00000000,NONE,NONE,
810121200049,MF DREAMYCHARMS BAR 1000MG,CBD,0.00000000,NONE,NONE,
810121200056,MELLOW FELLOW C&C BAR 1000MG,CBD,0.00000000,NONE,NONE,
810121200155,MF PREROLL PINEAPPLE EXPRESS,CBD,0.00000000,NONE,NONE,
810121200483,MF D8 BLUEBERRY OG,CBD,0.00000000,NONE,NONE,
810121200506,MF D8 STRAWBERRY COUGH,CBD,0.00000000,NONE,NONE,
810121200537,MF D8 1G CART ZKITTLEZ,CBD,0.00000000,NONE,NONE,
810121200544,MF D10 BLUEBERRY OG,CBD,0.00000000,NONE,NONE,
810121200551,MF D10 1G CART SOUR DIESEL,CBD,0.00000000,NONE,NONE,
810121200599,MF D10 CART ZKITTLEZ,CBD,0.00000000,NONE,NONE,
810121200797,MF D9 THC CHERRY RINGS,CBD,0.00000000,NONE,NONE,
810121200810,MF D9 THC PEACH RINGS,CBD,0.00000000,NONE,NONE,
810121200827,MF D9 THC WATRMLN RINGS,CBD,0.00000000,NONE,NONE,
810121200834,MF D9 THC BLUE RAZZ RINGS,CBD,0.00000000,NONE,NONE,
810121200964,MF D8 FRUIT PUNCH 1000MG 20PC,CBD,0.00000000,NONE,NONE,
810121200988,MF HHC FRUIT PUNCH 1000MG 20PC,CBD,0.00000000,NONE,NONE,
810121200995,MF HHC SOUR PUNCH 1000MG 20PC,CBD,0.00000000,NONE,NONE,
810121201251,MF LR GOLDEN GOAT 2G DISPO,ZIIPLAB,0.00000000,NONE,NONE,
810121201497,TWENTY ONE 4G PURPLE PUNCH,ZIIPLAB,0.00000000,NONE,NONE,
810121201503,TWENTY ONE 4G BLUE DREAM,ZIIPLAB,0.00000000,NONE,NONE,
810121201510,TWENTY ONE 4G GSC,ZIIPLAB,0.00000000,NONE,NONE,
810121201534,TWENTY ONE 4G OG KUSH,ZIIPLAB,0.00000000,NONE,NONE,
810121201572,MF MOTIVATION 4ML ALASTH FU LI,CBD,0.00000000,NONE,NONE,
810121201589,MF LEMON SKUNK 4ML,CBD,0.00000000,NONE,NONE,
810121201732,MF CHARGED 4ML JELLYBEAN,ZIIPLAB,0.00000000,NONE,NONE,
810121201763,MF ICE CREAM CAKE 4ML,CBD,0.00000000,NONE,NONE,
810121201978,MF HHC BLUEBERRY OG,CBD,0.00000000,NONE,NONE,
810121201985,MF HHC 1G CART SOUR DIESEL,CBD,0.00000000,NONE,NONE,
810121202029,MF HHC ZKITTLEZ 1g Cart,CBD,0.00000000,NONE,NONE,
810121202104,MF LAMB''S BREAD 4ML,CBD,0.00000000,NONE,NONE,
810121203279,MF MOTIVATION TANGIE 2G,CBD,0.00000000,NONE,NONE,
810121203309,MF JUNGLE CAKE 2G DISPO D8,ZIIPLAB,0.00000000,NONE,NONE,
810121203675,MF PHANTOM OG 2ml,CBD,0.00000000,NONE,NONE,
810121205082,MF FRUIT PUNCH 1000mg,CBD,0.00000000,NONE,NONE,
810121205235,MF GREEN CRACK 2G DISPO D8,ZIIPLAB,0.00000000,NONE,NONE,
810121205839,MF CREATIVITY 500mg,CBD,0.00000000,NONE,NONE,
810121205846,MF DREAM 500mg,CBD,0.00000000,NONE,NONE,
810121205853,MF EUPHORIA 500mg,CBD,0.00000000,NONE,NONE,
810121205860,MF INTROVERT 500mg,CBD,0.00000000,NONE,NONE,
810121205877,MF RECOVER 500mg,CBD,0.00000000,NONE,NONE,
810121206461,TWENTY ONE AK-47,CBD,0.00000000,NONE,NONE,
810121206478,TWENTYONE PINEAPPLE EXPRESS,CBD,0.00000000,NONE,NONE,
810121206485,TWENTY ONE OG KUSH,CBD,0.00000000,NONE,NONE,
810121206492,TWENTYONE WHITE RUNTZ,CBD,0.00000000,NONE,NONE,
810121207031,21 thca 3.5 exotic apple fritt,CBD,0.00000000,NONE,NONE,
810121208298,ICY ONES THCA PRE ROLL,CBD,0.00000000,NONE,NONE,810121208267
810121209165,TWENTY ONE THCA GRAPE SODA,CBD,0.00000000,NONE,NONE,
810121209264,MF 5G DISPO GELATO,CBD,0.00000000,NONE,NONE,
810121209301,MF 5G DISPO AURORA,CBD,0.00000000,NONE,NONE,
810125432279,GB MELOSO WATERMELON ICE 9K,ZIIPLAB,0.00000000,NONE,NONE,
810125432309,GB MELOSO COOL MINT 9K,ZIIPLAB,0.00000000,NONE,NONE,
810125432330,GB MELOSO PEACH ICE 9K,ZIIPLAB,0.00000000,NONE,NONE,
810125432361,GB MELOSO BERRY TRIO ICE 9K,ZIIPLAB,0.00000000,NONE,NONE,
810125432392,GB MELOSO FUJI MELON ICE 9K,ZIIPLAB,0.00000000,NONE,NONE,
810125432422,GB MELOSO SOUR APPLE ICE 9K,ZIIPLAB,0.00000000,NONE,NONE,
810125432453,GB MELOSO TROPICALRAINBOW 9K,ZIIPLAB,0.00000000,NONE,NONE,
810125432484,GB MELOSO MEXICO MANGO 9K,ZIIPLAB,0.00000000,NONE,NONE,
810125432514,GB MELOSO STRAWBERRY ICE 9K,ZIIPLAB,0.00000000,NONE,NONE,
810125432545,GB MELOSO CLEAR 9K,ZIIPLAB,0.00000000,NONE,NONE,
810125432576,GB MELOSO STONE FREEZE 9K,ZIIPLAB,0.00000000,NONE,NONE,
810125432606,GB MELOSO GREEN MONSTER 9K,ZIIPLAB,0.00000000,NONE,NONE,
810125432637,GB MELOSO GINGER ALE 9K,ZIIPLAB,0.00000000,NONE,NONE,
810125432668,GB MELOSO STRAWBERYWATERMEL 9K,ZIIPLAB,0.00000000,NONE,NONE,
810125432699,GB MELOSO STRAWBERRY MANGO 9K,ZIIPLAB,0.00000000,NONE,NONE,
810125434549,GB PULSE WATERMELON ICE 15K,ZIIPLAB,0.00000000,NONE,NONE,
810125434624,GB PULSE JUICY PEACH ICE 15K,ZIIPLAB,0.00000000,NONE,NONE,
810125434648,GB PULSE MEXICO MANGO 15K,ZIIPLAB,0.00000000,NONE,NONE,
810125434662,GB PULSE SOUR APPLE ICE 15K,ZIIPLAB,0.00000000,NONE,NONE,
810125434686,GB PULSE TROPICAL RB 15K,ZIIPLAB,0.00000000,NONE,NONE,
810125434747,GB PULSE FCUKING FAB 15K,ZIIPLAB,0.00000000,NONE,NONE,
810125434761,GB PULSE STRAWBERRY MANGO 15K,ZIIPLAB,0.00000000,NONE,NONE,
810125434785,GB PULSE STRAWBERRY BANANA 15K,ZIIPLAB,0.00000000,NONE,NONE,
810125434884,GB PULSE PINK LEMONADE 15K,ZIIPLAB,0.00000000,NONE,NONE,
810125434907,GB PULSE META MOON 15K,ZIIPLAB,0.00000000,NONE,NONE,
810125435881,GB PULSE WHITE GUMMY ICE 15K,ZIIPLAB,0.00000000,NONE,NONE,
810125435904,GB PULSE CALIFORNIA CHERRY 15K,ZIIPLAB,0.00000000,NONE,NONE,
810125435928,GB PULSE BLUE RAZZ ICE 15K,ZIIPLAB,0.00000000,NONE,NONE,
810125435942,GB PULSE MIAMI MINT 15K,ZIIPLAB,0.00000000,NONE,NONE,
810125435966,GB PULSE B - POP 15K,ZIIPLAB,0.00000000,NONE,NONE,
810125436727,GB PULSE GRAPE BLOW POP 15K,ZIIPLAB,0.00000000,NONE,NONE,
810125436734,GB PULSE BLUE MINT 15K,ZIIPLAB,0.00000000,NONE,NONE,
810125436741,GB PULSE CHERRY BOMB 15K,ZIIPLAB,0.00000000,NONE,NONE,
810125436758,GB PULSE BLACK CHERRY 15K,ZIIPLAB,0.00000000,NONE,NONE,
810125436765,GB PULSE DRAGON MELON 15K,ZIIPLAB,0.00000000,NONE,NONE,
810125436932,GB PULSE Sour apple b pop 15K,ZIIPLAB,0.00000000,NONE,NONE,
810125436956,GB PULSE BLUEBERYWATERMELO 15K,ZIIPLAB,0.00000000,NONE,NONE,
810125436970,GB PULSE GRAPE LEMON 15K,ZIIPLAB,0.00000000,NONE,NONE,
810125436994,GB PULSE BERRY BLISS 15K,ZIIPLAB,0.00000000,NONE,NONE,
810125437014,GB PULSE OMG B-POP 15K,ZIIPLAB,0.00000000,NONE,NONE,
810125437052,GB PULSE Crazy melon 15K,ZIIPLAB,0.00000000,NONE,NONE,
810125438165,GB PULSE X LEMON HEADS 25K,ZIIPLAB,0.00000000,NONE,NONE,6977454904069
810125438189,GB PULSE X BANATAFFYFREEZE 25K,ZIIPLAB,0.00000000,NONE,NONE,6977454904045
810125438202,GB PULSE X SR MANGOPINEAPL 25K,ZIIPLAB,0.00000000,NONE,NONE,
810125438226,GB PULSE X GRAPFRTREFRSHER 25K,ZIIPLAB,0.00000000,NONE,NONE,
810125438240,GB PULSE X 25K LIME BRY ORNG,ZIIPLAB,0.00000000,NONE,NONE,
810125438264,GB PULSE X RASP PEACH LIME 25K,ZIIPLAB,0.00000000,NONE,NONE,
810125438288,GB PULSE X BLUE RANCHER 25K,ZIIPLAB,0.00000000,NONE,NONE,
810125438301,GB PULSE X BLCKBRY B POP 25K,ZIIPLAB,0.00000000,NONE,NONE,
810125438325,GB PULSE X STRAW B POP 25K,ZIIPLAB,0.00000000,NONE,NONE,
810125438349,GB PULSE X SOURFCUKING FAB 25K,ZIIPLAB,0.00000000,NONE,NONE,
810125438363,GB PULSE X ORNG FCUKIN FAB 25K,ZIIPLAB,0.00000000,NONE,NONE,
810125438387,GB PULSE X MIAMI MINT 25K,ZIIPLAB,0.00000000,NONE,NONE,6977454904243
810125438400,GB PULSE X BLUE RAZZ ICE 25K,ZIIPLAB,0.00000000,NONE,NONE,6977454904083
810125438424,GB PULSE X WTRMLN ICE 25K,ZIIPLAB,0.00000000,NONE,NONE,
810125438448,GB PULSE X SOUR APPLE ICE 25K,ZIIPLAB,0.00000000,NONE,NONE,
810125439063,GB PULSE FROZEN WATERMELON 15K,ZIIPLAB,0.00000000,NONE,NONE,
810125439087,GB PULSE FROZENBLAKBERYFAB 15K,ZIIPLAB,0.00000000,NONE,NONE,6977454900931
810125439100,GB PULSE FROZEN PINACOLADA 15K,ZIIPLAB,0.00000000,NONE,NONE,6977454901372
810125439124,GB PULSE FROZEN STRAWBERRY 15K,ZIIPLAB,0.00000000,NONE,NONE,810203870580
810125439148,GB PULSE FROZENCHERRYAPPLE 15K,ZIIPLAB,0.00000000,NONE,NONE,6977454901297
810125439162,GB PULSE FROZEN WHITEGRAPE 15K,ZIIPLAB,0.00000000,NONE,NONE,
810125439339,DIGIFLAV LUSH 20K BLU RAZZ ICE,ZIIPLAB,0.00000000,NONE,NONE,
810125439490,DIGIFLAVOR LUSH BERRY BOMB 20K,ZIIPLAB,0.00000000,NONE,NONE,
810125439513,DIGIFLAV LUSH 20K TRPL BRY ICE,ZIIPLAB,0.00000000,NONE,NONE,
810125439599,DIGIFLAV LUSH 20K SR APLE RANC,ZIIPLAB,0.00000000,NONE,NONE,
810125439612,DIGIFLAVOR LUSH 20K SBERRY FAB,ZIIPLAB,0.00000000,NONE,NONE,
810125439902,GB PULSE X SOUR STRAWS,ZIIPLAB,0.00000000,NONE,NONE,
810125439926,GB PULSE X BLACKBERYBLUBERRY,ZIIPLAB,0.00000000,NONE,NONE,
810125439940,GB PULSE X STRAW COLADA 25K,ZIIPLAB,0.00000000,NONE,NONE,
810125439964,GB PULSE X WHITEPCHRASPBER 25K,ZIIPLAB,0.00000000,NONE,NONE,
810125439988,GB PULSE X COOL MINT 25K,ZIIPLAB,0.00000000,NONE,NONE,6977863391443
810125650307,PUFF ULTRA ZRO STRAWBERRY LUSH,ZIIPLAB,0.00000000,NONE,NONE,
810125650321,PUFF ULTRA ZRO RASPBERRY MELON,ZIIPLAB,0.00000000,NONE,NONE,
810125650338,PUFF ULTRA ZRO MNGO PNAPLE ICE,ZIIPLAB,0.00000000,NONE,NONE,
810125650345,PUFF ULTRA ZRO BANANA MINT,ZIIPLAB,0.00000000,NONE,NONE,
810125650352,PUFF ULTRA ZRO APLE CUCMR MINT,ZIIPLAB,0.00000000,NONE,NONE,
810125650369,PUFF ULTRA ZRO MELON KIWI,ZIIPLAB,0.00000000,NONE,NONE,
810125650376,PUFF ULTRA ZRO GLACIER ICE,ZIIPLAB,0.00000000,NONE,NONE,
810125650383,PUFF ULTRA ZRO BLUE RAZZ POM,ZIIPLAB,0.00000000,NONE,NONE,
810125650390,PUFF ULTRA ZRO ALOE GRAPE,ZIIPLAB,0.00000000,NONE,NONE,
810125650406,PUFF D8 3G BANANA RUNTZ,ZIIPLAB,0.00000000,NONE,NONE,
810125650437,PUFF D8 3G GRANDADDY GRAPE,ZIIPLAB,0.00000000,NONE,NONE,
810125650444,PUFF D8 3G GRUNTZ,ZIIPLAB,0.00000000,NONE,NONE,
810125650451,PUFF D8 3G MAI TAI,ZIIPLAB,0.00000000,NONE,NONE,
810125650468,PUFF D8 3G MANGO KUSH,ZIIPLAB,0.00000000,NONE,NONE,
810125650475,PUFF D8 3G MAUI WOWIE,ZIIPLAB,0.00000000,NONE,NONE,
810125650482,PUFF D8 3G PAPAYA OG,ZIIPLAB,0.00000000,NONE,NONE,
810125650499,PUFF D8 3G SOUR TANGIE,ZIIPLAB,0.00000000,NONE,NONE,
810125650505,PUFF D9 GUMMY BLUE RAZZ,CBD,0.00000000,NONE,NONE,
810125650512,PUFF D9 GUMMY WATERMELON,CBD,0.00000000,NONE,NONE,
810125650529,PUFF D9 GUMMY STRAWBERRY,ZIIPLAB,0.00000000,NONE,NONE,
810125650536,PUFF D9 GUMMY GREEN APPLE,CBD,0.00000000,NONE,NONE,
810125650543,PUFF D9 GUMMY SWEET MANGO,CBD,0.00000000,NONE,NONE,
810125650550,PUFF ULTRA ZRO BLACK CHERY ICE,ZIIPLAB,0.00000000,NONE,NONE,
810125650567,PUFF ULTRA ZRO SUMMER PEACH,ZIIPLAB,0.00000000,NONE,NONE,
810125650574,PUFF ULTRA ZRO COOLER MINT,ZIIPLAB,0.00000000,NONE,NONE,
810125650581,PUFF ULTRA ZRO MANDRN ORAN ICE,ZIIPLAB,0.00000000,NONE,NONE,
810125650598,PUFF ULTRA ZRO PASNFRT GVA ICE,ZIIPLAB,0.00000000,NONE,NONE,
810125650758,PUFF DELTA CITRUS CLOUDS,ZIIPLAB,0.00000000,NONE,NONE,
810125650765,PUFF DELTA BLUEBERRY DREAM,ZIIPLAB,0.00000000,NONE,NONE,
810125650772,PUFF DELTA COSMIC GRAPE,ZIIPLAB,0.00000000,NONE,NONE,
810125650789,PUFF DELTA  ATOMIC APPLE,ZIIPLAB,0.00000000,NONE,NONE,
810125650796,PUFF DELTA LUNAR LUSH,ZIIPLAB,0.00000000,NONE,NONE,
810132650314,BREEZE PRIME HONEYDEWPINEAPPLE,ZIIPLAB,0.00000000,NONE,NONE,
810132650321,BREEZE PRIME MANGO,ZIIPLAB,0.00000000,NONE,NONE,
810132650338,BREEZE PRIME STRAWBERRY MINT,ZIIPLAB,0.00000000,NONE,NONE,
810132650345,BREEZE PRIME BANANA COCONUT,ZIIPLAB,0.00000000,NONE,NONE,
810132650352,BREEZE PRIME MINT,ZIIPLAB,0.00000000,NONE,NONE,
810132650369,BREEZE PRIME BLUEBERRY LEMON,ZIIPLAB,0.00000000,NONE,NONE,
810132650376,BREEZE PRIME CHERRY LEMON,ZIIPLAB,0.00000000,NONE,NONE,
810132650383,BREEZE PRIME STRAWBERRY APPLE,ZIIPLAB,0.00000000,NONE,NONE,
810132650390,BREEZE PRIME LEMON COLA,ZIIPLAB,0.00000000,NONE,NONE,
810132650406,BREEZE PRIME PEACH BERRY,ZIIPLAB,0.00000000,NONE,NONE,
810132650796,BREEZE ODOR LAVENDER SEA SALT,12345678,0.00000000,NONE,NONE,
810132650826,BREEZE ODOR MIDNIGHT BLACKBERY,12345678,0.00000000,NONE,NONE,
810132650857,BREEZE ODOR BLUE RAZZ DREAMS,12345678,0.00000000,NONE,NONE,
810132650864,BREEZE ODOR FRESH FOREST MIST,12345678,0.00000000,NONE,NONE,
810132652097,BREEZE PLUS SPEARMINT,ZIIPLAB,0.00000000,NONE,NONE,
810132653414,BREEZE ODOR BLOSSOM BLISS,12345678,0.00000000,NONE,NONE,
810132653445,BREEZE ODOR PINA COLADA,12345678,0.00000000,NONE,NONE,
810132653469,BREEZE ODOR WHITE CLOUDS,12345678,0.00000000,NONE,NONE,
810132738791,ICE BANG 50K ICE BLUERAZZ,ZIIPLAB,0.00000000,NONE,NONE,
810132738807,ICE BANG 50K ICE MIXBERRIES,ZIIPLAB,0.00000000,NONE,NONE,
810132738821,ICE BANG 50K ICE ICESTRAWMELON,ZIIPLAB,0.00000000,NONE,NONE,
810132738838,ICE BANG 50K ICE ICEJOLLYRANCH,ZIIPLAB,0.00000000,NONE,NONE,
810132738845,ICE BANG 50K ICE PASFRT LEMON,ZIIPLAB,0.00000000,NONE,NONE,
810132738852,ICE BANG 50K ICE FROZEN WATERM,ZIIPLAB,0.00000000,NONE,NONE,
810132738869,ICE BANG 50K ICE FRZN MIAMIMNT,ZIIPLAB,0.00000000,NONE,NONE,
810132738876,ICE BANG 50K ICE FROZEN STRAWB,ZIIPLAB,0.00000000,NONE,NONE,
810132738883,ICE BANG 50K ICE FROZENJUNCTIO,ZIIPLAB,0.00000000,NONE,NONE,
810132738890,ICE BANG 50K ICE FROZENHEADACH,ZIIPLAB,0.00000000,NONE,NONE,
810133091338,KIK ZOM BLND CLEMENTINE,CBD,0.00000000,NONE,NONE,
810133091352,KIK ZOM BLND DURBAN POISON,CBD,0.00000000,NONE,NONE,
810133091369,KIK ZOM BLND SOUR SPACE CANDY,CBD,0.00000000,NONE,NONE,
810133091376,KIK ZOM BLND WHITE WIDOW,CBD,0.00000000,NONE,NONE,
810133091383,KIK ZOM BLND SKYWALKER OG,CBD,0.00000000,NONE,NONE,
810133091390,KIK ZOM BLND JOKERZ,CBD,0.00000000,NONE,NONE,
810133091413,KIK ZOM BLND DEATH STAR,CBD,0.00000000,NONE,NONE,
810133091420,KIK ZOM BLND SUNSET GELATO,CBD,0.00000000,NONE,NONE,
810133320001,SHRUUMZ DOUBLE CHOCOLATE CHIP,7476667,0.00000000,NONE,NONE,
810133320049,SHRUUMZ MINT CHOCOLATE CHIP,7476667,0.00000000,NONE,NONE,
810133320063,SHRUUMZ SPRINKLES,7476667,0.00000000,NONE,NONE,
810133320346,SHRUUMZ BLUE RAZZ EUPHOIRA,7476667,0.00000000,NONE,NONE,
810133320407,SHRUUMZ RADICAL RAINBOW,7476667,0.00000000,NONE,NONE,
810133320421,SHRUUMZ WATERMELON WONDERLAND,7476667,0.00000000,NONE,NONE,
810134120396,LOOKAH SHKING EA,1,0.00000000,NONE,NONE,810134120341
810134123830,LOOKAH GUITAR BATTERY ASSORT,1,0.00000000,NONE,NONE,810134120488
810134124127,LOOKAH F1 CARTRIDGE BATTERY,1,0.00000000,NONE,NONE,810134124080
810134920293,BS SHORTY PINK 53MM EACH,TOBACCO,0.00000000,NONE,NONE,
810134920354,DLX ROLLING KIT KING SZ SLIM,1,0.00000000,NONE,NONE,
810134920545,BS KING PURPLE 53MM EACH,TOBACCO,0.00000000,NONE,NONE,
810134920910,BLAZY SUSAN MAT PINK,8,0.00000000,NONE,NONE,
810134920965,BLAZY SUSAN MAT SUNSET,8,0.00000000,NONE,NONE,
810134921498,Blazy Susan back pack,8,0.00000000,NONE,NONE,
810134921801,BLAZY SUSAN 1 1/4 PAPERS,TOBACCO,0.00000000,NONE,NONE,810134920316
810134922068,BLAZY SUSAN ROSE WRAPS,TOBACCO,0.00000000,NONE,NONE,810134921771
810134923539,Blazy Susan,TOBACCO,0.00000000,NONE,NONE,
810134923829,BLAZY SUSAN DEAD HEAD 1 1/4,TOBACCO,0.00000000,NONE,NONE,810134923812
810134923850,BLAZY SUSAN DEAD HEAD KING,TOBACCO,0.00000000,NONE,NONE,810134923843
810134924000,BLAZY SUSAN KING PAPERS PURPLE,TOBACCO,0.00000000,NONE,NONE,
810134924024,BLAZY SUSAN KING PAPERS,TOBACCO,0.00000000,NONE,NONE,
810134924222,BLAZY SUSAN SKULL ROSE ASH,TOBACCO,0.00000000,NONE,NONE,
810134924239,BLAZY SUSAN SKULL COLORS ASH,TOBACCO,0.00000000,NONE,NONE,
810134924260,BLAZY SUSAN COLORED ASH,TOBACCO,0.00000000,NONE,NONE,
810134924307,BLAZY SUSAN SKELETON ASH TRAY,TOBACCO,0.00000000,NONE,NONE,
810134924932,BLAZY SUSAN MAT BLUE,8,0.00000000,NONE,NONE,
810134925779,BLAZY SUSAN KING SIZE ROSE CN,1,0.00000000,NONE,NONE,
810134925991,BLAZY SUSAN ASH TRAY,8,0.00000000,NONE,NONE,
810134926639,BLAZY SUSAN TEA LEAF WRAPS,TOBACCO,0.00000000,NONE,NONE,810134926622
810134926653,BLAZY SZN TEA LEAF KNG CONES,1,0.00000000,NONE,NONE,
810134926929,BLAZY SUSAN 2.5 IN AL GRINDER,1,0.00000000,NONE,NONE,810134926912
810134927162,BLAZY SUSAN TIPS 100,TOBACCO,0.00000000,NONE,NONE,810134927148
810134928138,RUSSIAN CREAM BLAZY SUSAN,TOBACCO,0.00000000,NONE,NONE,
810134928152,BLAZY SUSAN PEACH WRAPS,TOBACCO,0.00000000,NONE,NONE,810134928114
810134928176,BLAZY SUSAN RUSSIAN CREAM WRAP,TOBACCO,0.00000000,NONE,NONE,
810134928251,BLAZY SUSAN CROSS CONE,TOBACCO,0.00000000,NONE,NONE,810134928244
810134928404,BLAZY SZN RUSSIAN CRM KNG CONE,1,0.00000000,NONE,NONE,
810134928688,BLAZY SUSAN CONES 1 1/4,TOBACCO,0.00000000,NONE,NONE,810134928695
810134929074,BLAZY SUSAN SMOKER''S KIT BLACK,1,0.00000000,NONE,NONE,
810134929890,BLAZZY SUSAN SMOKERS KIT BLACK,8,0.00000000,NONE,NONE,
810135374675,MAGIC MUSH VAPE BLUE JELLO 2G,7476667,0.00000000,NONE,NONE,
810135374705,MAGIC MUSH VAPE APPLE TART 2G,7476667,0.00000000,NONE,NONE,
810135374736,MAGIC MUSH VAPE PINK LMNADE 2G,7476667,0.00000000,NONE,NONE,
810142470476,INFUZD NITROUS DULCE DE LECHE,8,0.00000000,NONE,NONE,
810142470537,INFUZD NITROUS BANANA CREAM,8,0.00000000,NONE,NONE,
810142470797,INFUZD NITROUS PURE,8,0.00000000,NONE,NONE,
810142472616,TORCH 4G PINK CANDY,CBD,0.00000000,NONE,NONE,
810142472630,TORCH 4G BLUE SHERBERT,CBD,0.00000000,NONE,NONE,
810142472647,TORCH 4G PURPLE URKEL,CBD,0.00000000,NONE,NONE,
810142472648,TORCH 2G PURPLE URKEL,CBD,0.00000000,NONE,NONE,
810142473224,TORCH 3.5GM LMNCHERRYG CART,CBD,0.00000000,NONE,NONE,
810142473323,TORCH 3.5GM ALIEN OG CART,CBD,0.00000000,NONE,NONE,
810142473514,INFUZD NITROUS PINA COLADA,8,0.00000000,NONE,NONE,
810142473972,TORCH 2.5G LED PANCAKE ICE,ZIIPLAB,0.00000000,NONE,NONE,
810142474054,TORCH 2.5G LED RAINBOW GRAPE,ZIIPLAB,0.00000000,NONE,NONE,
810142474092,TORCH 2.5G LED ANGEL CAKE,ZIIPLAB,0.00000000,NONE,NONE,
810142474153,TORCH 2.5G LED BANANA OG,ZIIPLAB,0.00000000,NONE,NONE,
810142474597,PRESSURE-A 14G Super Lemon D,CBD,0.00000000,NONE,NONE,
810142474610,PRESSURE-A 14G StrawberryRuntz,CBD,0.00000000,NONE,NONE,
810142474634,PRESSURE-A 14G CHERRY AK47,CBD,0.00000000,NONE,NONE,
810142474658,PRESSURE-A 14G Godfather OG,CBD,0.00000000,NONE,NONE,
810142474672,PRESSURE-A 14G LA KUSH CAKE,CBD,0.00000000,NONE,NONE,
810142474696,PRESSURE-A 14G BLUEB GAS,CBD,0.00000000,NONE,NONE,
810142476065,TORCH 3.5GM WATHASH CART,CBD,0.00000000,NONE,NONE,
810142479288,PRESSURE-A 2G BLUE DREAM EACH,CBD,0.00000000,NONE,NONE,
810142479301,Pressure 2G Gummy Pop Each,CBD,0.00000000,NONE,NONE,
810142479325,Pressure 2G Tropicali each,CBD,0.00000000,NONE,NONE,
810142479349,PRESSURE-A 2G GELATO EACH,CBD,0.00000000,NONE,NONE,
810142479363,Pressure-A 2G King Louis X2 Ea,CBD,0.00000000,NONE,NONE,
810142479387,PRESSURE-A 2G BLUE KUSH EACH,CBD,0.00000000,NONE,NONE,
810142920148,JH POUCHES WM SB MINT,TOBACCO,0.00000000,NONE,NONE,
810142924221,JH BLUB LEMONMINT 6MG POUCH,TOBACCO,0.00000000,NONE,NONE,
810142924238,JH BLUB LEMONMINT 12MG POUCH,TOBACCO,0.00000000,NONE,NONE,
810142924245,JH PCHPINE MINT 6MG POUCH,TOBACCO,0.00000000,NONE,NONE,
810142924252,JH PCHPINE MINT 12MG POUCH,TOBACCO,0.00000000,NONE,NONE,
810142924269,JH PCHPINE RASPLEMO 6MG POUCH,TOBACCO,0.00000000,NONE,NONE,
810142924276,JH PCHPINE RASPLEMO 12MG POUCH,TOBACCO,0.00000000,NONE,NONE,
810142924283,JH WATSTRAW MINT 6MG POUCH,TOBACCO,0.00000000,NONE,NONE,
810142924290,JH WATSTRAW MINT 12MG POUCH,TOBACCO,0.00000000,NONE,NONE,
810142924306,JH MANSTRAW MINT 6MG POUCH,TOBACCO,0.00000000,NONE,NONE,
810142924313,JH MANSTRAW MINT 12MG POUCH,TOBACCO,0.00000000,NONE,NONE,
810145041260,BECO BANG HOOKA BERRY BOMB ICE,ZIIPLAB,0.00000000,NONE,NONE,
810145044827,HOLO 15K PASSION FRUIT LEMON,ZIIPLAB,0.00000000,NONE,NONE,
810145044834,HOLO 15K CINNAMON FIREBALL,ZIIPLAB,0.00000000,NONE,NONE,
810145048764,HOLO 15K KIWI DRAGON BERRY,ZIIPLAB,0.00000000,NONE,NONE,
810145048795,HOLO 15K PACIFIC COLOR,ZIIPLAB,0.00000000,NONE,NONE,
810145048849,HOLO 15K BLUE GUMMY,ZIIPLAB,0.00000000,NONE,NONE,
810145048863,HOLO 15K KIWI STRA MANGO,ZIIPLAB,0.00000000,NONE,NONE,
810145048870,HOLO 15K SHUKRA GRAPE,ZIIPLAB,0.00000000,NONE,NONE,
810145049235,HOLO 15K FROZEN STRAWBERRY KIW,ZIIPLAB,0.00000000,NONE,NONE,
810145049266,HOLO 15K MIXED BERRIES,ZIIPLAB,0.00000000,NONE,NONE,
810145049297,HOLO 15K BLUBERRY WATERMELON,ZIIPLAB,0.00000000,NONE,NONE,
810145049303,HOLO 15K GUM MINT,ZIIPLAB,0.00000000,NONE,NONE,
810145050200,HOLO 15K MAMBA ICE,ZIIPLAB,0.00000000,NONE,NONE,
810145050224,HOLO 15K GUAVA ICE,ZIIPLAB,0.00000000,NONE,NONE,
810145050248,HOLO 15K FROZEN KIWI BERRIES,ZIIPLAB,0.00000000,NONE,NONE,
810145056011,BECO TD10000 PASN FRUIT LEMON,ZIIPLAB,0.00000000,NONE,NONE,
810152541074,TF APPLE PEACH RINGS 3MG,10,0.00000000,NONE,NONE,
810152541081,TF APPLE PEACH RINGS 6MG,10,0.00000000,NONE,NONE,
810152541135,TF BLUE BERRIES LEMON SWRL 6MG,10,0.00000000,NONE,NONE,
810152541173,TF COTTON CLOUDS 3MG,10,0.00000000,NONE,NONE,
810152541197,THE FINEST COTTON CLOUDS 30MG,SALT NIC,0.00000000,NONE,NONE,
810152541203,THE FINEST COTTON CLOUDS 50MG,SALT NIC,0.00000000,NONE,NONE,
810152541326,TF STRAWBERRY CHEW 3MG,10,0.00000000,NONE,NONE,
810152541371,TF STRAWMELON SOUR BELTS 3MG,10,0.00000000,NONE,NONE,
810152541388,TF STRAWMELON SOUR BELTS 6MG,10,0.00000000,NONE,NONE,
810152541678,TF STRAW BLUE RASP ICE 3MG,10,0.00000000,NONE,NONE,
810152541685,TF STRAW BLUE RASP ICE 6MG,10,0.00000000,NONE,NONE,
810152541722,TF STRAWBERRY KIWI 3MG,10,0.00000000,NONE,NONE,
810152541739,TF STRAWBERRY KIWI 6MG,10,0.00000000,NONE,NONE,
810152541791,THE FINEST STRAW BAN CUST 30MG,SALT NIC,0.00000000,NONE,NONE,
810152541807,THE FINEST STRAW BAN CUST 50MG,SALT NIC,0.00000000,NONE,NONE,
810152541821,TF STRAWBERRY CUSTARD 3MG,10,0.00000000,NONE,NONE,
810152541838,TF STRAWBERRY CUSTARD 6MG,10,0.00000000,NONE,NONE,
810152541876,TF ITALIAN ESPRESSO CUSTRD 3MG,10,0.00000000,NONE,NONE,
810152541906,THE FINEST ITALIAN ESP CUST 50,SALT NIC,0.00000000,NONE,NONE,
810152541920,THE FINEST VAN ALMND CUSTD 3MG,10,0.00000000,NONE,NONE,
810152541937,THE FINEST VAN ALMD CUSTD 6MG,10,0.00000000,NONE,NONE,
810152541975,TF COOL MINT 3MG,10,0.00000000,NONE,NONE,
810152542002,THE FINEST COOL MINT 50MG SALT,SALT NIC,0.00000000,NONE,NONE,
810152542026,TF MIAMI MINT 3MG,10,0.00000000,NONE,NONE,
810152542033,TF MIAMI MINT 6MG,10,0.00000000,NONE,NONE,
810152542040,THE FINEST MIAMI MINT 30MG,SALT NIC,0.00000000,NONE,NONE,
810152542057,THE FINEST MIAMI MINT 50MG,SALT NIC,0.00000000,NONE,NONE,
810152542170,TF RY4 TOBACCO 3MG,10,0.00000000,NONE,NONE,
810152542187,TF RY4 TOBACCO 6MG,10,0.00000000,NONE,NONE,
810152542200,THE FINEST TY4 TOBACCO 50MG,SALT NIC,0.00000000,NONE,NONE,
810164280077,DFS SR BLU WTRMLN RAZZ 25K,ZIIPLAB,0.00000000,NONE,NONE,
810164280091,DFS SKY WALKER 25K,ZIIPLAB,0.00000000,NONE,NONE,
810164280114,DFS STRAWBERRY ICE 25K,ZIIPLAB,0.00000000,NONE,NONE,
810164280138,DFS STRAW BANANA 25K,ZIIPLAB,0.00000000,NONE,NONE,
810164280152,DFS MIAMI MINT 25K,ZIIPLAB,0.00000000,NONE,NONE,
810164280176,DFS BLACKBERRY FCUKING FAB 25K,ZIIPLAB,0.00000000,NONE,NONE,
810164280190,DFS BLUE RAZZ ICE 25K,ZIIPLAB,0.00000000,NONE,NONE,
810164280213,DFS PEACH BLUE SLUSHY 25K,ZIIPLAB,0.00000000,NONE,NONE,
810164280237,DFS CHERRY LMN MINT 25K,ZIIPLAB,0.00000000,NONE,NONE,
810164280251,DFS SOUR APPLE ICE,ZIIPLAB,0.00000000,NONE,NONE,
810164280275,DFS PEACH RASPBERRY 25K,ZIIPLAB,0.00000000,NONE,NONE,
810164280299,DFS STRBRY WATRMLN COCNT 25K,ZIIPLAB,0.00000000,NONE,NONE,
810164280312,DFS TWISTED B-POP 25k,ZIIPLAB,0.00000000,NONE,NONE,
810164280336,DFS CHERRY STRAZZ 25K,ZIIPLAB,0.00000000,NONE,NONE,
810164280787,GB PULSE SOUR CRANAPPLE,ZIIPLAB,0.00000000,NONE,NONE,
810164280800,GB PULSE SOUR GUSH,ZIIPLAB,0.00000000,NONE,NONE,
810164280824,GB PULSE SOUR BLUE DUST,ZIIPLAB,0.00000000,NONE,NONE,
810164280848,GB PULSE SOURWATER DROP,ZIIPLAB,0.00000000,NONE,NONE,
810164280862,GB PULSE SOUR STRAWBERRY,ZIIPLAB,0.00000000,NONE,NONE,
810164280930,GB PULSE COOL MINT,ZIIPLAB,0.00000000,NONE,NONE,
810164281531,GB PULSE HUNTED BLUBERRYM,ZIIPLAB,0.00000000,NONE,NONE,
810164281555,GB PULSE SPOOKY VANILLA,ZIIPLAB,0.00000000,NONE,NONE,
810164281777,GB PULSE X STRAW WTRMLN 25K,ZIIPLAB,0.00000000,NONE,NONE,
810164281791,GB PULSE X STRAW KIWI ICE 25K,ZIIPLAB,0.00000000,NONE,NONE,
810164281814,GB PULSE X PINK N BLUE 25K,ZIIPLAB,0.00000000,NONE,NONE,
810164281838,GB PULSE X ORANGE DRAGON 25K,ZIIPLAB,0.00000000,NONE,NONE,6977863391467
810164281852,GB PULSE X ATL MINT 25K,ZIIPLAB,0.00000000,NONE,NONE,
810164282286,GB PULSE X PEPPERMINTZ,ZIIPLAB,0.00000000,NONE,NONE,
810164282361,GB PULSE X MIAMI MINT ZERO 25K,ZIIPLAB,0.00000000,NONE,NONE,
810164282538,GB PULSE PEPPERMINTZ 15K,ZIIPLAB,0.00000000,NONE,NONE,
810164282552,GEEKBAR PULSE STONEMINTZ,ZIIPLAB,0.00000000,NONE,NONE,
810164282576,GB PULSE BLACKMINTZ 15K,ZIIPLAB,0.00000000,NONE,NONE,
810164282590,GB PULSE 15K CreamyMintz,ZIIPLAB,0.00000000,NONE,NONE,
810164282613,GB PULSE ICEYMINTZ 15K,ZIIPLAB,0.00000000,NONE,NONE,
810164282682,GB PULSE X PEACH PERFECT SLUS,ZIIPLAB,0.00000000,NONE,NONE,6977863394963
810164282705,GB PULSE X COLA SLUSH,ZIIPLAB,0.00000000,NONE,NONE,6977863394901
810164282729,GB PULSE X WILD CHERRY SLUSH,ZIIPLAB,0.00000000,NONE,NONE,6977863394925
810164282743,GB PULSE X ORANGE SLUSH,ZIIPLAB,0.00000000,NONE,NONE,
810164282767,GB PULSE X GRAPE SLUSH,ZIIPLAB,0.00000000,NONE,NONE,
810164283160,GB PULSE X RASPBRY JAM,ZIIPLAB,0.00000000,NONE,NONE,
810164283184,GB PULSE X PEACH JAM,ZIIPLAB,0.00000000,NONE,NONE,
810164283207,GB PULSE X BLUBRRY JAM,ZIIPLAB,0.00000000,NONE,NONE,
810164283221,GB PULSE X ORANGE JAM,ZIIPLAB,0.00000000,NONE,NONE,
810164283245,GB PULSE X STRAWBRRY JAM,ZIIPLAB,0.00000000,NONE,NONE,
810164283702,GB PULSE ORANGE MINT SAVERS,ZIIPLAB,0.00000000,NONE,NONE,
810164283726,GB PULSE STRAWBERRY SAVERS,ZIIPLAB,0.00000000,NONE,NONE,
810164283740,GB PULSE PINEAPPLE SAVERS,ZIIPLAB,0.00000000,NONE,NONE,
810164283764,GB PULSE WILD BERRY SAVERS,ZIIPLAB,0.00000000,NONE,NONE,
810164283788,GB PULSE DROP SOUR SAVER 15K,ZIIPLAB,0.00000000,NONE,NONE,
810164285638,GEEK BAR HOOKAH X DTL MINT,ZIIPLAB,0.00000000,NONE,NONE,
810164285652,GEEK BAR HOOKAH X DTL GUM MINT,ZIIPLAB,0.00000000,NONE,NONE,
810164285713,GEEK BAR HOOKAH X DTL DBL APPL,ZIIPLAB,0.00000000,NONE,NONE,
810164285737,GEEK BAR HOOKAH X DTL FKNG FAB,ZIIPLAB,0.00000000,NONE,NONE,
810164285751,GEEK BAR HOOKAH X DTL BALI,ZIIPLAB,0.00000000,NONE,NONE,
810164285775,GEEK BAR HOOKAH X DTL PNK BRY,ZIIPLAB,0.00000000,NONE,NONE,
810164285799,GEEK BAR HOOKAH X DTL LUSH ICE,ZIIPLAB,0.00000000,NONE,NONE,
810164285812,GEEK BAR HOOKAH X DTL BERRY IC,ZIIPLAB,0.00000000,NONE,NONE,
810164286116,GB PULSE X PEAR OF THIEVES 25K,ZIIPLAB,0.00000000,NONE,NONE,
810164286130,GB PULSE X ORANGE MINT 25K,ZIIPLAB,0.00000000,NONE,NONE,
810164286154,GB PULSE X STRWBRY DRAGON 25K,ZIIPLAB,0.00000000,NONE,NONE,
810164286178,GB PULSE X PINK BRRY LMNAD 25K,ZIIPLAB,0.00000000,NONE,NONE,
810164286192,GB PULSE X DUALICIOUS 25K,ZIIPLAB,0.00000000,NONE,NONE,
810164286581,GB PULSE STRAWBERRY KIWI 15K,ZIIPLAB,0.00000000,NONE,NONE,
810164286604,GB PULSE RASPBERRY WTRMLN 15K,ZIIPLAB,0.00000000,NONE,NONE,
810164286605,GB PULSE RASPBERRY WTRMLN 15K,ZIIPLAB,0.00000000,NONE,NONE,
810164286628,GB PULSE PUNCH 15K,ZIIPLAB,0.00000000,NONE,NONE,
810164286642,GB PULSE BANANA ICE 15K,ZIIPLAB,0.00000000,NONE,NONE,
810164286666,GB PULSE PINK LEMONADE 15K,ZIIPLAB,0.00000000,NONE,NONE,
810167763713,TWENTY ONE THCA DRM WEDDIN 3.5,CBD,0.00000000,NONE,NONE,
810167763737,TWENTY ONE THCA CHEMDOG 3.5,CBD,0.00000000,NONE,NONE,
810167767445,TWENTY ONE 3.5 DUGOUT YODA OG,CBD,0.00000000,NONE,NONE,
810167767452,GRAPE GAS THCA 3.5G,CBD,0.00000000,NONE,NONE,
810167767469,TWENTY ONE 3.5 DUGOUT LOV POTN,CBD,0.00000000,NONE,NONE,
810167767483,TWENTY ONE 3.5 DUGOUT WHT WDOW,CBD,0.00000000,NONE,NONE,
810167767490,BLUE NERDS 3.5G,CBD,0.00000000,NONE,NONE,
810168271194,OPIA CLASSIC 80MG TABLET,KRATOM,0.00000000,NONE,NONE,
810168271217,OPIA MINT 80MG,KRATOM,0.00000000,NONE,NONE,
810168271231,OPIA blue raspberry 80MG,KRATOM,0.00000000,NONE,NONE,
810168271255,OPIA CLASSIC SHOT,KRATOM,0.00000000,NONE,NONE,
810168271279,OPIA BLUBERRY LAMONADE SHOT,KRATOM,0.00000000,NONE,NONE,
810168271699,TORCH 2GM HASH HDEW PREROL EA,CBD,0.00000000,NONE,NONE,
810168271705,TORCH 2GM HASH BPIE PREROL EA,CBD,0.00000000,NONE,NONE,
810168271706,TORCH 2GM HASH BPIE PREROL EA,CBD,0.00000000,NONE,NONE,
810168271712,TORCH 2GM HASH GFRRO PREROL EA,CBD,0.00000000,NONE,NONE,
810168271729,TORCH 2GM HASH MSHUR PREROL EA,CBD,0.00000000,NONE,NONE,
810168271736,TORCH 2GM HASH SSDIPREROL EA,CBD,0.00000000,NONE,NONE,
810168271811,TORCH 2GM HASH PRING PREROL EA,CBD,0.00000000,NONE,NONE,
810168272399,TORCH 1GM P PINAEXPRES DISPO,CBD,0.00000000,NONE,NONE,
810168272412,TORCH 1GM P S.DISEL DISPO,CBD,0.00000000,NONE,NONE,
810168272511,TORCH 1GM P FUNKYCHRAM DISPO,CBD,0.00000000,NONE,NONE,
810168272535,TORCH P 1GM GG4 DISPOSABLE,CBD,0.00000000,NONE,NONE,
810168272559,TORCH 1GM P MIDNGHT DISPOSABLE,CBD,0.00000000,NONE,NONE,
810168272580,TORCH 1GM MASTERKUSH DISPO,CBD,0.00000000,NONE,NONE,
810168273907,OPIA PINK LEMONADE SHOT,KRATOM,0.00000000,NONE,NONE,
810168273921,OPIA BLACK CLASSIC SHOT,KRATOM,0.00000000,NONE,NONE,
810168274232,OPIA SOUR APPLE 80MG,KRATOM,0.00000000,NONE,NONE,
810168274263,OPIA WILD CHERRY 80MG,KRATOM,0.00000000,NONE,NONE,
810171513069,STIIIZY 5MG WTRMLN SELTZER,CBD,0.00000000,NONE,NONE,
810172480605,PULSE LIQUID SR APL B POP 30MG,SALT NIC,0.00000000,NONE,NONE,
810172480629,PULSE LIQUID SOUR STRAWB 30MG,SALT NIC,0.00000000,NONE,NONE,
810172480643,PULSE LIQUID TRIPL BRRY 30MG,SALT NIC,0.00000000,NONE,NONE,
810172480667,PULSE LIQUID STRAW BANANA 30MG,SALT NIC,0.00000000,NONE,NONE,
810172480681,PULSE LIQUID PINK LEM 30MG,SALT NIC,0.00000000,NONE,NONE,
810172480704,PULSE LIQUID COOL MINT 30MG,SALT NIC,0.00000000,NONE,NONE,
810172480728,PULSE LIQUID BLU RAZ ICE 30MG,SALT NIC,0.00000000,NONE,NONE,
810172480742,PULSE LIQUID WTRMLN ICE 30MG,SALT NIC,0.00000000,NONE,NONE,
810172480766,PULSE LIQUID FUKCING FAB 30MG,SALT NIC,0.00000000,NONE,NONE,
810172480780,PULSE LIQUID MIAMI MINT 30MG,SALT NIC,0.00000000,NONE,NONE,
810172480803,PULSE LIQUID SR APL B POP 50MG,SALT NIC,0.00000000,NONE,NONE,
810172480827,PULSE LIQUID SOUR STRAWB 50MG,SALT NIC,0.00000000,NONE,NONE,
810172480841,PULSE LIQUID TRIPL BRRY 50MG,SALT NIC,0.00000000,NONE,NONE,
810172480865,PULSE LIQUID STRAW BANANA 50MG,SALT NIC,0.00000000,NONE,NONE,
810172480889,PULSE LIQUID PINK LEM 50MG,SALT NIC,0.00000000,NONE,NONE,
810172480902,PULSE LIQUID COOL MINT 50MG,SALT NIC,0.00000000,NONE,NONE,
810172480926,PULSE LIQUID BLUE RAZ ICE 50MG,SALT NIC,0.00000000,NONE,NONE,
810172480940,PULSE LIQUID WTRMLN ICE 50MG,SALT NIC,0.00000000,NONE,NONE,
810172480964,PULSE LIQUID FUKCING FAB 50MG,SALT NIC,0.00000000,NONE,NONE,
810172480988,PULSE LIQUID MIAMI MINT 50MG,SALT NIC,0.00000000,NONE,NONE,
810197800006,HYPPE 50K VIRGINIA TABACCO,ZIIPLAB,0.00000000,NONE,NONE,
810197800020,HYPPE 50K NAKED,ZIIPLAB,0.00000000,NONE,NONE,
810197800044,HYPPE 50K MIGHTY MINT,ZIIPLAB,0.00000000,NONE,NONE,
810197800068,HYPPE 50K CHEW WATERMELON,ZIIPLAB,0.00000000,NONE,NONE,
810197800082,HYPPE 50K GRAPE ALOE FREEZE,ZIIPLAB,0.00000000,NONE,NONE,
810197800105,HYPPE 50K CHEWY BANANA FREEZE,ZIIPLAB,0.00000000,NONE,NONE,
810197800129,HYPPE 50K BLUE RAZZ FREEZE,ZIIPLAB,0.00000000,NONE,NONE,
810197800143,HYPPE 50K STRAW RAZZ FREEZE,ZIIPLAB,0.00000000,NONE,NONE,
810197800167,HYPPE 50K SOUR WTRMLN FREEZE,ZIIPLAB,0.00000000,NONE,NONE,
810197800181,HYPPE 50K COOL MINT,ZIIPLAB,0.00000000,NONE,NONE,
810197800204,HYPPE 50K PEACH FREEZE,ZIIPLAB,0.00000000,NONE,NONE,
810197800242,HYPPE 50K STRAWBERRY GLOW,ZIIPLAB,0.00000000,NONE,NONE,
810197800266,HYPPE 50K FIZZY COLA,ZIIPLAB,0.00000000,NONE,NONE,
810197800280,HYPPE 50K SR APPLE FREEZE,ZIIPLAB,0.00000000,NONE,NONE,
810197800327,HYPPE 50K DUBAI CHOCLATE,ZIIPLAB,0.00000000,NONE,NONE,
810197800341,HYPPE 50K SOURSUMMERFAB,ZIIPLAB,0.00000000,NONE,NONE,
810197800372,HYPPE 50K HAWAIIAN POG,ZIIPLAB,0.00000000,NONE,NONE,
810197800389,HYPPE 50K RAINBOW LOOPS,ZIIPLAB,0.00000000,NONE,NONE,
810197800402,HYPPE 50K MISU MIDNIGHT,ZIIPLAB,0.00000000,NONE,NONE,
810197800440,HYPPE 50K KIWI MELON BLUSH,ZIIPLAB,0.00000000,NONE,NONE,
810197800778,HYPPE 50K PINE LYCHEE FREEZZE,ZIIPLAB,0.00000000,NONE,NONE,
810200477836,OFFGRID 0.5ML BLUEBERRY BLAST,CBD,0.00000000,NONE,NONE,
810200477843,OFFGRID 0.5ML LEMON MINT,CBD,0.00000000,NONE,NONE,
810200477850,OFFGRID 0.5ML ORANGESICLE,CBD,0.00000000,NONE,NONE,
810200477867,OFFGRID 0.5ML STRAWBERRY RUSH,CBD,0.00000000,NONE,NONE,
810200477874,OFFGRID 0.5ML TROPICAL PUNCH,CBD,0.00000000,NONE,NONE,
810200477881,OFFGRID 0.5ML WATERMELON ICE,CBD,0.00000000,NONE,NONE,
810201540003,BECO 60K COOL MINT,ZIIPLAB,0.00000000,NONE,NONE,
810201540027,BECO 60K MIAMI MINT,ZIIPLAB,0.00000000,NONE,NONE,
810201540041,BECO HOLD MAX 60K WTR ICE,ZIIPLAB,0.00000000,NONE,NONE,
810201540089,BECO 60K STRAWBERRY CAKE,ZIIPLAB,0.00000000,NONE,NONE,
810201540164,BECO 60K SOUR APPLE ICE,ZIIPLAB,0.00000000,NONE,NONE,
810201544865,BECO HOLD MAX 60K SOUR GUSH,ZIIPLAB,0.00000000,NONE,NONE,
810201544889,BECO HOLD MAX 60K MEX MANGO,ZIIPLAB,0.00000000,NONE,NONE,
810201544896,BECO HOLD MAX 60K PINE ICE,ZIIPLAB,0.00000000,NONE,NONE,
810201546111,BECO CLEAR 70K MIXED BRY,ZIIPLAB,0.00000000,NONE,NONE,
810201546128,BECO CLEAR 70K CALI CHRY,ZIIPLAB,0.00000000,NONE,NONE,
810201546142,BECO CLEAR 70K SOUR GUSH,ZIIPLAB,0.00000000,NONE,NONE,
810203870597,GB PULSE FRZN STRWBRY 15K,ZIIPLAB,0.00000000,NONE,NONE,
810203870863,GB PULSEX STR WTR,ZIIPLAB,0.00000000,NONE,NONE,
810203870870,GB PULSE X STRWBRY WTRMLN 25K,ZIIPLAB,0.00000000,NONE,NONE,
810203871242,gb pulsex White Peach,ZIIPLAB,0.00000000,NONE,NONE,
810203871259,GB PULSE X WHTE PCH RASPBE 25K,ZIIPLAB,0.00000000,NONE,NONE,
810203872768,GB MATE SOUR APPLE POD,ZIIPLAB,0.00000000,NONE,NONE,
810203872782,GB MATE WHITE GUMMY POD,ZIIPLAB,0.00000000,NONE,NONE,
810203872805,GB MATE MIAMI MINT POD,ZIIPLAB,0.00000000,NONE,NONE,
810203872829,GB MATE JUICY PEACH POD,ZIIPLAB,0.00000000,NONE,NONE,
810203872843,GB MATE COOL MINT POD,ZIIPLAB,0.00000000,NONE,NONE,
810203872904,GB MATE STRAWBERRY BANANA POD,ZIIPLAB,0.00000000,NONE,NONE,
810203872928,GB MATE AMAZON LEMONADE POD,ZIIPLAB,0.00000000,NONE,NONE,
810203872942,GB MATE WATERMELON ICE POD,ZIIPLAB,0.00000000,NONE,NONE,
810203872966,GB MATE BLUE RAZZ POD,ZIIPLAB,0.00000000,NONE,NONE,
810203872980,GB MATE SKY BLUE ICE POD,ZIIPLAB,0.00000000,NONE,NONE,
810203873000,GB PULSE 2 WHITE PEACH HUBBA,ZIIPLAB,0.00000000,NONE,NONE,
810203873024,GB PULSE 2 BLUE RAZZ HUBBA,ZIIPLAB,0.00000000,NONE,NONE,
810203873048,GB PULSE 2 LEMON HUBBA,ZIIPLAB,0.00000000,NONE,NONE,
810203873062,GB PULSE 2 GRAPE HUBBA,ZIIPLAB,0.00000000,NONE,NONE,
810203873086,GB PULSE 2 STRAW WTRMLN HUBBA,ZIIPLAB,0.00000000,NONE,NONE,
810203874038,GB PULSE 2 RASPBERRYWATERMELON,ZIIPLAB,0.00000000,NONE,NONE,
810203874168,GB BURJ GRAPE MINT,ZIIPLAB,0.00000000,NONE,NONE,
810203874205,GB BURJ LEMON MINT,ZIIPLAB,0.00000000,NONE,NONE,
810203874243,GB BURJ GUM MINT,ZIIPLAB,0.00000000,NONE,NONE,
810203874267,GB BURJ DOUBLE APPLE,ZIIPLAB,0.00000000,NONE,NONE,
810203874304,GB BURJ STRAWBERRY,ZIIPLAB,0.00000000,NONE,NONE,
810203874305,GB BURJ WATERMELON MINT,ZIIPLAB,0.00000000,NONE,NONE,
810203874328,GB BURJ BLUE RAZZ,ZIIPLAB,0.00000000,NONE,NONE,
810203876223,GB PULSE X2 BLUEBERRY JAM,ZIIPLAB,0.00000000,NONE,NONE,
810203876247,GB PULSE X2 WILD CHERRY SLUSH,ZIIPLAB,0.00000000,NONE,NONE,
810203876308,GB PULSE X2 PINK & BLUE,ZIIPLAB,0.00000000,NONE,NONE,
810203876360,GB PULSE X2 BANANATAFFY FREEZE,ZIIPLAB,0.00000000,NONE,NONE,
810203876384,GB PULSE X2 WATERMELON ICE,ZIIPLAB,0.00000000,NONE,NONE,
810203876926,GB PULSE 2 FCUKING FAB,ZIIPLAB,0.00000000,NONE,NONE,
810203876964,GB PULSE 2 WHITE GUMMY ICE,ZIIPLAB,0.00000000,NONE,NONE,
810203877022,GB PULSE 2 SOUR APPLE ICE,ZIIPLAB,0.00000000,NONE,NONE,
810203877138,GB PULSE 2 SOUR GUSH,ZIIPLAB,0.00000000,NONE,NONE,
810205400006,tre house,7476667,0.00000000,NONE,NONE,
810205400020,Tre house,7476667,0.00000000,NONE,NONE,
810205400075,Tre house,7476667,0.00000000,NONE,NONE,
810221980582,MAMBA CBD DISPO BANANA ICE,ZIIPLAB,0.00000000,NONE,NONE,
810271030008,CBD MD 300MG TINCTURE,CBD,18.00000000,NONE,NONE,
810271030572,cbdMD 750mg,CBD,0.00000000,NONE,NONE,810271030411
810429030829,SALT FACTORY 30ML (SALT NIC),SALT NIC,0.00000000,NONE,NONE,810084460030
810429038177,AIR FACTORY 60ML,10,0.00000000,NONE,NONE,810429038054
810439034077,NICOTINE SOLUTION,10,0.00000000,NONE,NONE,810439034060
810600037401,I LOVE SALTS MAD HATTER,SALT NIC,0.00000000,NONE,NONE,810600037401
810600038217,CBDFX CAPSULES 8CT,CBD,10.00000000,NONE,NONE,
810618030036,THE HYPE / VAPE PINK 100ml,10,0.00000000,NONE,NONE,810618030012
810618031095,PROPAGANDA COOKIE BUTTER,ZIIPLAB,0.00000000,NONE,NONE,
810618031293,PROPAGANDA CALI BAR BLUE SLUSH,ZIIPLAB,0.00000000,NONE,NONE,
810618036250,VAPE PINK 100ML,10,0.00000000,NONE,NONE,810618030548
810618036946,PROPAGANDA 30ML (SALT NIC),SALT NIC,0.00000000,NONE,NONE,810618036908
810618037462,D8 Dispo Pineapple Kush,ZIIPLAB,0.00000000,NONE,NONE,
810618037561,D8 Dispo Gelato,ZIIPLAB,0.00000000,NONE,NONE,
810618037660,D8 Dispo Wedding Cake,ZIIPLAB,0.00000000,NONE,NONE,
810618037769,D8 Dispo Zkittles,ZIIPLAB,0.00000000,NONE,NONE,
810618037967,D8 Dispo Honey Kush,ZIIPLAB,0.00000000,NONE,NONE,
810618038070,D8 Dispo Forbidden Fruit,ZIIPLAB,0.00000000,NONE,NONE,
810618038100,D10 Dispo Twisted Citrus,ZIIPLAB,0.00000000,NONE,NONE,
810618038124,D10 Dispo Banana Runtz,ZIIPLAB,0.00000000,NONE,NONE,
810618038148,D10 Dispo Ekto Cooler,ZIIPLAB,0.00000000,NONE,NONE,
810618038162,D10 Dispo Maui Wowie,ZIIPLAB,0.00000000,NONE,NONE,
810618038179,THE HIVE D8 DISPO PINEAPPLE KU,ZIIPLAB,0.00000000,NONE,NONE,
810618038186,THE HIVE D8 DISPO MAUI WOWIE,ZIIPLAB,0.00000000,NONE,NONE,
810618038193,the hive d8 dispo ZKITTLEs,ZIIPLAB,0.00000000,NONE,NONE,
810618038209,THE HIVE D8 DISPO 24K GOLD,ZIIPLAB,0.00000000,NONE,NONE,
810618038384,THE HYPE BLUE FROST,10,0.00000000,NONE,NONE,
810618038537,THE HYPE STRAW ALA 3MG,10,0.00000000,NONE,NONE,
810618038544,THE HYDE ALA MODE 6MG,10,0.00000000,NONE,NONE,
810618038988,PROPAGANDA SALTS,10,0.00000000,NONE,NONE,810618038964
810618039169,PURLYF DIAMOND CART,CBD,0.00000000,NONE,NONE,810618039145
810618039220,THE HIVE TROPCOOKIE DISP,ZIIPLAB,0.00000000,NONE,NONE,
810618039244,THE HIVE 2GM GRAPE APE DISP,ZIIPLAB,0.00000000,NONE,NONE,
810618039541,Knockout 2g Dispo Pineapple Ex,ZIIPLAB,0.00000000,NONE,NONE,
810618039565,Knockout 2g Dispo Unicorn Piss,ZIIPLAB,0.00000000,NONE,NONE,
810618039589,Knockout Blend Dispo G.S.C. 2g,ZIIPLAB,0.00000000,NONE,NONE,
810618039602,Honeyroot 2g Cart OG Kush,CBD,0.00000000,NONE,NONE,
810618039619,Honeyroot 2g Cart Granddaddy,CBD,0.00000000,NONE,NONE,
810618039626,Super Silver Haze 2g cart,CBD,0.00000000,NONE,NONE,
810669020789,zaero blueberry lemonade,ZIIPLAB,0.00000000,NONE,NONE,
810669020796,zaero sweet orange,ZIIPLAB,0.00000000,NONE,NONE,
810669029416,zaero banana,ZIIPLAB,0.00000000,NONE,NONE,
810669029454,zaero chocolate,ZIIPLAB,0.00000000,NONE,NONE,
810687014821,njoy ace device,JUUL LAB,0.00000000,NONE,NONE,
810687014913,njoy tobacco 5% pod of 2,JUUL LAB,0.00000000,NONE,NONE,
810687014937,njoy menthol 5% pod of 2,JUUL LAB,7.01000000,NONE,NONE,
810859030048,COMET OOZE ENAIL,2,0.00000000,NONE,NONE,
810859030949,OOZE BOWSER SILICONE PIPE,1,0.00000000,NONE,NONE,810859030956
810859033490,OOZE STEAMBOAT WATER PIPE,1,0.00000000,NONE,NONE,810859031625
810859033544,OOZE STACK WATER PIPE,1,0.00000000,NONE,NONE,810859033537
810859035807,OOZE QUARTZ GLASS BOWL,1,0.00000000,NONE,NONE,
810859035814,ooze quartz banger 14mm,1,0.00000000,NONE,NONE,
810859036316,OOZE NOVEX,4,0.00000000,NONE,NONE,810859036309
810859036941,OOZE SILICON PIPE + CHILUM,1,0.00000000,NONE,NONE,810859036903
810859037214,ROLLING TRAY,8,0.00000000,NONE,NONE,810859037139
810859039683,OOZE CLOBB SILICONE WATER PIPE,1,0.00000000,NONE,NONE,810859039744
810859039812,OOZE CRANIUM  WATER PIPE,1,0.00000000,NONE,NONE,810859039836
811020028758,Platinum,CBD,0.00000000,NONE,NONE,793573158123
811481034091,RIOT SALT NIC SPECIAL,SALT NIC,0.00000000,NONE,NONE,811481034053
811736020411,GPEN PRO,2,0.00000000,NONE,NONE,
811736020473,G PEN SLIM,2,0.00000000,NONE,NONE,
811736020541,DGK G GRENCO KIT,2,0.00000000,NONE,NONE,
811736020565,SNOOP DOGG G PRO KIT,2,0.00000000,NONE,NONE,
811736022224,NOVA GPEN BATTERY,4,0.00000000,NONE,NONE,
811736025362,G PEN MICRO VAPORIZOR,1,0.00000000,NONE,NONE,
811736025485,G PEN X COOKIE MICRO VAPORIZOR,1,0.00000000,NONE,NONE,
811736026635,G PEN X TYSON 2.0 DASH VAPOR,1,0.00000000,NONE,NONE,
811904033731,MONTEL HEMP CAPSULES,CBD,52.00000000,NONE,NONE,811904033748
811960030002,DD GUMMIES STRAWBERRY STARDUST,7476667,0.00000000,NONE,NONE,
811960030248,MELON REFRESHER PHRUT 50 MG 30,SALT NIC,0.00000000,NONE,NONE,
811960030262,MELON REFRESHER PHRUT 35 MG 30,SALT NIC,0.00000000,NONE,NONE,
811960030293,MANGO MADNESS PHRUT 50 MG 30,SALT NIC,0.00000000,NONE,NONE,
811960030316,MANGO MADNESS PHRUT 35 MG 30,SALT NIC,0.00000000,NONE,NONE,
811960030330,PURPLE LEMON PHRUT 50 MG 30 ML,SALT NIC,0.00000000,NONE,NONE,
811960030347,PURPLE LEMON PHRUT 35 MG 30 ML,SALT NIC,0.00000000,NONE,NONE,
811960030743,TORCH/EXTRAX DOSI PUNCH 2.2 G,CBD,0.00000000,NONE,NONE,
811960030842,TORCH/EXTRAX LAUGHING GAS 2.2,CBD,0.00000000,NONE,NONE,
811960030903,DD GUMMIES BLUE COSMIC BLAST,7476667,0.00000000,NONE,NONE,
811960030910,DD GUMMIES PURPLE BERRY BLISS,7476667,0.00000000,NONE,NONE,
811960030996,TORCH/EXTRAX CHAMPAGNE BREATH,CBD,0.00000000,NONE,NONE,
811960031030,DD GUMMIES WATERMLN WONDERLAND,7476667,0.00000000,NONE,NONE,
811960031351,BLUE CITRUS PHRUT 50 MG 30,SALT NIC,0.00000000,NONE,NONE,
811960031375,BLUE CITRUS PHRUT 35 MG 30,SALT NIC,0.00000000,NONE,NONE,
811960031443,RESIN SERIES RUNTZ 2G DISP,ZIIPLAB,0.00000000,NONE,NONE,
811960031450,RESIN SERIES CANNATONIC 2G DIS,CBD,0.00000000,NONE,NONE,811960032815
811960031511,MELON REFRESHER PHRUT 3 MG 100,10,0.00000000,NONE,NONE,
811960031733,RESIN SERIES PLUS STRAWBERRYSC,ZIIPLAB,0.00000000,NONE,NONE,
811960031771,PURPLE LEMON 3 MG 100 ML PHRUT,SALT NIC,0.00000000,NONE,NONE,
811960031825,MELON REFRESHER PHRUT 6 MG 100,10,0.00000000,NONE,NONE,
811960032730,RESIN SERIES SUPER GLUE 2G DIS,ZIIPLAB,0.00000000,NONE,NONE,
811960032785,divine detox,CBD,0.00000000,NONE,NONE,
811960032846,EXTRAX LB 3.5G STAR DUST OG,ZIIPLAB,0.00000000,NONE,NONE,
811960032860,EXTRAX LIQUID BADDER 3.5G DOSI,ZIIPLAB,0.00000000,NONE,NONE,
811960032914,LIQUID BADDER 3.5G ATF,ZIIPLAB,0.00000000,NONE,NONE,
811960032945,resin series dog walker og,CBD,0.00000000,NONE,NONE,
811960032976,RESIN SERIES PLUS WHITE WIDOW,ZIIPLAB,0.00000000,NONE,NONE,
811960033010,ESCO BAR RIPE PEAR APP PAPYA,SALT NIC,0.00000000,NONE,NONE,
811960033034,ESCO BARS BLUE RAZZ POM ICE,ZIIPLAB,0.00000000,NONE,NONE,
811960033065,THC ROX BLUE RASPBERRY,CBD,0.00000000,NONE,NONE,9992
811960033072,ESCO BARS STRAW MELONS,ZIIPLAB,0.00000000,NONE,NONE,
811960033089,THC ROX TROPICAL BLAST,CBD,0.00000000,NONE,NONE,9993
811960033096,ESCO BARS BANANA BERRY PUNCH,ZIIPLAB,0.00000000,NONE,NONE,
811960033102,CAVIAR GREEN CRACK 2 PREROLL,CBD,0.00000000,NONE,NONE,
811960033126,CAVIAR SOUR DIESEL 2 PREROLL,CBD,0.00000000,NONE,NONE,
811960033133,EB MEGA MANGOBERRYICE,ZIIPLAB,0.00000000,NONE,NONE,
811960033195,PURPLE LEMON PHRUT 6 MG 100 ML,SALT NIC,0.00000000,NONE,NONE,
811960033256,EXTRAX OG KUSH HYBRID DELTA 10,CBD,0.00000000,NONE,NONE,
811960033287,RESIN SERIES plus SFV OG 2G,ZIIPLAB,0.00000000,NONE,NONE,811960039067
811960033560,RIPE 30ML SALTS,SALT NIC,0.00000000,NONE,NONE,811960032020
811960033621,RIPE 100ML,10,0.00000000,NONE,NONE,811960031849
811960033904,HONEY PHRUT 3MG 100ML,10,0.00000000,NONE,NONE,
811960034185,SAVAGE CBD 100MG,CBD,0.00000000,NONE,NONE,
811960034543,PUREOHM 7H BRRY BLISS SHOT,KRATOM,0.00000000,NONE,NONE,
811960034826,PUREOHM 7H BLACK SHOT,KRATOM,0.00000000,NONE,NONE,
811960035120,EXTRAX DARK CHOCOLATE 150 MG,CBD,0.00000000,NONE,NONE,
811960035137,EXTRAX PEPPERMINT 150 MG,CBD,0.00000000,NONE,NONE,
811960035977,TROCH/EXTRAX DICED PINE 2.2 G,ZIIPLAB,0.00000000,NONE,NONE,
811960035984,TORCH/EXTRAX PARADISE OG 2G,CBD,0.00000000,NONE,NONE,
811960036493,PUREOHMS HYRDOXYMITRAGYNINE,KRATOM,0.00000000,NONE,NONE,
811960036646,Halfers Sour Lifter/jar,CBD,0.00000000,NONE,NONE,
811960036714,Halfers Legend OG/Jar,CBD,0.00000000,NONE,NONE,
811960037711,SAVAGE DISP BLUE CANDY KUSH,ZIIPLAB,0.00000000,NONE,NONE,
811960037735,EFFEX CART MAUI WOWIE,CBD,0.00000000,NONE,NONE,
811960037759,EFFEX CART ICE CREAM COOKIES,CBD,0.00000000,NONE,NONE,
811960037773,EUPHORICA CART HAWAIIAN HAZE,CBD,0.00000000,NONE,NONE,
811960037797,Effex  tropical Zkittez dab,CBD,0.00000000,NONE,NONE,811960037797
811960037810,SAVAGE ENTERPRISES PINE APPLE,CBD,0.00000000,NONE,NONE,
811960037919,SAVAGE DISP EKTO KOOLER,ZIIPLAB,0.00000000,NONE,NONE,
811960037933,SAVAGE D10 DISP WEDDING CKE,ZIIPLAB,0.00000000,NONE,NONE,
811960037964,ESCO BARS KIWI DRAGON BERRY,ZIIPLAB,0.00000000,NONE,NONE,
811960037988,ESCO BARS STRAW NANERS ICE,ZIIPLAB,0.00000000,NONE,NONE,
811960038008,ESCO BAR BLUE RAZZLE POM,ZIIPLAB,0.00000000,NONE,NONE,
811960038077,EFFEX BERRY GELATO INDICA,ZIIPLAB,0.00000000,NONE,NONE,
811960038084,EFFEX GSC HYBRID,ZIIPLAB,0.00000000,NONE,NONE,
811960038176,extrax D8 blue razz slushie,CBD,0.00000000,NONE,NONE,
811960038299,EFFEX D8 THCP DISP MAI TAI,ZIIPLAB,0.00000000,NONE,NONE,
811960038312,EFFEX D8 THCPDISP SUNSET SHERB,ZIIPLAB,0.00000000,NONE,NONE,
811960038329,Esco Bars Peachy Mango Pinneap,ZIIPLAB,0.00000000,NONE,NONE,
811960038350,ESCO BARS TROPIC RAINBOW BLAST,ZIIPLAB,0.00000000,NONE,NONE,
811960038428,EFFEX CART BLUE WIDOW,CBD,0.00000000,NONE,NONE,
811960038442,EFFEX CART CHERRY PIE,CBD,0.00000000,NONE,NONE,
811960038466,HYDRO GODS GIFT,ZIIPLAB,0.00000000,NONE,NONE,
811960038480,extrax purple punch,ZIIPLAB,0.00000000,NONE,NONE,
811960038633,Halfers Grape Ape/Jar,CBD,0.00000000,NONE,NONE,
811960038664,Halfers Strawberry Cough/jar,CBD,0.00000000,NONE,NONE,
811960038824,ESCO BAR PEA/MANG/PINEA/ ICE,ZIIPLAB,0.00000000,NONE,NONE,
811960038831,ESCO BARS FIJI MELONS ICE,ZIIPLAB,0.00000000,NONE,NONE,
811960038886,Halfers White OG Kush/Jar,CBD,0.00000000,NONE,NONE,
811960039043,DOUBLE BUBLE 2GM DISPO,CBD,0.00000000,NONE,NONE,
811960039098,EXTRAX 2G D10 ORANGE CREAMSCL,CBD,0.00000000,NONE,NONE,
811960039104,EUPHORICA GREEN CUSH 2G DISPO,CBD,0.00000000,NONE,NONE,
811960039234,OCHO EXTRAX AC/DC,ZIIPLAB,0.00000000,NONE,NONE,
811960039579,SUGAR EXTRAX lemonade kush,CBD,0.00000000,NONE,NONE,
811960039586,sugar extrax pineapple express,CBD,0.00000000,NONE,NONE,
811960039593,SUGAR EXTRAX sour tsunami,CBD,0.00000000,NONE,NONE,
811960039883,HR EXTX THIN MINT OG 2G,ZIIPLAB,0.00000000,NONE,NONE,
811960039890,HoneyRoot Green Crack 2g Dispo,ZIIPLAB,0.00000000,NONE,NONE,
811960039906,HR EXTRX SUPER SOUR DIESEL 2G,ZIIPLAB,0.00000000,NONE,NONE,
811960039913,HR EXTRX BANANA KUSH 2G,ZIIPLAB,0.00000000,NONE,NONE,
811960039920,HoneyRoot 2g Dispo Straw Cough,ZIIPLAB,0.00000000,NONE,NONE,
811960039937,Honeyroot 2g Dispo Blue Dream,ZIIPLAB,0.00000000,NONE,NONE,
811976030003,SUMMER STRAWBERRY PODS,MYLE VAP,12.99000000,NONE,NONE,
811976030027,CUBANO,MYLE VAP,0.00000000,NONE,NONE,
811976030041,MIGHTY MINT PODS,MYLE VAP,12.99000000,NONE,NONE,
811976030065,MANGO PODS,MYLE VAP,12.99000000,NONE,NONE,
811976030089,LUSH ICE PODS,MYLE VAP,12.99000000,NONE,NONE,
811976030102,MYLE BASIC KIT,MYLE VAP,16.00000000,NONE,NONE,
811976030126,MYLE MIDNIGHT BLACK KIT,MYLE VAP,16.00000000,NONE,NONE,
811976030164,MYLE HOT RED KIT,MYLE VAP,16.00000000,NONE,NONE,
811976031277,MYLE PRIME PINK KIT,MYLE VAP,16.00000000,NONE,NONE,
811976031352,MYLE ELITE WHITE KIT,MYLE VAP,16.00000000,NONE,NONE,
811976031475,MYLE ICED MINT,MYLE VAP,0.00000000,NONE,NONE,
811976031550,ICED QUAD BERRY,MYLE VAP,0.00000000,NONE,NONE,
811976031635,MYLE ICED APPLE MANGO,MYLE VAP,0.00000000,NONE,NONE,
811976031710,MYLE TROP FUIT MIX,MYLE VAP,0.00000000,NONE,NONE,
811976031796,MYLE POUND CAKE,MYLE VAP,0.00000000,NONE,NONE,
811976031956,MYLE SWEET MANGO,MYLE VAP,0.00000000,NONE,NONE,
812010030232,HOMETOWN HERO SALTS,SALT NIC,0.00000000,NONE,NONE,812010030218
812010031932,hometown hero tch squares ALL,CBD,0.00000000,NONE,NONE,812010031901
812010031956,HOMETOWN HERO GUMMIES/ ALL,CBD,0.00000000,NONE,NONE,812010031345
812025092829,PIXI 50K DOUBLE GRAPE ICE,ZIIPLAB,0.00000000,NONE,NONE,
812025092843,PIXI 50K SOUR PINEAPPLE STRAW,ZIIPLAB,0.00000000,NONE,NONE,
812025092867,PIXI 50K SOUR WATERMELON ICE,ZIIPLAB,0.00000000,NONE,NONE,
812025092881,PIXI 50K SR DOUBLE APPLE ICE,ZIIPLAB,0.00000000,NONE,NONE,
812025092904,PIXI 50K STRAWBERRY DEW ICE,ZIIPLAB,0.00000000,NONE,NONE,
812025092928,PIXI 50K COOL MINT,ZIIPLAB,0.00000000,NONE,NONE,
812025092942,PIXI 50K BLOOD ORANGE ICE,ZIIPLAB,0.00000000,NONE,NONE,
812025092980,PIXI 50K BLUE RAZZ ICE,ZIIPLAB,0.00000000,NONE,NONE,
812025093000,PIXI 50K BLACK CURRANT GRAPE,ZIIPLAB,0.00000000,NONE,NONE,
812025101842,PIXI 50K CANE TOBACCO,ZIIPLAB,0.00000000,NONE,NONE,
812025101897,PIXI 50K WHITE GUMMY,ZIIPLAB,0.00000000,NONE,NONE,
812025101910,PIXI 50K VANILLA BEAN COFFEE,ZIIPLAB,0.00000000,NONE,NONE,
812050030049,PINUP BETTY 3MG/ 60ML,10,0.00000000,NONE,NONE,
812050030070,PINUP BETTY 6MG/ 60ML,10,0.00000000,NONE,NONE,
812050030285,PINUP MARILYN 3MG/60ML,10,0.00000000,NONE,NONE,
812050030315,PINUP MARILYN 6MG/60ML,10,0.00000000,NONE,NONE,
812050030674,PINUP CHRISTIE 3MG/ 60ML,10,0.00000000,NONE,NONE,
812050030681,PINUP CHRISTIE 6MG 60ML,10,0.00000000,NONE,NONE,
812050030711,PINUP BARBI 3MG/ 60ML,10,0.00000000,NONE,NONE,
812050030728,PINUP BARBI 6MG/ 60ML,10,0.00000000,NONE,NONE,
812050030759,PINUP RITA 3MG/60ML,10,0.00000000,NONE,NONE,
812050030766,PINUP RITA 6MG/60ML,10,0.00000000,NONE,NONE,
812050030834,PINUP BETTY CHILL 3MG/ 60ML,10,0.00000000,NONE,NONE,
812050030841,PINUP BETTY CHILL 6MG/ 60ML,10,0.00000000,NONE,NONE,
812050033453,PIN UP SALT NIC 30ML,SALT NIC,0.00000000,NONE,NONE,
812050033484,PINUP SALT NIC 30 ML,10,0.00000000,NONE,NONE,812050033460
812363025169,THE BEE KEEPER HONEY STICK,2,0.00000000,NONE,NONE,812363025169
812363027293,OIL RECOVERY KIT,1,0.00000000,NONE,NONE,
812363027330,HIGH ROLLER KIT,2,0.00000000,NONE,NONE,812363027330
812363028030,ELF VPR STRAWBERRY WATERMELON,ZIIPLAB,0.00000000,NONE,NONE,
812363028054,ELF VPR TRIPLE BERRY ICE,ZIIPLAB,0.00000000,NONE,NONE,
812363028160,ELF VPR WATERMELON ICE,ZIIPLAB,0.00000000,NONE,NONE,
812363028191,ELF VPR BLUERAZZ ICE,ZIIPLAB,0.00000000,NONE,NONE,
812363028245,ELF VPR STRAWBERRY BANANA,ZIIPLAB,0.00000000,NONE,NONE,
812363028719,ELF VPR WATERMELON BUBBLEGUM,ZIIPLAB,0.00000000,NONE,NONE,
812363028726,ELF VPR STRAZZ,ZIIPLAB,0.00000000,NONE,NONE,
813239023494,30ML CLEARANCE free base,CLEARNCE,0.00000000,NONE,NONE,813239020318
813239024415,SPACE JAM PEN,2,0.00000000,NONE,NONE,
813239024446,SPACE JAM COIL 2 PACK,5,0.00000000,NONE,NONE,
813239027980,TASTE VAPOR 100ML,10,0.00000000,NONE,NONE,813239026853
813239028208,SPACEJAM SALT NIC,SALT NIC,0.00000000,NONE,NONE,813239028178
813463010253,XIKAR BLACK BUTANE 400 ML EA,1,0.00000000,NONE,NONE,
813463015692,XIKAR BUTANE SILVER 400 ML EA,1,0.00000000,NONE,NONE,
813613021054,MI ONE KIT,2,21.00000000,NONE,NONE,813613021078
813613024208,MI-POD 2ML PODS,5,0.00000000,NONE,NONE,
813613028596,MI-POD,2,0.00000000,NONE,NONE,1361302860
813613029548,MI-POD PLUM,2,0.00000000,NONE,NONE,
813613029555,MI-POD BLACK,2,0.00000000,NONE,NONE,
813613029562,MI-POD WHITE,2,0.00000000,NONE,NONE,
813613029579,MI-POD RED,2,0.00000000,NONE,NONE,
814014023628,HYDE PLUS PINE ICE,ZIIPLAB,0.00000000,NONE,NONE,
814014023666,HYDE PLUS ALOE GRAPE,ZIIPLAB,0.00000000,NONE,NONE,
81401402367,HYDE PLUS STRAW AND CREAM,ZIIPLAB,0.00000000,NONE,NONE,
814014023727,HYDE PLUS NEON RAIN,ZIIPLAB,0.00000000,NONE,NONE,
814014023741,HYDE PLUS BLUE RAZZ ICE,ZIIPLAB,0.00000000,NONE,NONE,
814014024965,GRUMPY OLD BASTARD 3MG,10,0.00000000,NONE,NONE,
814014024972,GRUMPY OLD BASTARD 6MG,10,0.00000000,NONE,NONE,
814014025047,ONE EYED TURTLE 3MG,10,0.00000000,NONE,NONE,
814014025054,ONE EYED TURTLE 6MG,10,0.00000000,NONE,NONE,
814014025320,JUNO PODS 4 CT,8,0.00000000,NONE,NONE,814014025313
814014025696,JUNO STARTER KIT,2,0.00000000,NONE,NONE,814014025702
814014026907,HYDE RICH,ZIIPLAB,0.00000000,NONE,NONE,
814014026921,HYDE SMOOTH,ZIIPLAB,0.00000000,NONE,NONE,
814014027386,HYDE CURVE PLUS BLUE RAZZ,ZIIPLAB,0.00000000,NONE,NONE,
814014027393,HYDE CURVE PLUS CHERRY LEMONAD,ZIIPLAB,0.00000000,NONE,NONE,
814014027409,HYDE CURVE PLUS HONEYDEW PUNCH,ZIIPLAB,0.00000000,NONE,NONE,
814014027416,HYDE CURVE PLUS LUSH ICE,ZIIPLAB,0.00000000,NONE,NONE,
814014027423,CURVE PLUS SPEARMENT,ZIIPLAB,0.00000000,NONE,NONE,
814014027430,HYDE CURVE PLUS BANANA ICE,ZIIPLAB,0.00000000,NONE,NONE,
814014027447,HYDE CURVE PLUS STRAW BANANA,ZIIPLAB,0.00000000,NONE,NONE,
814014027454,HYDE CURVE PLUS ALOE GRAPE,ZIIPLAB,0.00000000,NONE,NONE,
814014027461,HYDE CURVE PLUS PINK LEMNADE,ZIIPLAB,0.00000000,NONE,NONE,
814014027478,CURVE PLUS PEACH MANGO WATERME,ZIIPLAB,0.00000000,NONE,NONE,
814014027492,HYDE CURVE PLUS PINEAPPLE ICE,ZIIPLAB,0.00000000,NONE,NONE,
814014027508,CURVE PLUS PINEAPLE PEACH MANG,ZIIPLAB,0.00000000,NONE,NONE,
814014027515,HydeCurvePlusLemonCrumble,ZIIPLAB,0.00000000,NONE,NONE,
814014027683,HYDE EDGE PINK LEMONADE,ZIIPLAB,0.00000000,NONE,NONE,
814014027690,HYDE EDGE BLUE RAZZ 1500 PUFF,ZIIPLAB,0.00000000,NONE,NONE,
814014027713,HYDE EDGE HONEYDEW PUNCH,ZIIPLAB,0.00000000,NONE,NONE,
814014027720,HYDE EDGE SPEARMINT,ZIIPLAB,0.00000000,NONE,NONE,
814014027737,HYDE EDGE PEACH/MANGO/WATER,ZIIPLAB,0.00000000,NONE,NONE,
814014027744,HYDE EDGE LUSH ICE,ZIIPLAB,0.00000000,NONE,NONE,
814014027751,HYDE EDGE STRAW/CREAM,ZIIPLAB,0.00000000,NONE,NONE,
814014027768,HYDE EDGE MANGO ICE,ZIIPLAB,0.00000000,NONE,NONE,
814014027775,HYDE EDGE PINEAPLLE ICE,ZIIPLAB,0.00000000,NONE,NONE,
814014027782,HYDE EDGE BANANA ICE,ZIIPLAB,0.00000000,NONE,NONE,
814014027799,HYDE EDGE STRAWBERRY BANANA,ZIIPLAB,0.00000000,NONE,NONE,
814014027805,HYDE EDGE PINE/PEACH/MANGO,ZIIPLAB,0.00000000,NONE,NONE,
814014027812,HYDE EDGE ALOE GRAPE,ZIIPLAB,0.00000000,NONE,NONE,
814014027966,HYDE COLOR PLUS ALOE GRAPE,ZIIPLAB,0.00000000,NONE,NONE,
814014027997,HYDECLOREDITIONPLUS STRAMLN AP,ZIIPLAB,0.00000000,NONE,NONE,
814014028000,HYDE COLOR EDITION PLUS,ZIIPLAB,0.00000000,NONE,NONE,
814014028017,HYDE COLOR  PINK LEMONADE,ZIIPLAB,0.00000000,NONE,NONE,
814014028031,HYDE COLOR HONEY DEW PUNCH,ZIIPLAB,0.00000000,NONE,NONE,
814014028048,HYDE COLOR EDITION LUSH ICE,ZIIPLAB,0.00000000,NONE,NONE,
814014028109,HYDECOLOREDITION PLUS LMN CRUM,ZIIPLAB,0.00000000,NONE,NONE,
814014028437,HYDE COLOR EDITION PLUS COTTON,ZIIPLAB,0.00000000,NONE,NONE,
814014028468,HYDE EDGE BLUE RAZZ ICE,ZIIPLAB,0.00000000,NONE,NONE,
814014028475,HYDE EDGE NEON RAIN,ZIIPLAB,0.00000000,NONE,NONE,
814014028482,HYDE DUO RECHARGE 3K PUFFS,ZIIPLAB,0.00000000,NONE,NONE,814014028505
814014028635,HYDE PLUS HONEYDEW PUNCH,ZIIPLAB,0.00000000,NONE,NONE,
814014028642,HYDE PLUS BLUE RAZZ,ZIIPLAB,0.00000000,NONE,NONE,
814014028659,HYDE PLUS PEACH/MANGO/WATER,ZIIPLAB,0.00000000,NONE,NONE,
814014028680,HYDE PLUS CHERRY LEMONADE,ZIIPLAB,0.00000000,NONE,NONE,
814014028697,HYDE PLUS PINE/PEACH/MANGO,ZIIPLAB,0.00000000,NONE,NONE,
814014028703,HYDE PLUS STRAW BANANA,ZIIPLAB,0.00000000,NONE,NONE,
814014028734,HYDE PLUS LUSH ICE,ZIIPLAB,0.00000000,NONE,NONE,
814014028758,HYDE PLUS MANGO ICE,ZIIPLAB,0.00000000,NONE,NONE,
814014028772,HYDE PLUS PINK LEMONADE,ZIIPLAB,0.00000000,NONE,NONE,
814014028956,THE GOAT HERDER 3MG,10,0.00000000,NONE,NONE,
814014028963,THE GOAT HERDER 6MG,10,0.00000000,NONE,NONE,
814014028987,THE SECRET HANDSHAKE 3MG,10,0.00000000,NONE,NONE,
814014028994,THE SECRET HANDSHAKE 6MG,10,0.00000000,NONE,NONE,
814014029038,Hyde Recharge Peach mango wat,ZIIPLAB,0.00000000,NONE,NONE,814014029038
814014029328,HYDE RECHARGE BLUE RAZZ ICE,ZIIPLAB,0.00000000,NONE,NONE,
814014029342,HYDE RECHARGE SPEAR MINT,ZIIPLAB,0.00000000,NONE,NONE,
814014029359,HYDE EDGE RECHARGE PINK LEMON,ZIIPLAB,0.00000000,NONE,NONE,
814014029526,HYDE EDGE RECHARGE PINE ICE,ZIIPLAB,0.00000000,NONE,NONE,
814014029533,HYDE RECHARGE HONEY DEW,ZIIPLAB,0.00000000,NONE,NONE,
814014029540,HYDE RECHARGE BLUE RAZZ,ZIIPLAB,0.00000000,NONE,NONE,
814014029557,HYDE RECHARGE PEACH/MANGO/WATE,ZIIPLAB,0.00000000,NONE,NONE,
814014029564,HYDE EDGE RECHARGE ALOE GRAPE,ZIIPLAB,0.00000000,NONE,NONE,
814014029571,HYDE EDGE RECHARGE STRAW&CREAM,ZIIPLAB,0.00000000,NONE,NONE,850033958416
814014029595,HYDE RECHARGE PINE/PEACH/MANGO,ZIIPLAB,0.00000000,NONE,NONE,
814014029601,HYDE EDGE RECHARGE STRAW BANAN,ZIIPLAB,0.00000000,NONE,NONE,
814014029618,HYDE EDGE RECHARGE BANANA ICE,ZIIPLAB,0.00000000,NONE,NONE,
814014029625,HYDE EDGE RECHARGE NEON RAIN,ZIIPLAB,0.00000000,NONE,NONE,
814014029632,HYDE EDGE RECHARGE LUSH ICE,ZIIPLAB,0.00000000,NONE,NONE,
814014029649,HYDE CURVE PLUS NEON RAIN,ZIIPLAB,0.00000000,NONE,NONE,
814014029663,HYDE CURVE PLUS BLUE RAZZ ICE,ZIIPLAB,0.00000000,NONE,NONE,
814014029687,HYDE CURVE MAX STRAW CREAM,ZIIPLAB,0.00000000,NONE,NONE,
814014029700,HYDE CURVE MAXX HONEY DEW,ZIIPLAB,0.00000000,NONE,NONE,
814014029717,HYDE CURVE MAXX LUSH ICE,ZIIPLAB,0.00000000,NONE,NONE,
814014029748,HYDE CURVE MAXX STRAW BANANA,ZIIPLAB,0.00000000,NONE,NONE,
814014029755,HYDE CURVE MAXX PINK LEMONADE,ZIIPLAB,0.00000000,NONE,NONE,
814014029762,HYDE CURVE MAX PEACH/MANGO/WAT,ZIIPLAB,0.00000000,NONE,NONE,
814014029779,HYDE CURVE MAX PINEAPLE ICE,ZIIPLAB,0.00000000,NONE,NONE,
814014029786,HYDE CURVE MAX LEMON CRUMBLE,ZIIPLAB,0.00000000,NONE,NONE,
814014029793,HYDE CURVE MAXX ALOE GRAPE,ZIIPLAB,0.00000000,NONE,NONE,
814201805001,NTR 500,1,0.00000000,NONE,NONE,
814635023323,YO-GURTZ 60ML,10,0.00000000,NONE,NONE,814635023224
814635023521,DEJA VU 60ML,10,0.00000000,NONE,NONE,814635023422
814826022227,bake sale e liquid,10,0.00000000,NONE,NONE,
814826022258,BAKE SALE PURPLE WEDDING CAKE,10,0.00000000,NONE,NONE,
814826022289,CHARLIES CHALK DUST 60ML,10,0.00000000,NONE,NONE,814826021916
814826022290,CHARLIES CHALK DUST 60ML,10,0.00000000,NONE,NONE,
814826022425,CHARLIES CHALK DUST 60ML,10,0.00000000,NONE,NONE,
814826022432,CHARLIES CHALK DUST 60ML,10,0.00000000,NONE,NONE,
814826022456,CHARLIES CHALK DUST 60ML,10,0.00000000,NONE,NONE,
814826022463,CHARLIES CHALK DUST 60ML,10,0.00000000,NONE,NONE,
814826022487,CHARLIES CHALK DUST 60ML,10,0.00000000,NONE,NONE,
814826022494,CHARLIES CHALK DUST 60ML,10,0.00000000,NONE,NONE,
814826022647,CHARLIES CHALK DUST 60ML,10,0.00000000,NONE,NONE,
814826022654,CHARLIES CHALK DUST 60ML,10,0.00000000,NONE,NONE,
814826023712,CHARLIES CHALK DUST 60ML,10,0.00000000,NONE,NONE,
814826023729,CHARLIES CHALK DUST 60ML,10,0.00000000,NONE,NONE,
814826023972,CHARLIES CHALK DUST 60ML,10,0.00000000,NONE,NONE,
814826024078,CHARLIES CHALK DUST 60ML,10,0.00000000,NONE,NONE,
814826024245,CHARLIES CHALK DUST 100ML,10,0.00000000,NONE,NONE,814826024146
814826024603,CHARLIES CHALK DUST 60ML,10,0.00000000,NONE,NONE,
814826024610,CHARLIES CHALK DUST 60ML,10,0.00000000,NONE,NONE,
814826024788,CHARLIES CHALK DUST 60ML,10,0.00000000,NONE,NONE,
814826024795,CHARLIES CHALK DUST 60ML,10,0.00000000,NONE,NONE,
814826024870,THE CREATOR OF FLAVOR 100ML,10,0.00000000,NONE,NONE,814826024887
814826025099,CHARLIES CHALK DUST 60ML,10,0.00000000,NONE,NONE,
814826025273,PACHA MAMA STARFRUIT GRAPE,SALT NIC,0.00000000,NONE,NONE,
814826025297,PACHA MAMA ICY MANGO,SALT NIC,0.00000000,NONE,NONE,
814826025303,pacha mama salts 30ml,SALT NIC,0.00000000,NONE,NONE,810100430542
814826025433,CHARLIES SALT,10,0.00000000,NONE,NONE,814826025396
814826025976,PACHA MAMA CBD 500MG,CBD,0.00000000,NONE,NONE,814826025945
814826027161,PACHA MAMA SALTS SUBOHM,10,0.00000000,NONE,NONE,
814826027208,PACHA MAMA SALTS SUBOHM,10,0.00000000,NONE,NONE,
814826027215,PACHA MAMA SALTS SUBOHM,10,0.00000000,NONE,NONE,
814859010703,SUPERIOR BALANCE SCALE,1,0.00000000,NONE,NONE,878285001292
814859010949,AWS MINI CD SCALE,1,0.00000000,NONE,NONE,
814859011861,AWS-1KG Scale,1,0.00000000,NONE,NONE,
814894021887,BARRY FLUFFMAN 60ML,10,11.00000000,NONE,NONE,814894021900
815368021426,NJOY DAILY EXTRA TOBACCO,ZIIPLAB,0.00000000,NONE,NONE,
815368021488,NJOY DAILY EXTRA MENTHOL,ZIIPLAB,0.00000000,NONE,NONE,
815670024993,BLUE DREAM 2000 MG HHC THCP D9,CBD,0.00000000,NONE,NONE,
815834021721,BD DONT CARE BEAR 3MG,10,0.00000000,NONE,NONE,
815834021738,BD DONT CARE BEAR 6MG,10,0.00000000,NONE,NONE,
815834021806,BD FARLEYS GNARLY SAUCE 3MG,10,0.00000000,NONE,NONE,
815834021813,BD FARLEYS GNARLY SAUCE 6MG,10,0.00000000,NONE,NONE,
815834021844,BD BAD BLOOD 3MG,10,0.00000000,NONE,NONE,
815834021851,BD BAD BLOOD 6MG,10,0.00000000,NONE,NONE,
815834021882,BD UGLY BUTTER 3MG,10,0.00000000,NONE,NONE,
815834021899,BD UGLY BUTTER 6MG,10,0.00000000,NONE,NONE,
815834021929,BD CEREAL TRIP 3MG,10,0.00000000,NONE,NONE,
815834021936,BD CEREAL TRIP 6MG,10,0.00000000,NONE,NONE,
815834023602,BD BAD APPLE 3MG,10,0.00000000,NONE,NONE,
815834023619,BD BAD APPLE 6MG,10,0.00000000,NONE,NONE,
815834024180,BD GOD NECTAR 3MG,10,0.00000000,NONE,NONE,
815834024197,BD GOD NECTAR 6MG,10,0.00000000,NONE,NONE,
815834024470,BAD DRIP SALT BAD BLOOD 25mg,SALT NIC,0.00000000,NONE,NONE,815834024531
815834024487,BAD DRIP SALT BAD BLOOD 45mg,SALT NIC,0.00000000,NONE,NONE,
815834024494,BD SALT CEREAL TRIP 25mg,SALT NIC,0.00000000,NONE,NONE,
815834024500,BD SALT CEREAL TRIP 45mg,SALT NIC,0.00000000,NONE,NONE,
815834024517,BAD DRIP DONT CARE BEAR 25MG,SALT NIC,0.00000000,NONE,NONE,
815834024524,DONT CARE BEAR 45MG SALT,SALT NIC,0.00000000,NONE,NONE,
815834024548,BAD SALT FARLEY GNARLY,SALT NIC,0.00000000,NONE,NONE,
815834024549,BAD SALT FARLEY GNARLY 25mg,SALT NIC,0.00000000,NONE,NONE,
815834024562,BAD DRIP BUTTER 45mg,SALT NIC,0.00000000,NONE,NONE,
815834024838,BD FARLEYS GNARLY ICED OUT 3MG,10,0.00000000,NONE,NONE,
815834024845,BD FARLEYS GNARLY ICED OUT 6MG,10,0.00000000,NONE,NONE,
815834025385,BD DONT CARE BEAR ICED OUT 3MG,10,0.00000000,NONE,NONE,
815834025392,BD DONT CARE BEAR ICED OUT 6MG,10,0.00000000,NONE,NONE,
815834025460,BD GOD NECTAR ICED OUT 3MG,10,0.00000000,NONE,NONE,
815834025477,BD GOD NECTAR ICED OUT 6MG,10,0.00000000,NONE,NONE,
815834025484,BD SALT GOD NECTAR 25mg,SALT NIC,0.00000000,NONE,NONE,
815834025491,BAD DRIP SALT GOD NECTAR 45mg,SALT NIC,0.00000000,NONE,NONE,
815834025606,BD DEAD LEMON 3MG,10,0.00000000,NONE,NONE,
815834025613,BD DEAD LEMON 6MG,10,0.00000000,NONE,NONE,
815834026412,BD SALT BAD APPLE 25mg,SALT NIC,0.00000000,NONE,NONE,
815834026429,BD SALT BAD APPLE 45mg,SALT NIC,0.00000000,NONE,NONE,
815834026740,BD BAD APPLE ICED OUT 3MG,10,0.00000000,NONE,NONE,
815834026757,BD BAD APPLE ICED OUT 6MG,10,0.00000000,NONE,NONE,
815834026856,BD PENNYWISE 3MG,10,0.00000000,NONE,NONE,
815834026863,BD PENNYWISE 6MG,10,0.00000000,NONE,NONE,
815834026870,BD PENNYWISE ICED OUT 6MG,10,0.00000000,NONE,NONE,
815834026887,BD PENNYWISE ICED OUT 3MG,10,0.00000000,NONE,NONE,
815834026931,BD LAFFY 3MG,10,0.00000000,NONE,NONE,
815834026948,BD LAFFY 6MG,10,0.00000000,NONE,NONE,
815834026962,BD SWEET TOOTH 3MG,10,0.00000000,NONE,NONE,
815834026979,BD SWEET TOOTH 6MG,10,0.00000000,NONE,NONE,
815834027105,BD DROOLY 3MG,10,0.00000000,NONE,NONE,
815834027112,BD DROOLY 6MG,10,0.00000000,NONE,NONE,
815834027167,BD PENNYWISE 25mg,SALT NIC,0.00000000,NONE,NONE,
815834027174,BD PENNYWISE 45mg,SALT NIC,0.00000000,NONE,NONE,
815834027181,BD PENNYWISE ICED OUT 45MG,SALT NIC,0.00000000,NONE,NONE,
815834027198,BD PENNYWISE ICED OUT 25 MG,SALT NIC,0.00000000,NONE,NONE,
815834027204,BADD DRIP LAFFY TAFFY 25MG,SALT NIC,0.00000000,NONE,NONE,
815834027211,BAD DRIP SALT LAFFY TAFFY 45mg,SALT NIC,0.00000000,NONE,NONE,
815834027228,BAD DRIP SALT DROOLY 45mg,SALT NIC,0.00000000,NONE,NONE,
815834027235,BAD DRIP SALT DROOLY 25mg,SALT NIC,0.00000000,NONE,NONE,
815834027242,BD SALT SWEET TOOTH 25mg,SALT NIC,0.00000000,NONE,NONE,
815834027259,BD SALT SWEET TOOTH 45mg,SALT NIC,0.00000000,NONE,NONE,
816120000505,PL 50 SCALE,1,0.00000000,NONE,NONE,
816716021730,COSMIC FOG 60ML,10,0.00000000,NONE,NONE,816716021143
816716023499,CRISP 60ML,10,0.00000000,NONE,NONE,
816716023918,CRISP SALT,SALT NIC,0.00000000,NONE,NONE,816716023918
816716023963,CRISP Salts Apple Honey,SALT NIC,0.00000000,NONE,NONE,
816716024007,Salty-Fog salt nic 30ml,SALT NIC,0.00000000,NONE,NONE,816716024038
816716024373,COSMIC FOG XCEL,10,0.00000000,NONE,NONE,816716024366
816983021013,WILDROOTS CHOCBLUEBERRY,9,0.00000000,NONE,NONE,
817132020802,VAPORFI 30ML,10,0.00000000,NONE,NONE,
817132023421,VAPORFI KEY LIME COOKIE 100ML,10,0.00000000,NONE,NONE,817132023414
817334023120,LOST ART 120ML,10,0.00000000,NONE,NONE,
817334023328,LOST VAPE 30 ML SALT,SALT NIC,0.00000000,NONE,NONE,081334023378
817334023403,LOST ART 30 ML SALT,SALT NIC,0.00000000,NONE,NONE,
817393029866,SNAIL,2,0.00000000,NONE,NONE,810027710796
817458026267,WILD HEMP CIG,CBD,0.00000000,NONE,NONE,
817490029844,FX CBD CREAM,CBD,0.00000000,NONE,NONE,
817528025022,CUTTWOOD UNICORN MILK ICE,ZIIPLAB,0.00000000,NONE,NONE,
817528025046,CUTTWOOD MEGA MELON ICE,ZIIPLAB,0.00000000,NONE,NONE,
817528025053,CUTTWOOD BOSS RESERVE ICE,ZIIPLAB,0.00000000,NONE,NONE,
817560022300,DELTA REVENANT KIT RAINBOW,2,0.00000000,NONE,NONE,
817594025254,RUTHLESS 60ML,10,0.00000000,NONE,NONE,815935023228
817879668768,CBD SHOT 50MG,CBD,0.00000000,NONE,NONE,
818001001007,HYDE X POD IQ BLUE RAZ PCH ICE,ZIIPLAB,0.00000000,NONE,NONE,
818001001021,HYDE X POD IQ BMB BRY PCLE ICE,ZIIPLAB,0.00000000,NONE,NONE,
818001001038,HYDE X POD IQ DRAGONCOTTONCL,ZIIPLAB,0.00000000,NONE,NONE,
818001001069,HYDE IQ PODJUICE MIAMI BERRY,ZIIPLAB,0.00000000,NONE,NONE,
818001001076,HYDE X POD IQ STRBRY LIMDE ICE,ZIIPLAB,0.00000000,NONE,NONE,
818001001083,HYDE IQ POD JUICE KIWIAPLEPOM,ZIIPLAB,0.00000000,NONE,NONE,
818001001106,HYDE X POD IQ CLEAR SAPPHIRE,ZIIPLAB,0.00000000,NONE,NONE,
818001001113,HYDE X POD IQ JOLLY SOUR APPLE,ZIIPLAB,0.00000000,NONE,NONE,
818001001137,HYDE IQ PODJUICE JOLLY BLURAZZ,ZIIPLAB,0.00000000,NONE,NONE,
818001001144,HYDE IQ PODJUICE MIGHTYMINT,ZIIPLAB,0.00000000,NONE,NONE,
818001001168,HYDE IQ PODJUICE RAINFREEZE,ZIIPLAB,0.00000000,NONE,NONE,
818001001175,HYDE IQ PODJIICE STRAWROLLEUP,ZIIPLAB,0.00000000,NONE,NONE,
818010100005,OXBAR PJ BUBBLE MELON,ZIIPLAB,0.00000000,NONE,NONE,
818010100012,OXBAR PJ TIFF JEWEL MINT,ZIIPLAB,0.00000000,NONE,NONE,
818010100029,OXBAR FRUITY PEBZ,ZIIPLAB,0.00000000,NONE,NONE,
818010100036,OXBAR PJ PINK BURST CHEW,ZIIPLAB,0.00000000,NONE,NONE,
818010100043,OXBAR PJ WATERMELON SKITTLZ,ZIIPLAB,0.00000000,NONE,NONE,
818010100050,OXBAR PJ CLEAR SAPPHIRE,ZIIPLAB,0.00000000,NONE,NONE,
818010100067,OXBAR PJ CLEAR EMERALD,ZIIPLAB,0.00000000,NONE,NONE,
818010100074,OXBAR PJ CLEAR JEWEL,ZIIPLAB,0.00000000,NONE,NONE,
818010100081,OXBAR PJ JEWEL MINT,ZIIPLAB,0.00000000,NONE,NONE,
818010100098,OXBAR PJ PEACH RINGZ,ZIIPLAB,0.00000000,NONE,NONE,
818010100104,OXBAR PJ CANDY CANE,ZIIPLAB,0.00000000,NONE,NONE,
818094005777,ROCKSTAR ORIGINAL,9,0.00000000,NONE,NONE,
818094005814,ROCKSTAR ZERO,9,0.00000000,NONE,NONE,
818201000008,OXBAR 30K BIG MELONS,ZIIPLAB,0.00000000,NONE,NONE,
818201000060,OXBAR 30K JEWEL MINT,ZIIPLAB,0.00000000,NONE,NONE,
818201000114,OXBAR 30K FAB FCUJKS,ZIIPLAB,0.00000000,NONE,NONE,
818368021182,Wacky Taffy 90ml,10,0.00000000,NONE,NONE,818368021199
818368023735,VGOD LUSCIOUS,SALT NIC,0.00000000,NONE,NONE,
818368023971,VGOD SALT NIC 30 ML,SALT NIC,0.00000000,NONE,NONE,818368022738
818368026200,PRO RDTA Black,6,0.00000000,NONE,NONE,720505702229552
818368026231,PRO RDTA Copper,6,0.00000000,NONE,NONE,
818368026323,VGOD PRO RDA,6,0.00000000,NONE,NONE,
818368026347,VGOD ELITE RDA,6,0.00000000,NONE,NONE,
818368026408,VGOD PRO MECH,3,0.00000000,NONE,NONE,
818368026606,VGOD ELITE MECH MOD,3,0.00000000,NONE,NONE,
818368027849,STIG MANGO ICED BOMB,ZIIPLAB,0.00000000,NONE,NONE,
818368027962,PRO SUBTANK COIL .02OHM,5,0.00000000,NONE,NONE,
818368028105,PRO MECH 2 KIT,2,0.00000000,NONE,NONE,
818368028136,STIG TROPICAL MANGO 3PCK,ZIIPLAB,0.00000000,NONE,NONE,
818368028143,STIG MINT DISPOSABLE POD,ZIIPLAB,0.00000000,NONE,NONE,
818368029591,STIG CUBANO,ZIIPLAB,0.00000000,NONE,NONE,
818368029614,STIG LUSH ICE,ZIIPLAB,0.00000000,NONE,NONE,
818368029638,PRO 200 KIT BLACK,5,0.00000000,NONE,NONE,
818368029645,PRO 200 KIT GUNMETAL,2,0.00000000,NONE,NONE,
818368029652,PRO 200 KIT RED,2,0.00000000,NONE,NONE,
818440029167,VAPOR MAID 100ML,10,0.00000000,NONE,NONE,818440029174
818440029648,THE ONE100ML,10,0.00000000,NONE,NONE,818440025640
818487020165,PULSE PODS,5,0.00000000,NONE,NONE,818487020400
818487020356,REACTOR TANK,6,0.00000000,NONE,NONE,818487020363
818487020387,ARMS RACE MOD,3,47.97000000,NONE,NONE,818487020349
818487020394,PULSE INNOVATIVE POD,2,0.00000000,NONE,NONE,818487020875
818487020431,POSTLESS INTERCHANGEABLE DECK,3,0.00000000,NONE,NONE,
818487020455,REACTOR COIL,5,0.00000000,NONE,NONE,
818487022145,WAKE .5 OHM COIL,5,0.00000000,NONE,NONE,
818487023449,ZILLA  60 WATT KIT,2,0.00000000,NONE,NONE,818487023463
818487023586,SLEEVE MOD KIT V2,2,0.00000000,NONE,NONE,
818487024026,LIMITLESS BOX MOD V2,3,0.00000000,NONE,NONE,818487024064
818487025108,POD ADAPTER,1,0.00000000,NONE,NONE,
818534901003,SVOPP DRAG FRUIT LEMON POD,ZIIPLAB,0.00000000,NONE,NONE,
818534910012,SVOPP CLEAR EMERALD POD,ZIIPLAB,0.00000000,NONE,NONE,
818534910029,SVOPP HONEY NUT O POD,ZIIPLAB,0.00000000,NONE,NONE,
818534910036,SVOPP FRUITY PEBZ POD,ZIIPLAB,0.00000000,NONE,NONE,
818534910043,SVOPP FRUITY WORM POD,ZIIPLAB,0.00000000,NONE,NONE,
818534910050,SVOPP JEWEL MINT EM POD,ZIIPLAB,0.00000000,NONE,NONE,
818534910067,SVOPP JOLLY BLU RAZZ POD,ZIIPLAB,0.00000000,NONE,NONE,
818534910074,SVOPP JUICY PINK WTRMLN POD,ZIIPLAB,0.00000000,NONE,NONE,
818534910081,SVOPP STRAWNANA DREAM POD,ZIIPLAB,0.00000000,NONE,NONE,
818534910098,SVOPP ROCKET POP POD,ZIIPLAB,0.00000000,NONE,NONE,
818534910104,SVOPP STRAWBERRY PINK POD,ZIIPLAB,0.00000000,NONE,NONE,
818534910111,SVOPP GUN METAL BATTERY,4,0.00000000,NONE,NONE,
818534910128,SVOPP MIDNIGHT BLACK BATTERY,4,0.00000000,NONE,NONE,
818534910142,SVOPP MID BLACK BATTERY,4,0.00000000,NONE,NONE,
818534910159,SVOPP CLEAR SAPPHIRE POD,ZIIPLAB,0.00000000,NONE,NONE,
818534910166,SVOPP CLEAR RUBY POD,ZIIPLAB,0.00000000,NONE,NONE,
818534910173,SVOPP CLEAR TURQUOISE POD,ZIIPLAB,0.00000000,NONE,NONE,
818534910180,SVOPP BRRY BLUE WTRMLN POD,ZIIPLAB,0.00000000,NONE,NONE,
818534910197,SVOPP SOUR APPLE POD,ZIIPLAB,0.00000000,NONE,NONE,
818534910203,SVOPP MANGO BERRY POD,ZIIPLAB,0.00000000,NONE,NONE,
818534910210,SVOPP RAINBOW CHERRY POD,ZIIPLAB,0.00000000,NONE,NONE,
818534910227,SVOPP MXAS MINT POD,ZIIPLAB,0.00000000,NONE,NONE,
818553530000,POD JUICE BLUE RAZZ CLOUD 35MG,SALT NIC,0.00000000,NONE,NONE,
818553530017,RAZ BLUERAZ CCLOUDS 55MG,SALT NIC,0.00000000,NONE,NONE,
818553530031,RAZ BLUE RAZZ ICE 55MG,SALT NIC,0.00000000,NONE,NONE,
818553530062,RAZ JOLLY GREEN APPLE 35,SALT NIC,0.00000000,NONE,NONE,
818553530086,RAZ JEWEL SPEARMINT 35MG,SALT NIC,0.00000000,NONE,NONE,
818553530093,RAZ JEWEL SPEARMINT 55MG,SALT NIC,0.00000000,NONE,NONE,
818553530116,RAZ MIAMI MINT 55MG,SALT NIC,0.00000000,NONE,NONE,
818553530161,RAZ STRAWBERRY LOLLY 35MG,SALT NIC,0.00000000,NONE,NONE,
818553530178,RAZ STRAWBERRY LOLLY 55MG,SALT NIC,0.00000000,NONE,NONE,
818553530208,RAZ WHITE GUMMY 35MG,SALT NIC,0.00000000,NONE,NONE,
818553530215,POD JUICE WHITE GUMMY 55MG,SALT NIC,0.00000000,NONE,NONE,
818664024573,YOGI 60ML,10,0.00000000,NONE,NONE,818664024382
818664024580,YOGI VT GRANOLA BAR,10,0.00000000,NONE,NONE,
818664029738,YOGI SALT,10,0.00000000,NONE,NONE,818664027826
818664029820,YOGI Apple Cinnamon GB,SALT NIC,0.00000000,NONE,NONE,
818766013482,SCORCH TORCH LIGHTER,1,0.00000000,NONE,NONE,
819068024299,SUPER BAT 220W KIT,2,0.00000000,NONE,NONE,819068024282
819121802000,SLR-100 SCALE,1,0.00000000,NONE,NONE,
819371022920,LOADED 120ML,10,0.00000000,NONE,NONE,817594026732
819371023224,COFFEE TOBACCO 60ML,10,0.00000000,NONE,NONE,819371023231
819371024115,RUTHLESS SALT NIC 30ML,SALT NIC,0.00000000,NONE,NONE,819371024108
819371025945,Over Loaded 120ml,10,0.00000000,NONE,NONE,819371025877
819371027291,PLEASURE FACTORY,10,0.00000000,NONE,NONE,819371027260
819371029967,REWIND,10,0.00000000,NONE,NONE,819371029936
819436019254,WHITE RHINO TERP PILL 50CT EAC,KRATOM,0.00000000,NONE,NONE,
819436019339,WHITE RHINO QUARTZ DROP LG EA,KRATOM,0.00000000,NONE,NONE,
819436019346,WHITE RHINO CERAMIC SMALL EA,KRATOM,0.00000000,NONE,NONE,
819620017790,VAPORFI 60ML,10,0.00000000,NONE,NONE,
819883020391,MR SALT-E Blackberry,SALT NIC,0.00000000,NONE,NONE,
819883020513,MR SALT-E Cannoli,SALT NIC,0.00000000,NONE,NONE,
819883020797,MR SALT-E Peppermint Patty,SALT NIC,0.00000000,NONE,NONE,
819883021152,MR SALT-E TOBACCO SALT,SALT NIC,0.00000000,NONE,NONE,
819883023279,MR.SALTE 1000MG BLU RAZZ LEM,CBD,22.00000000,NONE,NONE,
819905020125,GB GLAZED DONUT 3MG,10,0.00000000,NONE,NONE,
819905020132,GB GLAZED DONUT 6MG,10,0.00000000,NONE,NONE,
819905020316,GB POUND CAKE 3MG,10,0.00000000,NONE,NONE,
819905020323,GB POUND CAKE 6MG,10,0.00000000,NONE,NONE,
819905020682,GB STRAWBERRY MILK 3MG,10,0.00000000,NONE,NONE,
819905020699,GB STRAWBERRY MILK 6MG,10,0.00000000,NONE,NONE,
819905021412,GB O.F.T. 3MG,10,0.00000000,NONE,NONE,
819905021429,GB O.F.T. 6MG,10,0.00000000,NONE,NONE,
819905021443,GB PBLS 3MG,10,0.00000000,NONE,NONE,
819905021450,GB PBLS 6MG,10,0.00000000,NONE,NONE,
819905021986,BSX BOLDBLACKTOBACCO 3MG,10,0.00000000,NONE,NONE,
819905021993,BSX BOLDBLACKTOBACCO 6MG,10,0.00000000,NONE,NONE,
819905022129,GB FIZZY LEMONADE 3MG,10,0.00000000,NONE,NONE,
819905022150,GB BUTTERSCOTCH RESERVE 3MG,10,0.00000000,NONE,NONE,
819905022167,GB BLUEBERRY CAKE 3MG,10,0.00000000,NONE,NONE,
819905022174,GB STRAWBERRY BLAST 3MG,10,0.00000000,NONE,NONE,
819905022181,GB FIZZY LEMONADE 6MG,10,0.00000000,NONE,NONE,
819905022211,GB BUTTERSCOTCH RESERVE 6MG,10,0.00000000,NONE,NONE,
819905022228,GB BLUEBERRY CAKE 6MG,10,0.00000000,NONE,NONE,
819905022235,GB STRAWBERRY BLAST 6MG,10,0.00000000,NONE,NONE,
819905022266,GB SUGAR COOKIE 3MG,10,0.00000000,NONE,NONE,
819905022273,GB CARIBBEAN PUNCH 3MG,10,0.00000000,NONE,NONE,
819905022280,GB SUGAR COOKIE 6MG,10,0.00000000,NONE,NONE,
819905022297,GB CARIBBEAN PUNCH 6MG,10,0.00000000,NONE,NONE,
819905023270,GB BANANA CREAM PIE 3MG,10,0.00000000,NONE,NONE,
819905023287,GB BANANA CREAM PIE 6MG,10,0.00000000,NONE,NONE,
8199050233386,GLAS SALT 30ML,SALT NIC,0.00000000,NONE,NONE,819905020521
819905023386,CRUNCH BERRY,10,0.00000000,NONE,NONE,
819905023485,GB MANGO TANGO 3MG,10,0.00000000,NONE,NONE,
819905023492,GB MANGO TANGO 6MG,10,0.00000000,NONE,NONE,
819905027247,GB COOL MELON 3MG,10,0.00000000,NONE,NONE,
819905027254,GB COOL MELON 6MG,10,0.00000000,NONE,NONE,
819905029982,GB BLUE RAZZ 3MG,10,0.00000000,NONE,NONE,
819905029999,GB BLUE RAZZ 6MG,10,0.00000000,NONE,NONE,
819913011375,JUUL DEVICE WITH 4 PODS,JUUL LAB,0.00000000,NONE,NONE,819913015175
819913011382,CREME BRULEE PODS,JUUL LAB,0.00000000,NONE,NONE,
819913011399,FRUIT MEDLEY PODS,JUUL LAB,0.00000000,NONE,NONE,
819913011405,COOL MINT PODS 5%,JUUL LAB,0.00000000,NONE,NONE,
819913011412,JUUL MULTI PACK 4PODS,JUUL LAB,0.00000000,NONE,NONE,
819913011429,VIRGINIA TOBACCO POD 4pod,JUUL LAB,0.00000000,NONE,NONE,
819913011566,JUUL CHARGER,JUUL LAB,0.00000000,NONE,NONE,
819913011740,VERGINIA TOBACCO 3% 2 POD,JUUL LAB,0.00000000,NONE,NONE,819913014987
819913011771,JUUL MINT 3% POD,JUUL LAB,0.00000000,NONE,NONE,
819913012440,MANGO PODS,JUUL LAB,0.00000000,NONE,NONE,
819913012471,COOL CUCUMBER,JUUL LAB,0.00000000,NONE,NONE,
819913012594,juul menthol 5% 4 pods,JUUL LAB,0.00000000,NONE,NONE,
819913012686,classic tobacco,JUUL LAB,0.00000000,NONE,NONE,
819913014994,MINT 3% 2 POD,JUUL LAB,0.00000000,NONE,NONE,
819913015151,juul menthol 5% 2 pods,JUUL LAB,0.00000000,NONE,NONE,
819913015175,STARTERKIT2PODS,JUUL LAB,0.00000000,NONE,NONE,
819913015199,juul tobacco 5% 2 pods,JUUL LAB,0.00000000,NONE,NONE,
819913015434,BASIC JUUL KIT SILVER,JUUL LAB,0.00000000,NONE,NONE,
819913015458,JUUL ONYX KIT,JUUL LAB,0.00000000,NONE,NONE,
819913015465,JUUL MARRON KIT,JUUL LAB,0.00000000,NONE,NONE,
819913015960,PAX 3 SMART VAPORIZER,1,0.00000000,NONE,NONE,
819979011180,NJOY ACE,4,0.00000000,NONE,NONE,
820011402002,FUZION TANK,1,0.00000000,NONE,NONE,
8213781237,PUFF MINI STRAWBERRY SMOOTHIE,ZIIPLAB,0.00000000,NONE,NONE,
822412780116,hyde curve mango ice,ZIIPLAB,0.00000000,NONE,NONE,
822412780130,hyde curve mango,ZIIPLAB,0.00000000,NONE,NONE,
824201806502,XTR-650 SCALE,1,0.00000000,NONE,NONE,824201803501
829515300579,GARDEN VEGGIE STRAW CHIPS MIX,9,0.00000000,NONE,NONE,829515300074
830282408962,PUFF PLUS CLEAR,ZIIPLAB,0.00000000,NONE,NONE,
831350001009,OXBAR 35K FRUITY PEBZ,ZIIPLAB,0.00000000,NONE,NONE,
831350001016,OXBAR 35K GRN APPL BURST,ZIIPLAB,0.00000000,NONE,NONE,
831350001023,OXBAR 35K JEWEL CANE MINT,ZIIPLAB,0.00000000,NONE,NONE,
831350001030,OXBAR 35K JEWEL MINT,ZIIPLAB,0.00000000,NONE,NONE,
831350001047,OXBAR 35K JOLLY BLU POP,ZIIPLAB,0.00000000,NONE,NONE,
831350001054,OXBAR 35K JOLLY WTRMLN,ZIIPLAB,0.00000000,NONE,NONE,
831350001078,OXBAR 35K SOUR PEACH O,ZIIPLAB,0.00000000,NONE,NONE,
831350001085,OXBAR 35K PINK STRAW BURST,ZIIPLAB,0.00000000,NONE,NONE,
831350001092,OXBAR 35K ROCKET POP,ZIIPLAB,0.00000000,NONE,NONE,
831350001108,OXBAR 35K STRAW ORANGE POP,ZIIPLAB,0.00000000,NONE,NONE,
831350001115,OXBAR 35K WTRMLN APL GUSH,ZIIPLAB,0.00000000,NONE,NONE,
831350001122,OXBAR 35K WHITE GUMMY WTR,ZIIPLAB,0.00000000,NONE,NONE,
831350001139,OXBAR 35K CLEAR COBALT BLUE,ZIIPLAB,0.00000000,NONE,NONE,
831350001146,OXBAR 35K CLEAR CRIMSON,ZIIPLAB,0.00000000,NONE,NONE,
831350001177,OXBAR 35K GOLD TAB,ZIIPLAB,0.00000000,NONE,NONE,
831350001184,OXBAR 35K STRAW PINK CHERRY,ZIIPLAB,0.00000000,NONE,NONE,
831350001191,OXBAR 35K STRAW SHORTCAKE,ZIIPLAB,0.00000000,NONE,NONE,
831350001214,OXBAR 35K CINNA TOAST MUNCH,ZIIPLAB,0.00000000,NONE,NONE,
831350001221,OXBAR 35K CHURRO MILKSHAKE,ZIIPLAB,0.00000000,NONE,NONE,
831350001238,OXBAR 35K LOOPY LOOPS,ZIIPLAB,0.00000000,NONE,NONE,
831350001245,OXBAR 35K MILKBERRY CRUNCH,ZIIPLAB,0.00000000,NONE,NONE,
831350001252,OXBAR 35K HO HO GINGERBREAD,ZIIPLAB,0.00000000,NONE,NONE,
831350001269,OXBAR 35K BLUEBERRY WATERMELON,ZIIPLAB,0.00000000,NONE,NONE,
831350001276,OXBAR 35K ROOTBEER FLOAT,ZIIPLAB,0.00000000,NONE,NONE,
831350001283,OXBAR 35K WATERMELON LUSH,ZIIPLAB,0.00000000,NONE,NONE,
831350001290,OXBAR 35K TRIPLE BERRY ICE,ZIIPLAB,0.00000000,NONE,NONE,
831350001306,OXBAR 35K STRAWBERRY SPLASH,ZIIPLAB,0.00000000,NONE,NONE,
831350001313,OXBAR 35K BANANERS,ZIIPLAB,0.00000000,NONE,NONE,
831350001320,OXBAR 35K TROPICAL DEW DROP,ZIIPLAB,0.00000000,NONE,NONE,
834567891,ECTO 30ML,10,0.00000000,NONE,NONE,859674004728
83-J,BISMUTH CRYSTAL HANDPIPE ORANG,1,0.00000000,NONE,NONE,
840005602461,PAX ERA GO BLUE,2,0.00000000,NONE,NONE,
840005602478,PAX ERA GO PINK,2,0.00000000,NONE,NONE,
840005602614,PAX ERA GO LAVENDER,2,0.00000000,NONE,NONE,
840005602621,PAX ERA GO LIGHT BLUE,2,0.00000000,NONE,NONE,
840048202963,juul menthol 3% 4 pods,JUUL LAB,0.00000000,NONE,NONE,
840048219053,juul VIRGINA TOBACCO 5% 6 pods,JUUL LAB,0.00000000,NONE,NONE,
840048219060,juul menthol 5% 6 pods,JUUL LAB,0.00000000,NONE,NONE,
840048219602,juul menthol 5% 1 pod,JUUL LAB,0.00000000,NONE,NONE,
840094600027,NKD ALL MELON 6MG,10,0.00000000,NONE,NONE,
840094600102,NKD MELON KIWI 6MG,10,0.00000000,NONE,NONE,
840094600140,NKD HAWAIIAN POG 6MG,10,0.00000000,NONE,NONE,
840094600171,NKD LAVA FLOW 3MG,10,0.00000000,NONE,NONE,
840094600188,NKD LAVA FLOW 6MG,10,0.00000000,NONE,NONE,
840094600225,NKD MAUI SUN 6MG,10,0.00000000,NONE,NONE,
840094600294,NKD REALLY BERRY 3MG,10,0.00000000,NONE,NONE,
840094600300,NKD REALLY BERRY 6MG,10,0.00000000,NONE,NONE,
840094600331,NKD APPLE MENTHOL 3MG,10,0.00000000,NONE,NONE,
840094600348,NKD APPLE MENTHOL 6MG,10,0.00000000,NONE,NONE,
840094600379,NKD STARBERRY POM 3MG,10,0.00000000,NONE,NONE,
840094600386,NKD STRAWBERRY POM 6MG,10,0.00000000,NONE,NONE,
840094600492,NKD MELON MENTHOL 3MG,10,0.00000000,NONE,NONE,
840094600508,NKD MELON METHOL 6MG,10,0.00000000,NONE,NONE,
840094600539,NKD BERRY MENTHOL 3MG,10,0.00000000,NONE,NONE,
840094600546,NKD BERRY MENTHOL 6MG,10,0.00000000,NONE,NONE,
840094600553,NKD BERRY MENTHOL 12MG,10,0.00000000,NONE,NONE,
840094600614,NKD LEMON 3MG,10,0.00000000,NONE,NONE,
840094600621,NKD LEMON 6MG,10,0.00000000,NONE,NONE,
840094600706,NKD STRAW LIME 6MG,10,0.00000000,NONE,NONE,
840094600737,NKD STRAWBERRY 3MG,10,0.00000000,NONE,NONE,
840094600775,NAKED100 AZUL BERRIES,10,0.00000000,NONE,NONE,
840094600812,NKD PINEAPPLE BERRY 3MG,10,0.00000000,NONE,NONE,
840094600829,NKD PINEAPPLE BERRY 6MG,10,0.00000000,NONE,NONE,
840094600850,NKD BANANA 3MG,10,0.00000000,NONE,NONE,
840094600867,NKD BANANA 6MG,10,0.00000000,NONE,NONE,
840094600874,NKD BANANA 12MG,10,0.00000000,NONE,NONE,
840094600935,NKD AMERICAN PATRIOTS 3MG,10,0.00000000,NONE,NONE,
840094600942,NKD AMERICAN PATRIOTS 6MG,10,0.00000000,NONE,NONE,
840094600959,NKD AMERICAN PATRIOTS 12MG,10,0.00000000,NONE,NONE,
840094600997,NKD CUBAN BLEND 3MG,10,0.00000000,NONE,NONE,
840094601000,NKD CUBAN BLEND 6MG,10,0.00000000,NONE,NONE,
840094601017,NKD CUBAN BLEND 12MG,10,0.00000000,NONE,NONE,
840094601031,NKD EURO GOLD 3MG,10,0.00000000,NONE,NONE,
840094601048,NKD EURO GOLD 6MG,10,0.00000000,NONE,NONE,
840094601055,NKD EURO GOLD 12MG,10,0.00000000,NONE,NONE,
840094601246,NKD HAWAIIAN POG MENTHOL 6MG,10,0.00000000,NONE,NONE,
840094601512,NKD CRISP MENTHOL 3MG,10,0.00000000,NONE,NONE,
840094601529,NKD CRISP MENTHOL 6MG,10,0.00000000,NONE,NONE,
840094601536,NKD CRISP MENTHOL 12MG,10,0.00000000,NONE,NONE,
840094602670,Mango 35mg,SALT NIC,0.00000000,NONE,NONE,
840094602694,Mango 50mg,SALT NIC,0.00000000,NONE,NONE,
840094602793,Lava Flow 35mg,SALT NIC,0.00000000,NONE,NONE,
840094602854,Maui Sun 50mg,SALT NIC,0.00000000,NONE,NONE,
840094602892,Really Berry 50mg,SALT NIC,0.00000000,NONE,NONE,
840094602991,SALT NKD100 MELON,SALT NIC,0.00000000,NONE,NONE,
840094603110,Berry 35mg,SALT NIC,0.00000000,NONE,NONE,
840141802305,SUORIN ACE POD *3PK*,5,0.00000000,NONE,NONE,
840141802411,SUORIN ACE KIT,2,0.00000000,NONE,NONE,04540294
840141802725,SOURIN AIR MOD POD 2PK,5,0.00000000,NONE,NONE,
840141802749,SUORIN AIR PRO POD,5,0.00000000,NONE,NONE,
840141802824,SOURIN AIR MOD GUNMETAL,2,0.00000000,NONE,NONE,
840141802848,SOURIN AIR MOD RAINBOW,2,0.00000000,NONE,NONE,
840141802947,SUORIN AIR PRO SILVER,2,0.00000000,NONE,NONE,
840141802954,SUORIN AIR PRO GUN METAL,2,0.00000000,NONE,NONE,
840141802961,SUORIN AIR PRO LAVENDER PURPLE,2,0.00000000,NONE,NONE,
840141803012,SOURIN AIR MESH COIL *EACH*,2,0.00000000,NONE,NONE,
840141803234,SUORIN DROP 2 BLACK,2,0.00000000,NONE,NONE,
840141803241,SUORIN DROP 2 SKY BLUE,2,0.00000000,NONE,NONE,
840141803258,SUORIN DROP 2 PEACOCK PLUME,2,0.00000000,NONE,NONE,
840141803265,SUORIN DROP 2 THE SCREAM,2,0.00000000,NONE,NONE,
840141803272,SUORIN DROP 2 YELLOW AMBER,2,0.00000000,NONE,NONE,
840141803289,SUORIN DROP 2 RED AMBER,2,0.00000000,NONE,NONE,
840141803371,SUORIN DROP2 CATRIDGE EACH,5,0.00000000,NONE,NONE,
840141803395,SUORIN AIR PRO CART SE,5,0.00000000,NONE,NONE,
840141830131,SUORIN AIR PRO ICE BLUE,2,0.00000000,NONE,NONE,
840141830148,Suorin Air Pro Lively Green,2,0.00000000,NONE,NONE,840141830148
840141830155,SUORIN AIR PRO RAINBOW,2,0.00000000,NONE,NONE,
840141830162,SUORIN AIR PRO FADED SKELETON,2,0.00000000,NONE,NONE,
840141830179,Suorin Air Pro Star Red,2,0.00000000,NONE,NONE,840141830179
840141830186,Suorin Air Pro Star Blue,2,0.00000000,NONE,NONE,840141830186
840141830193,SUORIN AIR PRO BLACK,2,0.00000000,NONE,NONE,
840141830254,SUORIN AIR PRO BRIGHT SILVER,2,0.00000000,NONE,NONE,
840141830261,SUORIN AIR PRO GOTHIC SKELETON,2,0.00000000,NONE,NONE,
840141830315,SUORIN AIR PRO,2,0.00000000,NONE,NONE,
840158600307,SOLACE MINT SALT 30ML,10,0.00000000,NONE,NONE,840158600314
840158603858,SOLACE 60ML,10,0.00000000,NONE,NONE,840158603285
840158608273,FRE MINT 9mg,TOBACCO,0.00000000,NONE,NONE,840158608266
840158608334,FRE WINTERGREEN 9mg,TOBACCO,0.00000000,NONE,NONE,840158608327
840158608396,FRE MINT 12mg,TOBACCO,0.00000000,NONE,NONE,840158608389
840158608457,FRE WINTERGREEN 12mg,TOBACCO,0.00000000,NONE,NONE,840158608440
840158608624,FRE MINT 6mg,TOBACCO,0.00000000,NONE,NONE,
840158608693,FRE WINTERGREEN 6mg,TOBACCO,0.00000000,NONE,NONE,840158608686
840158609720,FRE MINT 15mg,TOBACCO,0.00000000,NONE,NONE,840158609775
840158609782,FRE WINTERGREEN 15mg,TOBACCO,0.00000000,NONE,NONE,
840158616001,ALP 3 MG CHILLED MINT POUCHES,TOBACCO,0.00000000,NONE,NONE,
840158616032,ALP 3 MG SWEET NECTAR POUCHES,TOBACCO,0.00000000,NONE,NONE,
840158616063,ALP 3 MG MTN WINTERGRN POUCHES,TOBACCO,0.00000000,NONE,NONE,
840158616094,ALP 3 MG TROPICL FRUIT POUCHES,TOBACCO,0.00000000,NONE,NONE,
840158616124,ALP 3 MG REFRESH CHILL POUCHES,TOBACCO,0.00000000,NONE,NONE,
840158616155,ALP 6 MG CHILLED MINT POUCHES,TOBACCO,0.00000000,NONE,NONE,
840158616186,ALP 6 MG SWEET NECTAR POUCHES,TOBACCO,0.00000000,NONE,NONE,
840158616216,ALP 6 MG MTN WINTERGRN POUCHES,TOBACCO,0.00000000,NONE,NONE,
840158616247,ALP 6 MG TROPICL FRUIT POUCHES,TOBACCO,0.00000000,NONE,NONE,
840158616278,ALP 6 MG REFRESH CHILL POUCHES,TOBACCO,0.00000000,NONE,NONE,
840158616308,ALP 9 MG CHILLED MINT POUCHES,TOBACCO,0.00000000,NONE,NONE,
840158616360,ALP 9 MG MTN WINTERGRN POUCHES,TOBACCO,0.00000000,NONE,NONE,
840158616391,ALP 9 MG TROPICAL FRUIT POUCH,TOBACCO,0.00000000,NONE,NONE,
840158616421,ALP 9 MG REFRESH CHILL POUCHES,TOBACCO,0.00000000,NONE,NONE,
840158618036,ALP 3 MG SPEARMINT POUCHES,TOBACCO,0.00000000,NONE,NONE,
840158618128,ALP 6 MG SPEARMINT POUCHES,TOBACCO,0.00000000,NONE,NONE,
840158619033,ALP BLK CHERRY 50MG NIC POUCHE,TOBACCO,0.00000000,NONE,NONE,
840158650258,FRE WTRMELON 6mg,TOBACCO,0.00000000,NONE,NONE,840158650241
840158650289,FRE WTRMELON 9mg,TOBACCO,0.00000000,NONE,NONE,840158650272
840158650319,FRE WTRMELON 12mg,TOBACCO,0.00000000,NONE,NONE,840158650302
840158650340,FRE WTRMELON 15mg,TOBACCO,0.00000000,NONE,NONE,840158650333
840189900131,air bar lux + watermelon ice,ZIIPLAB,0.00000000,NONE,NONE,
840189900339,DROP PLUS A DRINK,ZIIPLAB,0.00000000,NONE,NONE,
840189900353,DROP PLUS STRAW KIWI FRUIT,ZIIPLAB,0.00000000,NONE,NONE,
840189900377,DROP PLUS ENERGY DRINKS,ZIIPLAB,0.00000000,NONE,NONE,
840189900391,DROP PLUS STRAW GUAVA GRAPE,ZIIPLAB,0.00000000,NONE,NONE,
840189900414,DROP PLUS LEMON CAKE,ZIIPLAB,0.00000000,NONE,NONE,
840189900438,DROP PLUS YOGURTS ICE CREAM,ZIIPLAB,0.00000000,NONE,NONE,
840189900452,DROP PLUS COOL MINT,ZIIPLAB,0.00000000,NONE,NONE,
840189900476,DROP PLUS MELON KIWI FRUIT,ZIIPLAB,0.00000000,NONE,NONE,
840189900513,DROP PLUS BLACKBERRY ORANGE,ZIIPLAB,0.00000000,NONE,NONE,
840189900537,DROP PLUS HAMI STRAW MANGO,ZIIPLAB,0.00000000,NONE,NONE,
840189900551,DROP PLUS FRUIT ICE,ZIIPLAB,0.00000000,NONE,NONE,
840189903279,air bar box strawberry mango,ZIIPLAB,0.00000000,NONE,NONE,
840189903293,air bar box strawberry grape,ZIIPLAB,0.00000000,NONE,NONE,
840189903385,AIR BAR BOX ORANGE SHAKE,ZIIPLAB,0.00000000,NONE,NONE,
840189903392,air bar box cool mint,ZIIPLAB,0.00000000,NONE,NONE,
840189903439,air bar box watermelon ice,ZIIPLAB,0.00000000,NONE,NONE,
840189905419,air bar box blueberry ice,ZIIPLAB,0.00000000,NONE,NONE,
840189905594,air bar box sour apple ice,ZIIPLAB,0.00000000,NONE,NONE,
840189905617,air bar box strawberry kiwi,ZIIPLAB,0.00000000,NONE,NONE,
840189905631,air bar box strawberry water,ZIIPLAB,0.00000000,NONE,NONE,
840189905655,air bar box water apple ice,ZIIPLAB,0.00000000,NONE,NONE,
840189919546,AIRBAR NEX MIAMI MINT,ZIIPLAB,0.00000000,NONE,NONE,
840189919577,AIRBAR NEX BLUEBERRY ICE,ZIIPLAB,0.00000000,NONE,NONE,
840189919584,AIRBAR NEX GRAPE ICE,ZIIPLAB,0.00000000,NONE,NONE,
840189919614,AIRBAR NEX WATERMELON ICE,ZIIPLAB,0.00000000,NONE,NONE,
840189919621,AIRBAR NEX STRAWBERRY MANGO,ZIIPLAB,0.00000000,NONE,NONE,
840189919652,AIRBAR NEX BLUEBERRY DRAGONFRU,ZIIPLAB,0.00000000,NONE,NONE,
840189919669,AIRBAR NEX MELON KIWI,ZIIPLAB,0.00000000,NONE,NONE,
840189919690,AIRBAR NEX STRAWBERRY KIWI,ZIIPLAB,0.00000000,NONE,NONE,
840189920177,AIRBAR NEX BLACKBERRY ICE,ZIIPLAB,0.00000000,NONE,NONE,
840212404797,OOZE CRYO GLASS BOWL,1,0.00000000,NONE,NONE,810859030017
840212405213,OOZE resolution glass cleaner,1,0.00000000,NONE,NONE,
840212405596,Tanker Extract Battery Black,4,0.00000000,NONE,NONE,
840212405657,Tanker Extract Battery Rainbow,4,0.00000000,NONE,NONE,
840212405725,OOZE MOJO SILICONE WATER PIPE,1,0.00000000,NONE,NONE,840212405701
840212405923,OOZE UFO SILICONE WATER PIPE,1,0.00000000,NONE,NONE,840212406043
840212420810,TWIST PEN GREEN SPLATTER,4,0.00000000,NONE,NONE,
840212420827,TWIST PEN ICE PINK,4,0.00000000,NONE,NONE,
840212420841,TWIST PEN MIDNIGHT SUN,4,0.00000000,NONE,NONE,
840212422739,OOZE HOT KNIFE TWIST KIT ASSOR,1,0.00000000,NONE,NONE,
840212431526,OOZE HILO CARTRIDGE BATTERY,1,0.00000000,NONE,NONE,840212431502
840395800454,NORTH 5K PEACH ICE,ZIIPLAB,0.00000000,NONE,NONE,
840395800461,NORTH 5K WATERMELON KIWI,ZIIPLAB,0.00000000,NONE,NONE,
840395800522,NORTH 5K LEMON MINT,ZIIPLAB,0.00000000,NONE,NONE,
840395800539,NORTH 5K GUMMY BEAR,ZIIPLAB,0.00000000,NONE,NONE,
840395802793,NORTH APPLE GUMMIES,ZIIPLAB,0.00000000,NONE,NONE,
840395802809,NORTH BAHAMA BLISS,ZIIPLAB,0.00000000,NONE,NONE,
840395802823,NORTH BLUE SLURPEE,ZIIPLAB,0.00000000,NONE,NONE,
840395802830,NORTH CACTUS JACK,ZIIPLAB,0.00000000,NONE,NONE,
840395802847,NORTH CHERRY LEMON,ZIIPLAB,0.00000000,NONE,NONE,
840395802854,NORTH COOL MINT,ZIIPLAB,0.00000000,NONE,NONE,
840395802861,NORTH FROZEN RASPBERRY,ZIIPLAB,0.00000000,NONE,NONE,
840395802878,NORTH GREEN EXPLOSION,ZIIPLAB,0.00000000,NONE,NONE,
840395802885,NORTH BLUE CRYSTAL,ZIIPLAB,0.00000000,NONE,NONE,
840395802892,NORTH KIWI DRAGON FRUIT,ZIIPLAB,0.00000000,NONE,NONE,
840395802908,NORTH LEMON COLA,ZIIPLAB,0.00000000,NONE,NONE,
840395802922,NORTH SWK,ZIIPLAB,0.00000000,NONE,NONE,
840395802939,NORTH STRAWBERRY BANANA,ZIIPLAB,0.00000000,NONE,NONE,
840395802953,NORTH SB WATERMELON,ZIIPLAB,0.00000000,NONE,NONE,
840395803332,NORTH 5K STRAWBERRY CHEW,ZIIPLAB,0.00000000,NONE,NONE,
840395803363,NORTH 5K BLUEBERRY POM,ZIIPLAB,0.00000000,NONE,NONE,
840395804872,CB 15K BLUE RAZZ ICE,ZIIPLAB,0.00000000,NONE,NONE,
840395804889,CB 15K BLUE SLURPIE,ZIIPLAB,0.00000000,NONE,NONE,
840395804902,CB 15K CHERRY COLA,ZIIPLAB,0.00000000,NONE,NONE,
840395804919,CB 15K CHERRY LEMON,ZIIPLAB,0.00000000,NONE,NONE,
840395804926,CB 15K COOL MINT,ZIIPLAB,0.00000000,NONE,NONE,
840395804933,CB 15K STRAWBERRY WHIP,ZIIPLAB,0.00000000,NONE,NONE,
840395804940,CB 15K PINA COLADA,ZIIPLAB,0.00000000,NONE,NONE,
840395804957,CB 15K PINEAPPLE LEMONADE,ZIIPLAB,0.00000000,NONE,NONE,
840395804988,CB15 STRAWBERRY WATERMELON,ZIIPLAB,0.00000000,NONE,NONE,
840395804995,CB 15K STRAWMELON,ZIIPLAB,0.00000000,NONE,NONE,
840395805008,CB 15K DRAGONFRUIT LEMONADE,ZIIPLAB,0.00000000,NONE,NONE,
840395805015,CB15 GEORGIAN PEACH,ZIIPLAB,0.00000000,NONE,NONE,
840395805022,CB15 GRAPE BLOW POP,ZIIPLAB,0.00000000,NONE,NONE,
840395805039,CB 15K GRAPE RAZZ,ZIIPLAB,0.00000000,NONE,NONE,
840395805046,CB 15K PASSIONFRUIT PINEAPPLE,ZIIPLAB,0.00000000,NONE,NONE,
840395807620,HANDSHAKE KIT CHERRY STRAZZ,ZIIPLAB,0.00000000,NONE,NONE,
840395807637,HANDSHAKE KIT MIGHTY MINT,ZIIPLAB,0.00000000,NONE,NONE,
840395807644,HANDSHAKE KIT BLUBRY WTRMLN,ZIIPLAB,0.00000000,NONE,NONE,
840395807651,HANDSHAKE KIT STRAW KIWI,ZIIPLAB,0.00000000,NONE,NONE,
840395807668,HANDSHAKE KIT CHERRY LMN,ZIIPLAB,0.00000000,NONE,NONE,
840395807675,HANDSHAKE KIT GRAPE SODA,ZIIPLAB,0.00000000,NONE,NONE,
840395807682,HANDSHAKE KIT BLUE RASPBERRY,ZIIPLAB,0.00000000,NONE,NONE,
840395807699,HANDSHAKE KIT WTRMLN ICE,ZIIPLAB,0.00000000,NONE,NONE,
840395807705,HANDSHAKE KIT DRGN STRAWNANA,ZIIPLAB,0.00000000,NONE,NONE,
840395807712,HANDSHAKE KIT BLUE RAZZ ICE,ZIIPLAB,0.00000000,NONE,NONE,
840395807729,HANDSHAKE KIT CALI CHERRY,ZIIPLAB,0.00000000,NONE,NONE,
840395807736,HANDSHAKE KIT JUICY PEACH,ZIIPLAB,0.00000000,NONE,NONE,
840395807743,HANDSHAKE KIT MIAMI MINT,ZIIPLAB,0.00000000,NONE,NONE,
840395807750,HANDSHAKE KIT SOUR LUSH GMY,ZIIPLAB,0.00000000,NONE,NONE,
840395807767,HANDSHAKE KIT GUMMY BEAR,ZIIPLAB,0.00000000,NONE,NONE,
840395807774,HANDSHAKE KIT COOL MINT,ZIIPLAB,0.00000000,NONE,NONE,
840395807804,HANDSHAKE KIT STRAW BANANA,ZIIPLAB,0.00000000,NONE,NONE,
840395814376,AIRFUZE 30K WTRMLN ICE,ZIIPLAB,0.00000000,NONE,NONE,
840395814390,AIRFUZE 30K BLU RAZZ ICE,ZIIPLAB,0.00000000,NONE,NONE,
840395814437,AIRFUZE 30K BLUBRRY WTRMLN,ZIIPLAB,0.00000000,NONE,NONE,
840395814468,AIRFUZE 30K SR LUSH GUMMY,ZIIPLAB,0.00000000,NONE,NONE,
840395814499,AIRFUZE 30K RAINBOW BLAST,ZIIPLAB,0.00000000,NONE,NONE,
840395815267,NORTH VISION BLUE RAZZ,ZIIPLAB,0.00000000,NONE,NONE,
840395815274,NORTH VISION MIAMI MINT,ZIIPLAB,0.00000000,NONE,NONE,
840395815298,NORTH VISION GRAPE BLOWPOP,ZIIPLAB,0.00000000,NONE,NONE,
840395815328,NORTH 15K CHERRY COLA,ZIIPLAB,0.00000000,NONE,NONE,
840395815892,AIRFUZE 30K MIAMI MINT,ZIIPLAB,0.00000000,NONE,NONE,
840395817063,NORTH VISION STRWBRY DRMSHKE,ZIIPLAB,0.00000000,NONE,NONE,
840395817087,NORTH VISION CYAN BERRIES,ZIIPLAB,0.00000000,NONE,NONE,
840395817094,NORTH VISION GRAPPLE TWIST,ZIIPLAB,0.00000000,NONE,NONE,
840395817095,NORTH VISION GRAPPLE TWIST,ZIIPLAB,0.00000000,NONE,NONE,
840395818015,NORTH VISION ZERO MIAMI MINT,ZIIPLAB,0.00000000,NONE,NONE,
840395818022,NORTH VISION ZERO MIGHTY MINT,ZIIPLAB,0.00000000,NONE,NONE,
840395818039,NORTH VISION ZERO STRW MANGO,ZIIPLAB,0.00000000,NONE,NONE,
840395818749,NORTH VISION KIWI DRAGON,ZIIPLAB,0.00000000,NONE,NONE,
840395818756,NORTH VISION DIRTY STRWBRY,ZIIPLAB,0.00000000,NONE,NONE,
840395818770,NORTH VISION LOVE STORY,ZIIPLAB,0.00000000,NONE,NONE,
840395823415,NORTH 5K BANANA BERRY,ZIIPLAB,0.00000000,NONE,NONE,
840395823422,NORTH 5K BANANA MINT,ZIIPLAB,0.00000000,NONE,NONE,
840478501490,JUICE HEAD 50K CHERRY BOMB,ZIIPLAB,0.00000000,NONE,NONE,
840478501506,JUICE HEAD 50K META MOON,ZIIPLAB,0.00000000,NONE,NONE,
840478501513,JUICE HEAD 50K MEXICAN MANGO,ZIIPLAB,0.00000000,NONE,NONE,
840478501520,JUICE HEAD 50K MIAMI MINT,ZIIPLAB,0.00000000,NONE,NONE,
840478501537,JUICE HEAD 50K RASPBERY LIMADE,ZIIPLAB,0.00000000,NONE,NONE,
840478501551,JUICE HEAD 50K SOUR APPLE,ZIIPLAB,0.00000000,NONE,NONE,
840478501568,JUICE HEAD 50K SOUR FUCK FAB,ZIIPLAB,0.00000000,NONE,NONE,
840478501575,JUICE HEAD 50K STRAW BANANA,ZIIPLAB,0.00000000,NONE,NONE,
840478501582,JUICE HEAD 50KWHITEPEACH RASP,ZIIPLAB,0.00000000,NONE,NONE,
841691100064,COIL PORN 30ML,10,0.00000000,NONE,NONE,841691100071
841-C,CG MONSOON CLEAR PIPE W HOT SK,1,0.00000000,NONE,NONE,
842099113014,HALO TRIBECA TOBACCO,10,0.00000000,NONE,NONE,
842099113021,HALO TRIBECA TOBACCO,10,0.00000000,NONE,NONE,
842099113038,HALO TRIBECA TOBACCO,10,0.00000000,NONE,NONE,
842099113045,HALO SUBZERO MENTHOL,10,0.00000000,NONE,NONE,
842099113052,HALO SUBZERO MENTHOL,10,0.00000000,NONE,NONE,
842099113069,HALO SUBZERO MENTHOL,10,0.00000000,NONE,NONE,
842099113137,HALO TURKISH TOBACCO,10,0.00000000,NONE,NONE,
842099113144,HALO TURKISH TOBACCO,10,0.00000000,NONE,NONE,
842099113151,HALO TURKISH TOBACCO,10,0.00000000,NONE,NONE,
842099128049,PURE BANANA CONCENTRATE FLAVOR,NONE,0.00000000,NONE,NONE,
842099128050,PURE BANANA CONCENTRATE FLAVOR,NONE,0.00000000,NONE,NONE,
842099128056,PURE PINEAPPLE CONCNTRAT FLVR,NONE,0.00000000,NONE,NONE,
842099128070,PURE COCONUT CONCENTRATE FLVR,NONE,0.00000000,NONE,NONE,
842099128131,PURE VANILLA CONCNTRAT FLVR,NONE,0.00000000,NONE,NONE,
842099136709,HALO SUBZERO MENTHOL,10,0.00000000,NONE,NONE,
842099160896,HALO TRIBECA TOBACCO,10,0.00000000,NONE,NONE,
842099161749,HALO TRIBECA TOBACCO,10,0.00000000,NONE,NONE,
842099164436,HALO SUBZERO MENTHOL,10,0.00000000,NONE,NONE,
842099167246,HALO TURKISH TOBACCO,10,0.00000000,NONE,NONE,
842099173346,HALO TURKISH TOBACCO,10,0.00000000,NONE,NONE,
842099196505,PURE BTRD MAPLE CONCNTRAT FLVR,NONE,0.00000000,NONE,NONE,
842099196574,PURE PCHY MNGO CONCNTRTE FLVR,NONE,0.00000000,NONE,NONE,
842099196575,PURE PCHY MNGO CONCNTRTE FLVR,NONE,0.00000000,NONE,NONE,
842099196666,PURE VNLA CSTRD CONCNTRAT FLVR,NONE,0.00000000,NONE,NONE,
842099197229,PURE PEAR CONCENTRATE FLVR,NONE,0.00000000,NONE,NONE,
842381100722,THE DRIP FACTORY 30ML,10,0.00000000,NONE,NONE,842381100623
842426165266,4k DIAMOND 4 FOR 1.19,TOBACCO,0.00000000,NONE,NONE,842426187930
842426165389,4K MANGO 4 FOR 1.19,TOBACCO,0.00000000,NONE,NONE,
842426165419,4K MELONBERRY 4 FOR 1.19,TOBACCO,0.00000000,NONE,NONE,842426187756
842426165440,4K NAPA GRAPE 4 FOR 1.19,TOBACCO,0.00000000,NONE,NONE,842426187664
842426165471,4K SWEET DELICIOUS 4 FOR 1.19,TOBACCO,0.00000000,NONE,NONE,
842426165501,4K WATERMELON 4 FOR 1.19,TOBACCO,0.00000000,NONE,NONE,842426187725
842426165563,4K WHITE GRAPE 4 FOR 1.19,TOBACCO,0.00000000,NONE,NONE,
842426180641,4K CHERRY 4 FOR 1.19,TOBACCO,0.00000000,NONE,NONE,
842426180672,4K PEACH 4 FOR 1.19,TOBACCO,0.00000000,NONE,NONE,
842426181334,4K STRAWBERRY CREAM 4 FOR 1.19,TOBACCO,0.00000000,NONE,NONE,842426193573
842426187848,4K KIWI BERRY 4 FOR 1.29,TOBACCO,0.00000000,NONE,NONE,
842426188029,4K CLASSIC GREEN,TOBACCO,0.00000000,NONE,NONE,
842595135091,BLOOM NRG STRAW/MELON,9,2.91000000,NONE,NONE,
842595138214,BLOOM NRG 12OZ APPL,9,2.34000000,NONE,NONE,
842595138290,Bloom Pop,9,0.00000000,NONE,NONE,
842595138375,Bloom Pop,9,0.00000000,NONE,NONE,
842595138443,Bloom Pop,9,0.00000000,NONE,NONE,
842600110631,THE MILKMAN 30ML SALT,SALT NIC,0.00000000,NONE,NONE,842600109970
842922107685,kilo black 100ml,10,0.00000000,NONE,NONE,842922107678
842922107739,Kilo Black Series Milk&Cookies,10,0.00000000,NONE,NONE,842922108064
842922112948,KiloSourSeriesBluRasSourIce,10,0.00000000,NONE,NONE,
842922120967,KiloSaltSeriesBananaIce,SALT NIC,0.00000000,NONE,NONE,
842922120974,KiloSaltSeriesBananaIce,SALT NIC,0.00000000,NONE,NONE,
842922120981,KiloSaltSeriesLemonBerryIce,SALT NIC,0.00000000,NONE,NONE,
842922120998,KiloSaltSeriesLemonBerryIce,SALT NIC,0.00000000,NONE,NONE,
842922121018,KILO 30ML NIC SALT,SALT NIC,0.00000000,NONE,NONE,842922121001
842922121025,KiloSaltSeriesMixedBerries,SALT NIC,0.00000000,NONE,NONE,
842922121032,KiloSaltSeriesMixedBerries,SALT NIC,0.00000000,NONE,NONE,
842922121063,KiloSaltSeriesPeachIce,SALT NIC,0.00000000,NONE,NONE,
842922121070,KiloSaltSeriesPeachIce,SALT NIC,0.00000000,NONE,NONE,
8457535097,SKY NET PRE BUILD COILS,5,0.00000000,NONE,NONE,
848728007495,VGOD PRO 150,3,0.00000000,NONE,NONE,818368026507
849205016252,ALTO POD 2 pack,JUUL LAB,0.00000000,NONE,NONE,
849205021140,VUSE ALTO BLUE  BODY,JUUL LAB,0.00000000,NONE,NONE,
849205021171,VUSE ALTO ORANGE BODY,JUUL LAB,0.00000000,NONE,NONE,
849205022130,VUSE ALTO 1 POD PACK,JUUL LAB,0.00000000,NONE,NONE,
849205022147,VUSE 5% 5 PACK,TOBACCO,0.00000000,NONE,NONE,
849205023458,VUSE ALTO 4 PODS PACK,JUUL LAB,0.00000000,NONE,NONE,
849205030593,VUSE POD 6 PACK 5.0%,JUUL LAB,0.00000000,NONE,NONE,
849660,ASPIRE STARTER KIT,2,25.00000000,NONE,NONE,
849660010642,NAUTILUS REPLACEMENT ATOMIZER,5,0.00000000,NONE,NONE,180304602563
849660010680,K1 TANK,7,5.00000000,NONE,NONE,6958947110440
849660011121,ASPIRE BVC 1.8OHM EACH,5,1.00000000,NONE,NONE,05180533300258
849660011205,ATLANTIS 0.5 PHM,5,2.30000000,NONE,NONE,
849660011236,CF SUB OHM,10,0.00000000,NONE,NONE,849660011236
849660011281,CF MAX 50W,4,25.00000000,NONE,NONE,
849660011373,TRITON 0.4 OHM COIL,5,2.38000000,NONE,NONE,
849660011496,ODESSY KIT,2,50.00000000,NONE,NONE,
849660011663,CLEITO COIL,5,2.40000000,NONE,NONE,
849660011731,CLEITO GOLD TANK,7,14.50000000,NONE,NONE,
849660012202,ATLANTIS EVO COIL,5,2.10000000,NONE,NONE,
849661,ASPIRE SUB OHM,4,22.00000000,NONE,NONE,
850000573055,FRESH FARMS,10,0.00000000,NONE,NONE,850000573062
850000573116,FRESH FARMS SALTS 30ml,SALT NIC,0.00000000,NONE,NONE,850000573079
850000573802,FRUITIA 60ML,10,0.00000000,NONE,NONE,850000573680
850000573895,FRUITIA 30ML SALT,SALT NIC,0.00000000,NONE,NONE,850000573703
850000690653,ziip pods froopy,ZIIPLAB,0.00000000,NONE,NONE,
850000690882,CHEESECAKE,ZIIPLAB,0.00000000,NONE,NONE,
850001537247,ELLOL BRUCE CHEE ICE 6K,ZIIPLAB,0.00000000,NONE,NONE,
850001537254,ELLO AMERICAN TABACCO 6K,ZIIPLAB,0.00000000,NONE,NONE,
850001537261,ELLO COCO MELO 6K,ZIIPLAB,0.00000000,NONE,NONE,
850001537278,ELLO HAVANA TABACCO 6K,ZIIPLAB,0.00000000,NONE,NONE,
850001537285,ELLO VANILLA SWIRLZ 6K,ZIIPLAB,0.00000000,NONE,NONE,
850003358130,THE GLORY DAYS,10,0.00000000,NONE,NONE,850003358147
850003628516,RAP SNACKS LIL BABY SLT VN BBQ,9,0.00000000,NONE,NONE,
850003660103,BLVK 20K GRAPEFRUIT BB,ZIIPLAB,0.00000000,NONE,NONE,
850003660561,BLVK 20K AMERICAN TOBACCO,ZIIPLAB,0.00000000,NONE,NONE,
850003660806,BLVK 20K DOUBLE SPEARMINT,ZIIPLAB,0.00000000,NONE,NONE,
850003660875,BLVK 20K PEACH GUMMY,ZIIPLAB,0.00000000,NONE,NONE,
850004366295,500MG STYRAWBERRY,CBD,0.00000000,NONE,NONE,
850004366530,KOI D8 LEMONHAZE 1GM DIS,CBD,0.00000000,NONE,NONE,
850004366554,KOI D8 DISP 1G SUNSET GELATO,CBD,0.00000000,NONE,NONE,
850004378052,ZIIP SALT NIC 30ML,SALT NIC,0.00000000,NONE,NONE,850004378076
850006439584,ZIIP SPEARMINT,ZIIPLAB,6.25000000,NONE,NONE,
850006439621,ZIIP ICED APPLE,ZIIPLAB,6.25000000,NONE,NONE,
850006439676,ZIIP PEACH,ZIIPLAB,6.25000000,NONE,NONE,
850006439720,ZIIP POG POD,ZIIPLAB,6.25000000,NONE,NONE,
850006556014,LYF ALOHA FUSION 3MG,10,0.00000000,NONE,NONE,
850006556021,LYF ALOHA FUSION 6MG,10,0.00000000,NONE,NONE,
850006556076,LYF BERRY BLISS 6MG,10,0.00000000,NONE,NONE,
850006556113,LYF ALPINE MELON 3MG,10,0.00000000,NONE,NONE,
850006556120,LYF APLINE MELON 6MG,10,0.00000000,NONE,NONE,
850006556243,LYF CITRUS ICE 3MG,10,0.00000000,NONE,NONE,
850006556250,LYF CITRUS ICE 6MG,10,0.00000000,NONE,NONE,
850006556335,LYF SALT NIC 30 MIL,SALT NIC,0.00000000,NONE,NONE,850006556038
850006556359,PURLYF D8 CART PINAMAN EXORESS,CBD,0.00000000,NONE,NONE,
850006556380,PURLYF STRAWNANA,ZIIPLAB,0.00000000,NONE,NONE,
850006556397,PURLYF D8 SATIVA,ZIIPLAB,0.00000000,NONE,NONE,
850006556403,PURLYF D8 HYBRID,ZIIPLAB,0.00000000,NONE,NONE,
850006556410,PURLYF 70MG APPLE GUMMY,CBD,0.00000000,NONE,NONE,
850006556427,PURLYF 70MG GUMMY WATERMELON,CBD,0.00000000,NONE,NONE,
850006556434,PURLYF BLUEBERRY 70 MG GUMMY,CBD,0.00000000,NONE,NONE,
850006556557,PURLYF TROPICAL WATERMELON,ZIIPLAB,0.00000000,NONE,NONE,810096580054
850006556564,PURLYF PINK BERRY ROZAY,ZIIPLAB,0.00000000,NONE,NONE,
850006556748,PURLYF 70MG GUMMY RAINBOW,CBD,0.00000000,NONE,NONE,
850006556793,HIXOTIC BLAZIN BLUE LEMONADE,CBD,0.00000000,NONE,NONE,
850006556830,HIXOTIC PEACH PEAR PUNCH,CBD,0.00000000,NONE,NONE,
850006556878,HIXOTIC TWISTED TROPICAL,CBD,0.00000000,NONE,NONE,
850006556908,HIXOTIC STRAW BLASTED,CBD,0.00000000,NONE,NONE,
850006556960,PURLYF DIAMOND COLLECTION,ZIIPLAB,0.00000000,NONE,NONE,
850006556977,PURLYF DIAMOND COLLECTION,ZIIPLAB,0.00000000,NONE,NONE,
850006556984,HIXOTIC PINEAPPLE EXPRESS 2G C,CBD,0.00000000,NONE,NONE,
850006556991,HIXOTIC SNOZZBERRY 2G CART,CBD,0.00000000,NONE,NONE,
850007437718,SEA AIR ORANGE SODA 2.6ML,ZIIPLAB,0.00000000,NONE,NONE,
850007437725,SEA  AIR STRAW WATER ICE,ZIIPLAB,0.00000000,NONE,NONE,
850007437749,SEA AIR PEACH ICE 2.6ML,ZIIPLAB,0.00000000,NONE,NONE,
850008171574,JGO 1000MG CBD SOUR BELT JAR,CBD,0.00000000,NONE,NONE,
850008171925,JGO CBD 750mg CART,CBD,0.00000000,NONE,NONE,
850008384240,KOI AEROSOL INHALER 1000MG,CBD,0.00000000,NONE,NONE,
850008384387,KOI D8 WATERMELON 500 MG,CBD,0.00000000,NONE,NONE,
850008384479,KOI PAIN RELIEVING ROLL ON 500,CBD,0.00000000,NONE,NONE,
850008420016,CALIFORNIA ICE SALTS 30ML,10,0.00000000,NONE,NONE,850008420009
850008420511,CALI BAR - SWEET MINT,ZIIPLAB,0.00000000,NONE,NONE,850008420511
850008420542,CALI BAR - ORANGE SODA,ZIIPLAB,0.00000000,NONE,NONE,850008420542
850008420559,CALI BAR - RAINBOW ICE,ZIIPLAB,0.00000000,NONE,NONE,850008420559
850008420573,CALI BAR - BANANA ICE,ZIIPLAB,0.00000000,NONE,NONE,850008420573
850008420597,CALI BAR - SWEET GRAPEFRUITICE,ZIIPLAB,0.00000000,NONE,NONE,850008420597
850008420870,CALI 2K BANANA ICE,ZIIPLAB,0.00000000,NONE,NONE,
850008420887,CALI 2K BLUE RAZZ ICE,ZIIPLAB,0.00000000,NONE,NONE,
850008420894,CALI 2K BLUE RAZZ,ZIIPLAB,0.00000000,NONE,NONE,
850008420900,CALI 2K MANGO ICE,ZIIPLAB,0.00000000,NONE,NONE,
850008420917,CALI 2K MANGO,ZIIPLAB,0.00000000,NONE,NONE,
850008420924,cali 2k rainbow ice,ZIIPLAB,0.00000000,NONE,NONE,
850008420931,CALI 2K STRAWBERRY ICE,ZIIPLAB,0.00000000,NONE,NONE,
850008420948,CALI 2K STRAWBERRY,ZIIPLAB,0.00000000,NONE,NONE,
850008420955,CALI 2K SWEET MINT,ZIIPLAB,0.00000000,NONE,NONE,
850008420962,CALI 2K WATERMELON ICE,ZIIPLAB,0.00000000,NONE,NONE,
850008420979,CALI 2K TROPICAL POG,ZIIPLAB,0.00000000,NONE,NONE,
850008420986,CALI 2K FROZEN PEACH,ZIIPLAB,0.00000000,NONE,NONE,
850008663444,ZIIP POD SOUR CANDY,ZIIPLAB,0.00000000,NONE,NONE,
850008663505,ZIIP POD STRAWBERRY GUM,ZIIPLAB,0.00000000,NONE,NONE,
850008663529,ZIIP POD WATERMELON GUM,ZIIPLAB,0.00000000,NONE,NONE,
850009563873,ELLO BUBBAMELON 6K,ZIIPLAB,0.00000000,NONE,NONE,
850009709554,FRUITIA PINEAPPLE CITRUS TWIST,ZIIPLAB,0.00000000,NONE,NONE,
850009709561,FRUITA APPLE KIWI CRUSH,ZIIPLAB,0.00000000,NONE,NONE,
850009709592,FRUITIAPASSIONFRUIT GUAVA PUN,ZIIPLAB,0.00000000,NONE,NONE,
850009709608,FRUITIA ORANGE CACTUS COOLER,ZIIPLAB,0.00000000,NONE,NONE,
850009709646,FRUITA BANANA FREZE,ZIIPLAB,0.00000000,NONE,NONE,
850009709677,FRUITIA BLUEBERRY BLAST,ZIIPLAB,0.00000000,NONE,NONE,
850009942036,BODY ARMOR BLUE RASPERRY 12OZ,9,0.00000000,NONE,NONE,
8500121480054,Cloak,4,0.00000000,NONE,NONE,
8500121481426,KR1 2 IN 1,4,0.00000000,NONE,NONE,
850012148241,THE CUBE  510 BATTERY,3,0.00000000,NONE,NONE,850012148272
850012148302,Gold Bar Battery,3,0.00000000,NONE,NONE,
850012148395,PB1,2,0.00000000,NONE,NONE,
850012148593,The Palm CCELL,4,0.00000000,NONE,NONE,
850013997459,LOLLIDRIP 60ML,10,0.00000000,NONE,NONE,850013997459
850015167065,NICFIT GO PINA LEMONADE,ZIIPLAB,0.00000000,NONE,NONE,
850015167096,NICFIT GO BLUE RAZ,ZIIPLAB,0.00000000,NONE,NONE,
850015167102,NICFIT GO LUSH ICE 3ML,ZIIPLAB,0.00000000,NONE,NONE,
850015167119,NICFITGO STRAWBERRY CREAM,ZIIPLAB,0.00000000,NONE,NONE,
850015167126,NICFIT GO COOL MINT,ZIIPLAB,0.00000000,NONE,NONE,
850015167140,NICFIT GO PEACH MANGO WATERMEL,ZIIPLAB,0.00000000,NONE,NONE,
850015847004,ROYAL KRATOM THAI 75CT CAPSULE,KRATOM,0.00000000,NONE,NONE,810015391327
850015847028,BALI POWER 75GM,KRATOM,0.00000000,NONE,NONE,
850015847035,MAENG DA POWDER 75GM,KRATOM,0.00000000,NONE,NONE,810015390948
850015847042,THAI POWDER 75GM,KRATOM,0.00000000,NONE,NONE,810015391402
850015847059,ROYAL KRATOM RED VEIN 75 CAPSU,KRATOM,0.00000000,NONE,NONE,810015391372
850015847103,Royal Kratom 75 capsules,KRATOM,0.00000000,NONE,NONE,
850015847110,ROYAL KRATOM GREEN VEIN 75 CAP,KRATOM,0.00000000,NONE,NONE,810015391341
850015847189,Royal Kratom Green Vein 75mg,KRATOM,0.00000000,NONE,NONE,810015391501
850015847196,`Royal Kratom Green Vein 150,KRATOM,0.00000000,NONE,NONE,
850020481477,PACHA MAMA lychee ice dispo,ZIIPLAB,0.00000000,NONE,NONE,
850020481484,PACHA MAMA peach ice DISPO,ZIIPLAB,0.00000000,NONE,NONE,
850020481491,PACHA MAMA pink limonade dipso,ZIIPLAB,0.00000000,NONE,NONE,
850020481507,PACHA MAMA pineapple ice dispo,ZIIPLAB,0.00000000,NONE,NONE,
850020481514,PACHA MAMA banana ice DISPO,ZIIPLAB,0.00000000,NONE,NONE,
850020481521,PACHA MAMA guava ice DISPO,ZIIPLAB,0.00000000,NONE,NONE,
850020481699,PERL POMEGRANATE LEMONADE,CBD,0.00000000,NONE,NONE,
850020481712,PACHA MAMA GRAPE ICE,ZIIPLAB,0.00000000,NONE,NONE,850020481712
850020481729,pacha mama strawberry ice,ZIIPLAB,0.00000000,NONE,NONE,
850020481736,pacha mama mango,ZIIPLAB,0.00000000,NONE,NONE,
850021572006,BATON GLACIER MINT 2.5%,SALT NIC,0.00000000,NONE,NONE,
850021572013,BATON GLACIER MINT 5%,SALT NIC,3.50000000,NONE,NONE,
850021572020,BATON ICED WTRMLN LIMADE 2.5%,SALT NIC,0.00000000,NONE,NONE,
850021572037,BATON ICED WTRMLN LIMEADE 5%,SALT NIC,3.50000000,NONE,NONE,
850021572044,BATON FRUIT CONFIT 2.5%,SALT NIC,0.00000000,NONE,NONE,
850021572051,BATON FRUIT CONFIT %5.0,SALT NIC,0.00000000,NONE,NONE,
850021572068,BATON ISLAND MANGO 2.5%,SALT NIC,0.00000000,NONE,NONE,
850021572075,BATON ISLAND MANGO 5.0%,SALT NIC,0.00000000,NONE,NONE,
850021572082,BATON 2.5% SOUTHERN LEAF,SALT NIC,0.00000000,NONE,NONE,
850021572099,BATON SOUTHERN LEAF 5%,SALT NIC,3.50000000,NONE,NONE,
850021572129,Baton Crisp Apple 2.5%,SALT NIC,0.00000000,NONE,NONE,
850021572136,BATON CRISP APPLE 5%,SALT NIC,0.00000000,NONE,NONE,
850021572150,BATON WILD MELON 5%,SALT NIC,3.50000000,NONE,NONE,
850021572280,BATON V2 JADE,2,0.00000000,NONE,NONE,
850021572464,baton pearl white,2,0.00000000,NONE,NONE,
850021572471,baton black kit,2,0.00000000,NONE,NONE,
850021572488,Baton V2 Gold Kit,2,0.00000000,NONE,NONE,
850021572495,Baton V2 Violet Kit,2,0.00000000,NONE,NONE,
850021572518,Baton V2 Silver Kit,2,0.00000000,NONE,NONE,
850021572693,Baton Iced Straw Kiwi 10ml,SALT NIC,0.00000000,NONE,NONE,
850021572709,Baton Pineapple Freeze 10ml,SALT NIC,0.00000000,NONE,NONE,
850021572716,Baton Blue Razz 10ml,SALT NIC,0.00000000,NONE,NONE,
850021572723,Batone Aloe Grape Freeze 5%,SALT NIC,0.00000000,NONE,NONE,
850021572730,Baton Aloe Grape Freeze 2.5%,SALT NIC,0.00000000,NONE,NONE,
850021572747,Baton Pineapple Freeze2.5%,SALT NIC,0.00000000,NONE,NONE,
850021572754,Baton Blue Razz 10ml,SALT NIC,0.00000000,NONE,NONE,
850021572761,Baton Iced Straw Kiwi 10ml,SALT NIC,0.00000000,NONE,NONE,
850021572822,Baton V2 Aqua Kit,2,0.00000000,NONE,NONE,
850022314858,FOUR SZN VRG TABACCO 3MG,10,0.00000000,NONE,NONE,
850022314865,FOUR SZN VRG TABACCO 6MG,10,0.00000000,NONE,NONE,
850022314872,FOUR SZN VRG TABACCO 12MG,10,0.00000000,NONE,NONE,
850023267139,ROYAL KRATOM INDO CAPSULES,KRATOM,0.00000000,NONE,NONE,
850023267146,Royal kratom 75 capsules,KRATOM,0.00000000,NONE,NONE,
850023267153,Royal Kratom Rainbow 75gm,KRATOM,0.00000000,NONE,NONE,810015391495
850023267177,INDO KRATOM 75 GRAMS POWDER,KRATOM,0.00000000,NONE,NONE,810015391426
850025435321,HYDE EDGE RECHARGE PINA COLADA,ZIIPLAB,0.00000000,NONE,NONE,
850025435345,HYDE RECHARGE SOUR APPLE ICE,ZIIPLAB,0.00000000,NONE,NONE,
850025435369,HYDE EDGE RECHARGE RAZ/WATER,ZIIPLAB,0.00000000,NONE,NONE,
850025435383,HYDE EDGE RASPBERRY WATERMELON,ZIIPLAB,0.00000000,NONE,NONE,
850025435406,HYDE EDGE SOUR APPLE,ZIIPLAB,0.00000000,NONE,NONE,
850025435420,HYDE EDGE PINA COLADA,ZIIPLAB,0.00000000,NONE,NONE,
850025435468,Hyde Rechargable Sour Apple,ZIIPLAB,0.00000000,NONE,NONE,850025435468
850025435871,HYDE COLOR EDITIONPLUS RASPWAT,ZIIPLAB,0.00000000,NONE,NONE,
850025435918,HYDECOLOREDITIONPLUS SOURPICE,ZIIPLAB,0.00000000,NONE,NONE,
850025435925,HYDE ONE BLUE RAZZ,ZIIPLAB,0.00000000,NONE,NONE,
850025435949,HYDE ONE PEACH(] MANGO(] WATER,ZIIPLAB,0.00000000,NONE,NONE,
850025435956,HYDE ONE HONEYDEW PUNCH,ZIIPLAB,0.00000000,NONE,NONE,
850025435970,HYDE ONE STRAW & CREAM,ZIIPLAB,0.00000000,NONE,NONE,
850025435987,HYDE ONE SOUR APPLE ICE,ZIIPLAB,0.00000000,NONE,NONE,
850025435994,HYDE ONE ALOE GRAPE,ZIIPLAB,0.00000000,NONE,NONE,
850027013145,HYDE CURVE PLUS RAZ WATERMELON,ZIIPLAB,0.00000000,NONE,NONE,
850027013176,HYDE CURVE PLUS PINA COLADA,ZIIPLAB,0.00000000,NONE,NONE,
850027013213,HYDE ONE RAZ WATERMELON,ZIIPLAB,0.00000000,NONE,NONE,
850027013220,HYDE ONE LUSH ICE,ZIIPLAB,0.00000000,NONE,NONE,
850027013336,hyde retro straw and cream,ZIIPLAB,0.00000000,NONE,NONE,
850027013398,HYDE RETRO SOURAPPLEICE,ZIIPLAB,0.00000000,NONE,NONE,
850027013619,HYDE REBEL SPEARMINT,ZIIPLAB,0.00000000,NONE,NONE,
850027013633,HYDE REBEL ALOE GRAPE 4500 PUF,ZIIPLAB,0.00000000,NONE,NONE,
850027013657,HYDE REBEL LUSH ICE,ZIIPLAB,0.00000000,NONE,NONE,
850027013671,HYDE REBEL STRAWBERRY BANANA,ZIIPLAB,0.00000000,NONE,NONE,
850027013695,HYDE REBELSTRAW CREAM 4500 PUF,ZIIPLAB,0.00000000,NONE,NONE,
850027013701,HYDE REBEL PEACHMANWATER 4500P,ZIIPLAB,0.00000000,NONE,NONE,
850027013718,HYDE REBEL BLUE RAZZ ICE,ZIIPLAB,0.00000000,NONE,NONE,
850027013732,HYDE REBEL LEMON CRUMBLE,ZIIPLAB,0.00000000,NONE,NONE,
850027013749,HYDE REBEL PINA COLADA 4500PUF,ZIIPLAB,0.00000000,NONE,NONE,
850027013756,HYDE REBEL SOPURAPPLE ICE 4500,ZIIPLAB,0.00000000,NONE,NONE,
850027013763,HYDE REBEL RASP WATER 4500 PUF,ZIIPLAB,0.00000000,NONE,NONE,
850027013930,HYDE RECHARGE COLA ICE,ZIIPLAB,0.00000000,NONE,NONE,
850027013947,hyde edge recharge energize,ZIIPLAB,0.00000000,NONE,NONE,
850027013954,hyde edge recharge straw kiwi,ZIIPLAB,0.00000000,NONE,NONE,
850027013961,HYDE RECHARGE TROPICAL GUMMY,ZIIPLAB,0.00000000,NONE,NONE,
850027013978,hyde edge recharge bananacream,ZIIPLAB,0.00000000,NONE,NONE,
8500270313152,HYDE CURVE PLUS SOUR APPLE ICE,ZIIPLAB,0.00000000,NONE,NONE,850027013152
850027103044,VIBEZ FROSTED BLUE RAZ,ZIIPLAB,0.00000000,NONE,NONE,
850027103075,VIBEZ FROSTED MINT,ZIIPLAB,0.00000000,NONE,NONE,
850027103082,VIBEZ FROSTED WATERMELON,ZIIPLAB,0.00000000,NONE,NONE,
850027103112,VIBEZ FROSTED MANGO,ZIIPLAB,0.00000000,NONE,NONE,
850027103136,VIBEZ FROSTED PEACH RAZ,ZIIPLAB,0.00000000,NONE,NONE,
850027103143,VIBES STRAWBERRY BOBA TEA,ZIIPLAB,0.00000000,NONE,NONE,
850027103150,VIBEZ FROSTED STRAW BANANA,ZIIPLAB,0.00000000,NONE,NONE,
850027410005,LUCY BREAKERS MINT 8MG,CLEARNCE,0.00000000,NONE,NONE,
850027410012,LUCY BREAKERS APPLE ICE EA,TOBACCO,0.00000000,NONE,NONE,850027410272
850027410029,LUCY BREAKERS MANGO EA,TOBACCO,0.00000000,NONE,NONE,
850027410258,LUCY BREAKERS MINT EA,TOBACCO,0.00000000,NONE,NONE,
850027410296,LUCY BREAKERS MANGO EA,TOBACCO,0.00000000,NONE,NONE,
850027410876,LUCY BREAKERS BERRY CITRUS 8M,TOBACCO,0.00000000,NONE,NONE,
850028846124,DIMO D8 SOUR BELTS BLUE RAZ,CBD,0.00000000,NONE,NONE,
850028846131,DIMO D8 SOUR BELTS STRAWBERRY,CBD,0.00000000,NONE,NONE,
850028846148,DIMOD8 SOUR BELTS GREEN APPLE,CBD,0.00000000,NONE,NONE,
850028846186,DIMO D8 SOUR GUMMY WORMS,CBD,0.00000000,NONE,NONE,
850028846193,DIMO D8 SOUR PEACH RINGS,CBD,0.00000000,NONE,NONE,
850028846704,fullthrottle sour belts BLURAS,CBD,0.00000000,NONE,NONE,
850028846711,fullthrottle sour belts GREENA,CBD,0.00000000,NONE,NONE,
-850028846728,fullthrottle sour belts STRAWB,CBD,0.00000000,NONE,NONE,850028846728
850028846735,fullthrottle sour belts WATERM,CBD,0.00000000,NONE,NONE,
850028846742,fullthrottle sour belts RAINBO,CBD,0.00000000,NONE,NONE,
850028846773,FULLTHROTTLE SOUR PEACH RINGS,CBD,0.00000000,NONE,NONE,
850028846865,SOUR BELTS D9 200MG BLUE RAS,CBD,0.00000000,NONE,NONE,
850028846872,SOUR BELTS D9 200MG GREEN APPL,CBD,0.00000000,NONE,NONE,
850028846889,SOURBELTS D9 200MG STRAWBERRY,CBD,0.00000000,NONE,NONE,
850028846896,SOURBELTS D9 200MG WATERMELON,CBD,0.00000000,NONE,NONE,
850028846919,SOUR BELTS D9 200MG MANGO,CBD,0.00000000,NONE,NONE,
850028846926,SOURBELTS D9200MG SOUR PEACH,CBD,0.00000000,NONE,NONE,
850029155133,Happi D10 Blue Dreams Carts,CBD,0.00000000,NONE,NONE,850029155133
850029155140,Happi D10 Ice Cream Cake Cart,CBD,0.00000000,NONE,NONE,850029155140
850029155157,Happi D10 Sour Diesel Delight,CBD,0.00000000,NONE,NONE,850029155157
850029155164,Happi D10 Banana Runtz Cart,CBD,0.00000000,NONE,NONE,850029155164
850029155171,d10 apple fritter 1100mg cart,CBD,0.00000000,NONE,NONE,
850029155195,Pure Clear D8 Pineapple Expres,ZIIPLAB,0.00000000,NONE,NONE,850029155195
850029155263,Happi D10 Strawberry Smiles,CBD,0.00000000,NONE,NONE,850029155263
850029155942,HAPPI D-10 APPLE FRITTER,ZIIPLAB,0.00000000,NONE,NONE,
850029155966,HAPPI D-10 BANANA RUNTZ,ZIIPLAB,0.00000000,NONE,NONE,
850029155980,HAPPI D-10 BLUE DREAMS,ZIIPLAB,0.00000000,NONE,NONE,
850029352051,HYDE REVEL STRAWBERRY KIWI,ZIIPLAB,0.00000000,NONE,NONE,
850029352068,HYDE REBEL TROPICAL GUMMY 4500,ZIIPLAB,0.00000000,NONE,NONE,
850029352112,Hyde Edge Cola Ice,ZIIPLAB,0.00000000,NONE,NONE,
850029352129,HYDE EDGE ENERGIZE,ZIIPLAB,0.00000000,NONE,NONE,
850029352136,HYDE EDGE STRAW KIWI,ZIIPLAB,0.00000000,NONE,NONE,
850029352143,HYDE EDGE TROPICAL GUMMY,ZIIPLAB,0.00000000,NONE,NONE,
850029352150,HYDE EDGE BANANA CREAM,ZIIPLAB,0.00000000,NONE,NONE,
850029352525,Hyde Rebel Power,ZIIPLAB,0.00000000,NONE,NONE,850029352525
850029352549,Hyde rebel Summer Luv,ZIIPLAB,0.00000000,NONE,NONE,850029352549
850029352563,Hyde Rebel Minty O''s,ZIIPLAB,0.00000000,NONE,NONE,850029352563
850029352587,HYDE EDGE POWER,ZIIPLAB,0.00000000,NONE,NONE,
850029352600,HYDE EDGE MINTY OS,ZIIPLAB,0.00000000,NONE,NONE,
850029352624,hyde edge summer luv,ZIIPLAB,0.00000000,NONE,NONE,
850029352648,HYDE EDGE POWER 3300 PUFF,ZIIPLAB,0.00000000,NONE,NONE,
850029352662,HYDE RECHARGE MINTY O''S,ZIIPLAB,0.00000000,NONE,NONE,
850029352686,HYDE EDGE RECHARGE SUMMER LOVE,ZIIPLAB,0.00000000,NONE,NONE,
850029799917,POP PAPERS STRAW JAM 1 1/4,1,0.00000000,NONE,NONE,
850029799924,POP PAPERS STRAWBERRY JAM,1,0.00000000,NONE,NONE,
850029799948,POP PAPERS BANANACREAM KING EA,1,0.00000000,NONE,NONE,
850029799955,POP PAPERS STRAW JAM KING EA,1,0.00000000,NONE,NONE,
850029799979,POP PAPERS T MANGO KING EA,1,0.00000000,NONE,NONE,
850029799986,POP PAPERS WILDGRAPE KING EA,1,0.00000000,NONE,NONE,
850029799993,POP PAPERS WILD GRAPE,1,0.00000000,NONE,NONE,
850030653031,d10 wedding cake 1100 mg,ZIIPLAB,0.00000000,NONE,NONE,
850030653055,d10 pink lemonade 1100mg,ZIIPLAB,0.00000000,NONE,NONE,
850030653208,d10 trainwreck 1100mg,ZIIPLAB,0.00000000,NONE,NONE,
850030653215,d10 super lemon haze 1100mg,ZIIPLAB,0.00000000,NONE,NONE,
850030653277,TORCH GREEN CRACK THC-O,CBD,0.00000000,NONE,NONE,
850030653284,TORCH MANGO THC-O,CBD,0.00000000,NONE,NONE,
850030653291,TORCH ICE CREAM CAKE THC-O,CBD,0.00000000,NONE,NONE,
850030653314,TORCH JACK HERER THC-O,CBD,0.00000000,NONE,NONE,
850030653321,TORCH KUSH MINTS THC-O,CBD,0.00000000,NONE,NONE,
850030653345,TORCH ORANGE MIMOSA THC-O,CBD,0.00000000,NONE,NONE,
850031719705,DOTS PRETZEL MIX,9,0.00000000,NONE,NONE,850031719705
850032941136,SUGAR JELLY GUMMY 300MG D8,CBD,0.00000000,NONE,NONE,
850033038132,HYDE RAVE RETO MINTY O''S,ZIIPLAB,0.00000000,NONE,NONE,
850033038316,HYDE RAVE RETRO STRAWBERRY KIW,ZIIPLAB,0.00000000,NONE,NONE,
850033038354,hyde rave retro tropical,ZIIPLAB,0.00000000,NONE,NONE,
850033038385,HYDE EDGE RECHARGE OJ,ZIIPLAB,0.00000000,NONE,NONE,
850033038408,HYDE RECHARGE CHERRY/PEACH/LEM,ZIIPLAB,0.00000000,NONE,NONE,
850033038422,HYDE RECHARGE PEACH/MANGO/CREA,ZIIPLAB,0.00000000,NONE,NONE,
850033038446,HYDE RECHARGE PEACHY,ZIIPLAB,0.00000000,NONE,NONE,
850033038460,Hyde Edge OJ,ZIIPLAB,0.00000000,NONE,NONE,850033038460
850033038484,Hyde edge Cherry Peach Lemonde,ZIIPLAB,0.00000000,NONE,NONE,850033038484
850033038507,Hyde Edge Mango Peach & Cream,ZIIPLAB,0.00000000,NONE,NONE,850033038507
850033038521,Hyde Edge Peach Gummy,ZIIPLAB,0.00000000,NONE,NONE,850033038521
850033038538,HYDE N-BAR ALOE GRAPE,ZIIPLAB,0.00000000,NONE,NONE,
850033038552,HYDE N-BAR BANANA ICE,ZIIPLAB,0.00000000,NONE,NONE,
850033038576,HYDE N-BAR BANANA & CREAM,ZIIPLAB,0.00000000,NONE,NONE,
850033038590,HYDE N-BAR BLUE RAZZ ICE,ZIIPLAB,0.00000000,NONE,NONE,
850033038613,HYDE N-BAR BLU RAZZ LEMONADE,ZIIPLAB,0.00000000,NONE,NONE,
850033038651,HYDE N-BAR CARIBBEAN COLADA,ZIIPLAB,0.00000000,NONE,NONE,
850033038675,HYDE N-BAR CHER/PEAC/LEMONADE,ZIIPLAB,0.00000000,NONE,NONE,
850033038699,HYDE N-BAR DEWBERRY,ZIIPLAB,0.00000000,NONE,NONE,
850033038736,HYDE N-BAR MANGO PEACHES N CRE,ZIIPLAB,0.00000000,NONE,NONE,
850033038750,HYDE N-BAR MINTY O''S,ZIIPLAB,0.00000000,NONE,NONE,
850033038774,HYDE N-BAR OJ,ZIIPLAB,0.00000000,NONE,NONE,
850033038798,HYDE N-BAR PEACH,ZIIPLAB,0.00000000,NONE,NONE,
850033038811,HYDE N-BAR PEACH MANGO WATERME,ZIIPLAB,0.00000000,NONE,NONE,
850033038835,HYDE N-BAR RASP/WATERMELLON,ZIIPLAB,0.00000000,NONE,NONE,
850033038859,Hyde N bar sour apple ice,ZIIPLAB,0.00000000,NONE,NONE,
850033038873,HYDE N-BAR STRAWBERRY BANANA,ZIIPLAB,0.00000000,NONE,NONE,
850033038897,HYDE N-BAR STRAWBERRY ICECREAM,ZIIPLAB,0.00000000,NONE,NONE,
850033038910,HYDE N-BAR STRAWBERRY KIWI,ZIIPLAB,0.00000000,NONE,NONE,
850033038934,HYDE N-BAR SUMMER LOVE,ZIIPLAB,0.00000000,NONE,NONE,
850033038958,HYDE N-BAR TROPICAL,ZIIPLAB,0.00000000,NONE,NONE,
850033038972,HYDE RAVE BANANNA ICE,ZIIPLAB,0.00000000,NONE,NONE,
850033553000,HAPPI D-10 ICE CREAM CAKE,CBD,0.00000000,NONE,NONE,
850033553024,HAPPI D-10 SOUR DIESEL DELIGHT,CBD,0.00000000,NONE,NONE,
850033553048,HAPPI D-10 STRAWBERRY SMILES,CBD,0.00000000,NONE,NONE,
850033553147,ESCO BARS FRUITA SNOW CONE ICE,ZIIPLAB,0.00000000,NONE,NONE,
850033553161,EB FRUITIA MANGO GUAVA I,ZIIPLAB,0.00000000,NONE,NONE,
850033553185,EB FRUITA FUJI APPLE ICE,ZIIPLAB,0.00000000,NONE,NONE,
850033553208,EB FRUITIA WATERMELON BBGUM,ZIIPLAB,0.00000000,NONE,NONE,
850033553222,EB FRUITIA BLUERASPBERRY LEMON,ZIIPLAB,0.00000000,NONE,NONE,
850033553727,HAPPI D-10 ORANGE JUBILEE,CBD,0.00000000,NONE,NONE,
850033553741,HAPPI D-10 SNOW CONE NICE,CBD,0.00000000,NONE,NONE,
850033642469,ISPIRE NORTHERSLIGHT DAB,2,0.00000000,NONE,NONE,
850033702194,PACHA MAMA WATERMELON ICE DISP,ZIIPLAB,0.00000000,NONE,NONE,
850033702231,PACHA THCO HYBRID CUCUMBER WM,ZIIPLAB,0.00000000,NONE,NONE,
850033702255,PACHA THCO INDICA GRAPE APE,CBD,0.00000000,NONE,NONE,
850033702279,PACHA THCO SATIVA RUNTZ,ZIIPLAB,0.00000000,NONE,NONE,
850033702286,PACHA THCO HYBRID BLUEBRY AFGO,CBD,0.00000000,NONE,NONE,
850033702309,PACHA THCO SATIVA MIMOSA,CBD,0.00000000,NONE,NONE,
850033702651,PACHA  3000PUFF STRAWBERRY KIW,ZIIPLAB,0.00000000,NONE,NONE,
850033702699,PACHA  3000PUFF WHITE GRAPE,ZIIPLAB,0.00000000,NONE,NONE,
850033702705,PACHA  3000PUFF BLUE RAZZ ICE,ZIIPLAB,0.00000000,NONE,NONE,
850033702729,PACHA FRUIT PUNCH 1G HHC,ZIIPLAB,0.00000000,NONE,NONE,
850033702736,PACHA BERRY ZKITTLES HHC,CBD,0.00000000,NONE,NONE,
850033702743,PACHA PEACHES & CREAM HHC,CBD,0.00000000,NONE,NONE,
850033702750,PACHA HHC LEMON POUND CAKE,CBD,0.00000000,NONE,NONE,
850033702804,PACHA D8 1G DISPO WEDDING CAKE,CBD,0.00000000,NONE,NONE,
850033702811,PACHA D8 1G DISPO GELATO,CBD,0.00000000,NONE,NONE,
850033958010,HYDE RAVE BLUE RAZZ ICE,ZIIPLAB,0.00000000,NONE,NONE,
850033958034,HYDE RAVE BLUE RAZZ LEMONADE,ZIIPLAB,0.00000000,NONE,NONE,
850033958058,HYDE RAVE BRAZMALLOWS,ZIIPLAB,0.00000000,NONE,NONE,
850033958072,HYDE RAVE CARIBBEAN COLADA,ZIIPLAB,0.00000000,NONE,NONE,
850033958096,HYDE RAVE CHERRY PEACH LEMONAD,ZIIPLAB,0.00000000,NONE,NONE,
850033958119,HYDE RAVE DEWBERRY,ZIIPLAB,0.00000000,NONE,NONE,
850033958133,HYDE RAVE ENERGIZE,ZIIPLAB,0.00000000,NONE,NONE,
850033958157,HYDE RAVE LOOPS,ZIIPLAB,0.00000000,NONE,NONE,
850033958171,HYDE RAVE MANGO PRACH CREAM,ZIIPLAB,0.00000000,NONE,NONE,
850033958195,HYDE RAVE MINTY O''S,ZIIPLAB,0.00000000,NONE,NONE,850035983751
850033958218,HYDE RAVE OJ,ZIIPLAB,0.00000000,NONE,NONE,
850033958232,HYDE RAVE PEACH GUMMY,ZIIPLAB,0.00000000,NONE,NONE,
850033958270,HYDE RAVE PHILIPPINE MANGO,ZIIPLAB,0.00000000,NONE,NONE,
850033958294,HYDE RASPBERRY WATERMELON,ZIIPLAB,0.00000000,NONE,NONE,
850033958317,HYDE RAVE SOUR APPLE ICE,ZIIPLAB,0.00000000,NONE,NONE,
850033958355,HYDE RAVE STRAWBERRY KIWI,ZIIPLAB,0.00000000,NONE,NONE,
850033958379,HYDE RAVE SUMMER LOVE,ZIIPLAB,0.00000000,NONE,NONE,
850033958393,HYDE RAVE TROPICAL,ZIIPLAB,0.00000000,NONE,NONE,
850033958461,HYDE N-BAR STRAWBERRY GUAVAICE,ZIIPLAB,0.00000000,NONE,NONE,
850033958607,Hyde Mag Fruit Punch,ZIIPLAB,0.00000000,NONE,NONE,
850033958638,Hyde Mag Mandarin Lime,ZIIPLAB,0.00000000,NONE,NONE,
850033958669,Hyde Mag Blue Razz Ice,ZIIPLAB,0.00000000,NONE,NONE,
850033958683,Hyde Mag Fresh Vanilla,ZIIPLAB,0.00000000,NONE,NONE,
850033958751,Hyde Mag Lemon Ice Cream,ZIIPLAB,0.00000000,NONE,NONE,
850035543337,FB CINNAMON FC,ZIIPLAB,0.00000000,NONE,NONE,
850035543344,FB TOBACCOCINO,ZIIPLAB,0.00000000,NONE,NONE,
850035543351,FB STBR CEREAL DNT MILK 6.5K,ZIIPLAB,0.00000000,NONE,NONE,
850035543368,FB BB CEREAL DONUT MILK,ZIIPLAB,0.00000000,NONE,NONE,
850035543375,FB VANILLA CUSTARD,ZIIPLAB,0.00000000,NONE,NONE,
850035543382,FB BLUE RAZZLE ICE,ZIIPLAB,0.00000000,NONE,NONE,
850035543399,FB TRIPLE WATERMELON,ZIIPLAB,0.00000000,NONE,NONE,
850035543405,FB KYOHO GRAPE JELLY,ZIIPLAB,0.00000000,NONE,NONE,
850035543412,FB ALOE KIWI STRAWBERRY,ZIIPLAB,0.00000000,NONE,NONE,
850035543429,FB DIAMOND PEACH ICE,ZIIPLAB,0.00000000,NONE,NONE,
850035543436,FB JUICY MANGO MELON ICE,ZIIPLAB,0.00000000,NONE,NONE,
850035543443,FB ALOE GRAPPLE WM,ZIIPLAB,0.00000000,NONE,NONE,
850035543450,FB MINT,ZIIPLAB,0.00000000,NONE,NONE,
850035543627,FB PINK SQUARES,ZIIPLAB,0.00000000,NONE,NONE,
850035543634,FB PACIFIC COOLER,ZIIPLAB,0.00000000,NONE,NONE,
850035543733,FB BB SUPER STRUDEL,ZIIPLAB,0.00000000,NONE,NONE,
850035543740,FB APPLE SUPER STRUDEL,ZIIPLAB,0.00000000,NONE,NONE,
850035543757,FB SB SUPER STRUDEL,ZIIPLAB,0.00000000,NONE,NONE,
850035543764,FB BUTTERBEAN,ZIIPLAB,0.00000000,NONE,NONE,
850035543863,FIFTY BAR 20K GOLD TOBACCO,ZIIPLAB,0.00000000,NONE,NONE,
850035543887,FB MILKY LOOPS,ZIIPLAB,0.00000000,NONE,NONE,
850035983461,Hyde Mag Peach Lemon,ZIIPLAB,0.00000000,NONE,NONE,
850035983478,Hyde Mag Coconut Crumble,ZIIPLAB,0.00000000,NONE,NONE,
850035983485,Hyde Mag Blue Razz Cloud,ZIIPLAB,0.00000000,NONE,NONE,
850035983492,Hyde Mag Philippine Mango,ZIIPLAB,0.00000000,NONE,NONE,
850035983508,Hyde Mag Rainbow,ZIIPLAB,0.00000000,NONE,NONE,
850035983515,Hyde Mag Watermelon Ice Cream,ZIIPLAB,0.00000000,NONE,NONE,
850035983539,Hyde Mag Mango Peach Apricot,ZIIPLAB,0.00000000,NONE,NONE,
850035983867,Hyde edge straw ice cream,ZIIPLAB,0.00000000,NONE,NONE,
850036493624,HBL STRAWBERRY WAFFLE 3MG,10,0.00000000,NONE,NONE,
850036493631,HBL STRAWBERRY WAFFLE 6MG,10,0.00000000,NONE,NONE,
850037090211,EB FRUITIA WHITE GUMMY,ZIIPLAB,0.00000000,NONE,NONE,
850037090235,ESCO BAR FRUITIA SUN KISSED,ZIIPLAB,0.00000000,NONE,NONE,
850037090259,EB FRUITIA MANGO LYCHEE,ZIIPLAB,0.00000000,NONE,NONE,
850037090273,ESCO BARS KIWI POM,ZIIPLAB,0.00000000,NONE,NONE,
850037090297,ESCO BARS WHITE MYSTERY,ZIIPLAB,0.00000000,NONE,NONE,
850037090310,ESCO BARS MIXED BERRIES,ZIIPLAB,0.00000000,NONE,NONE,
850037090877,EB FRUITIA GREEN GUMMY,ZIIPLAB,0.00000000,NONE,NONE,
850037090891,EB FRUITIA BLUE GUMMY,ZIIPLAB,0.00000000,NONE,NONE,
850037090914,ESCO BAR PINK BURST,ZIIPLAB,0.00000000,NONE,NONE,
850037090952,EB FRUITIA PACIFIC COOLER,ZIIPLAB,0.00000000,NONE,NONE,
850037412334,N-BAR MINI COCONUT CRUMBLE,ZIIPLAB,0.00000000,NONE,NONE,
850037412341,N-BAR MINI FRESHVANILLA,ZIIPLAB,0.00000000,NONE,NONE,
850037412358,N-BAR MINI FRUITPUNCH,ZIIPLAB,0.00000000,NONE,NONE,
850037412365,N-BAR MINI LEMONICE CREAM,ZIIPLAB,0.00000000,NONE,NONE,
850037412372,N-BAR MINI MANGO PEACH APP,ZIIPLAB,0.00000000,NONE,NONE,
850037412389,N-BAR MINI MANGO PEACH CREAM,ZIIPLAB,0.00000000,NONE,NONE,
850037412396,MINTY O''S,ZIIPLAB,0.00000000,NONE,NONE,
850037412402,PEACH,ZIIPLAB,0.00000000,NONE,NONE,
850037412419,PEACH LEMON,ZIIPLAB,0.00000000,NONE,NONE,
850037412426,RAINBOW,ZIIPLAB,0.00000000,NONE,NONE,
850037412433,STRAWBERRY GUAVA ICE,ZIIPLAB,0.00000000,NONE,NONE,
850037412440,N-BAR MINI STRAW LEMON LIME,ZIIPLAB,0.00000000,NONE,NONE,
850037412457,N-BAR MINI TROPICAL,ZIIPLAB,0.00000000,NONE,NONE,
850037412464,BLUE RAZZ ICE,ZIIPLAB,0.00000000,NONE,NONE,
850037412471,N-BAR MINI COTTON CLOUD,ZIIPLAB,0.00000000,NONE,NONE,
850037412488,N-BAR MINI DEWBERRY,ZIIPLAB,0.00000000,NONE,NONE,
850037412495,MANDARIN LIME,ZIIPLAB,0.00000000,NONE,NONE,
850037412501,N-BAR MINI PEACH ICE CREAM,ZIIPLAB,0.00000000,NONE,NONE,
850037412518,PHILIPPINE MANGO,ZIIPLAB,0.00000000,NONE,NONE,
850037412525,RASPBERRY WATERMELON,ZIIPLAB,0.00000000,NONE,NONE,
850037412532,SOUR APPLE ICE,ZIIPLAB,0.00000000,NONE,NONE,
850037412549,N-BAR MINI STRAW ICE CREAM,ZIIPLAB,0.00000000,NONE,NONE,
850037412839,HYDE ID CALI MELON,ZIIPLAB,0.00000000,NONE,NONE,
850037412853,HYDE ID COOL MINT,ZIIPLAB,0.00000000,NONE,NONE,
850037412891,HYDE ID FUJI APPLE,ZIIPLAB,0.00000000,NONE,NONE,
850037412938,HYDE ID LEMON ICED TEA,ZIIPLAB,0.00000000,NONE,NONE,
850037412976,HYDE ID PEACH MANGO PINEAPPLE,ZIIPLAB,0.00000000,NONE,NONE,
850037435630,FOUR SZN DSRT TABACCO 3MG,10,0.00000000,NONE,NONE,
850037435647,FOUR SZN DSRT TABACCO 6MG,10,0.00000000,NONE,NONE,
850037435654,FOUR SZN DSRT TABACCO 12MG,10,0.00000000,NONE,NONE,
850038304072,HYDE ID RASPBERRU ORANGE LEMON,ZIIPLAB,0.00000000,NONE,NONE,
850038304133,HYDE ID STRAWBERRY BDAY,ZIIPLAB,0.00000000,NONE,NONE,
850038304164,HYDE ID STRAWBERRY ICE,ZIIPLAB,0.00000000,NONE,NONE,
850038304195,HYDE ID STRAWBERRY PINA COLADA,ZIIPLAB,0.00000000,NONE,NONE,
850038304324,HYDE ID STRAWBERRY BLACKBERRY,ZIIPLAB,0.00000000,NONE,NONE,
850038304331,HYDE EDGE RECHARGE dragon/lem,ZIIPLAB,0.00000000,NONE,NONE,
850038304348,HYDE EDGE RECHARGE WAT ICE CRE,ZIIPLAB,0.00000000,NONE,NONE,
850038304355,HYDE EDGE RECHARGE STR/ORA ICE,ZIIPLAB,0.00000000,NONE,NONE,
850038304362,HYDE EDGE RECHARGE APP/PEA/WAT,ZIIPLAB,0.00000000,NONE,NONE,
850038304430,Hyde Edge Dragonfruit Lemonade,ZIIPLAB,0.00000000,NONE,NONE,
850038304447,Hyde Edge Watermelon Ice Cream,ZIIPLAB,0.00000000,NONE,NONE,
850038304454,Hyde Edge StrawberryOrange Ice,ZIIPLAB,0.00000000,NONE,NONE,
850038304751,N-BAR MINI BOBA SHAKE,ZIIPLAB,0.00000000,NONE,NONE,
850038304775,N-BAR MINI LOOPS,ZIIPLAB,0.00000000,NONE,NONE,
850038426262,HYDE EDGE RECH BERRY ICE CREAM,ZIIPLAB,0.00000000,NONE,NONE,
850038426408,HYDE EDGE RECHARGE PINK DRINK,ZIIPLAB,0.00000000,NONE,NONE,
850038426415,hyde edge pink drink/pinklemon,ZIIPLAB,0.00000000,NONE,NONE,
850038426545,HYDE IQ PINK DRINK,ZIIPLAB,0.00000000,NONE,NONE,
850038426828,HYDE X BANANA PAPAYA,ZIIPLAB,0.00000000,NONE,NONE,
850038426835,HYDE X PASSIONFRUIT,ZIIPLAB,0.00000000,NONE,NONE,
850038426859,HYDE X STRAWBERRY CRUNCH,ZIIPLAB,0.00000000,NONE,NONE,
850038426866,Hyde White Peach Melon,ZIIPLAB,0.00000000,NONE,NONE,
850038426873,HYDE X ORANGE VANILLA,ZIIPLAB,0.00000000,NONE,NONE,
850038426941,MINTOPIA Peach Minty O''s,ZIIPLAB,0.00000000,NONE,NONE,
850038426958,MINTOPIA Strawberry Minty O''s,ZIIPLAB,0.00000000,NONE,NONE,
850038426965,MINTOPIA Blueberry Minty O''s,ZIIPLAB,0.00000000,NONE,NONE,
850038426972,MINTOPIA Grape Minty O(]s,ZIIPLAB,0.00000000,NONE,NONE,
850038426989,MINTOPIA Peppermint,ZIIPLAB,0.00000000,NONE,NONE,
850038426996,MINTOPIA Minty O''s,ZIIPLAB,0.00000000,NONE,NONE,
850039013805,FRUITIA ESCO BAR ICY MINT,ZIIPLAB,0.00000000,NONE,NONE,
850040351170,HBL FRIED BANANA 3MG,10,0.00000000,NONE,NONE,
850040351194,HBL FRIED BANANA 6MG,10,0.00000000,NONE,NONE,
850040524222,PABLO BAR GUMMY BEAR,ZIIPLAB,0.00000000,NONE,NONE,
850040524345,PABLO BAR STRAWBERRY ICE CREAM,ZIIPLAB,0.00000000,NONE,NONE,
850041842301,BATON GLACIER MINT 2.5%,SALT NIC,0.00000000,NONE,NONE,
850041842325,BATON ISLAND MANGO 2.5%,SALT NIC,0.00000000,NONE,NONE,
850041843056,Baton Super Mint,SALT NIC,0.00000000,NONE,NONE,
850041843070,Baton Super Mint,SALT NIC,0.00000000,NONE,NONE,
850041843094,BatonMPods,5,0.00000000,NONE,NONE,
850041843100,Baton V2 Gunmetal Kit,2,0.00000000,NONE,NONE,
850041843445,Baton Menthol Tobacco,SALT NIC,0.00000000,NONE,NONE,
850041843452,Baton Menthol Tobacco,SALT NIC,0.00000000,NONE,NONE,
850041843483,Baton Cherry Freeze,SALT NIC,0.00000000,NONE,NONE,
850041843490,Baton Cherry Freeze,SALT NIC,0.00000000,NONE,NONE,
850041843506,Baton Kiwi Freeze,SALT NIC,0.00000000,NONE,NONE,
850041843513,Baton Kiwi Freeze,SALT NIC,0.00000000,NONE,NONE,
850041843568,Baton V3 pod-pack,5,0.00000000,NONE,NONE,
850041843575,Baton Kit V3 Obsidian,2,0.00000000,NONE,NONE,
850041843582,Baton Kit V3 Lava,2,0.00000000,NONE,NONE,
850041843599,Baton Kit V3 Emerald,2,0.00000000,NONE,NONE,
850041843605,Baton Kit V3 Tiffany,2,0.00000000,NONE,NONE,
850041843643,Baton V2 Orchid Kit,2,0.00000000,NONE,NONE,
850041843650,Baton V2 Daylily Kit,2,0.00000000,NONE,NONE,
850041843667,Baton Kit V3 Pearl,2,0.00000000,NONE,NONE,
850041930763,ZAZA 2 X 2G THCA PREROLLS,CBD,0.00000000,NONE,NONE,850041930596
850042212202,ESCO BAR/FRUITA ICY MINT 6500,ZIIPLAB,0.00000000,NONE,NONE,
850042212226,ESCO BAR/FRUITA JUNGLE JUICE,ZIIPLAB,0.00000000,NONE,NONE,
850042212240,ESCO BAR/FRUITA SLUSHY,ZIIPLAB,0.00000000,NONE,NONE,
850042212264,ESCO BAR/FRUITA PEACH WATRMLON,ZIIPLAB,0.00000000,NONE,NONE,
850042212288,ESCO BAR/FRUITA RAINBOW COTTON,ZIIPLAB,0.00000000,NONE,NONE,
850042212592,EB FRUITA CARIBBEAN BREEZE,ZIIPLAB,0.00000000,NONE,NONE,
850042376744,POP CONES WATERMELON KING EA,1,0.00000000,NONE,NONE,
850042941188,TORCH DIAMOND MANGO CREAM,CBD,0.00000000,NONE,NONE,
850042941201,TORCH DIAMOND TANGERINE KUSH,CBD,0.00000000,NONE,NONE,
850042941249,TORCH DIAMOND STRBRRYS & CREAM,CBD,0.00000000,NONE,NONE,
850042941287,TORCH DIAMOND PINK ROZAY,CBD,0.00000000,NONE,NONE,
850042941560,TORCH DIAMOND TROPICAL X PIXIE,CBD,0.00000000,NONE,NONE,
850042941584,TORCH DIAMOND GELATTI X BISCOT,ZIIPLAB,0.00000000,NONE,NONE,
850046357565,HB HAWIIAN SNOW 3G DISPO,CBD,0.00000000,NONE,NONE,
850046357589,HB HAWIIAN SNOW 2G CART,CBD,0.00000000,NONE,NONE,
850046357602,HB STRAWBERRY MAMBA 3G DISPO,CBD,0.00000000,NONE,NONE,
850046357626,HB STRAWBERRY MAMBA 2G CART,CBD,0.00000000,NONE,NONE,
850046357640,HB BLUE FACE 3G DISPO,CBD,0.00000000,NONE,NONE,
850046357664,HB BLUE FACE 2G CART,CBD,0.00000000,NONE,NONE,
850046357688,HB LA COOKIES 3G DISPO,CBD,0.00000000,NONE,NONE,
850046357701,HB LA COOKIES 2G CART,CBD,0.00000000,NONE,NONE,
850046357725,HB SUPER SILVER HAZE 3G DISPO,CBD,0.00000000,NONE,NONE,
850046357749,HB SUPER SILVER HAZE 2G CART,CBD,0.00000000,NONE,NONE,
850048950184,KOI KRATOM SHOT LEMON,CBD,0.00000000,NONE,NONE,
850048950191,KOI KRATOM SHOT ZEN BERRY,CBD,0.00000000,NONE,NONE,
850048950306,KOI BB SOURGREEN APPLE ICE,ZIIPLAB,0.00000000,NONE,NONE,
850048950313,KOI BB WATERM BBLGUM ICE,ZIIPLAB,0.00000000,NONE,NONE,
850048950320,KOI BB STRAWBERRY BANANA ICE,ZIIPLAB,0.00000000,NONE,NONE,
850048950337,KOI BB PINA COLADA ICE,ZIIPLAB,0.00000000,NONE,NONE,
850048950528,KOI THCA ALPINE WHITE,CBD,0.00000000,NONE,NONE,
850049202268,HALF BAKD GUMMY FRBIDN PNCH,CBD,0.00000000,NONE,NONE,
850049202275,HALF BAKD YUZU CITRUS GUMMY,CBD,0.00000000,NONE,NONE,
850049202282,HALF BAKD BLUE RAZZ 420MG GUMY,CBD,0.00000000,NONE,NONE,
850049611176,NIC NAC NIC LOZENGES LEMON 6MG,TOBACCO,0.00000000,NONE,NONE,
850050441106,EXODUS BLUE STEEL,CBD,0.00000000,NONE,NONE,
850050441243,EXODUS TITAN KIT D8,CBD,0.00000000,NONE,NONE,
850050441304,EXODUS BLUBRRY AMANITA COMPLEX,ZIIPLAB,0.00000000,NONE,NONE,
850050441311,EXODUS ORANGE PINEAPPLE MPLX,ZIIPLAB,0.00000000,NONE,NONE,
850050441328,EXODUS STRAWBERRY KIWI MPLX,ZIIPLAB,0.00000000,NONE,NONE,
850050441571,EXODUS 7500 MG SOUR BERRY,CBD,34.99000000,NONE,NONE,
850050441960,SUGARBAR KIWI BLUE DRAGON,CBD,0.00000000,NONE,NONE,
850050441984,SUGARBAR PINK BLAST,CBD,0.00000000,NONE,NONE,
850050441991,SUGARBAR SPEARMINT,CBD,0.00000000,NONE,NONE,
850053112003,CALI EXTRAX SOUR RUNTZ 5G,CBD,0.00000000,NONE,NONE,
850053112010,CALI EXTRAX GELATO 33 5G,CBD,0.00000000,NONE,NONE,
850053112027,CALI EXTRAX CHRY MOON PIE 5G,CBD,0.00000000,NONE,NONE,
850053112034,CALI EXTRAX CALI GOLD 5G,CBD,0.00000000,NONE,NONE,
850053112041,CALI EXTRAX DOUBLE TAP OG 5G,CBD,0.00000000,NONE,NONE,
850053112140,CALI EXTRAX WTRMLN GLTO 5000MG,CBD,0.00000000,NONE,NONE,
850053420986,ELLO BERRY BLUSH ICE,ZIIPLAB,0.00000000,NONE,NONE,
850054524454,HALF BAKED 4G SOUR SANGRIA,CBD,0.00000000,NONE,NONE,
850054524461,HB SAUCE 4G HOLY MOLY,CBD,0.00000000,NONE,NONE,
850054524478,HB SAUCE 4G RASPBERRY COUGH,CBD,0.00000000,NONE,NONE,
850054524485,HB SAUCE 4G UBE CREAM,CBD,0.00000000,NONE,NONE,
850054524492,HB SAUCE 4G PINK PICASSO,CBD,0.00000000,NONE,NONE,
850054567055,EXODUS TRIPSTIX BERRY JAM,ZIIPLAB,0.00000000,NONE,NONE,
850054567062,EXODUS TRIPSTIX GEORGIA SP,ZIIPLAB,0.00000000,NONE,NONE,
850055677616,MMELT MILK & COOKIES,7476667,0.00000000,NONE,NONE,
850056132640,VIHO RASP ORANGE,ZIIPLAB,0.00000000,NONE,NONE,
850056132701,VIHO STRAW SHORTCAKE,ZIIPLAB,0.00000000,NONE,NONE,
850056132732,VIHO BLUEBERRY RASP ICE,ZIIPLAB,0.00000000,NONE,NONE,
850056132763,VIHO  WATERMELON ICE,ZIIPLAB,0.00000000,NONE,NONE,
850056132824,VIHO STRAWBERRY BANANA,ZIIPLAB,0.00000000,NONE,NONE,
850056132855,VIHO SOUR APPLE ICE,ZIIPLAB,0.00000000,NONE,NONE,
850056132862,VIHO 69,ZIIPLAB,0.00000000,NONE,NONE,
850056132893,VIHO MAGIC MANGO,ZIIPLAB,0.00000000,NONE,NONE,
850056132923,VIHO RAINBOW CANDY,ZIIPLAB,0.00000000,NONE,NONE,
850056132985,VIHO PCH MANGO WTRMLN,ZIIPLAB,0.00000000,NONE,NONE,
850056139892,HB SAUCE 4G KIWI JAM,CBD,0.00000000,NONE,NONE,
850056139915,HALF BAKED 4G MAGIC MILK,CBD,0.00000000,NONE,NONE,
850056140355,HALF BAKED 4G LA POP ROCKZ,CBD,0.00000000,NONE,NONE,
850056140386,HB SAUCE 4G ANGEL FOOD,CBD,0.00000000,NONE,NONE,
850057221022,POP CONES LEMON SLUSH KING EA,1,0.00000000,NONE,NONE,
850057221039,POP CONES BB DREAM KING EA,1,0.00000000,NONE,NONE,
850057221046,POP CONES MARSHMELLOW KING EA,1,0.00000000,NONE,NONE,
850057221053,POP CONES MIXEDBERRY KING EA,1,0.00000000,NONE,NONE,
850058810171,FIFTY BAR 20K OMG SMOOTHIE,ZIIPLAB,0.00000000,NONE,NONE,
850058810218,FIFTY BAR 20K GUMMY WHIP,ZIIPLAB,0.00000000,NONE,NONE,
850058810294,FIFTY BAR 20K KIBERRY CHEW,ZIIPLAB,0.00000000,NONE,NONE,
850058810331,FIFTY BAR 20K WATERMELON PATCH,ZIIPLAB,0.00000000,NONE,NONE,
850058810485,FB HONEYBERRY CREAM 20K,ZIIPLAB,0.00000000,NONE,NONE,
850058810492,FB VANILLA BEAN TB 20K,ZIIPLAB,0.00000000,NONE,NONE,
850058810508,FB LAVA BLAST 20k,ZIIPLAB,0.00000000,NONE,NONE,
850058810515,FB HAWAIIAN NECTAR 20K,ZIIPLAB,0.00000000,NONE,NONE,
850058810522,FB PINK SOUR STRAWS 20K,ZIIPLAB,0.00000000,NONE,NONE,
850058810539,FB YETI MINT 20k,ZIIPLAB,0.00000000,NONE,NONE,
850058810614,FIFTY BAR 20K MINT,ZIIPLAB,0.00000000,NONE,NONE,
850058810638,FIFTY BAR 20K RAINBOW ROAD,ZIIPLAB,0.00000000,NONE,NONE,
850058810652,FIFTY BAR 20K MILKY LOPS,ZIIPLAB,0.00000000,NONE,NONE,
850058810676,FIFTY BAR 20K BUTTERBEAN,ZIIPLAB,0.00000000,NONE,NONE,
850058810690,FIFTY BASR 20K STRCEREAL DONUT,ZIIPLAB,0.00000000,NONE,NONE,
850058810713,FIFTY BAR 20K BLUBERYCERDNTMLK,ZIIPLAB,0.00000000,NONE,NONE,
850058810737,FIFTY BAR 20K VANILLA CUSTARD,ZIIPLAB,0.00000000,NONE,NONE,
850058810775,FIFTY BAR 20K CINN FUNNEL CAKE,ZIIPLAB,0.00000000,NONE,NONE,
850058810805,FIFTY BAR 20K RASPBERRY JAM,ZIIPLAB,0.00000000,NONE,NONE,
850058810881,FIFTY BAR 20K PINK MILK,ZIIPLAB,0.00000000,NONE,NONE,
850058810904,FB WAZZA LIMON,ZIIPLAB,0.00000000,NONE,NONE,
850058810911,FIFTY BAR 20K SOUR PCH RINGZ,ZIIPLAB,0.00000000,NONE,NONE,
850058810935,FIFTY BAR 20K LEMON CAKE POUCH,ZIIPLAB,0.00000000,NONE,NONE,
850058810966,FB PINA LUSH,ZIIPLAB,0.00000000,NONE,NONE,
850060068027,loose cahnge edible,CBD,0.00000000,NONE,NONE,
850061821010,VIHO LEMON PIE,ZIIPLAB,0.00000000,NONE,NONE,
850061821102,VIHO KIWI STRAWBERRY,ZIIPLAB,0.00000000,NONE,NONE,
850061821133,VIHO ICY MINT,ZIIPLAB,0.00000000,NONE,NONE,
850062012691,HALF BAKED 5G PURPLE CHURRO,CBD,0.00000000,NONE,NONE,
850062012738,HALF BAKED 5G STRAWNANA,CBD,0.00000000,NONE,NONE,
850062012776,HALF BAKED 5G HIPPIE CRASH,CBD,0.00000000,NONE,NONE,
850062012820,HALF BAKED 5G SMARTIEZ,CBD,0.00000000,NONE,NONE,
850062012844,HALF BAKED 5G BUTTER BEER,CBD,0.00000000,NONE,NONE,
850064236156,TN FRAGRANCES CANDLES 4OZ TIN,12345678,0.00000000,NONE,NONE,
850065626598,FRUITIA X FB BLUBRY PND CAKE,ZIIPLAB,0.00000000,NONE,NONE,
850065626611,FRUITIA X FB POLAR ICE,ZIIPLAB,0.00000000,NONE,NONE,
850065626635,FRUITUA X FB COOKIE BUTTER,ZIIPLAB,0.00000000,NONE,NONE,
850065626673,FRUITIA X FB BONKER BERRY,ZIIPLAB,0.00000000,NONE,NONE,
850065626697,FRUITIA X FB BAJA BURST,ZIIPLAB,0.00000000,NONE,NONE,
850065626710,FRUITIA X FB SOUR BATCH,ZIIPLAB,0.00000000,NONE,NONE,
850065626734,FRUITIA X FB B POP,ZIIPLAB,0.00000000,NONE,NONE,
850065626758,FRUITUA X FB SOUTHERN TAB,ZIIPLAB,0.00000000,NONE,NONE,
850065626772,FRUITIA X FB HAWIIN PUNCH,ZIIPLAB,0.00000000,NONE,NONE,
850065626789,FRUITIA X FB STRAW BELTS,ZIIPLAB,0.00000000,NONE,NONE,
850065626819,FRUITIA X FB SWEDISH,ZIIPLAB,0.00000000,NONE,NONE,
850065626826,FRUITIA X FB SPEARMENT,ZIIPLAB,0.00000000,NONE,NONE,
850068033164,PUFFCO HOT KNIFE HEATING TOOL,1,0.00000000,NONE,NONE,
850068033232,PUFFCO PEAK E-RIG VP PINE,1,0.00000000,NONE,NONE,
850068033263,PUFFCO PEAKS E-RIG VP CANYON,1,0.00000000,NONE,NONE,
850068695140,ZOUR WATERMELON 2GM EACH,CBD,0.00000000,NONE,NONE,
850068695188,ZOUR JUICYPEACH 2GM EACH,CBD,0.00000000,NONE,NONE,
850068854288,Mighty Mint 100MG 4 tablets,KRATOM,0.00000000,NONE,NONE,
850068854301,Blue Magic 4 tablets 100MG,KRATOM,0.00000000,NONE,NONE,
850068854325,The OG 100MG 4 tablets,KRATOM,0.00000000,NONE,NONE,
850068854356,Purple Reign 100MG 4 tablets,KRATOM,0.00000000,NONE,NONE,
850070284622,SEDA BLU RAZZ 250MG 7HY,KRATOM,0.00000000,NONE,NONE,
850070284646,SEDA CHERRY BLAST 250MG 7HY,KRATOM,0.00000000,NONE,NONE,
850070284677,SEDA STRAW WTRMLN 250MG 7HY,KRATOM,0.00000000,NONE,NONE,
850070284684,SEDA NATURAL 250MG 7HY,KRATOM,0.00000000,NONE,NONE,
850073148075,ZOURSTASH HASH2GM BERYB EACH,CBD,0.00000000,NONE,NONE,
850073148112,ZOURSTASH HASH2GM STRAP EACH,CBD,0.00000000,NONE,NONE,
850073148921,ICECREAM BLUEBERRYMUFFIN 2.25G,CBD,0.00000000,NONE,NONE,
850073148945,ICECREAM RAINBOWSHERBERT 2.25G,CBD,0.00000000,NONE,NONE,
850073148952,ICECREAM PINAPLE EXPRES 2.25G,CBD,0.00000000,NONE,NONE,
850075485062,ZOUR GRP BBLGUM 2GM EACH,CBD,0.00000000,NONE,NONE,
850076868956,ZOURSTASH HASH2GM CITRUS EACH,CBD,0.00000000,NONE,NONE,
850183008252,KRATOM PHARMACY 65CT,KRATOM,0.00000000,NONE,NONE,
850183008253,KRATOM PHARMACY 65CT,KRATOM,0.00000000,NONE,NONE,
850185006362,CUTTWOOD UNICORN MILK,10,0.00000000,NONE,NONE,850185006379
850185006386,CUTTWOOD UNICORN MILK,10,0.00000000,NONE,NONE,
850185006614,CUTTWOOD BIRD BRAINS,10,0.00000000,NONE,NONE,
850185006621,CUTTWOOD BIRD BRAIN,10,0.00000000,NONE,NONE,850472007805
850185006669,CUTTWOOD BOSS RESERVE 3MG,10,0.00000000,NONE,NONE,850185006683
850185006676,CUTTWOOD BOSS RESERVE 6MG,10,0.00000000,NONE,NONE,
850472007218,CUTTWOOD 60ML,10,0.00000000,NONE,NONE,850472007027
850871008045,TF STRAW MELON SOUR BELTS 3MG,ZIIPLAB,0.00000000,NONE,NONE,
850871008052,TF STRAW MELON SOUR BELTS 6MG,ZIIPLAB,0.00000000,NONE,NONE,
850871008076,BLUE BERRIES LS 3MG,10,0.00000000,NONE,NONE,
850871008083,TF BLUE BERRY LEMON 3MG,10,0.00000000,NONE,NONE,
850871008106,FINEST APPLE PCH SOUR ICE 3MG,10,0.00000000,NONE,NONE,
850871008113,FINEST APPLE PCH SOUR ICE 6MG,10,0.00000000,NONE,NONE,
850871008137,FINEST STRAW MELON SR ICE 3MG,10,0.00000000,NONE,NONE,
850871008144,FINEST STRAW MELON SR ICE 6MG,10,0.00000000,NONE,NONE,
850871008168,BLUE BERRY LEMN SWRL MNTHL 3MG,10,0.00000000,NONE,NONE,
850871008175,S&S BBERRIES LMN SWRL 6mg,10,0.00000000,NONE,NONE,
850871008748,FINEST BLBRYLEMSWRL MENTHOL 30,SALT NIC,0.00000000,NONE,NONE,
850871008755,FINEST BLBRYLEMSWRL MENTHOL 50,SALT NIC,0.00000000,NONE,NONE,
850871008830,FINEST STRAW MELN SOUR 30,SALT NIC,0.00000000,NONE,NONE,
850871008847,THE FINEST SALT 30ML,SALT NIC,0.00000000,NONE,NONE,810011322479
850883007029,HBL BERRY BLOW DOE 6MG,10,0.00000000,NONE,NONE,
850883007050,HUMBLE PEEWEE KIWI 6MG,10,0.00000000,NONE,NONE,
850883007074,HBL SMASH MOUTH 3MG,10,0.00000000,NONE,NONE,
850883007166,humble hop scotch 3mg,10,0.00000000,NONE,NONE,
850883007173,HUMBLE HOPSCOTCH 6MG,10,0.00000000,NONE,NONE,
850883007197,HBL DONKEY KHAN 3MG,10,0.00000000,NONE,NONE,
850883007203,HUMBLE DONKEY KAHN,10,0.00000000,NONE,NONE,
851015004220,FATTY OG MEAT STICK,9,0.00000000,NONE,NONE,
851111008108,FRESH PRESSED 60ml,10,0.00000000,NONE,NONE,851111008115
851111008610,CALIFORNIA 60ML,10,0.00000000,NONE,NONE,850008420139
851111008719,CALIFORNIA SALTS 30ML,SALT NIC,0.00000000,NONE,NONE,851111008702
851111008856,NAPA NECTOR 1000MG CBD,CBD,0.00000000,NONE,NONE,
851257006280,PROPAGANDA 30ML,10,0.00000000,NONE,NONE,
851464007421,Air Factory 100ml,10,0.35000000,NONE,NONE,810084460023
851634006117,MINI VOLT COIL,5,0.00000000,NONE,NONE,
851634006131,MINI VOLT BLACK,2,30.90000000,NONE,NONE,
851634006223,VENGENCE COIL 0.8,5,1.89000000,NONE,NONE,
851634006308,MINI VOLT V2 RED,2,37.90000000,NONE,NONE,
851634006322,MINI VOLT V2 GUN METAL,2,37.90000000,NONE,NONE,
851634006346,MINI VOLT WHITE,2,30.90000000,NONE,NONE,
851634006445,.5 OHM MINIVOLT COIL,5,0.00000000,NONE,NONE,
851788007121,THE PEAK,1,0.00000000,NONE,NONE,
851953008496,TF BANANA HONEY 3MG,10,0.00000000,NONE,NONE,
851953008502,TF BANANA HONEY 6MG,10,0.00000000,NONE,NONE,
851953008557,TF TIRAMISU CUSTARD 3MG,10,0.00000000,NONE,NONE,
851953008564,TF TIRAMISU CUSTARD 6MG,10,0.00000000,NONE,NONE,
851953008649,TF BERRY BLAST 3MG,10,0.00000000,NONE,NONE,
851953008656,TF BERRY BLAST 6MG,10,0.00000000,NONE,NONE,
851953008700,TF MANGO BERRY 3MG,10,0.00000000,NONE,NONE,
851953008731,TF VANILLA CUSTARD TOBACCO 3MG,10,0.00000000,NONE,NONE,
851953008748,TF VANILLA CUSTARD TOBACCO 6MG,10,0.00000000,NONE,NONE,
851953008823,TF LYCHEE DRAGON 3MG,10,0.00000000,NONE,NONE,
851953008830,TF LYCHEE DRAGON 6MG,10,0.00000000,NONE,NONE,
851953008854,TF MANGO BERRY MENTHOL 3MG,10,0.00000000,NONE,NONE,
851953008861,TF MANGO BERRY MENTHOL 6MG,10,0.00000000,NONE,NONE,
851953008885,TF APPLE PEARADISE 3MG,10,0.00000000,NONE,NONE,
851953008892,TF APPLE PEARADISE 6MG,10,0.00000000,NONE,NONE,
851953008915,FINEST APPLE PEARADISE ICE 3MG,10,0.00000000,NONE,NONE,
851953008922,TF APPLE PEARADISE ICE 6MG,10,0.00000000,NONE,NONE,
851953008946,FINEST BERRY BLAST ICE 3MG,10,0.00000000,NONE,NONE,
851953008953,FINEST BERRY BLAST ICE 6MG,10,0.00000000,NONE,NONE,
852112006476,DIPT 60ML,10,0.00000000,NONE,NONE,852112006315
852160008194,FINEST BRY BLAST MENTHOL 30,SALT NIC,0.00000000,NONE,NONE,
852160008200,FINEST BRY BLAST MENTHOL 50,SALT NIC,0.00000000,NONE,NONE,
852160008439,FINEST APL PEARADISE MENTHL 30,SALT NIC,0.00000000,NONE,NONE,
852160008446,FINEST APL PEARADISE MENTHL 50,SALT NIC,0.00000000,NONE,NONE,
852160008477,FINEST MANGO BERRY 30,SALT NIC,0.00000000,NONE,NONE,810152541647
852160008484,FINEST MANGO BERRY 50,SALT NIC,0.00000000,NONE,NONE,810152541654
852160008552,FINEST BERRY BLAST 30,SALT NIC,0.00000000,NONE,NONE,
852160008569,FINEST BERRY BLAST 50,SALT NIC,0.00000000,NONE,NONE,
852311004273,BAK8D D8 SHOT 150MG,CBD,0.00000000,NONE,NONE,
852384006310,OOZE GUSHER GLOBE KIT,1,0.00000000,NONE,NONE,
852384006341,OOZE SLIM PEN,1,0.00000000,NONE,NONE,810859031793
852401007115,SSOCC 1.5OHM,5,0.00000000,NONE,NONE,1403002100027
852401007207,TOP EVOD KIT,2,0.00000000,NONE,NONE,040385062286
852401007252,T2 COIL,5,2.90000000,NONE,NONE,
852401007337,TOGO MINI KIT,2,22.99000000,NONE,NONE,
852401007382,SUBVOD KIT,3,0.00000000,NONE,NONE,852401007382
852480007112,CELSIUS BLUE CRUSH 16OZ,9,0.00000000,NONE,NONE,
852615643215,R and M Dazzle Pomegrante,ZIIPLAB,0.00000000,NONE,NONE,
852662552553,EZZY AIR LUSH ICE,ZIIPLAB,0.00000000,NONE,NONE,
852662553208,EZZY AIR PINEAPPLE TWIST,ZIIPLAB,0.00000000,NONE,NONE,
852662555035,EZZY AIR SOUR APPLE,ZIIPLAB,0.00000000,NONE,NONE,
852662555400,PUFF BAR TANGERINE ICE,ZIIPLAB,0.00000000,NONE,NONE,
852662555578,Puff XXl MangoOrangePomelo,ZIIPLAB,0.00000000,NONE,NONE,
852662555660,PUFF XXL BANANA ICE,ZIIPLAB,0.00000000,NONE,NONE,
852662555707,Puff XXL Lush Ice,ZIIPLAB,0.00000000,NONE,NONE,
852662555837,Puff XXl Pineapple Grape,ZIIPLAB,0.00000000,NONE,NONE,
852662556933,EZZY AIR BANANA ICE,ZIIPLAB,0.00000000,NONE,NONE,
852662557190,PUFF GLOW MINT CHIP,ZIIPLAB,0.00000000,NONE,NONE,
852662557237,PUFF GLOW APPLE PEACH,ZIIPLAB,0.00000000,NONE,NONE,
852662557275,PUFF GLOW MANGO/APLE/PEAR,ZIIPLAB,0.00000000,NONE,NONE,
852662557312,PUFF GLOW FROZEN BANANA,ZIIPLAB,0.00000000,NONE,NONE,
852662557459,PUFF BAR MANGO 5%,ZIIPLAB,0.00000000,NONE,NONE,
852662557497,PUFF BAR LUSH ICE,ZIIPLAB,0.00000000,NONE,NONE,
852662557534,PUFF BAR STRAWBERRY,ZIIPLAB,0.00000000,NONE,NONE,
852662557572,PUFF BAR BLUEBERRY ICE,ZIIPLAB,0.00000000,NONE,NONE,
852662557695,PUFF BAR LYCHEE ICE,ZIIPLAB,0.00000000,NONE,NONE,
852662557732,PUFF BAR O.M.G.,ZIIPLAB,0.00000000,NONE,NONE,
852662557749,Puff Bar Box of 10 O.M.G.,ZIIPLAB,0.00000000,NONE,NONE,
852662557770,PUFF BAR PINEAPPLE LEMONADE,ZIIPLAB,0.00000000,NONE,NONE,
852662557817,PUFF BAR BLUE RAZZ,ZIIPLAB,0.00000000,NONE,NONE,
852662557855,PUFF BAR CUCUMBER,ZIIPLAB,0.00000000,NONE,NONE,
852662557893,PUFF BAR WATERMELON,ZIIPLAB,0.00000000,NONE,NONE,
852662557978,PUFF BAR POMEGRANATE,ZIIPLAB,0.00000000,NONE,NONE,
852662558012,PUFF BAR PEACH ICE,ZIIPLAB,0.00000000,NONE,NONE,
852662558029,Puff Bar Box of 10,ZIIPLAB,0.00000000,NONE,NONE,852662557466
852662558050,puff bar grape,ZIIPLAB,0.00000000,NONE,NONE,
852662558135,PUFF BAR SOUR APPLE,ZIIPLAB,0.00000000,NONE,NONE,1692371264588
852662558142,PUFF BAR BOX OF 10,ZIIPLAB,0.00000000,NONE,NONE,852662557541
852662558210,Guava Ice puff bar,ZIIPLAB,0.00000000,NONE,NONE,
852662558258,PUFF BAR BANANA ICE,ZIIPLAB,0.00000000,NONE,NONE,852662558258
852662558265,PUFF PLUS BANANA ICE,ZIIPLAB,0.00000000,NONE,NONE,
852662558296,MENTHOL PUFF BAR,ZIIPLAB,0.00000000,NONE,NONE,852662558395
852662558333,PUFF BAR CLEAR,ZIIPLAB,0.00000000,NONE,NONE,
852662558371,PUFF BAR MELON ICE,ZIIPLAB,0.00000000,NONE,NONE,
852662558418,PUFF BAR STRAWBANA,ZIIPLAB,0.00000000,NONE,NONE,
852662558630,PUFF PLUS CHHESE CAKE,ZIIPLAB,0.00000000,NONE,NONE,
852662559507,2% PUFFBAR,ZIIPLAB,0.00000000,NONE,NONE,852662559491
852662562316,EZZY AIR BLUEBERRY BURST,ZIIPLAB,0.00000000,NONE,NONE,
852662564006,PUFF GLOW STRAW DONUT,ZIIPLAB,0.00000000,NONE,NONE,
852662564044,PUFF GLOW PEACH ICE,ZIIPLAB,0.00000000,NONE,NONE,
852662564167,PUFF PLUS PEACH ICE,ZIIPLAB,0.00000000,NONE,NONE,
852662564204,PUFF PLUS COOL MINT,ZIIPLAB,0.00000000,NONE,NONE,
852662564242,PUFF PLUS WATERMELON,ZIIPLAB,0.00000000,NONE,NONE,
852662564327,PUFF PLUS MIXED BERRIES,ZIIPLAB,0.00000000,NONE,NONE,
852662564365,PUFF PLUS PINA COLADA,ZIIPLAB,0.00000000,NONE,NONE,
852662564372,PUFF PLUS LUSH ICE,ZIIPLAB,0.00000000,NONE,NONE,
852662564402,PUFF PLUS STRAW WATERMELON,ZIIPLAB,0.00000000,NONE,NONE,
852662564440,PUFF PLUS GUAVA ICE,ZIIPLAB,0.00000000,NONE,NONE,
852662564563,PUFF FLOW STRAW BANANA,ZIIPLAB,0.00000000,NONE,NONE,
852662564600,PUFF FLOW KIWI STRAWBERRY,ZIIPLAB,0.00000000,NONE,NONE,
852662564648,PUFF FLOW GUAVA ICE,ZIIPLAB,0.00000000,NONE,NONE,
852662564686,PUFF FLOW GRAPE APPLE PEAR,ZIIPLAB,0.00000000,NONE,NONE,
852662564723,PUFF FLOW PEACH ICE,ZIIPLAB,0.00000000,NONE,NONE,
852662564761,PUFF FLOW LYCHEE ICE,ZIIPLAB,0.00000000,NONE,NONE,
852662564808,PUFF FLOW PAPAYA BANANA,ZIIPLAB,0.00000000,NONE,NONE,
852662564846,PUFF FLOW ALOE MANGO MELON ICE,ZIIPLAB,0.00000000,NONE,NONE,
852662564921,Puff XXL Watermelon Cherry,ZIIPLAB,0.00000000,NONE,NONE,
852662566574,PUFF PLUS MAMBA,ZIIPLAB,0.00000000,NONE,NONE,
852662566871,PUFF PLUS POMEGRANTE ICE,ZIIPLAB,0.00000000,NONE,NONE,
852662788150,PUFF FLEX MAMBA,ZIIPLAB,0.00000000,NONE,NONE,
852662788167,PUFF FLEX BANANA ICE,ZIIPLAB,0.00000000,NONE,NONE,
852662788204,PUFF FLEX LUSH ICE,ZIIPLAB,0.00000000,NONE,NONE,
852662788228,PUFF FLEX MANGO ICE,ZIIPLAB,0.00000000,NONE,NONE,
852662788235,PUFF FLEX STRAW WATER,ZIIPLAB,0.00000000,NONE,NONE,
852664469712,CHUBBY BUBBLE VAPE 60ML,10,0.00000000,NONE,NONE,852664468449
852675069734,black cherry,EONSMOKE,0.00000000,NONE,NONE,
852675069758,MANGO SORBET,EONSMOKE,0.00000000,NONE,NONE,
852675070118,PUFF BLUBERRY MENTHOL,ZIIPLAB,0.00000000,NONE,NONE,
852675070119,PUFF LYCHEE ICE,ZIIPLAB,0.00000000,NONE,NONE,
852675070310,ES STIK,ZIIPLAB,0.00000000,NONE,NONE,852675070297
852675072376,LUSH ICE PODS 6%,EONSMOKE,0.00000000,NONE,NONE,852675072406
852870008033,13TH FLOOR SALT NIC 30ML,SALT NIC,0.00000000,NONE,NONE,852870008040
852870008071,13th FLOOR APPLE PUCKER,SALT NIC,0.00000000,NONE,NONE,
852874006165,CUTTWOOD SUGAR DRIZZLE,10,0.00000000,NONE,NONE,
852874006172,CUTTWOOD SUGAR DRIZZLE,10,0.00000000,NONE,NONE,
852874006356,CUTTWOOD MEGA MELONS,10,0.00000000,NONE,NONE,
852874006363,CUTTWOOD MEGA MELONS,10,0.00000000,NONE,NONE,
853168006489,ADDALL XR 750 MG X2 CAPSULES,CBD,0.00000000,NONE,NONE,
853415003933,CBD DRIP PLATINUM,CBD,0.00000000,NONE,NONE,
853418007136,PROTON 18650 2PC ( BOX),4,0.00000000,NONE,NONE,
853590006675,TEARDRIP 60ML,10,0.00000000,NONE,NONE,853590006552
853668007979,HIJUKU 100ML,10,0.00000000,NONE,NONE,853668007986
853861008292,JGO 1000MG CBD JAR,CBD,0.00000000,NONE,NONE,
853861008988,JGO CBD 250MG GUMMIES,CBD,0.00000000,NONE,NONE,853861008162
854244007178,KANGER 1000MAH STEEL/BLK,4,0.00000000,NONE,NONE,
854244007192,KANGERTECH BLACK 510 Battery,4,0.00000000,NONE,NONE,
854244007246,KANGER VV 1000 MAH,4,0.00000000,NONE,NONE,
854384007274,OMNI DIGITAL MINI SCALE,1,0.00000000,NONE,NONE,807172010017
854472007605,COVENANT LIQUIDS 60ML,10,0.00000000,NONE,NONE,854472007575
854485005285,SUBTANK NANO,7,17.00000000,NONE,NONE,
854485005292,KBOX 40W,3,20.00000000,NONE,NONE,
854485005322,OCC NI 200 0.15 OHM,5,0.00000000,NONE,NONE,
85448500539,OCC 0.5 OHM COIL,5,0.00000000,NONE,NONE,852401007313
854485005391,OCC 1.5OHM,5,2.00000000,NONE,NONE,
854485005551,SUBOX MINI KIT,2,0.00000000,NONE,NONE,
854485005612,NEBOX BLUE,2,40.00000000,NONE,NONE,
854485005681,SSOCC 0.5OHM,5,1.81000000,NONE,NONE,852401007139
854485005773,TOPTANK NANO,7,15.50000000,NONE,NONE,
854485005841,KBOX 70W,3,25.00000000,NONE,NONE,
854485005858,TOPBOX MINI 75W TC,2,50.00000000,NONE,NONE,
854485005902,KBOX 200W BLACK,3,35.00000000,NONE,NONE,
854485005919,KBOX 200W WHITE,3,35.00000000,NONE,NONE,
854485005926,KBOX 200W RED,3,35.00000000,NONE,NONE,
854485005964,CLAPTON COIL 0.5 EA,5,0.00000000,NONE,NONE,
854485005971,SUBVOD MEGA TC,2,28.00000000,NONE,NONE,
854653008803,PETIT NUAGE 100 ML,10,0.00000000,NONE,NONE,854653008681
854773006178,FRESCA 75 ML,10,0.00000000,NONE,NONE,853606007405
854944006853,LIPS & DRIPS,10,0.00000000,NONE,NONE,858499007792
855041008016,BREWED AWAKENING CLASSIC,10,0.00000000,NONE,NONE,855041008016
855041008351,Brewed Awakening SALT,10,0.00000000,NONE,NONE,
855182008043,TRPCL 100ML,10,0.00000000,NONE,NONE,855182008012
855182008135,TRPCL SALT NIC 30ML,10,0.00000000,NONE,NONE,855182008067
855182008357,PROPHET 60ML,10,0.00000000,NONE,NONE,855182008166
855250006223,Loaded Glazed Donut 6mg,10,0.00000000,NONE,NONE,
855944006621,TOMBSTONE VAPOR 60ML,10,0.00000000,NONE,NONE,855944006577
856078008499,ZIIP LAB ICED BLUEBERRY,ZIIPLAB,0.00000000,NONE,NONE,856078008499
856078008505,ZIIP LAB ICED MANGO,ZIIPLAB,0.00000000,NONE,NONE,
856078008512,ZIIP ICED ORANGE,ZIIPLAB,0.00000000,NONE,NONE,
856078008529,ZIIP ICED PINACOLADA,ZIIPLAB,0.00000000,NONE,NONE,
856078008536,ZIIP ICED STRAWBERRY,ZIIPLAB,0.00000000,NONE,NONE,
856078008543,ziip iced watermelon,ZIIPLAB,0.00000000,NONE,NONE,
856078008734,ZIIP POD ICED MULTIPACK,ZIIPLAB,0.00000000,NONE,NONE,
856120006169,Nilla Vapors 60ml,10,0.00000000,NONE,NONE,019962438707
856265005270,SAPPHIRE NIC 0.9ML 20%,1,0.00000000,NONE,NONE,856265005263
856265005287,SAPPHYRE NIC 1.8ML 20%,1,0.00000000,NONE,NONE,
856265005294,saphyre nic salt additive,1,0.00000000,NONE,NONE,
856352006814,PROPAGANDA 60ML,10,0.00000000,NONE,NONE,856352006821
856372006641,GOLD 120ML,10,0.00000000,NONE,NONE,856372006610
856466006335,VILLIAN VAPOR 60MG,10,0.00000000,NONE,NONE,856466006090
856726006020,HONEY PHRUT 6MG 100ML,10,0.00000000,NONE,NONE,
856726006044,BLUE CITRUS PHRUT 3 MG 100 M,10,0.00000000,NONE,NONE,
856726006068,BLUE CITRUS PHRUT 6 MG 100 M,10,0.00000000,NONE,NONE,
856726006082,MANGO MADNESS PHRUT 3 MG 100 M,10,0.00000000,NONE,NONE,
856726006105,MANGO MADNESS PHRUT 6 MG 100 M,10,0.00000000,NONE,NONE,
856726006228,HONEY PHRUT 35 MG 30 ML,SALT NIC,0.00000000,NONE,NONE,
856726006242,HONEY PHRUT 50 MG 30 ML,SALT NIC,0.00000000,NONE,NONE,
856726006488,EXTRAX 1.5GM SOURAPPLE CART,CBD,0.00000000,NONE,NONE,
856726006501,EXTRAX BERRY WHITE 1.5 GRAM,CBD,0.00000000,NONE,NONE,856726006464
856726006617,Goliath 2X2G pod Hawaiian snow,CBD,0.00000000,NONE,NONE,810107496893
856726006624,Goliath 2X2GM pod Berry Blue,CBD,0.00000000,NONE,NONE,810107496886
856726006631,Goliath 2X2G pods London Pound,CBD,0.00000000,NONE,NONE,810107496879
856736007239,ELLO PEACHY GUMMY,ZIIPLAB,0.00000000,NONE,NONE,
856736007871,BLVK 20K WATERMELON GUMMY,ZIIPLAB,0.00000000,NONE,NONE,
856736007888,BLVK 20K GRAPE SODA,ZIIPLAB,0.00000000,NONE,NONE,
856736007895,BLVK 20K PEACH MANGO LYCHEE,ZIIPLAB,0.00000000,NONE,NONE,
856840006050,DRIPBOX KIT,2,24.00000000,NONE,NONE,
856840006067,DRIPBOX KIT,3,24.00000000,NONE,NONE,
856840006074,DRIPBOX KIT,2,24.00000000,NONE,NONE,
856840006081,DRIP COIL,5,1.96000000,NONE,NONE,
856840006128,TOP EVOD TANK,7,0.00000000,NONE,NONE,
856840006135,VOCC-T 1.5 OHM,5,6.00000000,NONE,NONE,
856840006166,.5 OHM CLOCC,5,0.00000000,NONE,NONE,
856840006272,dripbox 160W TC KIT,2,46.45000000,NONE,NONE,
856840006401,PANGU,7,11.69000000,NONE,NONE,
856840006418,KONE STARTER KIT,7,24.95000000,NONE,NONE,
856840006494,PANGU STARTER KIT,2,15.99000000,NONE,NONE,
856840006654,MINI-C STARTER KIT,2,23.46000000,NONE,NONE,
857020007461,K-PIN MINI,2,0.00000000,NONE,NONE,
857020007539,IKEN KIT,2,0.00000000,NONE,NONE,
857020007775,SLIM KIT,2,8.00000000,NONE,NONE,
857028006541,FRANK N VAPE 60ML,10,0.00000000,NONE,NONE,852870008132
857028006893,FRANK N VAPE 100ml,10,0.00000000,NONE,NONE,
857028006930,DUNK N VAPE,10,0.00000000,NONE,NONE,857028006923
857321007030,500 MG VANILLA CUSTARD,CBD,0.00000000,NONE,NONE,
857321007184,500MG BLUERASPBERRY DRAGONFRUI,CBD,0.00000000,NONE,NONE,
857321007238,500MG WATERMELON GREEN APPLE S,CBD,0.00000000,NONE,NONE,
857321007269,CBD TROPICALFUSION GUMMIES,CBD,0.00000000,NONE,NONE,
857321007306,500MG PINK LEMONADE,CBD,0.00000000,NONE,NONE,
857321007511,KOI PET SOFT CHEWS,CBD,0.00000000,NONE,NONE,
857321007641,KOI PET NATURALS SPRAY,CBD,0.00000000,NONE,NONE,
857321007696,KOI D8 BLUE RAZZ 500 MG,CBD,0.00000000,NONE,NONE,
857321007719,KOI D8 STRAWBERRY 500MG,CBD,0.00000000,NONE,NONE,
857321007740,500MG TROPICAL POPSICLE,CBD,0.00000000,NONE,NONE,
857321007795,VILLIAN VAPORS CBD,CBD,0.00000000,NONE,NONE,857321007795
857431006459,WRATH RDA,6,0.00000000,NONE,NONE,
857493007265,TWIST SLIM PEN,4,0.00000000,NONE,NONE,810859031182
857706006153,EIGHTY SIX BERRY SLUSH,ZIIPLAB,0.00000000,NONE,NONE,
857706006160,EIGHTY SIX BEN & JERRY,ZIIPLAB,0.00000000,NONE,NONE,
857706006177,EIGHYY SIX CEREAL KILLER,ZIIPLAB,0.00000000,NONE,NONE,
857706006191,EIGHTY SIX GRAPE SODA,ZIIPLAB,0.00000000,NONE,NONE,
857706006375,VLVK 20K ORANGE KIWI,ZIIPLAB,0.00000000,NONE,NONE,
857706006382,BLVK 20K APPLE GRAPE,ZIIPLAB,0.00000000,NONE,NONE,
857706006405,BLVK UNICORN UNILOOP,10,0.00000000,NONE,NONE,
857706006481,BLVK 20K BLUE RASPBERRY,ZIIPLAB,0.00000000,NONE,NONE,
857706006498,BLVK 20K SOUR APPLE,ZIIPLAB,0.00000000,NONE,NONE,
857706006511,EIGHTYSIX BOO BERRY,ZIIPLAB,0.00000000,NONE,NONE,
857706006627,ELLO TROPIC THUNDER ICE 6K,ZIIPLAB,0.00000000,NONE,NONE,
857706006894,ELLO KIWI BANG ICE 6K,ZIIPLAB,0.00000000,NONE,NONE,
857706006900,ELLO STRAWBERRY SWIRLZ 6K,ZIIPLAB,0.00000000,NONE,NONE,
857883007158,ROYAL KRATOM MAEND DA 150 GRAM,KRATOM,0.00000000,NONE,NONE,
857883007967,ROYAL KRATOM INDO 150 GRAM POW,KRATOM,0.00000000,NONE,NONE,
857883007998,ROYAL KRATOM MAENG DA 75 CAP,KRATOM,0.00000000,NONE,NONE,
857900005860,DRIZZILICIOUS BITES MIX,9,0.00000000,NONE,NONE,850061874399
857942006405,GOLD RDTA,6,0.00000000,NONE,NONE,818487020417
857982006229,AQUA 60ML,10,0.00000000,NONE,NONE,601754204142
858302005809,I LOVE DONUTS 30ML,10,0.00000000,NONE,NONE,
858302005915,I LOVE COOKIES 30 ML,10,0.00000000,NONE,NONE,858302005885
858363007071,COCONUT MACAROON 100ML,10,0.00000000,NONE,NONE,858363007064
858363007439,V''NILLA CEREAL & MILK,10,0.00000000,NONE,NONE,
858363007606,JOHNNY CREAMPUFF,10,0.00000000,NONE,NONE,858363007316
858424002786,WHIP IT LIGHTER,1,0.00000000,NONE,NONE,
858499007174,slammin blue rasberry,10,0.00000000,NONE,NONE,858499007143
858642005330,VAPTIO COIL,5,1.19000000,NONE,NONE,
858642005538,VAPTIO 50W KIT,2,24.50000000,NONE,NONE,
859016007301,BLVK 20K KIWI DRAGON FRUIT,ZIIPLAB,0.00000000,NONE,NONE,
859016007318,BLVK 20K PASSION PEACH,ZIIPLAB,0.00000000,NONE,NONE,
859016007325,BLVK 20K JUICY MANGO,ZIIPLAB,0.00000000,NONE,NONE,
859016007752,ELLO COOL GRAPPLE ICE 6K,ZIIPLAB,0.00000000,NONE,NONE,
859016007820,BLVK 20K STRAWBERRY CREAM,ZIIPLAB,0.00000000,NONE,NONE,
859016007844,ELLO ICY TUNDRA ICE 6K,ZIIPLAB,0.00000000,NONE,NONE,
859016007868,ELLO BLUE SLUSHIE ICE 6K,ZIIPLAB,0.00000000,NONE,NONE,
859390006419,CBD EXTREME H2O,CBD,0.00000000,NONE,NONE,862561000307
860000620901,4 Core Black,4,0.00000000,NONE,NONE,860000620901
860000620932,4 Core Red,4,0.00000000,NONE,NONE,860000620932
860000620949,4 CORE WHITE,4,0.00000000,NONE,NONE,860000620949
860000620963,4 CORE BLUE,4,0.00000000,NONE,NONE,860000620963
860001244830,NICFIT GO MANGO 6%,ZIIPLAB,0.00000000,NONE,NONE,
860001638134,DOT DELTA 8 GUMMIES 6000MG,CBD,0.00000000,NONE,NONE,
860001927207,4 CORE GREEN,4,0.00000000,NONE,NONE,
860001927252,4 CORE GOLD,4,0.00000000,NONE,NONE,
860001927269,4 CORE SILVER,4,0.00000000,NONE,NONE,860001927269
860001927283,4 CORE PINK,4,0.00000000,NONE,NONE,860001927238
860001927290,4 CORE TEAL,4,0.00000000,NONE,NONE,860001927290
860002061726,CBD INFUSED GUMMIES 125MG,CBD,0.00000000,NONE,NONE,860002061702
860003649602,FEEL FREE KRATOM SHOT,KRATOM,0.00000000,NONE,NONE,
860004689904,EIGHTYSIX PURPLE PUNCH D8 CART,CBD,0.00000000,NONE,NONE,
860004689911,EIGHTYSIX STRAWB COUGH D8 CART,CBD,0.00000000,NONE,NONE,
860004689928,EIGHTY SIX BLUE DREAM CART,CBD,0.00000000,NONE,NONE,
860004689935,EIGHTSIX DOSIDOS D8 CART,CBD,0.00000000,NONE,NONE,
860004689942,EIGHTYSIX FRUITY PEBBLES CART,CBD,0.00000000,NONE,NONE,
860006056940,EIGHTYSIX GELATO D8 CART,CBD,0.00000000,NONE,NONE,
860006056957,EIGHTYSIX PINAPPLEEXPRESS D8 C,CBD,0.00000000,NONE,NONE,
860006056964,EIGHTYSIX ORANGESODA D8 CART,CBD,0.00000000,NONE,NONE,
860006056971,EIGHTYSIX APPLE JACK D8 CART,CBD,0.00000000,NONE,NONE,
860006762902,THE WAND DAB DEVICE,CBD,0.00000000,NONE,NONE,860006762902
860007220104,SLAPS ALOE GRAPE,ZIIPLAB,0.00000000,NONE,NONE,
860007220111,SLAPS ICED PEACH,ZIIPLAB,0.00000000,NONE,NONE,
860007220135,SLAPS LUSH ICE,ZIIPLAB,0.00000000,NONE,NONE,
860007220142,SLAPS MIXED BERRIES,ZIIPLAB,0.00000000,NONE,NONE,
860007220159,SLAPS PINK LEMONADE,ZIIPLAB,0.00000000,NONE,NONE,
860007220166,SLAPS STRAW BANANA,ZIIPLAB,0.00000000,NONE,NONE,
860007220173,SLAPS STRAW DESERT,ZIIPLAB,0.00000000,NONE,NONE,
860007220180,SLAPS ICED STRAW WATERMELON,ZIIPLAB,0.00000000,NONE,NONE,
860007220197,SLAPS RED BANG,ZIIPLAB,0.00000000,NONE,NONE,
860007426377,DOS OCHO STRAWCOUGH 2DISP,ZIIPLAB,0.00000000,NONE,NONE,195893208166
860007426384,DOS OCHO CART(2PACK),CBD,0.00000000,NONE,NONE,
860007426391,DOES OCHO ZKITTLEZ SOUR DIESEL,CBD,0.00000000,NONE,NONE,
860008943811,NIC NAC NIC LOZENGES B O 6MG,TOBACCO,0.00000000,NONE,NONE,
860008943859,NIC NAC NIC LOZENGES PRMNT 6MG,TOBACCO,0.00000000,NONE,NONE,
860008943873,NIC NAC NIC LOZENGE SPRMNT 6MG,TOBACCO,0.00000000,NONE,NONE,
860010205013,MMELT BIRTHDAY CAKE,7476667,0.00000000,NONE,NONE,
860010205020,MMELT MILK CHOCOLATE,7476667,0.00000000,NONE,NONE,
860111001231,PROPHET SALT 30ML,SALT NIC,0.00000000,NONE,NONE,763331694132
866116000439,LITHICORE 26650/4250 MAH,4,0.00000000,NONE,NONE,
866116000446,LITHICORE 21700 BATT,4,0.00000000,NONE,NONE,
866116000453,LITHICORE 20700 BATT,4,0.00000000,NONE,NONE,
86814500466,nitros cold brew 100ml,10,0.00000000,NONE,NONE,
874863002590,INFZN MANGO,PHIX LAB,13.50000000,NONE,NONE,
874863002682,INFZN COOL GRAPE,PHIX LAB,13.50000000,NONE,NONE,
874863002767,INFZN BLUE RASBERRY,PHIX LAB,13.50000000,NONE,NONE,
874863003528,Lemon Tart Phix Pods,PHIX LAB,0.00000000,NONE,NONE,
8787879,AEROTANK,7,12.00000000,NONE,NONE,
87878790,VAMO 5 BODY,3,10.00000000,NONE,NONE,
8800061634,VAPNFAGAN NADA,6,0.00000000,NONE,NONE,
8806164390337,AMBLE 1ML 1000MG CBD CARTIDGE,CBD,17.00000000,NONE,NONE, 8806164390337
886264041375,HYDE SLIM HNYDW PNCH,ZIIPLAB,0.00000000,NONE,NONE,886264041375
886264041412,HYDE SLIM PCH MNGO WTRMLN,ZIIPLAB,0.00000000,NONE,NONE,886264041412
886264041450,HYDE SLIM STRWBRRY N CREAM,ZIIPLAB,0.00000000,NONE,NONE,
886264082323,HYDE SLIM MANGO ICE,ZIIPLAB,0.00000000,NONE,NONE,
886264082330,HYDE SLIM MANGO,ZIIPLAB,0.00000000,NONE,NONE,886264082316
886264086109,HYDE FIRE & ICE,ZIIPLAB,0.00000000,NONE,NONE,886264086109
888,V8-T10 COIL,5,0.00000000,NONE,NONE,1424004900019
888400012423,THE KILN WHITE,1,0.00000000,NONE,NONE,888400012157
888400013666,THE KILN RA,1,0.00000000,NONE,NONE,
888400013741,KILN RA REPLACEMENT COIL,5,0.00000000,NONE,NONE,
888888,EVOD MEGA KIT,2,15.00000000,NONE,NONE,
889392000313,CELSIUS SPARKLING ORANGE 12OZ,9,0.00000000,NONE,NONE,
889392010145,CELSIUS SPARKLING KIWI GU 12OZ,9,0.00000000,NONE,NONE,
889392010176,Celsius,9,0.00000000,NONE,NONE,
889392010190,CELSIUS PEACH VIBE 12OZ,9,0.00000000,NONE,NONE,
889392021394,CELSIUS TROPICAL VIBE 12OZ,9,0.00000000,NONE,NONE,
8904234400181,SUPER HIT INCENSE,12345678,0.00000000,NONE,NONE,
8904245400477,NAG CHAMPA INCENSE,12345678,0.00000000,NONE,NONE,
894236007182,LOTUS 400 ML BUTANE EA,1,0.00000000,NONE,NONE,
894236010236,VERTIGO CYCLONE LIGHTER EA,1,0.00000000,NONE,NONE,
894236024127,LOTUS 150 ML BUTANE EA,1,0.00000000,NONE,NONE,
894545,KAMRY LEGEND 1,3,30.00000000,NONE,NONE,
8965401303,ONEE MAX GUAVA ICE,ZIIPLAB,0.00000000,NONE,NONE,194040002855
897156466404,PureZen maeng da white 75 cap,KRATOM,0.00000000,NONE,NONE,
897156466411,PureZen maeng da white 40 cap,KRATOM,0.00000000,NONE,NONE,
897156466459,PureZen bali red 75 cap,KRATOM,0.00000000,NONE,NONE,
897156466466,PureZen bali red 40 cap,KRATOM,0.00000000,NONE,NONE,
897156466503,PureZen green borneo 75 cap,KRATOM,0.00000000,NONE,NONE,
897156466510,PureZen borneo green 40 cap,KRATOM,0.00000000,NONE,NONE,
8977,Aegis Legend Mod,3,0.00000000,NONE,NONE,6971894246819
899561130024,AVIDVAPE MEGA COLA,ZIIPLAB,0.00000000,NONE,NONE,
899561130031,AVIDVAPE MEGA STRAWBERRY SHAKE,ZIIPLAB,0.00000000,NONE,NONE,
899561130048,AVIDVAPE MEGA PINA COLADA,ZIIPLAB,0.00000000,NONE,NONE,
899561130055,AVIDVAPE MEGA MANGO,ZIIPLAB,0.00000000,NONE,NONE,
899561130062,AVIDVAPE MEGA LUSH ICE,ZIIPLAB,0.00000000,NONE,NONE,
899561130079,AVIDVAPE MEGA LEMON SHAKE,ZIIPLAB,0.00000000,NONE,NONE,
899561130086,AVIDVAPE MEGA GRAPE,ZIIPLAB,0.00000000,NONE,NONE,
899561130093,AVIDVAPE MEGA COOL MINT,ZIIPLAB,0.00000000,NONE,NONE,
899561130109,AVIDVAPE MEGA BLUE RASP ICE,ZIIPLAB,0.00000000,NONE,NONE,
899561130116,AVIDVAPE MEGA BANANA/RED BULL,ZIIPLAB,0.00000000,NONE,NONE,
899561130123,AVIDVAPE MEGA GUMMY BEAR,ZIIPLAB,0.00000000,NONE,NONE,
9,COSMIC FOG 30ML,10,9.12014839,NONE,NONE,816716022799
9000,FIRELUKE RESIN GLASS W/ TIP,8,0.00000000,NONE,NONE,
90001300012,DG ZIG ZAG PIPE BEAKER,1,0.00000000,NONE,NONE,
90001500136,DG SHADOW DBL MOUTHPIECE,1,0.00000000,NONE,NONE,
90001500152,SG DANCING WATER PIPE,1,0.00000000,NONE,NONE,
90001500155,SG TORNADO WATER PIPE,1,0.00000000,NONE,NONE,
9001,SHIJIN SALT NIC 30ML,SALT NIC,0.00000000,NONE,NONE,680196620611
900508,TSUNAMI CLONE,6,8.50000000,NONE,NONE,
900509,INDESTRUCTBLE CLONE,6,8.50000000,NONE,NONE,
900510,ATTY3 CLONE,6,9.00000000,NONE,NONE,
900511,VALOCITY CLONE,6,9.00000000,NONE,NONE,
900512,BAAL B2 CLONE,6,8.50000000,NONE,NONE,
900513,ROYAL HUNTER CLONE,6,8.50000000,NONE,NONE,
900514,TWISTED MESS V2 CLONE,6,10.00000000,NONE,NONE,
900515,RIG V2 CLONE,2,25.00000000,NONE,NONE,
900516,TEMPLE CLONE,6,9.50000000,NONE,NONE,
900517,MUTATION V4S CLONE,6,8.50000000,NONE,NONE,
9014089063,COIL TWEEZERS,8,0.00000000,NONE,NONE,9014089063
90206,MICRO G DRY COIL,5,0.00000000,NONE,NONE,
90207,MICRO G CONCENTRATE,5,0.00000000,NONE,NONE,
9138309622,AEROTANK V2,7,15.00000000,NONE,NONE,
9180604255,ONEE MAX ENERGY DRINK,ZIIPLAB,0.00000000,NONE,NONE,194040003012
920312324390,Pod Juice 30ml,SALT NIC,0.00000000,NONE,NONE,041294000017
9238629379,ONEE MAX BLUE RAZZ ICE,ZIIPLAB,0.00000000,NONE,NONE,
9412022511258,Digital Scale,1,0.00000000,NONE,NONE,6497630180532
9456882463678,KRATOM THAI POWDER,KRATOM,0.00000000,NONE,NONE,9456546568626
9494,DIMO D8 GELATO **SINGLE**,CBD,0.00000000,NONE,NONE,850028846216
951236,SUBEGO KIT,2,15.00000000,NONE,NONE,
9595,DIMO D8 MIMOSA **FULL JAR**,CBD,0.00000000,NONE,NONE,850028846209
968218871376,LB WOMENS ENHANCEMENT GUMMY,CBD,0.00000000,NONE,NONE,
969027796122,KING PLUTO STRAW MELON KIWI,ZIIPLAB,0.00000000,NONE,NONE,
9696,DIMO D8 OG KUSH **FULL JAR**,CBD,0.00000000,NONE,NONE,850028846223
97687756345,Loaded Shirt,8,0.00000000,NONE,NONE,
9780201000061,SEA PODS PINK LEMONADE,ZIIPLAB,0.00000000,NONE,NONE,
9780201384222,PLATINUM CBD SOUR WATER 500MG,CBD,0.00000000,NONE,NONE,sku-a7d893f9
9780201384321,PLATINUM CBD SOUR BEARS 500MG,CBD,0.00000000,NONE,NONE,
978316412506,PEBZ ORIGINAL,10,0.00000000,NONE,NONE,
9787561450246,AWT C4 CHARGER,8,0.00000000,NONE,NONE,
97-GRY,CG FASCINATION TRIPLE COLOR FT,1,0.00000000,NONE,NONE,
987123321,Cactus double tap clearance,10,0.00000000,NONE,NONE,
98757575,CLOUTANK M3,1,0.00000000,NONE,NONE,
987654321,insta-ease 3000 mg cbd elixer,CBD,0.00000000,NONE,NONE,
9876543210,BLUEBERRY KUSH CLEARANCE DISPO,CBD,0.00000000,NONE,NONE,
987654322,insta-ease 1800 cbd elixer,CBD,0.00000000,NONE,NONE,
987654323,insta-ease cbd roll on 800mg,CBD,0.00000000,NONE,NONE,
987654324,insta-ease 800mg elixer,CBD,0.00000000,NONE,NONE,
999,JUICE SAMPLE,NONE,0.00000000,NONE,NONE,
9991,THC ROX CHERRY LIMEAID,CBD,0.00000000,NONE,NONE,
9999,YOCAN LUX/ PLUS 510 BATTERY,4,0.00000000,NONE,NONE,
A173,VSTICKING VK350,3,0.00000000,NONE,NONE,2018116
abc112,water pipe,8,0.00000000,NONE,NONE,
AIRO MAX SALE,AIRO MAX SALE,10,0.00000000,NONE,NONE,
AK47NECTARCOLLECTAR,SILICONE GUN NECTAR COLLECTOR,1,0.00000000,NONE,NONE,
ALPINE,KING MATE CHILLED CHEERIES EAC,CBD,0.00000000,NONE,NONE,
AQUA SALT,AQUA SALT NIC 30 ML,SALT NIC,0.00000000,NONE,NONE,601754204197
ARCTICV8,ARCTIC V8,7,0.00000000,NONE,NONE,
ASPIRE26650,APSIRE 26650 BATTERY,4,0.00000000,NONE,NONE,
ATOM-CRAYONBLACK,CG ATOM CRAYOLA DABBER JET BLK,1,0.00000000,NONE,NONE,
ATOM-CRAYONBLACK1,CG ATOM CRAYOLA DABBER GRN,1,0.00000000,NONE,NONE,
ATOM-DABCAP,CG ATOM DAB CAP,1,0.00000000,NONE,NONE,
ATOM-DQBN14,CG DOMELESS BANGER 14MM MALE90,1,0.00000000,NONE,NONE,
ATOM-DQBN144,CG DOMELESS BANGER 14MM F 90,1,0.00000000,NONE,NONE,
ATOM-DQBN1444,CG DOMELESS BANGER MALE 45,1,0.00000000,NONE,NONE,
ATTYLMC,LIMITLESS ATTY RDA,6,0.00000000,NONE,NONE,
AVACADO,AVOCADO 24 CLONE,1,0.00000000,NONE,NONE,
BALANCECBD500,BALANCE CBD 500MG GUMMY,CBD,0.00000000,NONE,NONE,
Band,VAPE BANDS,8,0.00000000,NONE,NONE,
BASIC,BASIC JUUL KIT GRAY,JUUL LAB,0.00000000,NONE,NONE,819913011580
Batch 9233,MAXX SALTS KRISPIES,SALT NIC,0.00000000,NONE,NONE,
Batch 9238,MAXX Salts Fish,SALT NIC,0.00000000,NONE,NONE,
battery,VERTEX 350VV BATTERY,4,0.00000000,NONE,NONE,
BATTERYWRAP,BUTTERY WRAP,8,0.00000000,NONE,NONE,6032328538
BAZOOKA,BAZOOKA SOUR STRAWS 60ML,10,0.00000000,NONE,NONE,
BAZOOKA! 100ML,BAZOOKA! 100ML,10,0.00000000,NONE,NONE,
BBG,BIG BABY GLASS PIECE,8,0.00000000,NONE,NONE,1624001400011
bbtank,bbtank key fob,4,0.00000000,NONE,NONE,N12206000101
BDGUMMY,BD D8 CUBE 2000MG JAR,CBD,0.00000000,NONE,NONE,12345
BEG,Baby Beast Extender Glass,8,0.00000000,NONE,NONE,
BIG SALTY DEAL,BIG SALTY DEAL,SALT NIC,0.00000000,NONE,NONE,
BL8014420,SHALAAN KIT,10,0.00000000,NONE,NONE,
BLAZE,BLAZE DELTA 10 SOUR DIESEL,CBD,0.00000000,NONE,NONE,
BLAZE 01,BLAZE DELTA 10 SUNDAE DRIVER,CBD,0.00000000,NONE,NONE,
BLAZE 02,BLAZE DELTA 10 STRAW COUGH,CBD,0.00000000,NONE,NONE,
BLAZE 03,BLAZE  D10 WATERMELON ZKITTLEZ,CBD,0.00000000,NONE,NONE,
BLAZE 04,BLAZE  D10 BLUE DREAM,CBD,0.00000000,NONE,NONE,
BLAZE 05,DELTA 10 GRAPE APE,CBD,0.00000000,NONE,NONE,
BLAZE 06,DELTA 10 CRANBERRY KUSH,CBD,0.00000000,NONE,NONE,
BLAZE 07,DELTA 10 GORILA GLUE,CBD,0.00000000,NONE,NONE,
BLAZE 08,DELTA 10 MAUI WAUI,CBD,0.00000000,NONE,NONE,
BLITZ,VALYRAIN TANK TIP KIT,8,0.00000000,NONE,NONE,
BLK BLU 60ML,BLK BLU 60ML,10,0.00000000,NONE,NONE,
BLUE TO WHITE,TVF12 PRINCE,7,0.00000000,NONE,NONE,6940695611997
BOKOILVAPORIZER,BOK OIL VAPORIZER,3,0.00000000,NONE,NONE,
BORA,BORA 60ML BOTTLE,10,0.00000000,NONE,NONE,
BRELLA SALTS,BRELLA SALTS 30ML,SALT NIC,0.00000000,NONE,NONE,858363007330
BUBBLE GANG,TASTE MAKERS 100ML,10,0.00000000,NONE,NONE,752830013865
BUBBLEGANG,BUBBLE GANG 120ML,10,0.00000000,NONE,NONE,752830014466
BUILD,BUILD KIT,8,0.00000000,NONE,NONE,
BURST60ML,BURST 60ML,10,0.00000000,NONE,NONE,810439033483
BUTTER25MG,BAD DRIP BUTTER 25MG,SALT NIC,0.00000000,NONE,NONE,815834024555
BVC16,ASPIRE BVC 1.6OHM EACH,5,0.00000000,NONE,NONE,6958947110594
CAMOSPINNER,CAMO SPINNER,8,0.00000000,NONE,NONE,
CANNA,CANNA CBD KIT,2,0.00000000,NONE,NONE,
CARIBBENSALT30ML,CARIBBEN SALT30ML,SALT NIC,0.00000000,NONE,NONE,
CBD,CBD OIL 150MG,CBD,0.00000000,NONE,NONE,
CBD CONE 1G,CBD CONE 1G,CBD,0.00000000,NONE,NONE,
CBD PRO,1000MG CBD,CBD,0.00000000,NONE,NONE,
CBD1G,CBD 1G,1,0.00000000,NONE,NONE,
CBD350MAH,CBD 350MAH BATTERY,4,0.00000000,NONE,NONE,
CBD5G,Easy Greenn CBD 5G,CBD,0.00000000,NONE,NONE,
CBDSTICKDISPOSABLE,CBD STICK DISPOSABLE,CBD,0.00000000,NONE,NONE,
CCCC,CC CLEAR CARTOMIZER,5,0.00000000,NONE,NONE,
CE3 KIT,MINI CE3 KIT,2,0.00000000,NONE,NONE,CBD350MAH
CEREALTRIP25MG,BAD DRIP CEREAL TRIP 25MG,SALT NIC,0.00000000,NONE,NONE,
Cerum,Cerum ALL Ceramic tank,1,0.00000000,NONE,NONE,
Cerumcoil,Cerum Coil pack 5,1,0.00000000,NONE,NONE,
CG-213,CG BOOGER PIPE,1,0.00000000,NONE,NONE,
CHARGER,BLACKCELL,3,0.00000000,NONE,NONE,6971602560220
CHEECH1,cheech glass/metal pipe,1,0.00000000,NONE,NONE,
CHILL,CHILL 60ML,10,0.00000000,NONE,NONE,
CHILL60ML,CHILL E-LIQUID 60ML,10,0.00000000,NONE,NONE,
CHILLED SALT 30ML,CHILLED SALT 30ML,SALT NIC,0.00000000,NONE,NONE,
CHILLUM,OG CHILLUM,1,0.00000000,NONE,NONE,431
CHOICE,CHOICE 120 ML,10,0.00000000,NONE,NONE,
CLEARENCE$15,120ML/100 ML CLEARENCE,CLEARNCE,0.00000000,NONE,NONE,CLEARENCE
CLEARENCE1,NO RETUEN NO EXCHANE,CBD,0.00000000,NONE,NONE,
CLOUD CHASERS INC,ARCHON V2,6,0.00000000,NONE,NONE,
CLOUD NINE SALT,CLOUD NINE 30ML SALT,SALT NIC,0.00000000,NONE,NONE,
CLOUD9,CLOUD NINE 60ML,10,6.03213427,NONE,NONE,
CLOUDNURDZSALT30ML,CLOUD NURDZ SALT 30ML,SALT NIC,0.00000000,NONE,NONE,012436996543
CLOUTANK M4,CLOUTANK M4,1,0.00000000,NONE,NONE,
COIL ART,COIL ART JUGGERNAUT,5,0.00000000,NONE,NONE,
COILMASTER26GA,COIL MASTER 26 GAUGE,5,0.00000000,NONE,NONE,
coilmaster30ga,30AWG kenthal A1 Wire 30ft,5,0.00000000,NONE,NONE,
coilmastera1,28awg kenthal A1 Wire 30ft,5,0.00000000,NONE,NONE,
COILS,NORD COILS 1.4 OHM,5,0.00000000,NONE,NONE,6940695619580
COLAMAN60ML,COLA MAN E JUICE 60ML,10,0.00000000,NONE,NONE,680196620581
COLAMANSALT,COLA MAN SALT 30ML,SALT NIC,0.00000000,NONE,NONE,685167176456
cones15,Milky cones vapory 15ml pack,10,0.00000000,NONE,NONE,
COOKIES-MP,Cookies magnet pipe,1,0.00000000,NONE,NONE,
COPPER TUBE,COPPER RDA TUBE,2,0.00000000,NONE,NONE,
Crashers,WEDDING CRASHERS 30ML,10,6.00000000,NONE,NONE,
CRISP,CRISP T-SHIRT,8,0.00000000,NONE,NONE,
CROWN30ML,CROWN 30ML BOTTLE,10,0.00000000,NONE,NONE,842381104188
CUBEKIT,CUBE KIT,3,0.00000000,NONE,NONE,
cv2,Centurion V2,6,42.00000000,NONE,NONE,
cyclops,CYCLOPS 60ML,10,0.00000000,NONE,NONE,814635021404
d9cube,BD D9 CUBE 50MG PACK OF 2,CBD,0.00000000,NONE,NONE,
DABRAIN,Dab Rain dab pic,1,0.00000000,NONE,NONE,
DABSTAR,DABSTAR,3,0.00000000,NONE,NONE,
DAZE 6OML,DAZE 60ML,10,0.00000000,NONE,NONE,649964669702
DAZED HHC,DAZED DAB PINAPPLE KUSH 3000MG,CBD,0.00000000,NONE,NONE,
DAZED8,OREOZ D8+THC-O 2500MG DAB,CBD,0.00000000,NONE,NONE,
DAZED8 THC V,SPACE CANDY D8+THC-V 2500MG,CBD,0.00000000,NONE,NONE,
deadly,DEADLY Serum 60ml,10,0.00000000,NONE,NONE,
demonkiller,8 in 1 pre-built coils,5,0.00000000,NONE,NONE,N19025000401
DF-BOX,DF-BOX MOD,4,10.00000000,NONE,NONE,
DGB-065,DRAGON PLTNM ICE CATCHER GREEN,1,0.00000000,NONE,NONE,
DGB-066,DRAGON TORNADO PIPE GREEN,1,0.00000000,NONE,NONE,
DGB-067,DRAGON GLASS GLYC GREEN,1,0.00000000,NONE,NONE,
DGD-151,DRAGON GLASS FOUR EYES,1,0.00000000,NONE,NONE,
DGD-152,DRAGON GLASS CUP WATER PIPE,1,0.00000000,NONE,NONE,
DGE-397,DRAGON PLTNM RECYCLER INCLINED,1,0.00000000,NONE,NONE,
DGE-409,DRAGON GLASS PIPE RECYCLER-360,1,0.00000000,NONE,NONE,
DGE-410,DRAGON GLASS BELL BENT NECK,1,0.00000000,NONE,NONE,
DGE-421,DRAGON WATER HOURGLASS BENT NE,1,0.00000000,NONE,NONE,
DGE-423,DRAGON GLASS WATER PIPE-185Gm,1,0.00000000,NONE,NONE,
DGE-427,DRAGON GLASS BULL WATR PIPE,1,0.00000000,NONE,NONE,
DGE-444,DRAGON WATER PIPE BEAKER-220GM,1,0.00000000,NONE,NONE,
DGE-446,DRAGON GLASS WATER PIPE DIFFUS,1,0.00000000,NONE,NONE,
DGE-459,DRAGON GLASS THICK BASE-390GM,1,0.00000000,NONE,NONE,
DGH-039,DRAGON GLASS PIPE GLITTER SPOO,1,0.00000000,NONE,NONE,
DGH-098,DRAGON GLASS MUSHROOM SPOON,1,0.00000000,NONE,NONE,
DINNER,DINNER LADY CLEARANCE,10,0.00000000,NONE,NONE,5056276649769
DINNER LADY,TUCK SHOP BY DINNER LADY 60 ML,10,0.00000000,NONE,NONE,5056276640407
DINNERLADYTOBACCO,SMOOTH TOBACCO POD DEVICE,ZIIPLAB,0.00000000,NONE,NONE,11223
DJANGO60,Django 60ml Bottle,10,0.00000000,NONE,NONE,852870008156
DQB-102,DRAGON PLATINUM DUAL QUARTZ BA,1,0.00000000,NONE,NONE,
DRAG 2 MOD,DRAG 2 MOD,3,0.00000000,NONE,NONE,6970810461954
DRIP 30ML,DRIP 30ML,10,0.00000000,NONE,NONE,
E104,Bluetooth LED Spinner,8,0.00000000,NONE,NONE,
EA8HC5A1712180297,VOOPOO TOO KIT (RAISIN),2,0.00000000,NONE,NONE,
EA8IA5A1712183045,VOOPOO TOO KIT(DITCH DARK),2,0.00000000,NONE,NONE,
EARTHSCRIPT,1GM WAX 1000MGCBD,CBD,0.00000000,NONE,NONE,
easy green cbd,125 mg cbd gummy,1,0.00000000,NONE,NONE,
EASYGREEN 5G,CBD Flour 5G,CBD,0.00000000,NONE,NONE,
EFEST,EFEST SLIM K2 CHARGER,4,0.00000000,NONE,NONE,6958946202214
ego,EGO-C TWIST PEN BATTERY,4,0.00000000,NONE,NONE,
EGO TWIST,EGO TWIST BATTERY,4,0.00000000,NONE,NONE,
EGO TWIST CTWIST,EGO TWIST CTWIST 650MAH,4,0.00000000,NONE,NONE,
ELYSIANSALT,ELYSIAN SALT 30ML,SALT NIC,0.00000000,NONE,NONE,
EMOJI LIQUIDS 60ML,EMOJI 60ML,10,0.00000000,NONE,NONE,
ENAIL,ENAIL RIG,2,0.00000000,NONE,NONE,
evic,Evic- Vtc sale,2,0.00000000,NONE,NONE,
EVOD650,EVOD 650MAH BATTERY,4,0.00000000,NONE,NONE,
EVOLVE LIMITED,EVOLVE LIMITED,2,0.00000000,NONE,NONE,
EVOLVECOIL,EVOLVE OIL,5,0.00000000,NONE,NONE,
EVOLVEPLUS,EVOLVE PLUS XL MIX COLOR,1,0.00000000,NONE,NONE,101061005116
EXTRAX,EXTRAX BATTERY 500 MAH,4,0.00000000,NONE,NONE,
EXTRAX HYDRO PURPLE,EXTRAX HYDRO PURPLE,ZIIPLAB,0.00000000,NONE,NONE,
FALCON,FALCON M1 PLUS COIL,5,0.00000000,NONE,NONE,6971648221130
FALCON COIL M-TRIPLE,FALCON M-TRIPLE,5,0.00000000,NONE,NONE,6971648220836
FALCON F1 COIL,FALCON COIL,5,0.00000000,NONE,NONE,6971648220577
FALCON F2 COIL,FALCON COIL,5,0.00000000,NONE,NONE,6971648220591
FALCON F3 COIL,FALCON COIL,5,0.00000000,NONE,NONE,6971648220607
FALCON M2 COIL,FALSON M2 COIL,5,0.00000000,NONE,NONE,
FAR LIQUID,FAR E-LIQUIDS SPRAY CAN 100ML,10,0.00000000,NONE,NONE,
FEELING SALTY,FEELING SALTY 60ML,SALT NIC,0.00000000,NONE,NONE,
FEELING SALTY PODS,FEELING SALTY PODS,5,0.00000000,NONE,NONE,
FEG,FALCON GLASS 7ML,8,0.00000000,NONE,NONE,
FIDGET,FIDGET SPINNER,8,0.00000000,NONE,NONE,
FIDGETSPIN,FIDGET SPINNER,8,0.00000000,NONE,NONE,
FIRELUKE,FURE LUKE (BLUE),7,0.00000000,NONE,NONE,
FIRELUKEM,FIRELUKE MESH TANK,7,0.00000000,NONE,NONE,
FLAVORLESS,CANAZIL FLAVORLESS 1500MG,CBD,0.00000000,NONE,NONE,
FLC,FIRELOCK COIL DVC 0.25OHM,5,0.00000000,NONE,NONE,
FLG,FIRELUKE REPLACEMENT GLASS,8,0.00000000,NONE,NONE,
FMG,FIRELUKE MESH GLASS,8,0.00000000,NONE,NONE,
FOGG,FOGG DISPOSABLE PODS,2,0.00000000,NONE,NONE,
FOGG14522888,FOGG DISPOSABLE SINGLE,ZIIPLAB,0.00000000,NONE,NONE,
FR650,FUZION FR650,1,0.00000000,NONE,NONE,
FRESH PRESSED (SALTS,FRESH PRESSED SALT NIC 30ML,SALT NIC,0.00000000,NONE,NONE,851111008320
FRIED CREAM,FRIED CREAM CAKE 60ML,10,0.00000000,NONE,NONE,853491004893
FUSH,ACROHM FUSH MOD,3,0.00000000,NONE,NONE,
GALATEK,GALATEK RDA,6,0.00000000,NONE,NONE,GLK
GEEK VAPE,SUPERMESH X1 COIL EACH,5,0.00000000,NONE,NONE,6970313647718
GEEK VAPE 6 IN 1,GEEK VAPE 6 IN 1 COILS,5,0.00000000,NONE,NONE,6970313646605
GEEK VAPE SQUONK KIT,GBOX SQUONK KIT,2,0.00000000,NONE,NONE,6970313645936
GHOST D11,GHOST 1.8ML D11,ZIIPLAB,0.00000000,NONE,NONE,
GLADIATOR,VAPEMONS,2,0.00000000,NONE,NONE,
GOON,GOON 1.5,6,0.00000000,NONE,NONE,
GORILLA,GORILLA WARFARE 120ML,10,0.00000000,NONE,NONE,
GPIPE-BLACK,Metrix Gpipe,1,0.00000000,NONE,NONE,
G-PRIV  2 BABY,G-PRIV 2 BABY (BLUE),2,0.00000000,NONE,NONE,6940695609475
G-PRIV 2 BABY,G-PRIV 2 BABY (GUN METAL),2,0.00000000,NONE,NONE,6940695609499
GR0057,catskill hemp grinder,1,0.00000000,NONE,NONE,
GRAPELOONAIR78,LOON AIR GRAPE,ZIIPLAB,0.00000000,NONE,NONE,684753075395
GRINDER,SHREDDER 63MM GRINDER EA,1,0.00000000,NONE,NONE,
GT CORE MESH,GT CORE MESH EACH,5,0.00000000,NONE,NONE,6943498601882
GWHAN0695,SILICONE SPOON,1,0.00000000,NONE,NONE,686010860485
GWSCL0052,FUZION EX-500 SCALE,1,0.00000000,NONE,NONE,
halfoff,TORCH 2G PURPLE URKEL,CBD,0.00000000,NONE,NONE,
HANDSANITIZER,HAND SANITIZER 20Z,ZIIPLAB,0.00000000,NONE,NONE,
happi1,happy clearence 2gm disp,CBD,0.00000000,NONE,NONE,
HAT,LIMITLESS HAT,3,0.00000000,NONE,NONE,
hats,Killa Kloudz Hat,8,0.00000000,NONE,NONE,
HAWK,HAWK LANYARD,8,0.00000000,NONE,NONE,
HG2,HG2/ 25R 18650,4,0.00000000,NONE,NONE,25r
HHP-052,glass waterpipe mini,1,0.00000000,NONE,NONE,
HIT THAT,HIT THAT DOUNUT 60ML,10,0.00000000,NONE,NONE,
Hive,Hive wax mod,1,0.00000000,NONE,NONE,
HIVE124536,YOCAN HIVE ATOMIZER 1 EACH,8,0.00000000,NONE,NONE,
hive2,Hive 2.0,3,0.00000000,NONE,NONE,6971154220429
hivecoil,Yocan Hive Coil,5,0.00000000,NONE,NONE,
HOT STICK,HOT STICK NON BUTANE LIGHTER,1,0.00000000,NONE,NONE,
https://l.ead.me/bcS,pachamama sorbet 50mg,SALT NIC,0.00000000,NONE,NONE,
https://me-qr.com/Ry,COOKIES POCKET HITTER CONE,1,0.00000000,NONE,NONE,645781557130
https://q.a4.vc/BdQg,ZYN MOJITO 3MG,TOBACCO,0.00000000,NONE,NONE,
https://q.a4.vc/CZ43,ZYN WINTERGREEN 6MG,TOBACCO,0.00000000,NONE,NONE,609249903020
HUMBLESALT30ML,HUMBLE SALT 30 ML,SALT NIC,0.00000000,NONE,NONE,810004616769
hyde123,HYDE MICRO USB CHARGER,8,0.00000000,NONE,NONE,
hydecurveplusMANGO,HYDE CURVE PLUS MANGO,ZIIPLAB,0.00000000,NONE,NONE,814014027362
HYDECURVES,WONT SCAN/HYDE CURVE S,ZIIPLAB,0.00000000,NONE,NONE,412696912305
hydecurvplusmangoice,hyde curve plus mango ice,ZIIPLAB,0.00000000,NONE,NONE,
Iceflow,ICEFLO 60ML,10,0.00000000,NONE,NONE,
inside out67823,INSIDE OUT NECTAR COLLECTOR,1,0.00000000,NONE,NONE,
IPV XYANIDE,XYANIDE,3,0.00000000,NONE,NONE,
ispire,ispire battery combo,4,0.00000000,NONE,NONE,
itspixy,It''s Pixy 100ml,10,0.00000000,NONE,NONE,680196620161
jgo clearance,jgo 2 gram dispo clearance,10,0.00000000,NONE,NONE,
JGO FLOWER,JGO FLOWER,CBD,0.00000000,NONE,NONE,655469906211
JGO THCA,JGO THCA,CBD,0.00000000,NONE,NONE,
JHFREE,JH POUCH FREE,TOBACCO,0.00000000,NONE,NONE,
JUBOX,PORTABLE JUUL CHARGER,8,0.00000000,NONE,NONE,
JUICE ROLL-UP,JUICE ROLL UP,10,0.00000000,NONE,NONE,691965022062
JUUL WRAP,JUUL SKIN,8,0.00000000,NONE,NONE,
kandy,THE KANDY KOLLECTION 60ML,10,0.00000000,NONE,NONE,
KANGER AKD,K-PIN,2,0.00000000,NONE,NONE,
KEY CHAIN PIPE,STRAWBERRY KEY CHAIN PIPE,1,0.00000000,NONE,NONE,
KEYBOXBATTERY,KEY BOX BATTERY,4,0.00000000,NONE,NONE,
KILLA,KILLA KLOUDZ 60ML,10,0.00000000,NONE,NONE,
KILLERKUSTARD87345,KILLER KUSTARD 60 ML,10,0.00000000,NONE,NONE,545806006004
KILO,KILO BLACK 60ML,10,0.00000000,NONE,NONE,853515007015
KILOW,KILO WHITE 60ML,10,0.00000000,NONE,NONE,853515007152
KLEEN,KLEEN KRATOM SHOT 10ML,KRATOM,0.00000000,NONE,NONE,
KOI,Koi 500mg CBD 30ml,CBD,0.00000000,NONE,NONE,
KOI1000,KOI 1000MG 30ML,CBD,0.00000000,NONE,NONE,857321007047
KSLIM,KANDY PENS SLIM,3,0.00000000,NONE,NONE,
LEMONADEFACTORY100ML,LEMONADE FACTORY100ML,10,0.00000000,NONE,NONE,655711251083
LIFTED,LIFTED LIQUIDS 60ML,10,0.00000000,NONE,NONE,
LIFTED LOLLIES,LIFTED LOLLIES SINGLE,CBD,0.00000000,NONE,NONE,
Lifted100mg,Lifted CBD 100mg 15ml,CBD,0.00000000,NONE,NONE,
LIQUID STATE,LIQUID STATE 30ML,10,0.00000000,NONE,NONE,
LMCMECHAL,LMC ALUMINIUM MECH,3,0.00000000,NONE,NONE,
LMCMECHBR,LIMITLESS BRASS MECH,3,0.00000000,NONE,NONE,
LMCMECHCO,LIMITLESS COPPER MECH MOD,3,0.00000000,NONE,NONE,
LOADED30MLSALTNIC,LOADED SALT 30ML,SALT NIC,0.00000000,NONE,NONE,819371026676
LOKEY-VV-BATTERY,LO KEY BATT,8,0.00000000,NONE,NONE,LOKEY-VV-BATTERY
LOONAIR BLUEBRRYICE,LOON AIR BLUEBERRY ICE,ZIIPLAB,0.00000000,NONE,NONE,
LOONNICSALT30ML,LOON 30ML NIC SALT,SALT NIC,0.00000000,NONE,NONE,682863121421
loos123,cali loose change 1gm p dispos,CBD,0.00000000,NONE,NONE,
LOW PROFILE GOON,GOON,6,0.00000000,NONE,NONE,
LUSHICELOON,LOON AIR LUSH ICE,ZIIPLAB,0.00000000,NONE,NONE,686162567607
LUX,LUX MESH COIL M4,5,0.00000000,NONE,NONE,
M FENG,M FENG MINI KIT RAINBOW,2,0.00000000,NONE,NONE,
M149-CC,CG ROOTS ON COLOR CHANGE TUBE,1,0.00000000,NONE,NONE,
M149-G,CG ROOTS ON GREEN TUBE,1,0.00000000,NONE,NONE,
M379-CC,CG BEAKER BONG SPOON COLOR CHA,1,0.00000000,NONE,NONE,
M381-B,CG FUMEYCOMB BLUE PIPE,1,0.00000000,NONE,NONE,
M381-CC,CG FUMEYCOMB COLOR CHANGE PIPE,1,0.00000000,NONE,NONE,
M381-G,CG FUMEYCOMB GREEN PIPE,1,0.00000000,NONE,NONE,
M381-Y,CG FUMEYCOMB AMBER YELLOW PIPE,1,0.00000000,NONE,NONE,
M4520-CC,CG EN FUEGO COLOR CHANGE,1,0.00000000,NONE,NONE,
M4520-G,CG EN FUEGO GREEN,1,0.00000000,NONE,NONE,
M5-J,CG CHILE PEPPER ORANGE,1,0.00000000,NONE,NONE,
M5-R,CG CHILE PEPPER RED,1,0.00000000,NONE,NONE,
MACHON3,MACH ON3 KIT,2,0.00000000,NONE,NONE,
Magneto,Magneto Wax Vaporizer,2,0.00000000,NONE,NONE,6971154220061
MASAMANSALT30ML,MASAMAN SALT 30ML,SALT NIC,0.00000000,NONE,NONE,856079006487
MAXOV12,MAXO V12 COIL PACK,5,0.00000000,NONE,NONE,1429002700012
mc6,CIGARETTE TOBACCO PIPE,CBD,0.00000000,NONE,NONE,
MCV,MILKY CONES VAPORY 60ML,10,0.00000000,NONE,NONE,
MERLIN MINI,MERLIN MINI RTA,2,0.00000000,NONE,NONE,
MESH,FIRELUKE MESH COIL,5,0.00000000,NONE,NONE,040385138202
MESH COIL,NORD MESH COIL .6OHM EACH,5,0.00000000,NONE,NONE,6940695619573
MESSES24,TWISTED MESSES RDA,6,0.00000000,NONE,NONE,
METRIX,METRIX BATTERY650OHM,4,0.00000000,NONE,NONE,
METRIX-10001,Metrix grinder all color,1,0.00000000,NONE,NONE,
MFENG BABY,SNOWWOLF BABY KIT,3,0.00000000,NONE,NONE,01421376
MFENGUXKIT,MFENF UX KIT,2,45.00000000,NONE,NONE,3345
MGC,MAGNETO REPLACEMENT COIL EACH,5,0.00000000,NONE,NONE,1351
MISTRYBAGOF5,MYSTERY BAG 10 DISPOSABLE,CLEARNCE,0.00000000,NONE,NONE,
MLDC,MAJOR LEAGUE DRIP CLUB 60ML,10,0.00000000,NONE,NONE,024589786261
MODEFINED,DRACO 200W,3,0.00000000,NONE,NONE,6996892635168
MOTTS,MOTTS CANDY,9,0.00000000,NONE,NONE,
MR.SALT-E SALT NIC,MR.SALT-E 30ML 45MG,10,0.00000000,NONE,NONE,
Mystique,MYSTIQUE 30ML,10,0.00000000,NONE,NONE,
MYSTRYBAGOF3,DISPOSABLE MYSTERY BAG OF 5,CLEARNCE,0.00000000,NONE,NONE,
MYSTRYBAGOF4,CART MYSTERY BAG,CLEARNCE,0.00000000,NONE,NONE,
N105710004,MICARE DEVICE,3,0.00000000,NONE,NONE,101051003849
N11001004508,eGo AIO,2,0.00000000,NONE,NONE,N11001004502
N11001019802,ESPION,2,0.00000000,NONE,NONE,6956916441205
N11005030015,NORD AIO 19 KIT SILVER,2,0.00000000,NONE,NONE,
N11005030017,NORD AIO 19 KIT RED,2,0.00000000,NONE,NONE,
N11182000102,Rythm Kit,2,0.00000000,NONE,NONE,
N13102003906,FALCON KING COFEE,7,0.00000000,NONE,NONE,
N14001002701,BF SS316 COIL,5,0.00000000,NONE,NONE,N14001002601
N14001018601,ProCA coils 0.4ohm (epsion),5,0.00000000,NONE,NONE,
N14036003001,CUBE KIT COTTON COIL,5,0.00000000,NONE,NONE,
N19025002601,VIOLENCE COIL,5,0.00000000,NONE,NONE,
N19142000701,COOKIE CARTRIDGE,5,0.00000000,NONE,NONE,
N19142001107,JC01 OVNS POD 1/EACH,5,0.00000000,NONE,NONE,N19142001101
NECTAR COLLECTOR,NECTAR COLLECTOR,1,0.00000000,NONE,NONE,686010845581
NEXT BIG CERALS,NEXT BIG CERALS,10,0.00000000,NONE,NONE,738095340380
NKD,NAKED 30ML SALT NIC,SALT NIC,0.00000000,NONE,NONE,021893839720
NOVA,GEEK VAPE NOVA,3,0.00000000,NONE,NONE,6970313644410
NUDE120ML,NUDE 120ML,10,0.00000000,NONE,NONE,704817489989
NX COIL,NEXUS COILS STARTER KIT,5,0.00000000,NONE,NONE,6943498601189
OATMEALCREAMPIE,FIELDSTONE OATMEAL CREAM PIES,9,0.00000000,NONE,NONE,
OCCULTUS,OCCULTUS 120ML,10,0.00000000,NONE,NONE,761856247017
OKAMI SALT,OKAMI 30ML,10,0.00000000,NONE,NONE,
OKVM12345600,OKVM SALTS,SALT NIC,0.00000000,NONE,NONE,
ONE HIT,ONE HIT,NONE,0.00000000,NONE,NONE,
ONE LAMBO,LAMBO SERIE,2,0.00000000,NONE,NONE,6971889490005
ONE LAMBO POD,LAMBO POD,5,0.00000000,NONE,NONE,6971889490012
ONE UP,ONE UP 60ML,10,0.00000000,NONE,NONE,
ONE UP BLENDS SALT,ONE UP 30ML SALT,SALT NIC,0.00000000,NONE,NONE,752830220195
ONEHITSALT30ML,ONE HIT 30ML SALT,SALT NIC,0.00000000,NONE,NONE,602573870587
OOOH!,Chocolate buds,CBD,0.00000000,NONE,NONE,
OOPSI,OPS1,2,0.00000000,NONE,NONE,100206429
OPS1,OPS1 POD 2PACK,5,0.00000000,NONE,NONE,
ORANGEFANTASIE,LOON AIR ORANGE FANTASIE,ZIIPLAB,0.00000000,NONE,NONE,686162567591
ORION DNA W PODS,ORION DNA W PODS,5,0.00000000,NONE,NONE,
PANDON,Pandon Wax kit,2,0.00000000,NONE,NONE,
PBAG,PBAG,8,0.00000000,NONE,NONE,
PEPPERMINT,CANAZIL PEPPERMINT 1000MG,CBD,0.00000000,NONE,NONE,
PGLASS,TFV12 PRINCE GLASS,8,0.00000000,NONE,NONE,6940695601271
PINUP,PINUP VAPORS 60ML,10,0.00000000,NONE,NONE,218050030070
pkwd-d8b-lmz,INSANE LEMON MINTS 2.25G PRE,CBD,0.00000000,NONE,NONE,
PLAN B CO,PLAN B MOD,3,0.00000000,NONE,NONE,0147
PLAN B SUPPLY CO,PLAN B RDA,2,0.00000000,NONE,NONE,0258
POD JUICE SALT,POD JUICE 15ML,SALT NIC,0.00000000,NONE,NONE,041494012001
PODLIFE,INNOKIN EQ,2,0.00000000,NONE,NONE,
PULSAR,PULSAR E-NAIL,1,0.00000000,NONE,NONE,
RAINBOW,TARGET MINI RAINBOW,2,0.00000000,NONE,NONE,
RAZZ LEMONADE,CANAZIL RAZZ LEMONADE 2500MG,CBD,0.00000000,NONE,NONE,
RDA-V2LITE-NAVYBLUE,AEOLUS LITE RDA NAVY BLUE,6,0.00000000,NONE,NONE,
RED TO WHITE,TVF12 PRINCE,7,0.00000000,NONE,NONE,6940695611980
REDS APPLE EJUICE,DAZE  REDS SALT 30ML,SALT NIC,0.00000000,NONE,NONE,032733903181
resintube,TF-V8 RESIN GLASS,8,0.00000000,NONE,NONE,
REVOLVER,REVOLVER SPINNER,8,0.00000000,NONE,NONE,
RINCOC,RINCOC CETO CARTRIDGE,5,0.00000000,NONE,NONE,
ROYALTY II 1234523,ROYALTY II 60ML,10,0.00000000,NONE,NONE,769806000002
RUTHLESS120ML,RUTHLESS 120ML,10,0.00000000,NONE,NONE,810032255909
S,SAMPLE,10,0.00000000,NONE,NONE,
SB60,SUICIDE BUNNY 60ML,10,0.00000000,NONE,NONE,
SCBD,DISPOSABLE CBD PEN .5NL,CBD,0.00000000,NONE,NONE,
SCBDD,SELECT CBD DROPS 1000MG,CBD,0.00000000,NONE,NONE,
SELECT VAPE SALT,SELECTVAPE SALT 30 ML,SALT NIC,0.00000000,NONE,NONE,
SENSE,S1 MESH SENSE COIL,5,0.00000000,NONE,NONE,6935146302913
SGC-012,SHADOW GLASS ZIGZAG DIFFUSE DO,1,0.00000000,NONE,NONE,
SGE-066,SHADOW GLSS FISHHEAD SWISS PER,1,0.00000000,NONE,NONE,
SGE-136,SHADOW GLSS DBL MOUTH PIECE,1,0.00000000,NONE,NONE,
SGE-149,SHADOW GLASS PIPE,1,0.00000000,NONE,NONE,
SGE-152,SHADOW GLASS DANCING PIPE,1,0.00000000,NONE,NONE,
SGE-155,SHADOW GLASS TORNADO RECYCLER,1,0.00000000,NONE,NONE,
SGE-159,SHADOW GLASS PIPE -320GM,1,0.00000000,NONE,NONE,
SGE-191,SHADOW DIFFUSED DWN STREAM,1,0.00000000,NONE,NONE,
SHARK,SHARK GUMMIES 60ML,10,0.00000000,NONE,NONE,
SHIRT,SPACE JAM T-SHIRT,8,0.00000000,NONE,NONE,810429030744
SHORT,SHORTCAKE MAN 60ML,10,0.00000000,NONE,NONE,
SIBRA F KIT,SIBRA F KIT,3,0.00000000,NONE,NONE,5060521397930
SKU-10073212,PRINTED DUG OUT,1,0.00000000,NONE,NONE,wdo-4
SKU-C3EDF88D,DAZE8 2500MG D8 DABS,CBD,0.00000000,NONE,NONE,SKU-5FD208C9
SLUSHYMAN60ML,SLUSHY MAN 60ML,10,0.00000000,NONE,NONE,649684819234
SMALLBAT,METAL BAT SMALL,1,0.00000000,NONE,NONE,
SMOK SLM,SMOK SLIM,3,0.00000000,NONE,NONE,6940695614332
SMOK STICK V9,STICK V9 MAX KIT,2,0.00000000,NONE,NONE,6940695619320
SMOKMICOKIT,SMOK MICO KIT,2,20.90000000,NONE,NONE,6940695623457
SNOOP,SNOOP DOGG COILS,5,0.00000000,NONE,NONE,
SNOWWOLF COIL,SNOWWOLF WF-M COIL,5,0.00000000,NONE,NONE,5060521399200
SOLACE,SOLACE 30ML 50MG,SALT NIC,0.00000000,NONE,NONE,
SOLEIL60,Soleil 60ml Bottle,10,0.00000000,NONE,NONE,
SOLIEL,SOLIEL 30ml,10,0.00000000,NONE,NONE,
SOUR SERIES,KILO 100ML,10,0.00000000,NONE,NONE,842922106855
SOURHOUSE,SOUR HOUSE 60ML,10,0.00000000,NONE,NONE,854773006567
SOUTHERNTRADITION,SOUTHERN TRADITION 60ML,10,0.00000000,NONE,NONE,680017598433
SP01785,BOROTECH INFINITY LOOP PIPE,1,0.00000000,NONE,NONE,
SP04548,GLASS SWIRL DOME PIPE ASSORTED,1,0.00000000,NONE,NONE,
SPACEJAM60MLUNICORN,SPACEJAM 60ML UNICORN,10,0.00000000,NONE,NONE,813239028338
SPIN2,6-Arm Metal Spinner,8,0.00000000,NONE,NONE,
spin7,Fancy Color Fidget Spinner,8,0.00000000,NONE,NONE,
Spin9,Round Fidget Spinner Metal,8,0.00000000,NONE,NONE,
SPINNERS,ALUMINIUM SPINNERS,8,0.00000000,NONE,NONE,
SPOTCBD1500MGGUMMY,SPOT 1500MG GUMMY,CBD,0.00000000,NONE,NONE,
SPOTCBD2500MGTANK,CBD 2500MG 1ML TANK,CBD,0.00000000,NONE,NONE,
SRDA,SRDA COIL CF 0.1,5,0.00000000,NONE,NONE,
STICK M17 GLASS,SMOK STICK M17 PYREX GLASS,5,0.00000000,NONE,NONE,
STIG,SINGLE STIG MIGHTY MINT,ZIIPLAB,0.00000000,NONE,NONE,
STIG898989,STIG CUBANO SINGLE,ZIIPLAB,0.00000000,NONE,NONE,
STIGBOMB,STIG SINGLE MANGO BOMB ICED,ZIIPLAB,0.00000000,NONE,NONE,
STIGG,SINGLE STIG LUSH ICE,ZIIPLAB,0.00000000,NONE,NONE,
STIGMANGO17263,STIG SINGLE TROPICAL MANGO,ZIIPLAB,0.00000000,NONE,NONE,
strawbananaloon,LOON AIR STRAW BANANA,ZIIPLAB,0.00000000,NONE,NONE,684753075487
STRAWBERRY ICE,LOON AIR STRAW ICE,ZIIPLAB,0.00000000,NONE,NONE,684753075500
STUNNA 120ML,CASH MONEY OR TRUE GOLD 120ML,10,0.00000000,NONE,NONE,085783805028
SUB0,SUBZERO 60ML,10,0.00000000,NONE,NONE,
SUGAR THCO CRUMBLE,SUGAR EXTRAX THCO CRUMBLE,CBD,0.00000000,NONE,NONE,
SUPER CHILL,SUPER CHILL CART 1000MG,CBD,0.00000000,NONE,NONE,
SUPER CHILL GUMMIES,CBD GUMMIES 500MG,CBD,0.00000000,NONE,NONE,
superfriut,CANAZIL 1000MG,CBD,0.00000000,NONE,NONE,
SVLT SALT NIC,SVLT 30ML 30MG,SALT NIC,0.00000000,NONE,NONE,658515851077
SVRF SALT,SVRF SALT 30ML ALL FLAVORS,SALT NIC,0.00000000,NONE,NONE,724235301953
SWEET TEETH,SWEET TEETH 60ML,10,0.00000000,NONE,NONE,
T8,TF-T8 COIL,5,0.00000000,NONE,NONE,
T8G,TFV8 EXTENDER W/DRIP TIP,8,0.00000000,NONE,NONE,
TAILORED,TAILORED HOUSE 60ML,10,0.00000000,NONE,NONE,
TESTER,TRYING OUT ITEAMS,CLEARNCE,0.00000000,NONE,NONE,
TexasCBD,Texas Supply CO.,CBD,0.00000000,NONE,NONE,
TFV12PRINCEREPLACEME,TFV12 PRINCE DRIPTIP& GLASS,8,0.00000000,NONE,NONE,
toketech,TOKE TECH GLASS NECTOR COLLECT,1,0.00000000,NONE,NONE,
tortoise,SHIJIN 60ml,10,5.00000000,NONE,NONE,685349763405
TRINITY510DRIPTIP,TRINITY ALPKHA 510 DRIP TIP EA,8,0.00000000,NONE,NONE,
TSHIRT,ELEMENT SHIRT,8,0.00000000,NONE,NONE,
TUGLYFESALT30ML,TUGLYFE SALT 30ML,SALT NIC,0.00000000,NONE,NONE,
TWIST,TWIST DISPOSABLE VAPE PEN,ZIIPLAB,0.00000000,NONE,NONE,013415353845
TWIST SALT 30ML,TWIST SALT(30ML),SALT NIC,0.00000000,NONE,NONE,012436991265
TWISTELIQUID,LEMON/fruit/melon/cok/120ML,10,0.00000000,NONE,NONE,0012436990961
ULTRA,ULTRA 24K MECH KIT,2,0.00000000,NONE,NONE,24K
UPTOWN-TECH,JILI BOX,8,0.00000000,NONE,NONE,N19161000101
UR+H300MG,UR+H 300MG CBD,CBD,0.00000000,NONE,NONE,
UR+H500MG,UR+H 500MG CBD,CBD,0.00000000,NONE,NONE,
USB510CHARGER,USB 510 CHARGER,8,0.00000000,NONE,NONE,812363028214
V12G,Extender Glass for V12,8,0.00000000,NONE,NONE,
V2,EVOD PRO-V2,2,18.99000000,NONE,NONE,856840006456
V6,LUC V6 CHARGER,8,20.50000000,NONE,NONE,
VANDY VAPE,VANDY VAPE BONZA KIT,2,0.00000000,NONE,NONE,6970834007152
VAPETASIA 30ML SALT,VAPETASIA 30ML SALT,SALT NIC,0.00000000,NONE,NONE,545803048007
VAPORESSO,NEXUS,5,0.00000000,NONE,NONE,6943498600960
VAPOWIRE,24GA KENTHAL WIRE,5,0.00000000,NONE,NONE,
vgod60ml,VGOD 60ml Juice,10,0.41301688,NONE,NONE,002222060039
VOOPOO UFORCE,UFORCE D4,5,0.00000000,NONE,NONE,6970810460490
VOOPOO UFORCE GLASS,UFORCE GLASS,5,0.00000000,NONE,NONE,6970810460421
VTC5A,VTC,4,0.00000000,NONE,NONE,
VW,VAPOWIRE 30FT SPOOL,8,0.00000000,NONE,NONE,
WATERMELONLOONAIR,LOON AIR WATERMELON,ZIIPLAB,0.00000000,NONE,NONE,684753075456
WF MINI,WF MINI COILS,5,0.00000000,NONE,NONE,5060521397350
WHITE RABBIT,WHITE RABBIT,10,0.00000000,NONE,NONE,
WIDOW,KING MATE CHILLED CHEERIES EAC,CBD,0.00000000,NONE,NONE,
WISCONSIN,WISCONSIN DAIRY 45ML,10,0.00000000,NONE,NONE,855944006003
WISMEC,WISMEC TINKER COIL,5,0.00000000,NONE,NONE,6971732606195
WOW,WOW 2G CART ZKITTLES,CBD,0.00000000,NONE,NONE,
WP100258,GLASS BONG,1,0.00000000,NONE,NONE,
WPE-040,DRAGON PLTNM OCTOPUS BUBBLER,1,0.00000000,NONE,NONE,
WPE-042,DRAGON PLTNM GIRAFFE BONG,1,0.00000000,NONE,NONE,
WPH-421,DRAGON PLTNM CREATURE PIPE,1,0.00000000,NONE,NONE,
X002Z7R5S7,FUZION WB200 DIGITAL SCALE,TOBACCO,0.00000000,NONE,NONE,
X002ZSJXRR,HRBZO USB C CHARGER,8,0.00000000,NONE,NONE,
XBG,X-BABY GLASS,8,0.00000000,NONE,NONE,
YOCAN EVOLVE,EVOLVE PLUS LIMITED EDTION,2,0.00000000,NONE,NONE,
YOCANEVOLVE,YOCAN EVOLVE PLUS,2,0.00000000,NONE,NONE,
YSTAR,YSTAR WOLVERINE MESH RDA,6,0.00000000,NONE,NONE,
YSTAR LEVANTE RDA,LEVANTE RDA,6,0.00000000,NONE,NONE,
ZOM31,ZOM31 TRIIPI HIPPI 500MG COOKI,CBD,0.00000000,NONE,NONE,