ItemNum,ItemName,Dept_ID,Category_ID,Category_Name
0000000123,AVO CLASSIC NO 2,6,PRMCIGAR,PREMIUM CIGAR
000001,A.F. PRIVADA #1 NATURAL,6,PRMCIGAR,PREMIUM CIGAR
000003,GUAPOS 46 MADURO,6,PRMCIGAR,PREMIUM CIGAR
000009,AF BEST SELLER,6,PRMCIGAR,PREMIUM CIGAR
00001,TOBACCO,1,NONE,NONE
000010,MELANIO MADURO ROBUSTO,6,PRMCIGAR,PREMIUM CIGAR
000012,CIGRT PACK,2,CGRTPACK,CIGRT PACK
0000123,CIGRT CARTON,3,1,CIG CARTON
000012345,NOVELTY,5,NOVELTY,NOVELTY
0000123456789,COUPON,16,COUPON,COUPON
000012345678910,PREMIUM CIGAR,6,PRMCIGAR,PREMIUM CIGAR
00001234569,AVO NO 3,6,PRMCIGAR,PREMIUM CIGAR
000017,AIR FRESHNER,5,NOVELTY,NOVELTY
0001,CIGAR HOLDER,5,NOVELTY,NOVELTY
00010,MELANIO ROBUSTO V,6,PRMCIGAR,PREMIUM CIGAR
000105,OLIVIA MELANIO 6X60,6,PRMCIGAR,PREMIUM CIGAR
000106,MELANIO MADURO TORPEDO,6,PRMCIGAR,PREMIUM CIGAR
00011,MELANIO FIGURADO,6,PRMCIGAR,PREMIUM CIGAR
0002,CIGARETTE HOLDER,5,NOVELTY,NOVELTY
000210,FAMILY RESERVE NO 45 MADURO,6,PRMCIGAR,PREMIUM CIGAR
000221,MI DOMINICANA,6,PRMCIGAR,PREMIUM CIGAR
00023515,KING PALM SINGLES,1,NONE,NONE
0003,CIGAR HOLDER 2,5,NOVELTY,NOVELTY
000301,SERIES G CHURCHILL,6,PRMCIGAR,PREMIUM CIGAR
000306,STUMPY,5,NOVELTY,NOVELTY
000308,BAMBINO RDA,5,NOVELTY,NOVELTY
000309,DARK HORSE RDA,5,NOVELTY,NOVELTY
000310,KENEDY RDA,5,NOVELTY,NOVELTY
000311,BUDDHA RDA,5,NOVELTY,NOVELTY
000316,CONTINENTAL MOD,1,NONE,NONE
000318,MELANIO V TORPEDO,6,PRMCIGAR,PREMIUM CIGAR
000319,MELANIO NO.4,6,PRMCIGAR,PREMIUM CIGAR
0005,POKER CIGARETTE CASE,5,NOVELTY,NOVELTY
0006,CIGARETTE HOLDER,5,NOVELTY,NOVELTY
000610007000,STONEWALL NATURAL,1,NONE,NONE
000610504004,STONEWALL JAVA,1,NONE,NONE
0007,CIGARETTE HOLDER FLOWER,5,NOVELTY,NOVELTY
000701,ROTCHILD NATURAL,6,PRMCIGAR,PREMIUM CIGAR
0008,METAL CIGARETTE CASE,5,NOVELTY,NOVELTY
0009,STAINLESS STEEL FLASK,5,NOVELTY,NOVELTY
0010,ALUMINUM CIG BOX,5,NOVELTY,NOVELTY
001001,SIGNATURE RESERVA ESP,6,PRMCIGAR,PREMIUM CIGAR
001003,ROYAL SALUTE MADURO,6,PRMCIGAR,PREMIUM CIGAR
001004,AF SPANISH LONSDALE MAD.,6,PRMCIGAR,PREMIUM CIGAR
0010069684,CLASSIC ROBUSTO,6,PRMCIGAR,PREMIUM CIGAR
0010069707,CLASSIC PERFECTO,6,PRMCIGAR,PREMIUM CIGAR
0010072097,COROJO OSCURO ROBUSTO,6,PRMCIGAR,PREMIUM CIGAR
0010072905,HABANO ROBUSTO,6,PRMCIGAR,PREMIUM CIGAR
001030,ROYAL SALUTE NATURAL,6,PRMCIGAR,PREMIUM CIGAR
0011,LEATHER CIG HOLDER,5,NOVELTY,NOVELTY
001213,L.A.D.C.MIAMOR,6,PRMCIGAR,PREMIUM CIGAR
00121333,AF 8-5-8 NATURAL,6,PRMCIGAR,PREMIUM CIGAR
001214,AIR BENDER CHISEL MAUDORO,6,PRMCIGAR,PREMIUM CIGAR
0012345,CIGAR CRTN,4,CIGARCTN,CIGAR CRTN
001346,PREMIUM CIGARETTE,9,PRM CIGT,PREMIUM CIGRT
0013654,ROTHCHILD MADURO,6,PRMCIGAR,PREMIUM CIGAR
001411558,BIGBEN PIPE,5,NOVELTY,NOVELTY
001900,DON CARLOS BELICOSO,6,PRMCIGAR,PREMIUM CIGAR
001901,DON CARLOS PRESIDENTE,6,PRMCIGAR,PREMIUM CIGAR
00208,NO.2 NATURAL SERIE 1926,6,PRMCIGAR,PREMIUM CIGAR
00209,EXCLUSIVOS MADURO 1964,6,PRMCIGAR,PREMIUM CIGAR
002899,5" GLASS PIPE,5,NOVELTY,NOVELTY
003,HANDPIPE,5,NOVELTY,NOVELTY
004,LARGE ASHTRAY,5,NOVELTY,NOVELTY
004561,DIESEL CUTTER,5,NOVELTY,NOVELTY
005,5" THICK,5,NOVELTY,NOVELTY
006,DOUBLE BLOWN HANDPIPE,5,NOVELTY,NOVELTY
007,15ML HOUSE BLEND,NONE,NONE,NONE
008,30ML HOUSE BLEND,NONE,NONE,NONE
00814539014311,NUB CAFE - ESPRESSO,6,PRMCIGAR,PREMIUM CIGAR
00814539014335,NUB CAFE ESPRESSO,6,PRMCIGAR,PREMIUM CIGAR
00814539014359,NUB CAFE - CAPPUCCIN 4X38,6,PRMCIGAR,PREMIUM CIGAR
00814539014373,CAFE CAPPUCCINO 460,6,PRMCIGAR,PREMIUM CIGAR
00814539014397,NUB CAFE - MACCHIATO,6,PRMCIGAR,PREMIUM CIGAR
00814539014410,CAFE MACCHIATO 460,6,PRMCIGAR,PREMIUM CIGAR
008660000156,KING SIZE CONE ZIG-ZAG,1,NONE,NONE
008660000187,ZIG ZAG 6 PACK 1 1/4 CONES,1,NONE,NONE
008660007247,ZIGZAG PAPER BUNDLE,1,NONE,NONE
008660007292,ZIG ZAG UNLBEACHED KING SLIM,1,NONE,NONE
008660007322,ZIG ZAG ULTRA THIN 1.25,1,NONE,NONE
008660007384,ZIGZAG HEMP,1,NONE,NONE
008660007407,ZIG ZAG UNBLEACHED 1 1/4,1,NONE,NONE
008660007698,ZIG ZAG UNBLEACHED CONE 1/1/4,1,NONE,NONE
008660007766,unbleached 3pk cone,1,NONE,NONE
008660007827,ZIG-ZAG 1 1/4 LIGHTS,1,NONE,NONE
008660007988,ZIGZAG HEMP KING,1,NONE,NONE
008660008633,zig zag mini ultra one,1,NONE,NONE
008660008701,zig zag mini unbleach cone,1,NONE,NONE
010101,SIR LANCELNT MOD,5,NOVELTY,NOVELTY
010202200016,EMAMI DIAMOND HABANOTORO,6,PRMCIGAR,PREMIUM CIGAR
010202200023,EMAMI CYRUS,6,PRMCIGAR,PREMIUM CIGAR
010202200030,EMAMI DELICIOSO,6,PRMCIGAR,PREMIUM CIGAR
010202200047,EMAMI POMPEII,6,PRMCIGAR,PREMIUM CIGAR
010202200054,EMAMI PETRA,6,PRMCIGAR,PREMIUM CIGAR
011000000006,montego red bx,2,CGRTPACK,CIGRT PACK
011000000013,montego blue bx,2,CGRTPACK,CIGRT PACK
011000000020,montego red 100 bx,2,CGRTPACK,CIGRT PACK
011000000037,montego blue 100 bx,2,CGRTPACK,CIGRT PACK
011000000044,montego orange 100 bx,2,CGRTPACK,CIGRT PACK
011000000051,montego menthol gold bx,2,CGRTPACK,CIGRT PACK
011000000075,montego menthol silver bx,2,CGRTPACK,CIGRT PACK
011000000617,montego menthol gold 100 bx,2,CGRTPACK,CIGRT PACK
011000000631,montego menthol silver 100 bx,2,CGRTPACK,CIGRT PACK
011000010005,montego red KING,3,1,CIG CARTON
011000010012,montego blue bx,3,1,CIG CARTON
011000010029,montego red 100,3,1,CIG CARTON
011000010036,montego blue 100,3,1,CIG CARTON
011000010043,montego orange 100,3,1,CIG CARTON
011000010050,montego menthol gold bx,3,1,CIG CARTON
011000010067,montego menthol silver bx,3,1,CIG CARTON
011000010609,montego menthol silver 100,3,1,CIG CARTON
011000010616,montego menthol gold 100,3,1,CIG CARTON
011000106425,GRAND PRIX ORANGE 100BX CTN,3,1,CIG CARTON
011000126096,EVE AMETHYST - PURPLE CTN,3,1,CIG CARTON
011000126133,EVE SAPPHIRE CTN - BLUE,3,1,CIG CARTON
011000126157,EVE MEN TURQUOISE - LT GREEN,3,1,CIG CARTON
011000282082,EAGLE 20S BLUE KING,3,1,CIG CARTON
011000283089,EAGLE 20S RED KING,3,1,CIG CARTON
011000285083,EAGLE M.SILVER KING,3,1,CIG CARTON
011000286080,EAGLE M.GOLD KING,3,1,CIG CARTON
011000287087,EAGLE 20S BLUE 100,3,1,CIG CARTON
011000288084,EAGLE 20S RED 100,3,1,CIG CARTON
011000290100,EAGLE 20S ORANGE KING,3,1,CIG CARTON
011000291107,EAGLE 20S ORANGE 100,3,1,CIG CARTON
011000293101,EAGLE M.GOLD 100,3,1,CIG CARTON
011000294108,EAGLE M.SILVER 100,3,1,CIG CARTON
011000532088,EAGLE NON FILTER,3,1,CIG CARTON
011000551768,LIGGETT NF BX CTN,3,1,CIG CARTON
011000551928,LIGGETT GOLD 100BX CTN,3,1,CIG CARTON
012045,SUPER FLY TORO MAD,6,PRMCIGAR,PREMIUM CIGAR
01215,AGING ROOM.H,6,PRMCIGAR,PREMIUM CIGAR
01216,MAYORGA CRYSTAL,6,PRMCIGAR,PREMIUM CIGAR
012300101134,CAMEL NON FILTER CTN,3,1,CIG CARTON
012300103138,CAMEL FILTERS BX CTN,3,1,CIG CARTON
012300105729,CAMEL CRUSH .25C OFF,CIGPROMO,NONE,NONE
012300105750,CAMEL CRUSH MENTHOL .25C OFF,CIGPROMO,NONE,NONE
012300105781,CAMEL CRUSH M.SILVER .25C OFF,CIGPROMO,NONE,NONE
012300107136,CAMEL BLUE BX CTN,3,1,CIG CARTON
012300107891,CAMEL FILTER 99 .25 COFF,CIGPROMO,NONE,NONE
012300107921,CAMEL BLUE 99 .25 COFF,CIGPROMO,NONE,NONE
012300108072,Camel filters 25 cents off,CIGPROMO,NONE,NONE
012300108102,CAMEL BLUE .25C OFF,CIGPROMO,NONE,NONE
012300108744,CAMEL CRUSH RICH,2,CGRTPACK,CIGRT PACK
012300108751,CAMEL CRUSH RICH,3,1,CIG CARTON
012300112130,WINSTON RED BX CTN,3,1,CIG CARTON
012300119139,WINSTON GOLD BX CTN,3,1,CIG CARTON
012300119801,CAMEL CRUSH SMOOTH,2,CGRTPACK,CIGRT PACK
012300119818,CAMEL CRUSH SMOOTH,3,1,CIG CARTON
012300119832,CAMEL CRUSH SMOOTH .50C OFF,CIGPROMO,NONE,NONE
012300119894,CAMEL CRUSH SMOOTH SILVER,2,CGRTPACK,CIGRT PACK
012300119900,CAMEL  CRUSH SMOOTH SILVER,3,1,CIG CARTON
012300122139,SALEM MENT FF 100BX CTN,3,1,CIG CARTON
012300125130,SALEM GOLD 100BX CTN,3,1,CIG CARTON
012300126137,SALEM SLIM 100BX CTN,3,1,CIG CARTON
012300128131,SALEM SILVER BX CTN 85/100,3,1,CIG CARTON
012300154130,KAMEL RED ORIGINAL CTN,3,1,CIG CARTON
012300159135,WINSTON GOLD 100 BOX,3,1,CIG CARTON
012300177139,KAMEL RED SMOOTH BX CTN,3,1,CIG CARTON
012300192132,NOW MENTHOL 100 CTN,3,1,CIG CARTON
012300193139,CAMEL CRUSH MENTHOL BX CTN,3,1,CIG CARTON
012300194136,CAMEL CRUSH MENTHOL SILVER CTN,3,1,CIG CARTON
012300197403,CAMEL CRUSH BX CTN,3,1,CIG CARTON
012300197410,CAMEL CRUSH BX,2,CGRTPACK,CIGRT PACK
012300200592,CAMEL FILTER 99 BX,2,CGRTPACK,CIGRT PACK
012300200608,CAMEL 99 BLUE BX,2,CGRTPACK,CIGRT PACK
012300215138,CAMEL PLATINUM BX CTN,3,1,CIG CARTON
012300220828,DORAL GOLD 100BX,2,CGRTPACK,CIGRT PACK
012300259132,CAMEL FF 99''s BX CTN,3,1,CIG CARTON
012300260138,CAMEL BLUE 99''s BX CTN,3,1,CIG CARTON
012300265706,CAMEL TURKISH GOLD BX,2,CGRTPACK,CIGRT PACK
012300265713,CAMEL TURKISH GOLD BX CTN,3,1,CIG CARTON
012300266550,WINSTON RED 100 BX,2,CGRTPACK,CIGRT PACK
012300266567,WINSTON RED 100 BX CTN,3,1,CIG CARTON
012300302890,CAMEL TURKISH ROYAL CTN,3,1,CIG CARTON
012300327909,CAMEL TURKISH SILVER BX PK,2,CGRTPACK,CIGRT PACK
012300327916,CAMEL TURKISH SILVER BX CTN,3,1,CIG CARTON
012300340786,CAMEL WIDE MENTHOL BX,2,CGRTPACK,CIGRT PACK
012300340793,CAMEL WIDE MENTHOL CTN,3,1,CIG CARTON
012300356916,CAMEL NO 9 PINK BX,2,CGRTPACK,CIGRT PACK
012300356923,CAMEL NO 9 BOX CTN,3,1,CIG CARTON
012300703130,WINSTON WHITE BX CTN,3,1,CIG CARTON
012300703994,WINSTON WHITE BX,2,CGRTPACK,CIGRT PACK
012300704137,WINSTON WHITE 100 BOX,3,1,CIG CARTON
012300704991,WINSTON WHITE 100BX,2,CGRTPACK,CIGRT PACK
012300707138,CAMEL WIDE FILTER BX CTN,3,1,CIG CARTON
012300707992,CAMEL WIDES BX,2,CGRTPACK,CIGRT PACK
012300708135,CAMEL WIDE BLUE BX CTN,3,1,CIG CARTON
012300708999,CAMEL WIDES BLUE BX,2,CGRTPACK,CIGRT PACK
012300843911,CAMEL ROYAL TURKISH BLEND,2,CGRTPACK,CIGRT PACK
012300843928,CAMEL ROYAL TURKISH BLEND,3,1,CIG CARTON
012300844000,CAMEL GOLD TURKISH BLEND,2,CGRTPACK,CIGRT PACK
012300844017,CAMEL GOLD TURKISH BLEND,3,1,CIG CARTON
012300844178,CAMEL SILVER TURKISH BLEND,2,CGRTPACK,CIGRT PACK
012300844185,CAMEL SILVER TURKISH BLEND,3,1,CIG CARTON
012300844277,CAMEL JADE TURKISH,2,CGRTPACK,CIGRT PACK
012300844284,CAMEL TURKISH JADE,3,1,CIG CARTON
012300844352,CAMEL JADE SILVER TURKISH,2,CGRTPACK,CIGRT PACK
012300844369,CAMEL JADE SILVER TURKISH,3,1,CIG CARTON
012300911597,CAMEL GOLD KING,2,CGRTPACK,CIGRT PACK
012300911603,CAMEL GOLD99 KING,3,1,CIG CARTON
012300911627,Camel Gold 99,2,CGRTPACK,CIGRT PACK
012300911634,CAMEL GOLD99 100,3,1,CIG CARTON
012300911658,CAMEL GOLD 99 .50C OFF,CIGPROMO,NONE,NONE
012300911719,CAMEL GOLD99 KING .50C OFF,CIGPROMO,NONE,NONE
012900,LP UNICO FERAL FLYING PIG,6,PRMCIGAR,PREMIUM CIGAR
0129002,LP NO 9 TORO,6,PRMCIGAR,PREMIUM CIGAR
0129027,LP FLYING NO 9 FLYING PIG,6,PRMCIGAR,PREMIUM CIGAR
013415786445,STALLONE NEGRO MAD PERFECTO,6,PRMCIGAR,PREMIUM CIGAR
016165001127,BROWN SUGAR paper,1,NONE,NONE
016165003633,JUICY SUPER WRAP,5,NOVELTY,NOVELTY
016165004012,SUPERSLIM FILTER TIPS,1,NONE,NONE
016165005422,JUICY SUPER WRAP,5,NOVELTY,NOVELTY
016165150023,RAW ROLLER,5,NOVELTY,NOVELTY
016165170014,ELEMENTS KINGSIZE PAPERS,1,NONE,NONE
016165170847,JANES ROLLING PAPERS,5,NOVELTY,NOVELTY
018505122042,CHAMP DETOX - ORANGE MANGO,5,NOVELTY,NOVELTY
018505124589,SMOKIN CLEAN SOFT,5,NOVELTY,NOVELTY
018505124602,SMOKIN CLEAN BRISTLE,5,NOVELTY,NOVELTY
018505129515,MINI CORN COBB PIPES,5,NOVELTY,NOVELTY
018505141128,BLINK TORCH LIGHTER,5,NOVELTY,NOVELTY
018505900961,MINI WOOD PIPE,5,NOVELTY,NOVELTY
01H99,LIGA PRIVADA H99 SUPER SCHO,6,PRMCIGAR,PREMIUM CIGAR
020400050382,MISTY BLUE 120BX CTN,3,1,CIG CARTON
020400052683,MISTY MEN SILVER 100 CTN,3,1,CIG CARTON
020400053581,MISTY MENTHOL 120 CTN,3,1,CIG CARTON
021196032071,PIPE CLEANERS,5,NOVELTY,NOVELTY
021196032088,REAM N KLEAN BRISTLES,5,NOVELTY,NOVELTY
0217,AGING ROOM,6,PRMCIGAR,PREMIUM CIGAR
0219,AGING ROOM,6,PRMCIGAR,PREMIUM CIGAR
022099551003,FUMARI WHITE GUMMI BEAR 100GM,HOOKAH,NONE,NONE
022099551096,FUMARI MOJITO MOJO 100GM,HOOKAH,NONE,NONE
022099552529,FUMARI WHITE PEACH 100GM,HOOKAH,NONE,NONE
022099552567,FUMARI TROPICAL PUNCH 100GM,HOOKAH,NONE,NONE
022099552574,FUMARI ALOHA MANGO 100GM,HOOKAH,NONE,NONE
022099552673,FUMARI ORANGE CREAM 100GM,HOOKAH,NONE,NONE
022099552741,FUMARI MANDARIN ZEST 100GM,HOOKAH,NONE,NONE
022592007014,OZARKA WATER 16oz,10,NONE,NONE
022592431147,OZARKA 23.7 OZ,10,NONE,NONE
024606999339,LA GRAN LLAVE MADURO ROBUSTO,6,PRMCIGAR,PREMIUM CIGAR
025000058073,MINUTE MAID LEMONADE 12oz CAN,10,NONE,NONE
025000058080,MINUTE MAID FRUIT PUNCH,10,NONE,NONE
025000131363,MM AGUAS FRESCA STRAW,10,NONE,NONE
025000131387,MM AFGUAS FRESCAS MANGO,10,NONE,NONE
025900001698,BLK TIP CHERRY SWISHER 2PK,1,NONE,NONE
025900001810,SWISHER SMOOTH 2/$1.69,1,NONE,NONE
025900075149,ACID CIGARILLO RED,1,NONE,NONE
025900075156,ACID CIGARILLO BLUE,1,NONE,NONE
025900075163,ACID CIGARILLO GREEN,1,NONE,NONE
025900100902,BLK SINGLE CHERRY WT,1,NONE,NONE
025900100957,SWISHER BLK WT SMOOTH .79 C,1,NONE,NONE
025900129224,swisher sweets blk smooth,1,NONE,NONE
025900175160,SWISHER E CIG - REGULAR SMOOTH,5,NOVELTY,NOVELTY
025900175177,SWISHER E CIG - MENTHOL,5,NOVELTY,NOVELTY
025900200879,SWISHER POM POM 3/99C,1,NONE,NONE
025900202804,SWISHER SWEETS LITTLE CIG B1G1,1,NONE,NONE
025900203207,Swisher Sweets LIL CIG CHERRY,1,NONE,NONE
025900203337,BLACK STONE VAN B1G1,1,NONE,NONE
025900203436,BLC STONE B1G1 CHERRY,1,NONE,NONE
025900203641,BANANA DAIQUIRI,1,NONE,NONE
025900203788,SWISHER CHOCOLATE 2/99c,1,NONE,NONE
025900203863,Swisher Sweet Twin Cigar,1,NONE,NONE
025900204204,SWISHER/SW BLACK 2/99c CIGARIL,1,NONE,NONE
025900204242,SWISHER SWEETS - PEACH 2/99c,1,NONE,NONE
025900204259,SWISHER SWEET STRAWBERRY 2/99c,1,NONE,NONE
025900204303,Swisher Sweets Peach 2pk,1,NONE,NONE
025900205348,SWISHER sweets BLUEBERRY B1G1,1,NONE,NONE
025900205362,SWISHER DIAMONDS 2/99c,1,NONE,NONE
025900205591,SWISHER FILTER,1,NONE,NONE
025900206048,SWISHER SWEETS B1G1 MINI PK,1,NONE,NONE
025900206086,Swisher Sweets B1G1 STRAWBERRY,1,NONE,NONE
025900206482,WHITE GRAPE MINI B1G1,1,NONE,NONE
025900206789,BLUEBERRY MINI B1G1 CIGARILLO,1,NONE,NONE
025900207472,SWISHER BLUBERRY 2 CIGAR,1,NONE,NONE
025900207502,SWISHER SWEET GREEN 2 FOR .99,1,NONE,NONE
025900208943,POMPOM 3PK,1,NONE,NONE
025900209278,TWISTED BERRY 2/99C,1,NONE,NONE
025900209728,SWISHER SWEET SILVER SAVE ON 2,1,NONE,NONE
025900209735,SWISHER SILVER 2/99C,1,NONE,NONE
025900209834,SWISHER SWEETS PEACH L/CIGARS,1,NONE,NONE
025900220518,SWISHER MINI 3 PK,1,NONE,NONE
025900220525,SWISHER MINI DIAMOND 3 /$1.29,1,NONE,NONE
025900220532,MINI SWISHERS 3 FOR 1.29,1,NONE,NONE
025900220662,BOOZY WATERMELON,1,NONE,NONE
025900220686,Mini Grape Swisher,1,NONE,NONE
025900220693,ISLAND BASH MINI 3 for 1.29,1,NONE,NONE
025900220778,SWISHER SWEETS MINI,1,NONE,NONE
025900220792,SWISHER MINI DIAMONDS B2G3,1,NONE,NONE
025900220808,SWISHER MINI SW B2G3 CIGARILLO,1,NONE,NONE
025900220815,SWISHER MINI GRAPE B2G3,1,NONE,NONE
025900220860,SWISHER MINI BLUEBERRY B2G3,1,NONE,NONE
025900220907,SWISHER MINI B2G3,1,NONE,NONE
025900220914,SWISHER MINI B2G3,1,NONE,NONE
025900220921,SWISHER MINI B2G3,1,NONE,NONE
025900221089,LEGEND NATURAL LEAF 2PK,1,NONE,NONE
025900221119,LEGEND MAUI MANGO 2PK,1,NONE,NONE
025900221126,Swisher Legend Original,1,NONE,NONE
025900221133,Swisher Legend Diamonds $1.49,1,NONE,NONE
025900221157,Swisher Legend Maui Mango,1,NONE,NONE
025900221171,Swisher legend Irish Cream,1,NONE,NONE
025900225209,SWISHER SWEET CIGAR,1,NONE,NONE
025900225216,SS LC,1,NONE,NONE
025900225223,SWISHER,1,NONE,NONE
025900225452,cookies n cream 2pk,1,NONE,NONE
025900225711,SWISHER SW BLK CHERRY 2/99c,1,NONE,NONE
025900225728,SWISHER SW BLK CHERRY 2/99c,1,NONE,NONE
025900225773,BLK GRAPE 2/79C,1,NONE,NONE
025900225780,BLK BERRY 2/79C,1,NONE,NONE
025900225797,BLK WINE 2/79c,1,NONE,NONE
025900225919,swisher pompom,1,NONE,NONE
025900225926,SWISHER POM POM SLOW GLOW,1,NONE,NONE
025900225988,SWISHER CHERRY DYNAMITE 2/99c,1,NONE,NONE
025900226534,ARCTIC ICE,1,NONE,NONE
025900226749,SWISHER SW REG B1G1 PK,1,NONE,NONE
025900226763,SWISHER ARCTIC ICE B1G1,1,NONE,NONE
025900226817,BOOZY MANGO 2/99C,1,NONE,NONE
025900226824,BANANA SMASH,1,NONE,NONE
025900226831,COASTAL COCKTAIL 2/99C,1,NONE,NONE
025900226848,SWISHER SWEETS,1,NONE,NONE
025900226855,SWISHER SWERVE,1,NONE,NONE
025900226862,SWISHER SWEETS SWEET CREAM,1,NONE,NONE
025900226886,TROPICAL ICE,1,NONE,NONE
025900226893,Lemon Ice,1,NONE,NONE
025900227265,SWISHER SW REGULAR 2/99c CIGAR,1,NONE,NONE
025900227272,SWISHER GRAPE 2/99c CIGARILLOS,1,NONE,NONE
025900227289,SWISHER W-GRAPE 2/99c,1,NONE,NONE
025900227296,SWISHER BLUEBERRY 2/99c,1,NONE,NONE
025900227319,SWISHER/SW TROPICAL FUSION,1,NONE,NONE
025900227333,SS SWEET 2F$1.19,1,NONE,NONE
025900227340,SWISHER GRAPE 2 FOR 1.19,1,NONE,NONE
025900227357,SWISHER BLUEBERRY 2/$1.19,1,NONE,NONE
025900227395,SWISHER GREEN SWEETS 2/99c,1,NONE,NONE
025900227401,SWISHER SW BLK CHERRY 2/99c,1,NONE,NONE
025900227418,SWISHER BLK SMOOTH 2/99c,5,NOVELTY,NOVELTY
025900227456,SWISHER 2 FOR 99c,1,NONE,NONE
025900227630,SWISHER SWEETS STICKY,1,NONE,NONE
025900227678,BLK WINE,1,NONE,NONE
025900227715,SWISHER SWEET SWERVE,1,NONE,NONE
025900228453,SWISHER BLUBERRY 60 CT,1,NONE,NONE
025900229085,SWISHER SWEETS WHITE GRAPE 2PK,1,NONE,NONE
025900229832,Swisher Sweets Diamond 2pk,1,NONE,NONE
025900229863,Swisher Sweets Tropical Fusion,1,NONE,NONE
025900229887,swisher sweet cream 2/$1.19,1,NONE,NONE
025900229894,Swisher Sweets Honey Banana,1,NONE,NONE
025900229924,Swisher Sweets PassFruit 2pk,1,NONE,NONE
025900230012,SWISHER SW BLAZING FIRE 2/99c,1,NONE,NONE
025900230036,ARCTIC ICE 2FOR .99,1,NONE,NONE
025900231729,swisher sweets blk cherry,1,NONE,NONE
025900235253,SWISHER DULCE DE LECHE,1,NONE,NONE
025900235284,SWISHER CALYPSO CREAM 2/99c,1,NONE,NONE
025900235468,BLK GRAPE 2/99c,1,NONE,NONE
025900235482,BLK BERRY 2/1.29,1,NONE,NONE
025900235772,BLK CREAM,1,NONE,NONE
025900235802,SWISHER BLK WT CHERRY 5PK,1,NONE,NONE
025900235819,SWISHER BLK WT SMOOTH 5PK,1,NONE,NONE
025900236052,SWISHER BLK WT CHERRY .89C,1,NONE,NONE
025900236502,BLK SMOOTH 2/$1.49,1,NONE,NONE
025900236519,BLK Cherry 2 pk,1,NONE,NONE
025900236526,BLK GRAPE 2FOR $1.29,1,NONE,NONE
025900236540,SWISHER BLK WINE 2PK,1,NONE,NONE
025900236557,BLK COCA 2/$1.29,1,NONE,NONE
025900236762,BLK COCOA,1,NONE,NONE
025900236885,swisher blk cherry,1,NONE,NONE
025900236892,BLK GRAPE,1,NONE,NONE
025900236908,BLK BERRY,1,NONE,NONE
025900236915,BLK WINE PIPE TIP 2PK,1,NONE,NONE
025900237660,SWISHER/SW MAUI PINEAPPLE,1,NONE,NONE
025900239275,Swishersweet mango lemo 2/99c,1,NONE,NONE
025900239619,LEAF DARK LEAF,1,NONE,NONE
025900240042,SWISHER SWEET 4/$1.69,1,NONE,NONE
025900240134,SWISER PURPLE 2/99C,1,NONE,NONE
025900240141,PURPLE SWISH 22 FOR 1.29,1,NONE,NONE
025900243036,Optimo Green,1,NONE,NONE
025900243050,Optimo Silver,1,NONE,NONE
025900243074,Optimo Blue,1,NONE,NONE
025900243098,Optimo Mango,1,NONE,NONE
025900243104,Optimo Grape,1,NONE,NONE
025900243524,SWISHER SUMMER DAZE 2 FOR 1.19,1,NONE,NONE
025900244163,OPTIMO CREAM,1,NONE,NONE
025900245924,SWISHER MANGO,1,NONE,NONE
025900247003,SWISHER SWEET 5 FOR 3 PK,1,NONE,NONE
025900247010,SWISHER SWEETS GRAPE,1,NONE,NONE
025900247027,SS 5F3 PEACH,1,NONE,NONE
025900247034,SS 5F3 STRAWBERRY,1,NONE,NONE
025900247041,SWISHER SWEETS WHITE GRAPE 5/3,1,NONE,NONE
025900247065,SS 5F3 CHOCOLATE,1,NONE,NONE
025900247072,SWISHER SW BLUEBERRY,1,NONE,NONE
025900247133,SWISHER SUMMER TWIST 2/99c,1,NONE,NONE
025900247140,SWISHER PLASTICTIP,1,NONE,NONE
025900247157,SWISHER WOODTIP,1,NONE,NONE
025900247164,SWISHER SWEETS PERFECTO,1,NONE,NONE
025900247171,S.W. SLIMS,1,NONE,NONE
025900247188,SWISHER SWEET BLUNT,1,NONE,NONE
025900247218,SWISHER SWEETS GIANTS,1,NONE,NONE
025900252717,SWISHER SWEETS LITTLE CIGARS,1,NONE,NONE
025900253202,SWISHER TWIN PK CHERRY,4,CIGARCTN,CIGAR CRTN
025900253349,SWISHER 2/139 WILD RUSH,1,NONE,NONE
025900253387,SWISHER 2/99c WILD RUSH,1,NONE,NONE
025900254506,SS BLUNT B1G1 PEACH,1,NONE,NONE
025900254704,SS BLUNT B1G1 STRAW,1,NONE,NONE
025900255657,Swisher Sweets Mango Blaze 2pk,1,NONE,NONE
025900259006,LEAF ORIGINAL 3 PACK CIGAR,1,NONE,NONE
025900259013,LEAF HONEY 3 PACK CIGAR,1,NONE,NONE
025900259020,LEAF SWEET AROMATIC 3 PACK CIG,1,NONE,NONE
025900259044,LEAF PEACH BRANDY CIGARS,1,NONE,NONE
025900259051,LEAF IRISH CREAM CIGARS,1,NONE,NONE
025900259136,LEAF DARK AROMATIC,1,NONE,NONE
025900259204,SWISHER SWEET LEAF ORG,1,NONE,NONE
025900259303,Swisher Leaf Original $1.79,1,NONE,NONE
025900259327,swisher aeromatic leaf $1.79,1,NONE,NONE
025900259501,LEAF ORIGINAL,1,NONE,NONE
025900259518,LEAF HONEY,1,NONE,NONE
025900259525,LEAF AROMATIC,1,NONE,NONE
025900259532,LEAF COGNAC,1,NONE,NONE
025900259549,LEAF PEACH BRANDY,1,NONE,NONE
025900259556,LEAF IRISH CREAM,1,NONE,NONE
025900259563,LEAF DARK STOUT,1,NONE,NONE
025900259624,SWISHER LEAF HONEY $2.19,1,NONE,NONE
025900259631,swisher cognac $2.19,1,NONE,NONE
025900261108,OPTIMO SWET 2/69C,1,NONE,NONE
025900261122,OPTIMO DIAMOND,1,NONE,NONE
025900261139,OPTIMO BLUE,1,NONE,NONE
025900261153,OPTIMO CREAM,1,NONE,NONE
025900270049,SWISHER SWEET 4FOR $1.79,1,NONE,NONE
025900270094,SWISHER SWEET DMOND 4PCK $1.79,1,NONE,NONE
025900279172,SWISHER LEAF IRISH CREAM,1,NONE,NONE
025900279189,SWISHER LEAF SMOOTH,1,NONE,NONE
025900279196,SWISHER LEAF DARK,1,NONE,NONE
025900279318,SWISHER SWEETS GOLD 2 PKG,1,NONE,NONE
025900281410,crownz platinum nat leaf,1,NONE,NONE
025900281427,crownz cream,1,NONE,NONE
025900281441,crownz berry,1,NONE,NONE
025900282714,SWISHER SW L-CIGAR FF CTN,4,CIGARCTN,CIGAR CRTN
025900282745,SWISHER SWEETS LITTLE CIGARS,4,CIGARCTN,CIGAR CRTN
025900282806,SWISHER SWEETS LITTLE CIGARS M,4,CIGARCTN,CIGAR CRTN
025900282813,SWISHER MILD L-CIGAR CTN,4,CIGARCTN,CIGAR CRTN
025900283209,S. SWT CHERY,1,NONE,NONE
025900283278,SWISHER SWEET CHERRY,4,CIGARCTN,CIGAR CRTN
025900284435,crownz emerald,1,NONE,NONE
025900285937,SWISHER SW L-CIGAR GRAPE CTN,4,CIGARCTN,CIGAR CRTN
025900286125,SWISHER MINI B1G1 GRAPE PK,1,NONE,NONE
025900287337,SS $1.19 FOIL PK BOX,1,NONE,NONE
025900289911,SWISHER SW L-CIGAR STRAWBERRY,4,CIGARCTN,CIGAR CRTN
025900297466,BLK GRAPE BOX OF 15,1,NONE,NONE
025900297480,BLK BERRY 15cts BX,1,NONE,NONE
025900305871,POM POM OPERAS GRAPE,18,SCIGAR,SINGLE CIGAR
025900325725,BLK CHERRY 15cts BX,1,NONE,NONE
025900379155,SWISHER LEAF ORIGINAL,1,NONE,NONE
025900379162,SWISHER LEAF PEACH BRANDY,1,NONE,NONE
025900400002,CLASICO # 01 - 20cts CIGAR BUN,6,PRMCIGAR,PREMIUM CIGAR
025900400705,CLASSICO NUMBER II,6,PRMCIGAR,PREMIUM CIGAR
025900401009,CLASICO III CIGAR BUNDLE 20cts,6,PRMCIGAR,PREMIUM CIGAR
025900401504,CLASICO IV CIGAR BUNDLE 20cts,6,PRMCIGAR,PREMIUM CIGAR
025900405502,SANTA FE FF PK,1,NONE,NONE
025900405519,SANTA FE MILD PK,1,NONE,NONE
025900405557,SANTA FE MEN MILD PK,1,NONE,NONE
025900405564,SANTA FE MENTHOL PK,1,NONE,NONE
025900407988,OPTIMO SWEETS CIGARILLOS,1,NONE,NONE
025900407995,OPTIMO BLACK CIGARILLOS,1,NONE,NONE
025900408176,OPTIMO PEACH CIGARILLOS,1,NONE,NONE
025900442538,SWISHER DIAMONDS,1,NONE,NONE
025900445522,SWISHER SWEETS CLASSIC 2PKG,1,NONE,NONE
025900445546,SWISHER GRAPE,1,NONE,NONE
025900445553,SWISHER GREEN,1,NONE,NONE
025900445560,SWISHER BLUBERY 2/$1.39,1,NONE,NONE
025900445584,Swisher Sweet Cream 2pk,1,NONE,NONE
025900445591,swisher sweet Strawberry 2pk,1,NONE,NONE
025900491000,SANTA FE FF CTN,4,CIGARCTN,CIGAR CRTN
025900491109,SANTA FE MILD CTN,4,CIGARCTN,CIGAR CRTN
025900491604,SANTA FE MENTHOL CTN,4,CIGARCTN,CIGAR CRTN
026100005172,KENT GOLDEN KINGS CTN,3,1,CIG CARTON
026100016239,NEWPORT PLATINUM BLUE 100,3,1,CIG CARTON
026100016406,NEWPORT PLATINUM KING,2,CGRTPACK,CIGRT PACK
026100016598,NEWPORT MENTHOL 100 .25C OFF,CIGPROMO,NONE,NONE
026100016628,NEWPORT MENTHOLKING .25C OFF,CIGPROMO,NONE,NONE
026100016659,NEWPORT BOOST GOLD,2,CGRTPACK,CIGRT PACK
026100016666,NEWPORT BOOST GOLD,3,1,CIG CARTON
026100016710,NEWPORT BOOST GOLD $1.00 OFF,CIGPROMO,NONE,NONE
026100016741,NEWPORT BOOST,2,CGRTPACK,CIGRT PACK
026100016758,NEWPORT BOOST,3,1,CIG CARTON
026100016802,NEWPORT BOOST $1OFF,CIGPROMO,NONE,NONE
026100801279,MAVERICK MENTHOL 100BX CTN,3,1,CIG CARTON
026100801538,MAVERICK RED 100BX CTN,3,1,CIG CARTON
026100801552,MAVERICK GOLD 100BX CTN,3,1,CIG CARTON
026100805734,NEWPORT MENTHOL 100BX CTN,3,1,CIG CARTON
026100805758,NEWPORT MENTHOL BX CTN,3,1,CIG CARTON
026100805765,NEWPORT MENT GOLD BX CTN,3,1,CIG CARTON
026100805789,NEWPORT KINGS SOFT CTN,3,1,CIG CARTON
026100806564,NEWPORT RED BX CTN,3,1,CIG CARTON
026100806571,NEWPORT RED 100 BOX CTN,3,1,CIG CARTON
026100806601,NEWPORT GOLD BOX,3,1,CIG CARTON
026100806618,NEWPORT GOLD 100BX CTN,3,1,CIG CARTON
026100806687,NEWPORT SMOOTH SELECT 100 BX C,3,1,CIG CARTON
026100806700,NEWPORT SMOOTH SELECT BX CTN,3,1,CIG CARTON
026100808742,MAVERICK RED BX CTN,3,1,CIG CARTON
026100808841,MAVERICK GOLD BX CTN,3,1,CIG CARTON
027200005048,BUGLER BLUE CAN,1,NONE,NONE
027200011148,KOOL BLUE 100 BOX CTN,3,1,CIG CARTON
027200011186,KOOL FILTER GREEN BOX CTN,3,1,CIG CARTON
027200011193,KOOL GREEN 100BX CTN,3,1,CIG CARTON
027200018512,PALL MALL RED BX CTN,3,1,CIG CARTON
027200018543,PALL MALL BLUE BX CTN,3,1,CIG CARTON
027200018598,PALL MALL MENTHOL BX CTN,3,1,CIG CARTON
027200018628,PALL MALL BLUE 100BX CTN,3,1,CIG CARTON
027200018659,PALL MALL MENTHOL 100BX CTN,3,1,CIG CARTON
027200018673,PALL MALL RED 100 CTN,3,1,CIG CARTON
027200101696,BUGLER 78 mm CIG ROLLER,5,NOVELTY,NOVELTY
027200104055,BUGLER FILTER TUBES,1,NONE,NONE
027200104888,BUGLER PAPER BLUE 1.5",1,NONE,NONE
027200347247,PALL MALL BLK MENTHOL BX CTN,3,1,CIG CARTON
027200347254,PALL MALL MENTH BLK BX,2,CGRTPACK,CIGRT PACK
027200347278,PALL MALL MENTH BLK 100BX CTN,3,1,CIG CARTON
027200347285,PALL MALL MENTHOL BLACK 100BX,2,CGRTPACK,CIGRT PACK
027200347308,PALL MALL MENTH WHITE BX CTN,3,1,CIG CARTON
027200347315,PALL MALL WHITE MENTH BX,2,CGRTPACK,CIGRT PACK
027200347339,PALL MALL WHT MENTH 100BX CTN,3,1,CIG CARTON
027200347346,PALL MALL MENTH WHITE 100BX,2,CGRTPACK,CIGRT PACK
027200356843,DUNHILL INTERNATIONAL RED,9,PRM CIGT,PREMIUM CIGRT
027200366026,BUGLER BLUE POUCH,1,NONE,NONE
027200366033,BUGLER GOLD POUCH,1,NONE,NONE
027200366064,BUGLER MENTHOL POUCH,1,NONE,NONE
027200599240,DUNHILL FC WHITE BX,9,PRM CIGT,PREMIUM CIGRT
027200731459,PALL MALL ORANGE BX CTN,3,1,CIG CARTON
027200731527,PALL MALL ORANGE 100BX CTN,3,1,CIG CARTON
027200846627,PALL MALL MENTHOL SILVER KING,3,1,CIG CARTON
027200846696,PALL MALL MENTHOL SILVER 100,3,1,CIG CARTON
028200126405,MARLBORO BLEND 27''S BX CTN,3,1,CIG CARTON
028200130303,MARLBORO SMOOTH 100BX CTN,3,1,CIG CARTON
028200132307,MARLBORO SMOOTH BX CTN,3,1,CIG CARTON
028200135704,MARLBORO RED BX CTN,3,1,CIG CARTON
028200135803,MARLBORO RED KINGS SOFT CTN,3,1,CIG CARTON
028200136107,MARLBORO MENTHOL BX CTN,3,1,CIG CARTON
028200136305,MARLBORO RED 100 BX CTN,3,1,CIG CARTON
028200136404,MARLBORO MENTHOL 100BX CTN,3,1,CIG CARTON
028200136800,MARLBORO RED LABEL BX CTN,3,1,CIG CARTON
028200136909,MARLBORO RED LABEL 100 BX CTN,3,1,CIG CARTON
028200138408,MARLBORO GOLD BX CTN,3,1,CIG CARTON
028200138606,MARLBORO 72 SILVER BX CTN,3,1,CIG CARTON
028200140104,MARLBORO MEN GOLD BX CTN,3,1,CIG CARTON
028200142207,MARLBORO SPBL GOLD KING,3,1,CIG CARTON
028200142306,MARLBORO SPBL GOLD 100BX CTN,3,1,CIG CARTON
028200142405,MARLBORO SOUTHERN CUT BX CTN,3,1,CIG CARTON
028200146502,MARLBORO GOLD 100 BX CTN,3,1,CIG CARTON
028200147103,MARLBORO MEN GOLD 100BX CTN,3,1,CIG CARTON
028200147707,MARLBORO SILVER BX CTN,3,1,CIG CARTON
028200147806,MARLBORO SILVER 100BX CTN,3,1,CIG CARTON
028200148100,MARLBORO MEN SILVER BX CTN,3,1,CIG CARTON
028200148506,MARLBORO MEN SILVER 100BX CTN,3,1,CIG CARTON
028200156501,MARLBORO SPBL RED KING,3,1,CIG CARTON
028200156808,MARLBORO SPBL BLN RED 100BX,3,1,CIG CARTON
028200161307,MARLBORO MIDNIGHT CTN,3,1,CIG CARTON
028200173904,VIRGINIA SLM MEN GLD 120BX CTN,3,1,CIG CARTON
028200174321,MARLBORO BLACK $1OFF,CIGPROMO,NONE,NONE
028200174338,MARLBORO BLACK MENTHOL $1OFF,CIGPROMO,NONE,NONE
028200174406,VIRGINIA SLIM MEN SILVER 100BX,3,1,CIG CARTON
028200174673,MARLBORO BLACK 100 $1 OFF,CIGPROMO,NONE,NONE
028200174680,MARLBORO MENTH BLK 100 $1OFF,CIGPROMO,NONE,NONE
028200174765,MARLBORO BLACK 50c OFF,CIGPROMO,NONE,NONE
028200174772,MARLBORO BLACK 100 50c OFF,CIGPROMO,NONE,NONE
028200174789,MARLBORO MEN BLK king,CIGPROMO,NONE,NONE
028200174796,MARLBORO BLK MENTH 100 50c OFF,CIGPROMO,NONE,NONE
028200174819,MARLBORO SPECIAL SELECT,CIGPROMO,NONE,NONE
028200174826,MARLBORO SPECIAL SELECT 100,CIGPROMO,NONE,NONE
028200174888,MARLBORO SPBL RED KING,CIGPROMO,NONE,NONE
028200174895,MARLBORO SPL BLN RED 100BX,CIGPROMO,NONE,NONE
028200174963,MARLBORO SOUTHERNCUT,CIGPROMO,NONE,NONE
028200176967,MARLBORO EDGE .50 OFF,CIGPROMO,NONE,NONE
028200177803,VIRGINIA SLIM MEN SUPERSLIM CT,3,1,CIG CARTON
028200178183,MARLBORO MIDNIGHT 50c OFF,CIGPROMO,NONE,NONE
028200178213,MARLBORO BLEND27 KING,CIGPROMO,NONE,NONE
028200178220,MARLBORO BLEND27 100,CIGPROMO,NONE,NONE
028200178237,MARLBORO RED LABEL KING,CIGPROMO,NONE,NONE
028200178244,MARLBORO RED LABEL 100,CIGPROMO,NONE,NONE
028200178312,MARLBORO SMOOTH KING,CIGPROMO,NONE,NONE
028200178329,MARLBORO SMOOTH 100,CIGPROMO,NONE,NONE
028200178404,PARLIAMENT LT-WHITE BX CTN,3,1,CIG CARTON
028200178671,MARLBORO M.KING .50C OFF,CIGPROMO,NONE,NONE
028200179043,L&M RD BX .50c off,CIGPROMO,NONE,NONE
028200179050,L&M 100S .50C OFF,CIGPROMO,NONE,NONE
028200179067,L&M BLUE KING 50C OFF,CIGPROMO,NONE,NONE
028200179074,L&M BLUE100 50 CENT OFF,CIGPROMO,NONE,NONE
028200179081,L&M MENTHOL KING .50C OFF,CIGPROMO,NONE,NONE
028200179098,L&M MENTHOL100 .50C OFF,CIGPROMO,NONE,NONE
028200179104,PARLIAMENT LT-WHITE 100BX CTN,3,1,CIG CARTON
028200179166,MARLBORO RESEAL ICE .50C OFF,CIGPROMO,NONE,NONE
028200179203,PARLIAMENT FF BX CTN,3,1,CIG CARTON
028200179319,MARL BLACK GOLD KING $1OFF,CIGPROMO,NONE,NONE
028200179326,MARL BLACK GOLD 100 $1OFF,CIGPROMO,NONE,NONE
028200181503,PARLIAMENT SILVER BX CTN,3,1,CIG CARTON
028200193506,MARLBORO 72 BLK/MNTH 72,3,1,CIG CARTON
028200194800,MARLBORO BLEND 27''S 100BX CTN,3,1,CIG CARTON
028200194909,MARLBORO MENTHOL ICE BX CTN,3,1,CIG CARTON
028200195203,MARLBORO BLACK FF CTN,3,1,CIG CARTON
028200195302,MARLBORO BLACK 100 BX CTN,3,1,CIG CARTON
028200195401,MARLBORO BLACK MENTHOL CTN,3,1,CIG CARTON
028200196200,MARLBORO 72 GREEN BX CTN,3,1,CIG CARTON
028200196309,MARLBORO 72 RED BX CTN,3,1,CIG CARTON
028200196408,MARLBORO BLACK MENTHOL 100,3,1,CIG CARTON
028200196507,MARLBORO 72 GOLD BX CTN,3,1,CIG CARTON
028200198303,VIRGINIA SLIM MENTH SUPERSLIM,3,1,CIG CARTON
028200300928,MERIT GOLD BX PK,2,CGRTPACK,CIGRT PACK
028200304018,BASIC FF 100S BOX CTN,3,1,CIG CARTON
028200304025,BASIC FF 100S BOX PK,2,CGRTPACK,CIGRT PACK
028200304629,BASIC GOLD 100BX PK,2,CGRTPACK,CIGRT PACK
028200309815,L & M RED BOX CTN,3,1,CIG CARTON
028200309822,L & M RED BX,2,CGRTPACK,CIGRT PACK
028200309914,L & M RED 100 BX CTN,3,1,CIG CARTON
028200309921,L & M RED 100BX,2,CGRTPACK,CIGRT PACK
028200310019,L & M BLUE BX CTN,3,1,CIG CARTON
028200310026,L & M BLUE BX,2,CGRTPACK,CIGRT PACK
028200310217,L & M BLUE 100BX CTN,3,1,CIG CARTON
028200310224,L & M BLUE 100BX,2,CGRTPACK,CIGRT PACK
028200310316,L & M MENTHOL BX CTN,3,1,CIG CARTON
028200310323,L & M MENTHOL BX,2,CGRTPACK,CIGRT PACK
028200310415,L & M 100BX MENTHOL CTN,3,1,CIG CARTON
028200310422,L & M 100BX MENTHOL,2,CGRTPACK,CIGRT PACK
028200313911,L & M TURKISH  BOX CTN,3,1,CIG CARTON
028200313928,L & M TURKISH BX,2,CGRTPACK,CIGRT PACK
028200314017,L & M TURKISH 100 BOX,3,1,CIG CARTON
028200314024,L & M TURKISH 100BX,2,CGRTPACK,CIGRT PACK
028200317711,MARLBORO NXT BX CTN,3,1,CIG CARTON
028200317728,MARLBORO NXT BX,2,CGRTPACK,CIGRT PACK
028200318510,MARLBORO 83 RED BX CTN,3,1,CIG CARTON
028200318527,MARLBORO 83 BX PK,2,CGRTPACK,CIGRT PACK
028200319913,MARLBORO EDGE BX CTN,3,1,CIG CARTON
028200319920,MARLBORO EDGE PK,2,CGRTPACK,CIGRT PACK
028200324214,MARLBORO SLATE KING BX,3,1,CIG CARTON
028200324221,MARLBORO SLATE KING BX,2,CGRTPACK,CIGRT PACK
028200324313,MARLBORO SLATE 100 carton,3,1,CIG CARTON
028200324320,MARLBORO SLATE 100 BX,2,CGRTPACK,CIGRT PACK
028200330611,MARLBORO SMOOTH ICE,3,1,CIG CARTON
028200330628,MARLBORO SMOOTH ICE,2,CGRTPACK,CIGRT PACK
028200331328,MARLBORO BOLD ICE,2,CGRTPACK,CIGRT PACK
028200332417,MARLBORO GOLD LABEL KING,3,1,CIG CARTON
028200332424,MARLBORO GOLD LABEL KING,2,CGRTPACK,CIGRT PACK
028200332516,MARLBORO GOLD LABEL 100,3,1,CIG CARTON
028200332523,MARLBORO GOLD LABEL 100,2,CGRTPACK,CIGRT PACK
028200334817,MARLBORO black gold K,3,1,CIG CARTON
028200334916,MARLBORO black gold 100,3,1,CIG CARTON
028200336811,MARLBORO COWBOY CUT KING,3,1,CIG CARTON
028200336828,MARLBORO COWBOY CUT KING,2,CGRTPACK,CIGRT PACK
030,CREDIT CHARGE,16,COUPON,COUPON
030546181208,CAR LIGHTER,5,NOVELTY,NOVELTY
030546990206,BUTANE LIGHTER,5,NOVELTY,NOVELTY
030955734620,BULLET CUTTER,5,NOVELTY,NOVELTY
030955734651,CIGAR PUNCH,5,NOVELTY,NOVELTY
030955734705,CIGAR PUNCH KEYCHAIN,5,NOVELTY,NOVELTY
030955734712,CIGAR PUNCH,5,NOVELTY,NOVELTY
030955735245,CIGAR CUTTER GOLD,5,NOVELTY,NOVELTY
030955735412,CIGAR PUNCHER,5,NOVELTY,NOVELTY
030955738185,CIGAR POUCH,5,NOVELTY,NOVELTY
030955738345,cigar leather tubes,5,NOVELTY,NOVELTY
030955738369,CIGAR LEATHER TUBE,5,NOVELTY,NOVELTY
031700008256,G.VEGA CRYSTALS 100,1,NONE,NONE
031700044056,GARCIA-VEGA POP CRYSTALS,1,NONE,NONE
031700044377,WHITE OWL WHITE GRAPE 2/99c,1,NONE,NONE
031700044759,WHITE OWL GREEN SW 2/99c,1,NONE,NONE
031700044902,WHITEOWL SILVER 99C,1,NONE,NONE
031700048184,WHITE OWL 2/99c GRAPE,1,NONE,NONE
031700048214,WHITE OWL 2/99c - STRAWBERRY,1,NONE,NONE
031700048245,GARCIA VEGA B/2/G/3 GREEN,1,NONE,NONE
031700048559,WHITE OWL 2/99c - SWEET CIGRIL,1,NONE,NONE
031700049037,WHITE OWL 2/99c HONEY,1,NONE,NONE
031700049136,WHITEOWL PINEAPPLE CIGARILLOS,1,NONE,NONE
031700049228,WHITE GRAPE 2/99C,1,NONE,NONE
031700049235,GAME BLUE 2/99c,1,NONE,NONE
031700049242,GAME GREEN 2/99c,1,NONE,NONE
031700049389,RED SWEETS,1,NONE,NONE
031700049907,WHITE OWL MANGO CIGARILLOS,1,NONE,NONE
031700049976,GAME MANGO 2/99c,1,NONE,NONE
031700050057,WHITE OWL-BLACK CHERRY 2/99c,1,NONE,NONE
031700050125,GAME 2 FOR 99,1,NONE,NONE
031700050132,WHITE OWL WATERMELON,1,NONE,NONE
031700050156,GAME LEAF SWEET AROMATIC 2/99c,1,NONE,NONE
031700050170,GAME LEAF WILD BERRY 2/99c,1,NONE,NONE
031700050194,CLASSIC NIGHT OWL 2/99c,1,NONE,NONE
031700050200,NIGHT OWL WINE 2/99c,1,NONE,NONE
031700050217,NIGHT OWL TROPICAL 2/99c,1,NONE,NONE
031700050224,NIGHT OWL BLK CHERRY 2/99c,1,NONE,NONE
031700050385,WHITE OWL VERY BERRY 2/99c,1,NONE,NONE
031700050408,WHITE OWL TROPICAL TWIST,1,NONE,NONE
031700050453,GAME LEAF BLACK CHERRY 2/99c,1,NONE,NONE
031700054215,WHITE OWL WHITE PEACH,1,NONE,NONE
031700054383,STRAWBERY KIWI 2/99C,1,NONE,NONE
031700054406,BLUE RASPBERRY,1,NONE,NONE
031700054512,PLATINUM,1,NONE,NONE
031700054529,EMERALD,1,NONE,NONE
031700055113,GARCIA VEGA 2FOR 1.29,1,NONE,NONE
031700055120,GARCIA VEGA 2 FOR 1.29,1,NONE,NONE
031700055137,GARCIA VEGA 2 FOR 1.29,1,NONE,NONE
031700055151,Game Leaf Sweet $1.29,1,NONE,NONE
031700055168,GAME LEAF WILD BERRY 2/1.29$,1,NONE,NONE
031700055366,WHITE OWL 2 FOR.99,1,NONE,NONE
031700055441,NATURAL DIAMOND 2/99C,1,NONE,NONE
031700055731,WHITE RUSSIAN 2/1.29$,1,NONE,NONE
031700055786,SPIKED LEMONADE 2/99c,1,NONE,NONE
031700055823,WHITEOWL SANGRIA 99C,1,NONE,NONE
031700055885,white owl mini sweet,1,NONE,NONE
031700055908,white owl mini blue ras,1,NONE,NONE
031700055915,white owl mini white grape,1,NONE,NONE
031700056219,WHITE OWL WHITE RUSSIAN,1,NONE,NONE
031700056387,GAME WHITE RUSSIAN,1,NONE,NONE
031700056400,white owl mini silver,1,NONE,NONE
031700056622,WO DUO BERRIES AND CREAM,1,NONE,NONE
031700056776,MANGO/PINEAPPLE WO DUOS,1,NONE,NONE
031700057179,WHITE CHOC WO 2 FOR .99,1,NONE,NONE
031700057353,WHITE OWL DUOS COCO RUM,1,NONE,NONE
031700057681,WO DUOS STRAW LEMON 2/.99C,1,NONE,NONE
031700057834,White Owl Cigars 2pk,1,NONE,NONE
031700057865,WHITE OWN GREENSWEET 2/$1.19,1,NONE,NONE
031700057919,White Owl Grape 2pk,1,NONE,NONE
031700058008,White owl Chocolate & Vanilla,1,NONE,NONE
031700058046,GAME WHITE GRAPE 2/$1.29,1,NONE,NONE
031700058060,GAME GREEN 2/$1.29,1,NONE,NONE
031700058503,SWIRL TRIPLE GRAPE 2/$1.29,1,NONE,NONE
031700058756,Game Leaf Dark 5 pk,1,NONE,NONE
031700059067,GAME ICED DONUTS 2/$1.29,1,NONE,NONE
031700059068,GAME ICED DONUTS 2/$1.29,1,NONE,NONE
033300042029,HEMPIRE PAPER,1,NONE,NONE
033300042098,HEMPIRE FREEDOM PACK 1/4,1,NONE,NONE
033300044023,HEMPIRE BLUBLUBERY BLAZE,1,NONE,NONE
033300170517,BOWIE 1.99 LOOS LEAF,CHEW CAN,NONE,NONE
033300230259,KAYAK LC WG 14.4 OZ TUB,7,CHEWLOG,LOG CHEW
033300230266,KAYAK LC ST 14.4 OZ TUB,7,CHEWLOG,LOG CHEW
033300614134,KAYAK STRAIGHT LC LOG,7,CHEWLOG,LOG CHEW
033300616688,KAYAK GRAPE UPRIGHT,7,CHEWLOG,LOG CHEW
033300616763,KAYAK PEACH UPRIGHT,7,CHEWLOG,LOG CHEW
033300616770,KAYAK LC APPLE UPRIGHT,7,CHEWLOG,LOG CHEW
033300616886,KAYAK LC MINT UPRIGHT,7,CHEWLOG,LOG CHEW
033300616916,KAYAK FC NATURAL,7,CHEWLOG,LOG CHEW
033300616923,KAYAK FINE CUT W/GREEN LOG,7,CHEWLOG,LOG CHEW
033300616930,KAYAK LC WINTERGREEN,7,CHEWLOG,LOG CHEW
033300666409,KAYAK LC WINTERGREEN UPRIGHT,7,CHEWLOG,LOG CHEW
033300666416,KAYAK LC STRAIGHT UPRIGHT,7,CHEWLOG,LOG CHEW
036663956248,FUMARI BANANA CUSTARD 100GM,HOOKAH,NONE,NONE
037900220191,RONSON 6cts FLINTS,5,NOVELTY,NOVELTY
037900435151,RONSON JETLITE,5,NOVELTY,NOVELTY
037900990612,RONSONOL ZIPPO LIGHTER FLUID,5,NOVELTY,NOVELTY
037900990629,RONSONOL ZIPPO LIGHTER FLUID,5,NOVELTY,NOVELTY
037900990636,RONSONOL ZIPPO LIGHTER FLUID,5,NOVELTY,NOVELTY
038993742782,TEXAS HOLD''EM LIGHTER,5,NOVELTY,NOVELTY
040000424314,SNICKERS BAR - SMALL,10,NONE,NONE
04004,LOST CITY PIRAMIDE,6,PRMCIGAR,PREMIUM CIGAR
04005,LOST CITY TORO,6,PRMCIGAR,PREMIUM CIGAR
04006,LOST CITY DOUBLE ROBUSTO,6,PRMCIGAR,PREMIUM CIGAR
041508800082,S.PELLEGRINO,10,NONE,NONE
041689045081,ZIPPO,5,NOVELTY,NOVELTY
041689099909,ZIPPO,5,NOVELTY,NOVELTY
041689100032,ZIPPO ZP200,5,NOVELTY,NOVELTY
041689100506,SOLID BRASS ZIPPO,5,NOVELTY,NOVELTY
041689101008,ZIPPO,5,NOVELTY,NOVELTY
041689102050,ZIPPO,5,NOVELTY,NOVELTY
041689102074,ZIPPO,5,NOVELTY,NOVELTY
041689102142,ZIPPO LIGHTER,5,NOVELTY,NOVELTY
041689102296,BLUE ZIPPO,5,NOVELTY,NOVELTY
041689102395,NAVY BLUE MATTE ZIPPO,5,NOVELTY,NOVELTY
041689102609,ZIPPO,5,NOVELTY,NOVELTY
041689102708,BLACK ZIPPO ZP218,5,NOVELTY,NOVELTY
041689102791,ORANGE ZIPPO,5,NOVELTY,NOVELTY
041689102807,CREAM ZIPPO,5,NOVELTY,NOVELTY
041689103033,ZIPPO,5,NOVELTY,NOVELTY
041689104054,ZIPPO,5,NOVELTY,NOVELTY
041689104450,ZIPPO SPECTRUM,5,NOVELTY,NOVELTY
041689105006,ZIPPO REG EMB MARINE,5,NOVELTY,NOVELTY
041689105105,US COAST GUARD GOLD EMBLEM,5,NOVELTY,NOVELTY
041689105501,COAST GUARD,5,NOVELTY,NOVELTY
041689105709,US AIR FORCE EMBLEM,5,NOVELTY,NOVELTY
041689105808,US ARMY ZIPPO,5,NOVELTY,NOVELTY
041689106003,ZIPPO ZP250,5,NOVELTY,NOVELTY
041689106805,BLACK ZIPPO ZP236,5,NOVELTY,NOVELTY
041689107604,SOLID BRASS ZIPPO,5,NOVELTY,NOVELTY
041689107802,BRASS,5,NOVELTY,NOVELTY
041689107901,HIGH POLISH BRASS,5,NOVELTY,NOVELTY
041689108403,ZIPPO,5,NOVELTY,NOVELTY
041689108502,ULTRALITE BLACK,5,NOVELTY,NOVELTY
041689110338,VINTAGE ZIPPO,5,NOVELTY,NOVELTY
041689110550,ZIPPO,5,NOVELTY,NOVELTY
041689110567,ZIPPO ARMOR HEAVY,5,NOVELTY,NOVELTY
041689112202,ZIPPO VINTAGE CHROME,5,NOVELTY,NOVELTY
041689112226,ZIPPO VINTAGE LOOK,5,NOVELTY,NOVELTY
041689112608,ZIPPO CHROM,5,NOVELTY,NOVELTY
041689112653,ZIPPO SPORTS SOCCER,5,NOVELTY,NOVELTY
041689112806,HIGH POLISH BRASS,5,NOVELTY,NOVELTY
041689113384,ZIPPO,5,NOVELTY,NOVELTY
041689113445,ZIPPO NAVY BLUE MATTE LOGO,5,NOVELTY,NOVELTY
041689118006,ZIPPO PIPE LIGHTER,5,NOVELTY,NOVELTY
041689118235,BOB MARLEY,5,NOVELTY,NOVELTY
041689120498,ZIPPO,5,NOVELTY,NOVELTY
041689125394,US MARINES ZIPPO,5,NOVELTY,NOVELTY
041689130015,CHROME ZIPPO,5,NOVELTY,NOVELTY
041689130084,ZIPPO,5,NOVELTY,NOVELTY
041689130657,SATIN FINISH ZIPPO SLIM,5,NOVELTY,NOVELTY
041689131203,ZIPPO LIGHTER,5,NOVELTY,NOVELTY
041689132521,HARLEY DAVIDSON ZIPPO,5,NOVELTY,NOVELTY
041689140038,ZIPPO BUTANE,5,NOVELTY,NOVELTY
041689141998,ZIPPO HARLEY DAVIDSON LOGO,5,NOVELTY,NOVELTY
041689142520,ZIPPO HARLEY DVDSN LOGO,5,NOVELTY,NOVELTY
041689152673,ZIPPO VINTAGE LOOK,5,NOVELTY,NOVELTY
041689156459,ZP205PL ZIPPO LIGHTER,5,NOVELTY,NOVELTY
041689158194,ZIPPO DESIGN,5,NOVELTY,NOVELTY
041689160708,ZIPPO SMALL,5,NOVELTY,NOVELTY
041689169282,ZIPPO LIGHTER,5,NOVELTY,NOVELTY
041689169299,ZIPPO LIGHTER,5,NOVELTY,NOVELTY
041689170202,ZIPPO LIGHTER POUCH,5,NOVELTY,NOVELTY
041689170400,ZIPPO POUCH FOR LIGHTER,5,NOVELTY,NOVELTY
041689176112,ZIPPO,5,NOVELTY,NOVELTY
041689188122,ZIPPO SPORTS BASKETBALL,5,NOVELTY,NOVELTY
041689188191,ZIPPO CHROME,5,NOVELTY,NOVELTY
041689190033,ZIPPO LASERED,5,NOVELTY,NOVELTY
041689191085,ZIPPO,5,NOVELTY,NOVELTY
041689192037,ZIPPO,5,NOVELTY,NOVELTY
041689200657,ZIPPO FLINTS EACH,5,NOVELTY,NOVELTY
041689207113,HARLEY DAVIDSON,5,NOVELTY,NOVELTY
041689208318,PINK PLAYBOY ZIPPO,5,NOVELTY,NOVELTY
041689208363,ZIPPO LIGHTER,5,NOVELTY,NOVELTY
041689208547,ZIPPO,5,NOVELTY,NOVELTY
041689208950,ZIPPO,5,NOVELTY,NOVELTY
041689240110,LUCKY ACE,5,NOVELTY,NOVELTY
041689240257,HARLEY DAVISON ZIPPO,5,NOVELTY,NOVELTY
041689240721,CAMO ZIPPO,5,NOVELTY,NOVELTY
041689244460,ZIPPO,5,NOVELTY,NOVELTY
041689244484,ZIPPO,5,NOVELTY,NOVELTY
041689245221,ZIPPO LIGHTER,5,NOVELTY,NOVELTY
041689245252,ZIPPO,5,NOVELTY,NOVELTY
041689245313,ZIPPO,5,NOVELTY,NOVELTY
041689245795,ZIPPO,5,NOVELTY,NOVELTY
041689246075,ZIPPO,5,NOVELTY,NOVELTY
041689246112,ZIPPO,5,NOVELTY,NOVELTY
041689246143,ZIPPO,5,NOVELTY,NOVELTY
041689246150,ZIPPO,5,NOVELTY,NOVELTY
041689246280,ZIPPO,5,NOVELTY,NOVELTY
041689246303,ZIPPO,5,NOVELTY,NOVELTY
041689246471,ZIPPO,5,NOVELTY,NOVELTY
041689246488,ZIPPO,5,NOVELTY,NOVELTY
041689246938,ZIPPO,5,NOVELTY,NOVELTY
041689246945,ZIPPO,5,NOVELTY,NOVELTY
041689247164,ZIPPO,5,NOVELTY,NOVELTY
041689247270,ZIPPO,5,NOVELTY,NOVELTY
041689247324,ZIPPO,5,NOVELTY,NOVELTY
041689247560,ZIPPO,5,NOVELTY,NOVELTY
041689247799,ZIPPO ZP24779,5,NOVELTY,NOVELTY
041689247973,ZIPPO,5,NOVELTY,NOVELTY
041689248949,ZIPPO,5,NOVELTY,NOVELTY
041689249304,ZIPPO,5,NOVELTY,NOVELTY
041689249311,ZIPPO,5,NOVELTY,NOVELTY
041689249328,ZIPPO,5,NOVELTY,NOVELTY
041689249335,ZIPPO,5,NOVELTY,NOVELTY
041689249342,ZIPPO,5,NOVELTY,NOVELTY
041689249359,ZIPPO,5,NOVELTY,NOVELTY
041689249373,ZIPPO,5,NOVELTY,NOVELTY
041689249380,ZIPPO,5,NOVELTY,NOVELTY
041689249403,ZIPPO,5,NOVELTY,NOVELTY
041689249465,ZIPPO,5,NOVELTY,NOVELTY
041689249946,ZIPPO,5,NOVELTY,NOVELTY
041689280062,ZIPPO,5,NOVELTY,NOVELTY
041689280420,ZIPPO ZP 28042 LIGHTER,5,NOVELTY,NOVELTY
041689280437,ZIPPO,5,NOVELTY,NOVELTY
041689280604,ZIPPO,5,NOVELTY,NOVELTY
041689280659,ZIPPO,5,NOVELTY,NOVELTY
041689280796,zippo,5,NOVELTY,NOVELTY
041689281298,Zippo lighter,5,NOVELTY,NOVELTY
041689281823,ZIPPO,5,NOVELTY,NOVELTY
041689281915,ZIPPO LIGHTER,5,NOVELTY,NOVELTY
041689282042,ZIPPO,5,NOVELTY,NOVELTY
041689282509,ZIPPO,5,NOVELTY,NOVELTY
041689282516,ZIPPO,5,NOVELTY,NOVELTY
041689282615,ZIPPO,5,NOVELTY,NOVELTY
041689282691,PLAYBOY ZIPPO,5,NOVELTY,NOVELTY
041689282738,ZIPPO LIGHTER R,5,NOVELTY,NOVELTY
041689282790,ZIPPO,5,NOVELTY,NOVELTY
041689282851,ZIPPO,5,NOVELTY,NOVELTY
041689282868,ZIPPO,5,NOVELTY,NOVELTY
041689282936,ZIPPO,5,NOVELTY,NOVELTY
041689282943,ZIPPO,5,NOVELTY,NOVELTY
041689283049,ZIPPO,5,NOVELTY,NOVELTY
041689283094,ZIPPO,5,NOVELTY,NOVELTY
041689283131,ZIPPO,5,NOVELTY,NOVELTY
041689283582,ZIPPO,5,NOVELTY,NOVELTY
041689284220,ZIPPO LIGHTER,5,NOVELTY,NOVELTY
041689284428,ZIPPO,5,NOVELTY,NOVELTY
041689284435,ZIPPO,5,NOVELTY,NOVELTY
041689284664,ZIPPO,5,NOVELTY,NOVELTY
041689284886,BOB MARLEY ZIPPO,5,NOVELTY,NOVELTY
041689284916,ZIPPO,5,NOVELTY,NOVELTY
041689286217,ZIPPO,5,NOVELTY,NOVELTY
041689286309,ZIPPO,5,NOVELTY,NOVELTY
041689286316,ZIPPO,5,NOVELTY,NOVELTY
041689286477,WINE ZIPPO,5,NOVELTY,NOVELTY
041689286514,ZIPPO,5,NOVELTY,NOVELTY
041689286552,ZIPPO,5,NOVELTY,NOVELTY
041689286637,ZIPPO,5,NOVELTY,NOVELTY
041689286644,ZIPPO LIGHTER,5,NOVELTY,NOVELTY
041689286767,ZIPPO,5,NOVELTY,NOVELTY
041689286798,ZIPPO,5,NOVELTY,NOVELTY
041689288112,FLAME ZIPPO,5,NOVELTY,NOVELTY
041689288235,HARLEY DAVIDSON,5,NOVELTY,NOVELTY
041689288464,ZIPPO LIGHTER,5,NOVELTY,NOVELTY
041689288730,POW MIA ZIPPO,5,NOVELTY,NOVELTY
041689288815,DUCK DYNASTY ZIPPO,5,NOVELTY,NOVELTY
041689288860,HOT PINK ZIPPO,5,NOVELTY,NOVELTY
041689300494,ZIPPO LIGHTER FLUID SMALL,5,NOVELTY,NOVELTY
041689301224,ZIPPO LIGHTER FUEL TALL CAN,5,NOVELTY,NOVELTY
041689359126,ZIPPO,5,NOVELTY,NOVELTY
041689359287,ZIPPO,5,NOVELTY,NOVELTY
041689359300,ZPK637 ZIPPO LIGHTER,5,NOVELTY,NOVELTY
041689359331,ZIPPO,5,NOVELTY,NOVELTY
041689359355,ZPK644 ZIPPO LIGHTER,5,NOVELTY,NOVELTY
041689359393,ZPK649 ZIPPO LIGHTER,5,NOVELTY,NOVELTY
041689359409,ZIPPO LIGHTER,5,NOVELTY,NOVELTY
041689359423,ZPK629 ZIPPO LIGHTER,5,NOVELTY,NOVELTY
041689396725,ZIPPO LIGHTER,5,NOVELTY,NOVELTY
041689410254,ZIPPO,5,NOVELTY,NOVELTY
041689410742,ZIPPO,5,NOVELTY,NOVELTY
041689418663,ZIPPO LIGHTER,5,NOVELTY,NOVELTY
041689425524,ZP250 NAVY ZIPPO LIGHTER,5,NOVELTY,NOVELTY
041689433499,ZP204B,5,NOVELTY,NOVELTY
041689443481,ZPK734 ZIPPO LIGHTER,5,NOVELTY,NOVELTY
041689451318,ZPK733 ZIPPO LIGHTER,5,NOVELTY,NOVELTY
041689455279,ZIPPO,5,NOVELTY,NOVELTY
041689462482,ROYALS WS CHAMPIONS ZIPPO,5,NOVELTY,NOVELTY
041689499655,ZIPPO LIGHTER,5,NOVELTY,NOVELTY
041689560010,ZIPPO WICKS,5,NOVELTY,NOVELTY
041689675103,ZIPPO,5,NOVELTY,NOVELTY
041689675202,ZIPPO,5,NOVELTY,NOVELTY
041689675363,ZIPPO,5,NOVELTY,NOVELTY
041689724658,ZIPPO,5,NOVELTY,NOVELTY
041689724702,NFL ZIPPO,5,NOVELTY,NOVELTY
041689757571,ZIPPO KNIFE,5,NOVELTY,NOVELTY
041689800444,ZIPPO,5,NOVELTY,NOVELTY
041985453627,HAND ROLLED LEAF,1,NONE,NONE
042100010473,GRIZZLY WIDE CUT W/GREEN CAN,CHEW CAN,NONE,NONE
042100010480,GRIZZLY WIDECUT W/GREEN LOG,7,CHEWLOG,LOG CHEW
042100010893,GRIZZLY LC WG CAN,CANPROMO,NONE,NONE
042100011227,GRIZZLY DARK WG LC,CHEW CAN,NONE,NONE
042100011234,GRIZZLY DARK WG LC LOG,7,CHEWLOG,LOG CHEW
042100011258,GRIZZLY DARK WG LC POUCHES,CHEW CAN,NONE,NONE
042100011265,GRIZZLY DARK WG POUCH LOG,7,CHEWLOG,LOG CHEW
042100011289,GRIZZLY WG POUCHES 50c OFF,CANPROMO,NONE,NONE
042100011319,GRIZZLY DARK MINT LC,CHEW CAN,NONE,NONE
042100011326,GRIZZLY DARK MINT LC LOG,7,CHEWLOG,LOG CHEW
042100011579,GRIZZLY DARK WG LC,CANPROMO,NONE,NONE
042100011609,GRIZZLY WG POUCHES,CANPROMO,NONE,NONE
042100012200,GRIZZLY LC  DARK SELECT,CHEW CAN,NONE,NONE
042100014945,GRIZZLY DARK SELECT LC,CANPROMO,NONE,NONE
042100016826,GRIZZLY PREMIUM LC WG,CANPROMO,NONE,NONE
042100023985,GRIZZLY LC MINT .50C OFF,CANPROMO,NONE,NONE
042100024845,KODIAK LC NATURAL,CHEW CAN,NONE,NONE
042100024852,KODIAK LC NATURAL,7,CHEWLOG,LOG CHEW
042100024876,KODIAK SNUFF,CHEW CAN,NONE,NONE
042100024883,KODIAK SNUFF,7,CHEWLOG,LOG CHEW
042100024906,KODIAK FC,CHEW CAN,NONE,NONE
042100024913,KODIAK FC,7,CHEWLOG,LOG CHEW
042100024937,KODIAK EXTRA LC,CHEW CAN,NONE,NONE
042100024944,KODIAK EXTRA LC,7,CHEWLOG,LOG CHEW
043300045180,LUCKY STRIKE NON FILTER,3,1,CIG CARTON
043300051082,MISTY BLUE 100BX CTN,3,1,CIG CARTON
043300065188,PALL MALL NON FILTER SOFT CTN,3,1,CIG CARTON
043300075385,TAREYTON SOFT FF 100 CTN,3,1,CIG CARTON
043300108991,LUCKY STRIKE GOLD KINGS,2,CGRTPACK,CIGRT PACK
043300109004,LUCKY STRIKE GOLD KING CTN,3,1,CIG CARTON
043300109059,LUCKY STRIKE GOLD BX $1/OFF,CIGPROMO,NONE,NONE
043300109080,LUCKY STRIKE GOLD 100,2,CGRTPACK,CIGRT PACK
043300109097,LUCKY STRIKE GOLD 100 CTN,3,1,CIG CARTON
043300109110,LUCKY STRIKE GOLD 100 50C OFF,CIGPROMO,NONE,NONE
043300109141,LUCKY STRIKE GOLD 100 $1/OFF,CIGPROMO,NONE,NONE
043300109172,LUCKY STRIKE RED KING,2,CGRTPACK,CIGRT PACK
043300109189,LUCKY STRIKE RED KING CTN,3,1,CIG CARTON
043300109233,LUCKY STRIKE FF KING BX $1/OFF,CIGPROMO,NONE,NONE
043300109264,LUCKY STRIKE RED 100,2,CGRTPACK,CIGRT PACK
043300109271,LUCKY STRIKE RED 100 CTN,3,1,CIG CARTON
043300109325,LUCKY STRIKE RED 100 $1/OFF,CIGPROMO,NONE,NONE
043300187149,LUCKY STRIKE MENTHOL KING,2,CGRTPACK,CIGRT PACK
043300187156,LUCKY STRIKE MENTHOL KING,3,1,CIG CARTON
043300187170,LUCKY STRIKE MENTHOL 100,2,CGRTPACK,CIGRT PACK
043300187187,LUCKY STRIKE MENTHOL 100,3,1,CIG CARTON
043300187323,LUCKY STRIKE M.SILVER,2,CGRTPACK,CIGRT PACK
043300187330,LUCKY STRIKE M.SIL KING,3,1,CIG CARTON
043300187354,lucky strike m.silver 100,2,CGRTPACK,CIGRT PACK
043300187361,LUCKY STIKE M.SILVER 100,2,CGRTPACK,CIGRT PACK
043300211226,LUCKY STRIKE RED KING $1.50 OF,CIGPROMO,NONE,NONE
046139377149,TREETOP D8 RAINBOW 150MG GUMMY,5,NOVELTY,NOVELTY
047995000806,AMERICAN SPIRIT ORIGINAL,1,NONE,NONE
047995000820,AMERICAN SPIRIT ORGANIC,1,NONE,NONE
047995000837,AMERICAN SPIRIT US GROWN,1,NONE,NONE
047995000844,AMERICAN SPIRIT PERIQUE POUCH,1,NONE,NONE
047995100100,AMERICAN SPIRIT ORIGINAL TIN,1,NONE,NONE
047995100131,AMERICAN SPIRIT US GROWN CAN,1,NONE,NONE
047995200015,AMERICAN SPIRIT NON FILTER BX,3,1,CIG CARTON
047995200022,AMERICAN SPIRIT NONFILTER BX,2,CGRTPACK,CIGRT PACK
047995200299,AMERICAN SPIRIT HUNTER,2,CGRTPACK,CIGRT PACK
047995200305,AMERICAN SPIRIT HUNTER,3,1,CIG CARTON
047995200404,AMERICAN SPIRIT SMOOTH SKY,2,CGRTPACK,CIGRT PACK
047995200411,AMERICAN SPIRIT SMOOTH SKY,3,1,CIG CARTON
047995200435,AMERICAN SPIRIT SKY $1 OFF,CIGPROMO,NONE,NONE
047995200640,AMERICAN SP SMOOTH GOLD $1 OFF,CIGPROMO,NONE,NONE
047995200732,AMERICAN SPIRIT FB RED $1 OFF,CIGPROMO,NONE,NONE
047995855055,AMERICAN SPIRIT GREEN,2,CGRTPACK,CIGRT PACK
047995855079,AMERICAN SPIRIT PERIQUE BX,2,CGRTPACK,CIGRT PACK
047995855086,AMERICAN SPIRIT FF BLUE BX,2,CGRTPACK,CIGRT PACK
047995855093,AMERICAN SPIRIT YELLOW BX,2,CGRTPACK,CIGRT PACK
047995855154,AMERICAN SPIRIT GREEN,3,1,CIG CARTON
047995855178,AMERICAN SPIRIT PERIQUE BX CTN,3,1,CIG CARTON
047995855185,AMERICAN SPIRIT FF BLUE CTN,3,1,CIG CARTON
047995855192,AMERICAN SPIRIT YELLOW BX CTN,3,1,CIG CARTON
047995855215,AMERICAN SPIRIT MEDIUM BX,2,CGRTPACK,CIGRT PACK
047995855222,AMERICAN SPIRIT MENTHOL BX,2,CGRTPACK,CIGRT PACK
047995855239,AMERICAN SPIRIT ORANGE BX,2,CGRTPACK,CIGRT PACK
047995855246,AMERICAN SPIRIT ORGANIC FF BX,2,CGRTPACK,CIGRT PACK
047995855253,AMERICAN SPIRIT ORGANIC LT BX,2,CGRTPACK,CIGRT PACK
047995855314,AMERICAN SPIRIT MEDIUM CTN,3,1,CIG CARTON
047995855321,AMERICAN SPIRIT MENTHOL BX CTN,3,1,CIG CARTON
047995855338,AMERICAN SPIRIT ORANGE CTN,3,1,CIG CARTON
047995855345,AMERICAN SPIRIT ORGANI FF CTN,3,1,CIG CARTON
047995855352,AMERICAN SPIRIT ORGANIC GOLD C,3,1,CIG CARTON
047995856014,AMERICAN SPIRIT GRAY BX,2,CGRTPACK,CIGRT PACK
047995856021,AMERICAN SPIRIT GRAY CTN,3,1,CIG CARTON
047995856038,AMERICAN SPIRIT US GROWN FF BX,2,CGRTPACK,CIGRT PACK
047995856045,AMERICAN SPIRIT US GROWN FF,3,1,CIG CARTON
047995856052,AMERICAN SPIRIT US GROW MELLOW,2,CGRTPACK,CIGRT PACK
047995856069,AMERICAN SPIRIT US GROWN MELLO,3,1,CIG CARTON
048568002012,MEDICO PIPE FILTER,1,NONE,NONE
049000002485,Fresca 12oz can,10,NONE,NONE
049000007251,MELLO YELLO,10,NONE,NONE
049000014235,FANTA 12oz CAN,10,NONE,NONE
049000014242,GRAPE FANTA 12OZ CAN,10,NONE,NONE
049000014266,FANTA STRAWBERRY 12oz CAN,10,NONE,NONE
049000014273,FANTA PINEAPPLE CAN,10,NONE,NONE
049000023411,COKE 24oz,10,NONE,NONE
049000023855,BARQ''S 12oz CAN,10,NONE,NONE
049000024685,COCA COLA 16.9oz BOTTLE,10,NONE,NONE
049000024692,COKE DIET 16.9oz BOTTLE,10,NONE,NONE
049000027624,DASANI 16.9 oz WATER,10,NONE,NONE
049000029901,PIBB XTRA 12oz CAN,10,NONE,NONE
049000031171,coca cola vanilla 20 oz bottle,10,NONE,NONE
049000036879,FULL THROTTLE CITRUS,10,NONE,NONE
049000042566,COKE ZERO 12oz CAN,10,NONE,NONE
049000045741,POWERADE FRUIT PUNCH,10,NONE,NONE
049000045758,POWERADE MT. BERRY BLAST,10,NONE,NONE
049000045796,POWERADE ORANGE,10,NONE,NONE
049000047271,FULL THROTTLE AGAVE,10,NONE,NONE
049000047561,COKE ZERO CHERRY,10,NONE,NONE
049000050103,COCA COLA 2L,10,NONE,NONE
049000050165,COCA COLA CHERRY 2L,10,NONE,NONE
049000051155,COKE 16OZ CAN,10,NONE,NONE
049000051179,CHERRY COKE 16OZ,10,NONE,NONE
049000054507,FULL THROTTLE BERRY,10,NONE,NONE
049000056143,POWERADE ZERO FRUIT PUNCH,10,NONE,NONE
049000060423,coca cola cherry 16oz can,10,NONE,NONE
049000067729,FANTA 12oz CAN,10,NONE,NONE
049000075144,FANTA 12 OZ CAN,10,NONE,NONE
049000078954,coke orange vanilla,10,NONE,NONE
049000081381,COKE ZERO ENERGY,10,NONE,NONE
049000081527,COKE ZERO ENERGY CHERRY,10,NONE,NONE
049000093261,CHERRY VANILLA COKE 12 oz CAN,10,NONE,NONE
049000093322,COKE CHERRY VANILLA  ZERO,10,NONE,NONE
049000531893,FRESCA BLCKBERRY CITRUS,10,NONE,NONE
049000531992,COKE VANILLA COFFEE,10,NONE,NONE
049000532036,COKE DARK BLEND COFFEE,10,NONE,NONE
049000542790,aha blackberry lemon,10,NONE,NONE
049000542851,aha pinapple passionfruit,10,NONE,NONE
049000555318,SPRITE CHILL 12 OZ CAN,10,NONE,NONE
049000557473,FANTA SPICED APPLE 12OZ CAN,10,NONE,NONE
049000558760,coke orange cream 12oz can,10,NONE,NONE
049000559064,SPRITE TROP MIX 12OZ CAN,10,NONE,NONE
049000561050,MR PIBB 12OZ CAN,10,NONE,NONE
050545025099,METROPOLITAN NO509,1,NONE,NONE
050545752018,TIMELESS NO2,6,PRMCIGAR,PREMIUM CIGAR
050545753060,NATS TIMELESS,6,PRMCIGAR,PREMIUM CIGAR
050545771019,TIMELESS 652T COLLECTION,6,PRMCIGAR,PREMIUM CIGAR
050545911057,NAT SHER METRO SELECT CONN,6,PRMCIGAR,PREMIUM CIGAR
050545915215,NATS RICH KING,2,CGRTPACK,CIGRT PACK
050545915222,NATS RICH KING,3,1,CIG CARTON
050545915246,NATS  MENTHOL,2,CGRTPACK,CIGRT PACK
050545915253,NATS MENTHOL,3,1,CIG CARTON
050545915277,NATS BLUE KING,2,CGRTPACK,CIGRT PACK
050545915284,NATS BLUE KING,3,1,CIG CARTON
050545915307,NATS RICH SMOOTH,2,CGRTPACK,CIGRT PACK
050545915314,NATS RICH SMOOTH,3,1,CIG CARTON
050629000035,HUMIDIFIERS,5,NOVELTY,NOVELTY
050629000042,ASHTREY,5,NOVELTY,NOVELTY
050629008239,ASHTREY,5,NOVELTY,NOVELTY
051497011628,blazy susan 1 1/4,1,NONE,NONE
051497036966,blazy susan 1/4/1 cone,1,NONE,NONE
051497212049,BLAZY SUSAN SHORTY 53MM,1,NONE,NONE
051497221706,blazy susan pink kingsize cone,1,NONE,NONE
051497221799,BLAZY SUSAN PURPLE A/4/1 SIZE,1,NONE,NONE
051497315542,BLAZY SUSAN PURPLE KINGSIZE,1,NONE,NONE
051497363338,BLAZY SUSAN CARBON FILTER 100C,1,NONE,NONE
052814601003,INSCENSE ASH CATCHER,5,NOVELTY,NOVELTY
052814601010,NEW WOOD INCENSE,5,NOVELTY,NOVELTY
054234713007,LONDRES NATURAL BOX,6,PRMCIGAR,PREMIUM CIGAR
056821211699,KING PALM 3 SLIM ROLLS,5,NOVELTY,NOVELTY
06,THREE KINGS SMALL CHARCOAL,5,NOVELTY,NOVELTY
06103,WELLER COHIBA HOLIDAY HUMIDOR,6,PRMCIGAR,PREMIUM CIGAR
065626860117,GLOW BUTANE TALL CAN,5,NOVELTY,NOVELTY
066619001326,PREMIER  FF KING SIZE TUBES,1,NONE,NONE
066619019161,PREMIER FF 100mm TUBES,1,NONE,NONE
066619019215,PREMIER LIGHT KING SIZE TUBES,1,NONE,NONE
066619023212,PREMIER LIGHT 100mm TUBES,1,NONE,NONE
066619100036,PREMIER MEN KINGS TUBES,1,NONE,NONE
066619100463,PREMIER 200 FILTER TIPS,1,NONE,NONE
066619100791,PREMIER MENTHOL 100mm TUBES,1,NONE,NONE
068274443114,NESTLE WATER,10,NONE,NONE
06921426600084,ICLEAR 30 ATOMIZER,5,NOVELTY,NOVELTY
07,3 KINGS LARGE CHARCOAL,5,NOVELTY,NOVELTY
070076001010,DR GRABOW PIPE FILTERS each,1,NONE,NONE
070076001089,DR GRABOW PIPE FILTER 3Pk SPEC,1,NONE,NONE
070076003151,ZIPPER POUCH,5,NOVELTY,NOVELTY
070076006053,DUKE,5,NOVELTY,NOVELTY
070076006060,GRAND DUKE PIPE,5,NOVELTY,NOVELTY
070076006084,ROYAL DUKE,5,NOVELTY,NOVELTY
070076006107,GOLDEN DUKE PIPE,5,NOVELTY,NOVELTY
070076006121,OMEGA PIPE,5,NOVELTY,NOVELTY
070076006138,LARK BENT,5,NOVELTY,NOVELTY
070076006145,RIVIERA,5,NOVELTY,NOVELTY
070076006152,DR GRABOW SAVOY PIPE,5,NOVELTY,NOVELTY
070076006268,FREEHAND PIPE,5,NOVELTY,NOVELTY
070076006756,ROYALTON STRAIGHT/BENT,5,NOVELTY,NOVELTY
070076006800,FULL BENT,5,NOVELTY,NOVELTY
070076006831,DR GRABOW RED WOOD STRAIGHT,5,NOVELTY,NOVELTY
070076006886,DR GRABOW CARDINAL PIPE,5,NOVELTY,NOVELTY
070076007036,COLLECTOR BENT,5,NOVELTY,NOVELTY
070076380115,DILLS YELLOW PIPE CLEANER,5,NOVELTY,NOVELTY
070076381518,DILLS BRSTLE PIPE CLEANER,5,NOVELTY,NOVELTY
070137000181,BLACK & MILD REG PLASTIC TIP,1,NONE,NONE
070137000235,BLACK & MILD WINE PLASTIC TIP,1,NONE,NONE
070137000389,BLACK & MILD MILD PK,1,NONE,NONE
070137000426,BLACK & MILD CREAM,1,NONE,NONE
070137005254,BLACK & MILD W/TIP - REGULAR,1,NONE,NONE
070137005292,BLACK & MILD WINE W/TIP,1,NONE,NONE
070137100188,BLACK AND MILD REGULAR PLASTIC,1,NONE,NONE
070137105237,b & m wine plastic tip singles,1,NONE,NONE
070137105251,BLACK AND MILD WOOD SINGL,1,NONE,NONE
070137105299,BLACK AND MILD WINE WOOD SINGL,1,NONE,NONE
070137111214,black & mild jazz single,1,NONE,NONE
070137111221,BLACK & MILD JAZZ WOOD TIP,1,NONE,NONE
070137111276,BLACK & MILD JAZZ 79c,1,NONE,NONE
070137111290,BLACK & MILD JAZZ WOOD TIP,1,NONE,NONE
070137111375,black and mild jazz .89c,1,NONE,NONE
070137111399,jazz wood tip .89,1,NONE,NONE
070137112464,BLACK & MILD CASINO PLASTIC,1,NONE,NONE
070137112471,BLACK AND MILD CASINO WOOD,1,NONE,NONE
070137112488,BLACK MILD CASINO 79c,1,NONE,NONE
070137112495,BLACK MILD CASINO 79c,1,NONE,NONE
070137112501,BLACK&MILD CASINO .89C,1,NONE,NONE
070137112655,BLACK AND MILD JAZZ SINGLE,1,NONE,NONE
070137113331,BLACK & MILD RHYTHM 79c,1,NONE,NONE
070137113515,BLACK & MILD BLUES 79c,1,NONE,NONE
070137113522,BLACK&MILD BLUES .89C,1,NONE,NONE
070137114215,BLACK&MILD SWEETS .89C,1,NONE,NONE
070137114239,Black & Mild Sweets,1,NONE,NONE
070137114291,BLACK & MILD $.79,1,NONE,NONE
070137115397,BLACK&MILD ROYALE .89C,1,NONE,NONE
070137115601,black & mild .99c filter tip f,1,NONE,NONE
070137210184,BLACK & MILD ROYALE,1,NONE,NONE
070137210375,BLACK & MILD ROYALE W/TIP,1,NONE,NONE
070137210641,BLACK & MILD 2/99c SWEETS,1,NONE,NONE
070137210849,B&M WINE CIGARILLOS,1,NONE,NONE
070137210917,B&M CLASSIC 2 FOR .99,1,NONE,NONE
070137211020,BLACK & MILD JAZZ,1,NONE,NONE
070137211167,BLACK & MILD JAZZ W-TIP,1,NONE,NONE
070137211174,BLACK & MILD JAZZ P-TIP,1,NONE,NONE
070137212102,ROYAL COMFORT 2/99c SWEET,1,NONE,NONE
070137212119,ROYAL COMFORT 2/99c WHITE WINE,1,NONE,NONE
070137212126,ROYAL COMFORT 2/99c TROPICAL,1,NONE,NONE
070137212133,ROYAL COMFORT 2/99c - BLACK,1,NONE,NONE
070137214854,BLACK & MILD FT SWEET,1,NONE,NONE
070137401070,PRINCE ALBERT P/TOBACCO BX,1,NONE,NONE
070137417071,PRINCE ALBERT CAN,1,NONE,NONE
070137420071,CARTER HALL P/TOBACCO PK,1,NONE,NONE
070137510642,B&M Sweet,1,NONE,NONE
070137771180,B&M FT,1,NONE,NONE
070137804727,B&M 69c,1,NONE,NONE
070137804826,B&M WINE 69c,1,NONE,NONE
070137805922,BLACK & MILD DARK BLEND,1,NONE,NONE
070137806929,B&M PLASTIC 3PK,1,NONE,NONE
070137807025,B &M WINE 3PACK,1,NONE,NONE
070137809326,79c BLACK AND MILD,1,NONE,NONE
070137809425,79c BLACK AND MILD WINE,1,NONE,NONE
070137809524,BLACK & MILD .89C SINGLE,1,NONE,NONE
070137810223,BLACK & MILD WINE,1,NONE,NONE
070137810520,BLACK & MILD 3PK,1,NONE,NONE
070137824725,BLACK&MILD $3.95,1,NONE,NONE
070137825128,BLACK & MILD $4.45 PACK,1,NONE,NONE
070137825227,B& M WINE PLAS TIP $4.45,1,NONE,NONE
070137831327,BLACK AND MILD FT PACK,1,NONE,NONE
070137831556,B & M blue 79c promo,1,NONE,NONE
070195354004,DAYS OF WORK SWEET & MILD,1,NONE,NONE
070195460002,VALVET POUCH,1,NONE,NONE
070195590167,RED MAN - GREEN POUCH,CHEW CAN,NONE,NONE
070195591362,RED MAN GREEN POUCH 40c OFF,1,NONE,NONE
070195596015,BIGDUKE 1.99 CHEW,CHEW CAN,NONE,NONE
070195599153,RED MAN GOLD BLEND 40c OFF,1,NONE,NONE
070195599269,RED MAN GOLDEN POUCH,1,NONE,NONE
070235060049,PHILIES BLACK 2/99C,1,NONE,NONE
070235111260,WHITE CAT 2/89c WHITE GRAPE,1,NONE,NONE
070235111277,WHITE CAT - BLACK GRAPE,1,NONE,NONE
070235111376,KROME 3 FOR .99,1,NONE,NONE
070235111383,KROME 3 FOR .99,1,NONE,NONE
070235111390,KROME 3 FOR .99,1,NONE,NONE
070235129784,PHILLIES LITTLE CIGAR - MILD,1,NONE,NONE
070235129791,PHILLIES RED LITTLE CIGAR,1,NONE,NONE
070235129807,PHILLIES GREEN LITTLE CIGARS,1,NONE,NONE
070235502068,PHILLIES TITAN - VALUE 2PK,1,NONE,NONE
070235505779,PHILLIES L/CIGAR - WHITE CTN,4,CIGARCTN,CIGAR CRTN
070235505786,PHILLIES LITTLE CIGAR RED CTN,4,CIGARCTN,CIGAR CRTN
070235505793,PHILLIES MEN L/CIGAR CTN,4,CIGARCTN,CIGAR CRTN
070235506141,PHILLIES MILD-GOLD L/CIGAR CTN,4,CIGARCTN,CIGAR CRTN
070235506356,PHILIES ORIGINAL 2/99C,1,NONE,NONE
070235506370,SWEET 2/99C,1,NONE,NONE
070235506431,PHILIES SOUTHERNBLEND 2/99C,1,NONE,NONE
070330600065,BIC  LIGHTER - PLAIN - REGULAR,1,NONE,NONE
070330610569,BIG CHIEFS,5,NOVELTY,NOVELTY
070330617667,BIC LIGHTER ZODIAC SIGNS,5,NOVELTY,NOVELTY
070330630291,LIGHTER CASE,5,NOVELTY,NOVELTY
070330632103,BX SEVEN LIGHTER,5,NOVELTY,NOVELTY
070330633254,BIC LIGHTER - PLAY BOY,5,NOVELTY,NOVELTY
070330639232,BIC LIGHTER fancy,5,NOVELTY,NOVELTY
070330642348,BIC KC CHIEF SUPERBOWL LIGHTER,5,NOVELTY,NOVELTY
070330643277,LIGHTER DESIGN,5,NOVELTY,NOVELTY
070330643307,BIC CLIC LIGHTER,5,NOVELTY,NOVELTY
070330643802,BIC LIGHTER - KC ROYALS,5,NOVELTY,NOVELTY
070330645387,BIC LIGHTER - KC ROYALS,5,NOVELTY,NOVELTY
070847003229,MONSTER LEMONADE YELLOW TEA,10,NONE,NONE
070847006145,MONSTER ROJO TEA RED CAN,10,NONE,NONE
070847010463,MONSTER REHAB ORANGE TEA,10,NONE,NONE
070847012474,MONSTER ZERO ULTRA,10,NONE,NONE
070847015246,MONSTER PINK LEMONADE CAN,10,NONE,NONE
070847016205,MONSTER ULTRA BLUE,10,NONE,NONE
070847017554,MONSTER ULTRA RED,10,NONE,NONE
070847029014,MANGO LOCO,10,NONE,NONE
070847037545,monster ultra zeroS 12oz can,10,NONE,NONE
070847811169,MONSTER ENERGY GREEN CAN,10,NONE,NONE
070847811244,MONSTER ENERGY DRINK 24oz,10,NONE,NONE
070847812609,MONSTER JAVA,10,NONE,NONE
070847812715,MONSTER JAVA,10,NONE,NONE
070847892359,MONSTER GREEN 19.2 OZ,10,NONE,NONE
070847892519,MONSTER ZEROULTRA 19.2 OZ CAN,10,NONE,NONE
071610202559,DUTCH IRISH CREAMY FUSION,1,NONE,NONE
071610202658,BLACK RUSSIAN 5PK,1,NONE,NONE
071610202665,BLACK RUSSIAN CREAM SINGLE,1,NONE,NONE
071610202672,DUTCH MASTERS,1,NONE,NONE
071610202689,DUTCH BLUE DREAM,1,NONE,NONE
071610202702,BLUE DREAM FUSION,1,NONE,NONE
071610202818,BACKWOOD DARK LEAF 5PL,1,NONE,NONE
071610202856,BACKWOODS WILD RUM 6 PACK,1,NONE,NONE
071610202863,BACKWOOD WILD RUM SINGLE,1,NONE,NONE
071610202870,DM ROYAL HAZE 2/.99C,1,NONE,NONE
071610202900,DM GREEN ENVY 2 /.99C,1,NONE,NONE
071610203037,dutch leaf 2/1.29,1,NONE,NONE
071610203051,dutch leaf 2/1.29,1,NONE,NONE
071610203075,dutch leaf 2/1.29,1,NONE,NONE
071610203099,BACKWOOD BANANA 5PK,1,NONE,NONE
071610203105,BACKWOOD BANANA SINGLE,1,NONE,NONE
071610203259,DM GOLD FUSION 2/.129C,1,NONE,NONE
071610203273,Dutch Natural Leaf OG Fusion,1,NONE,NONE
071610203358,BACKWOOD VANILLA 5PK,1,NONE,NONE
071610203389,BACKWOOD HONDURAS 3,1,NONE,NONE
071610203396,BACKWOOD SL GUATEMELA SATIN,1,NONE,NONE
071610203402,BACKWOOD SL CONN SPECIAL,1,NONE,NONE
071610203525,Dutch Platinum Fusion Cigars,1,NONE,NONE
071610203532,BACKWOODS GRAPE 5PK,1,NONE,NONE
071610203600,Dutch Java Fushion,1,NONE,NONE
071610203617,DUTCH SILVER 2PK,1,NONE,NONE
071610203624,DUTCH ROYAL HAZE 2PK,1,NONE,NONE
071610203631,Dutch Sweet Fusion 2pk $1.29,1,NONE,NONE
071610203693,DUTCH OG FUSION 2PK,1,NONE,NONE
071610203716,DM Leaf Gold 2pkg,1,NONE,NONE
071610203730,DM Leaf Palma 2pkg,1,NONE,NONE
071610203754,DM Leaf Tropical 2pkg,1,NONE,NONE
071610203785,Dutch Diamond Fusion 2pk,1,NONE,NONE
071610203808,BACKWOOD SL PENN PRIMO,1,NONE,NONE
071610203815,BACKWOODS SELECT PHIL PRES 3PK,1,NONE,NONE
071610203839,DM TROPICAL 2 FOR $1.29,1,NONE,NONE
071610203853,DUTCH SUNSET DREAMS 2PK,1,NONE,NONE
071610204225,BACKWOOD CHOC 5 PACK CIGAR,1,NONE,NONE
071610209497,BACKWOODS DRK BERRY 5PK,1,NONE,NONE
071610211698,Backwoods smoked carmel,1,NONE,NONE
071610212305,BACKWOODS SOUTHERN S. TEA 5PK,1,NONE,NONE
071610212312,BACKWOODS SUMMERTIME CHI 5PK,1,NONE,NONE
071610212329,BACKWOODS HOU PURPLE PACK 5PK,1,NONE,NONE
071610212374,BACKWOODS VANNILLA WRAP,1,NONE,NONE
071610212466,BACKWOOD RUMCAKE 5PK,1,NONE,NONE
071610299573,BACKWOODS 3PK,1,NONE,NONE
071610299603,BACKWOODS 3PK,1,NONE,NONE
071610301801,BACKWOODS BLACK/SWEET 5PK,1,NONE,NONE
071610301832,BACKWOODS HONEY PK,1,NONE,NONE
071610301863,BACKWOODS HONEY BERRY 5PK,1,NONE,NONE
071610301894,BACKWOODS ORIGINAL PK,1,NONE,NONE
071610301924,BACKWOODS SWEET AROMATIC 5PK,1,NONE,NONE
071610301955,BACKWOODS SINGLE ORIGINAL FLAV,1,NONE,NONE
071610301986,BACKWOODS SINGLES SWEET,1,NONE,NONE
071610302037,BACKWOODS HONEY-BERRY,1,NONE,NONE
071610302266,BACKWOODS HONEY BOURBON 5PK,1,NONE,NONE
071610302297,HONEY BOURBON SINGLE,1,NONE,NONE
071610302723,backwoods dark stout 5pk,1,NONE,NONE
071610302754,BACKWOODS SINGLES,1,NONE,NONE
071610302792,BACKWOODS RUSSIAN CREAM PK,1,NONE,NONE
071610303065,RUSSIAN CREAM,1,NONE,NONE
071610305694,MIAMI SUITES,6,PRMCIGAR,PREMIUM CIGAR
071610305724,MIAMI SUITES,6,PRMCIGAR,PREMIUM CIGAR
071610305755,MIAMI SUITES,6,PRMCIGAR,PREMIUM CIGAR
071610305786,MIAMI SUITES,6,PRMCIGAR,PREMIUM CIGAR
071610346581,ARTISAN SERIES III BELICOSO,6,PRMCIGAR,PREMIUM CIGAR
071610346706,SAN ANDRES PIRAMIDES,6,PRMCIGAR,PREMIUM CIGAR
071610440869,BACKWOOD BUNDLEPACK,1,NONE,NONE
071610494299,MONTICRISTO EPIC,6,PRMCIGAR,PREMIUM CIGAR
071610494350,MONTICRISTO EPIC TORO,6,PRMCIGAR,PREMIUM CIGAR
071610494848,DUTCH MASTERS CHOC 3/1.69,1,NONE,NONE
071610495081,DM IRISH FISION BUY2 SAVE,1,NONE,NONE
071610495203,DUTCH ATOMIC FUSION,1,NONE,NONE
071610495241,DUTCH IRISH FUSION 2/99C,1,NONE,NONE
071610496088,DUTCH HONEY FUSION,1,NONE,NONE
071610496163,DUTCH RUM FUSION,1,NONE,NONE
071610496248,DUTCH MASTERS WHITE GRAPE,1,NONE,NONE
071610496286,DUTCH MASTERS SWEET GREEN,1,NONE,NONE
071610496569,DUTCH JAVA FUSION,1,NONE,NONE
071610496606,DUTCH MINT FUSION,1,NONE,NONE
071610496682,DUTCH BERRY FUSION,1,NONE,NONE
071610497863,DUTCH MASTERS SWEETS,1,NONE,NONE
071610498532,DUTCH MASTERS CHOCOLATE,1,NONE,NONE
071610499454,DUTCH MASTERS WINE,1,NONE,NONE
071610499492,DUTCH MASTERS PALMA,1,NONE,NONE
071610500280,PRESIDENT,1,NONE,NONE
071610505032,DUTCH BLEND SILVER 2PK,1,NONE,NONE
071610505643,DUTCH BLEND SILVER,1,NONE,NONE
07161050572,DUTCH SF RED,18,SCIGAR,SINGLE CIGAR
071610505728,DUTCH SWEET F RED,1,NONE,NONE
071610511088,H. UPMANN HISPANIOLA,6,PRMCIGAR,PREMIUM CIGAR
071610511217,WAR HAWK ROBUSTO,6,PRMCIGAR,PREMIUM CIGAR
071610511231,HENRY CLAY WARHAWK TORO,6,PRMCIGAR,PREMIUM CIGAR
071610516298,H.UPMAN BELICOSO CAMEROON,6,PRMCIGAR,PREMIUM CIGAR
071610516366,h.upman vin cameroon toro,6,PRMCIGAR,PREMIUM CIGAR
071610516380,H UPMAN 1844 ANEJO TORO,6,PRMCIGAR,PREMIUM CIGAR
071610517530,MONTICRISTO WHITE MINI,6,PRMCIGAR,PREMIUM CIGAR
071610517608,HC WAR HAWK 6TORO SAMPLER,5,NOVELTY,NOVELTY
071610518360,HERMANS BATCH TORO,6,PRMCIGAR,PREMIUM CIGAR
071610519558,ONYX NICA BOLD ROBUSTO,6,PRMCIGAR,PREMIUM CIGAR
071610519657,MCEPIC BLUE TORO 52X6,6,PRMCIGAR,PREMIUM CIGAR
071610519688,MC EPIC BLUE NO 2,6,PRMCIGAR,PREMIUM CIGAR
071610520370,SAINT LUIS REYCARENAS ROBUSTO,6,PRMCIGAR,PREMIUM CIGAR
071610520417,MONTI 1935 ANNI NO 2,6,PRMCIGAR,PREMIUM CIGAR
071610521186,MONTI NICARAGUAN TORO SAMPLER,6,PRMCIGAR,PREMIUM CIGAR
071610523043,TRINIDAD ESPIRITU TORO,6,PRMCIGAR,PREMIUM CIGAR
071610524736,MONTICRISTO ESPADA VALIENTE,6,PRMCIGAR,PREMIUM CIGAR
071610525337,VF YEAR OF THE TIGER,6,PRMCIGAR,PREMIUM CIGAR
071610616653,SUPER VALUE CHERRY 12OZ,1,NONE,NONE
071610616660,SUPER VALUE PIPE TOBACCO,1,NONE,NONE
071610616905,SUPER VALUE BLACK & GOLD 12OZ,1,NONE,NONE
071610618602,SUPER VALUE CHOCOLATE,1,NONE,NONE
071610622401,JEWELS COAL,5,NOVELTY,NOVELTY
071610664036,AJ SAMPLER TORO,6,PRMCIGAR,PREMIUM CIGAR
071610729001,TOBACCO GALLERIA POUCH,1,NONE,NONE
071610729018,TOBACCO GALLERIA POUCH,1,NONE,NONE
071610729025,TOBACCO GALLERIA POUCH,1,NONE,NONE
071610729032,TOBACCO GALLERIA POUCH,1,NONE,NONE
071610729049,TOBACCO GALLERIA POUCH,1,NONE,NONE
071610729056,TOBACCO GALLERIA POUCH,1,NONE,NONE
071610729063,TOBACCO GALLERIA POUCH,1,NONE,NONE
071610729070,TOBACCO GALLERIA POUCH,1,NONE,NONE
071610729087,TOBACCO GALLERIA POUCH,1,NONE,NONE
071610729094,TOBACCO GALLERIA POUCH,1,NONE,NONE
071610730489,GOLDEN NICARAGUA ROBUSTO,6,PRMCIGAR,PREMIUM CIGAR
071610802711,VEGA FINA GRAN TORO,6,PRMCIGAR,PREMIUM CIGAR
071610802773,NICARAGUAN CORONA,6,PRMCIGAR,PREMIUM CIGAR
071610803619,MONTECRISTO,6,PRMCIGAR,PREMIUM CIGAR
071610803718,MONTE TORO,6,PRMCIGAR,PREMIUM CIGAR
071610804067,ESPADA QUILLION,6,PRMCIGAR,PREMIUM CIGAR
071610805293,HUPMANN ANNUITY,6,PRMCIGAR,PREMIUM CIGAR
071610805323,HUPMANN BANKER,6,PRMCIGAR,PREMIUM CIGAR
071610805422,H UPMANN ARBITRAGE,6,PRMCIGAR,PREMIUM CIGAR
071610808508,COLLECTION SERIES TORO,6,PRMCIGAR,PREMIUM CIGAR
071610808539,MONTECRISTO COLLECTION SERIES,6,PRMCIGAR,PREMIUM CIGAR
071610813380,DON DIEGO FUERTE,6,PRMCIGAR,PREMIUM CIGAR
071610813892,MONTE CRISTO RED,6,PRMCIGAR,PREMIUM CIGAR
071610824645,OMARORTIZ BELICOSO,6,PRMCIGAR,PREMIUM CIGAR
071610824652,OMAR ORTEZ ROBUSTO,6,PRMCIGAR,PREMIUM CIGAR
071610824669,ORMAR ORTEZ,6,PRMCIGAR,PREMIUM CIGAR
071610826304,JUAN LOPEZ # 1,6,PRMCIGAR,PREMIUM CIGAR
071610826335,JUAN LOPEZ # 2,6,PRMCIGAR,PREMIUM CIGAR
071610826366,JUAN LOPEZ #3,6,PRMCIGAR,PREMIUM CIGAR
071610826403,JUAN LOPEZ #4,6,PRMCIGAR,PREMIUM CIGAR
071610829879,MONTICRISTO BDL 4,6,PRMCIGAR,PREMIUM CIGAR
071610830493,ROBUSTO MAUDORO,6,PRMCIGAR,PREMIUM CIGAR
071610832633,MI DOMINICANA,6,PRMCIGAR,PREMIUM CIGAR
071610833494,ORIGINAL BELICOSO,6,PRMCIGAR,PREMIUM CIGAR
071610833524,ORIGINAL ROBUSTO,6,PRMCIGAR,PREMIUM CIGAR
071610833555,OMAR ORTEZ TORO,6,PRMCIGAR,PREMIUM CIGAR
071610837393,OMAR ORTEZ,6,PRMCIGAR,PREMIUM CIGAR
071610837409,SHORT TORPEDO MADURO,6,PRMCIGAR,PREMIUM CIGAR
071610837416,MADURO TORO,6,PRMCIGAR,PREMIUM CIGAR
071610837423,MADURO TORPEDO,6,PRMCIGAR,PREMIUM CIGAR
071610838307,STALK CUT TORO,6,PRMCIGAR,PREMIUM CIGAR
071610838369,STALK CUT ROBUSTO,6,PRMCIGAR,PREMIUM CIGAR
071610845534,VEGAFINA PERLA,6,PRMCIGAR,PREMIUM CIGAR
071610845558,VEGAFINA LONSLADE,6,PRMCIGAR,PREMIUM CIGAR
071610845565,VEGA FENA RUBOSTO,6,PRMCIGAR,PREMIUM CIGAR
071610845596,VEGAFINA CHURCHIL,6,PRMCIGAR,PREMIUM CIGAR
071610846050,VEGA FINA,6,PRMCIGAR,PREMIUM CIGAR
071610847330,SLR TORO,6,PRMCIGAR,PREMIUM CIGAR
071610847361,SLR TITAN,6,PRMCIGAR,PREMIUM CIGAR
071610847392,SLR ROBUSTO,6,PRMCIGAR,PREMIUM CIGAR
071610847552,VEGAFINA SUMUM,6,PRMCIGAR,PREMIUM CIGAR
071610847729,SERIE G ROTHCHILD,6,PRMCIGAR,PREMIUM CIGAR
071610848900,NATURAL ROTHCHILD,6,PRMCIGAR,PREMIUM CIGAR
071610854208,SLR ROTHCHILDE,6,PRMCIGAR,PREMIUM CIGAR
071610854215,SLR ROTHCHILDE MADURO,6,PRMCIGAR,PREMIUM CIGAR
071610854413,SLR TORO,6,PRMCIGAR,PREMIUM CIGAR
071610854581,SLR TORO MADURO,6,PRMCIGAR,PREMIUM CIGAR
071610854598,CHURCHIL MADURO,6,PRMCIGAR,PREMIUM CIGAR
071610854604,BELICOSO MADURO,6,PRMCIGAR,PREMIUM CIGAR
071610854888,TITAN MADURO,6,PRMCIGAR,PREMIUM CIGAR
071610854918,TITAN 6X50,6,PRMCIGAR,PREMIUM CIGAR
071610862388,Montecristo Prontos Petites,6,PRMCIGAR,PREMIUM CIGAR
071610862418,MONTICRISTO MONTES,6,PRMCIGAR,PREMIUM CIGAR
071610862449,MONTICRISTO GNADE RUBUSTO,6,PRMCIGAR,PREMIUM CIGAR
071610863231,WHITE PRONTOS PETITES,6,PRMCIGAR,PREMIUM CIGAR
071610863651,MAUDORO MAGNUM,6,PRMCIGAR,PREMIUM CIGAR
071610863873,NICARAGUAN CORONA SINGLE CIGAR,6,PRMCIGAR,PREMIUM CIGAR
071610863880,NICARAGUAN CORONA - CASA DE GA,6,PRMCIGAR,PREMIUM CIGAR
071610864177,RED CHURCHILL SINGLE CIGAR,6,PRMCIGAR,PREMIUM CIGAR
071610864184,RED CHURCHILL CASA DE GARCIA 2,6,PRMCIGAR,PREMIUM CIGAR
071610864214,casa da garcia red toro,6,PRMCIGAR,PREMIUM CIGAR
071610864238,RED CASA DE GARCIA SINGLE CIGA,6,PRMCIGAR,PREMIUM CIGAR
071610864245,RED ROBUSTO CASA DE GARCIA 20C,6,PRMCIGAR,PREMIUM CIGAR
071610864382,CASA DE GARCIA,6,PRMCIGAR,PREMIUM CIGAR
071610864412,CASA ROBUSTO 5PK,6,PRMCIGAR,PREMIUM CIGAR
071610864443,TORO,6,PRMCIGAR,PREMIUM CIGAR
071610864474,CHURCHILL,6,PRMCIGAR,PREMIUM CIGAR
071610864504,CONNECTICUT CORONA CIGAR,6,PRMCIGAR,PREMIUM CIGAR
071610864511,CASA DE GARCIA CONNECTICA TORO,6,PRMCIGAR,PREMIUM CIGAR
071610864542,CONNECTICUT ROBUSTO,6,PRMCIGAR,PREMIUM CIGAR
071610864573,CASA DA GARCIA TORO,6,PRMCIGAR,PREMIUM CIGAR
071610864597,CASA DA GARCIA CHURCHILL,6,PRMCIGAR,PREMIUM CIGAR
071610864603,CHURCHILL BUNDLE,6,PRMCIGAR,PREMIUM CIGAR
071610864634,CORONA MAUDORO,6,PRMCIGAR,PREMIUM CIGAR
071610864665,CASA DE GARCIA,6,PRMCIGAR,PREMIUM CIGAR
071610864696,TORO MADURO BUNDLE,6,PRMCIGAR,PREMIUM CIGAR
071610864726,CHURCHILL MADURO - CASA DE GAR,6,PRMCIGAR,PREMIUM CIGAR
071610864788,CASA DA GARCIA SUMATRA RUBOSTO,6,PRMCIGAR,PREMIUM CIGAR
071610864818,SUMATRA TORO,6,PRMCIGAR,PREMIUM CIGAR
071610864832,casa da garcia,6,PRMCIGAR,PREMIUM CIGAR
071610864849,SUMATRA CHURCHILL,6,PRMCIGAR,PREMIUM CIGAR
071610864870,BELICOSO - CONNECTICUT,6,PRMCIGAR,PREMIUM CIGAR
071610864900,BELICOSO MADURO,6,PRMCIGAR,PREMIUM CIGAR
071610864931,CASADA GARCIA S.BELICOSO,6,PRMCIGAR,PREMIUM CIGAR
071610867215,CEDAR ROOM,6,PRMCIGAR,PREMIUM CIGAR
071610870482,C.GARCIA.M.60,6,PRMCIGAR,PREMIUM CIGAR
071610870499,CASA DE GARCIA CONN MAG 20cts,6,PRMCIGAR,PREMIUM CIGAR
071610870512,C.GARCIA.N.60x6,6,PRMCIGAR,PREMIUM CIGAR
071610870529,CASA DE GARCIA N. MAGNUM,6,PRMCIGAR,PREMIUM CIGAR
071610871366,CDG NICARAGUAN,6,PRMCIGAR,PREMIUM CIGAR
071610871373,COLOSSAL,6,PRMCIGAR,PREMIUM CIGAR
071610871397,CDG NICARAGUAN,6,PRMCIGAR,PREMIUM CIGAR
071610871403,CDG NICARAGUAN,6,PRMCIGAR,PREMIUM CIGAR
071610873537,CLASSIC MINI,6,PRMCIGAR,PREMIUM CIGAR
071610884014,RUSTIC CHEROOT,6,PRMCIGAR,PREMIUM CIGAR
071610886599,H.UPMAN BY AJ BELICOSO,6,PRMCIGAR,PREMIUM CIGAR
071610886643,NATURAL BROAD LEAF 58X7,6,PRMCIGAR,PREMIUM CIGAR
071610886674,NATURAL BROADLEAF 60X6,6,PRMCIGAR,PREMIUM CIGAR
071610886704,NATURAL BROAD LEAF 56X6,6,PRMCIGAR,PREMIUM CIGAR
071610887077,CRAFT CURED TORO,6,PRMCIGAR,PREMIUM CIGAR
071610890602,H.UPMAN BY AJ ROBUSTO,6,PRMCIGAR,PREMIUM CIGAR
071610890633,H.UPMAN BY AJ TORO,6,PRMCIGAR,PREMIUM CIGAR
071610890664,MONTE BY AJ TOTO,6,PRMCIGAR,PREMIUM CIGAR
071610894112,H.UPMANN,6,PRMCIGAR,PREMIUM CIGAR
071610894303,H.UPMANN LEGACY,6,PRMCIGAR,PREMIUM CIGAR
071610894334,H. UPMANN LEGACY CORONA,6,PRMCIGAR,PREMIUM CIGAR
071610894365,HUPMANN LEGECY TORO,6,PRMCIGAR,PREMIUM CIGAR
071610894396,H. UPMANN LEGACY,6,PRMCIGAR,PREMIUM CIGAR
071610894617,APERITIFS 1844 RESERVE,6,PRMCIGAR,PREMIUM CIGAR
071610894648,H. U 1844,6,PRMCIGAR,PREMIUM CIGAR
071610894761,HUPMANN RESERVE ROBUSTO,6,PRMCIGAR,PREMIUM CIGAR
071610894792,H. UPRE TORO,6,PRMCIGAR,PREMIUM CIGAR
071610894822,H. UPRE CHURCHILL,6,PRMCIGAR,PREMIUM CIGAR
071610904538,H.UPMAN CONN TORO,6,PRMCIGAR,PREMIUM CIGAR
071610915732,INTENSO NICARAGUAN TORO,6,PRMCIGAR,PREMIUM CIGAR
071610922907,TRINIDAD PRDOX CHURCHILL,6,PRMCIGAR,PREMIUM CIGAR
071610922938,TRINIDAD PARADOX TORO,6,PRMCIGAR,PREMIUM CIGAR
071610922969,TRINADAD PRDOX ROBUSTO,6,PRMCIGAR,PREMIUM CIGAR
071610922990,TRINIDAD BELISCO,6,PRMCIGAR,PREMIUM CIGAR
071610923065,Trinidad Paradox Cigars B2G1 F,6,PRMCIGAR,PREMIUM CIGAR
071610923072,TRINIDAD BUY 2 GET 1 FREE,6,PRMCIGAR,PREMIUM CIGAR
071610927841,MONTECRISTO CLASSIC,6,PRMCIGAR,PREMIUM CIGAR
071610927858,MONTECRISTO CLASSIC,6,PRMCIGAR,PREMIUM CIGAR
071610927865,MONTECRISTO CLASSIC,6,PRMCIGAR,PREMIUM CIGAR
071610927964,ESPECIAL NO 1,6,PRMCIGAR,PREMIUM CIGAR
071610927971,MONTICRISTO CLASSIC toro,6,PRMCIGAR,PREMIUM CIGAR
071610927995,CLASSIC SERIES NO.2,6,PRMCIGAR,PREMIUM CIGAR
071610928008,MONTICRISTO CLASSIC ROBUSTO,6,PRMCIGAR,PREMIUM CIGAR
071610928039,ESPECIAL NO 3,6,PRMCIGAR,PREMIUM CIGAR
071610930001,MONTICRISTO WHITE NO 2,6,PRMCIGAR,PREMIUM CIGAR
071610930018,WHITE ROTCHILD,6,PRMCIGAR,PREMIUM CIGAR
071610930063,MONTECRISTO,6,PRMCIGAR,PREMIUM CIGAR
071610933361,MONTECRISTO MEMORIES,6,PRMCIGAR,PREMIUM CIGAR
071610938540,monticristo churchil,6,PRMCIGAR,PREMIUM CIGAR
071610945777,MONTICRISTO VINTAGE1999,6,PRMCIGAR,PREMIUM CIGAR
071610945784,MCTO P TORO,6,PRMCIGAR,PREMIUM CIGAR
071610945814,ROTHCHILD TUBE,6,PRMCIGAR,PREMIUM CIGAR
071610945838,Montecristo Platinum Series Ch,6,PRMCIGAR,PREMIUM CIGAR
071610946651,GISPERT TORO,6,PRMCIGAR,PREMIUM CIGAR
071610946750,GISPERT HON,6,PRMCIGAR,PREMIUM CIGAR
071610953079,ONYX MINI,6,PRMCIGAR,PREMIUM CIGAR
071610957558,UPMANN CORONAS,6,PRMCIGAR,PREMIUM CIGAR
071610962743,montichirsto,6,PRMCIGAR,PREMIUM CIGAR
071610962880,MONTICRISTO,6,PRMCIGAR,PREMIUM CIGAR
071610980938,MONTICRISTO ROBUSTO,6,PRMCIGAR,PREMIUM CIGAR
071610980952,monticristo,6,PRMCIGAR,PREMIUM CIGAR
071610985810,MNCRSTO MEMORIES,6,PRMCIGAR,PREMIUM CIGAR
071610991699,TWIST PUNCH CUTTER,5,NOVELTY,NOVELTY
071610991750,CIGAR SAVOR,5,NOVELTY,NOVELTY
071610993624,CIGAR CUTTER,5,NOVELTY,NOVELTY
071737221204,SMOKERS PRIDE VANILLA,1,NONE,NONE
071737223208,SMOKERS PRIDE RUM,1,NONE,NONE
071737224205,SMOKERS PRIDE BLK CAVENDISH,1,NONE,NONE
071737225202,SMOKERS PRIDE CHERRY,1,NONE,NONE
071737226063,SMOKER''S PRIDE RICH 0.65 oz,1,NONE,NONE
071737226094,SMOKER''S PRIDE MELLOW POUCH,1,NONE,NONE
071737226124,SMOKER''S PRIDE MENTHOL POUCH,1,NONE,NONE
071737227206,SMOKERS PRIDE NATURAL,1,NONE,NONE
071737229200,SMOKERS PRIDE WHISKEY,1,NONE,NONE
071737401002,CAPTAIN BLACK WHITE POUCH,1,NONE,NONE
071737401453,CAPTAIN BLACK DARK POUCH,1,NONE,NONE
071737403006,CAPTAIN BLACK WHITE TIN,1,NONE,NONE
071737405000,CAPTAIN BLACK GOLD POUCH,1,NONE,NONE
071737407004,CAPTAIN BLACK GOLD CAN,1,NONE,NONE
071737408001,CAPTAIN BLACK ROYAL POUCH,1,NONE,NONE
071737438534,HALF & HALF POUCH P/TOBACCO,1,NONE,NONE
071737438565,PALADIN BLACK CHERRY,1,NONE,NONE
071737438596,VELVET PIPE TOBACCO POUCH,1,NONE,NONE
071737438671,HALF & HALF CAN,1,NONE,NONE
071737438732,PIPA POUCH + CORN PIPE,1,NONE,NONE
071737438800,TALON RED BAG,1,NONE,NONE
071737438862,TALON FF TOBACCO BAG,1,NONE,NONE
071737438909,TALON MEN BAG,1,NONE,NONE
071737438985,BLACK SEA TIN,1,NONE,NONE
071737440452,CAPTAIN BLACK CHEERY 7oz can.,1,NONE,NONE
071737442005,CAPTAIN BLACK ROUND TASTE,1,NONE,NONE
071737444016,CAPTAIN BLACK CHERRY POUCH,1,NONE,NONE
071737451144,TALON VANILLA  L/C CTN,4,CIGARCTN,CIGAR CRTN
071737451229,TALON L-C SWEET ORIG PK,1,NONE,NONE
071737451236,TALON SWEETS L/C CTN,4,CIGARCTN,CIGAR CRTN
071737451281,TALON REGULAR L-C PACK,1,NONE,NONE
071737451298,TALON REGULAR L/C CTN,4,CIGARCTN,CIGAR CRTN
071737451328,TALON L-CIGAR CTN SILVER,4,CIGARCTN,CIGAR CRTN
071737451342,TALON L-CIGAR MENTHOL PK,1,NONE,NONE
071737451359,TALON L-CIGAR MENTHOL CTN,4,CIGARCTN,CIGAR CRTN
071737981030,BUGLER 50c OFF BLUE POUCH,1,NONE,NONE
071737981146,BUGLER BLUE POUCH 25c OFF,1,NONE,NONE
071737983645,CAPTAIN BLACK GRAPE POUCH,1,NONE,NONE
072632386340,ALZAN HABANO TORO,6,PRMCIGAR,PREMIUM CIGAR
072632386364,STALLONE NEGRO MADURO,6,PRMCIGAR,PREMIUM CIGAR
073100010651,RED SEAL WG LC,7,CHEWLOG,LOG CHEW
073100010668,RED SEAL NAT FINE CUT,7,CHEWLOG,LOG CHEW
073100010897,COPENHAGEN SNUFF LOG,7,CHEWLOG,LOG CHEW
073100010934,SKOAL FC W/GREEN LOG,7,CHEWLOG,LOG CHEW
073100010958,SKOAL LC W/GREEN LOG,7,CHEWLOG,LOG CHEW
073100010972,SKOAL LC MINT LOG,7,CHEWLOG,LOG CHEW
073100010996,SKOAL LC STRAIGHT LOG,7,CHEWLOG,LOG CHEW
073100011818,REDSEAL NATURAL LC,7,CHEWLOG,LOG CHEW
073100011856,SKOAL MINT POUCHES,7,CHEWLOG,LOG CHEW
073100014611,COPENHAGEN LC ORIGINAL,7,CHEWLOG,LOG CHEW
073100014789,SKOAL WG POUCHES LOG,7,CHEWLOG,LOG CHEW
073100025891,COPENHAGEN W/GREEN LC,7,CHEWLOG,LOG CHEW
073100025952,COPENHAGEN STRAIGHT LC LOG,7,CHEWLOG,LOG CHEW
073100025976,COPENHAGEN NATURAL LC LOG,7,CHEWLOG,LOG CHEW
073100029622,COPENHAGEN FC WINTERGREEN,7,CHEWLOG,LOG CHEW
073100030369,COPENHAGEN LC MINT,7,CHEWLOG,LOG CHEW
073100030390,COPENHAGEN MINT POUCH LOG,7,CHEWLOG,LOG CHEW
073100030550,COPENHAGEN WG POUCH LOG,7,CHEWLOG,LOG CHEW
073100031670,SKOAL XTRA WG POUCH LOG,7,CHEWLOG,LOG CHEW
073100031687,SKOAL XTRA MINT POUCH LOG,7,CHEWLOG,LOG CHEW
073100031700,SKOAL XTRA WG LC LOG,7,CHEWLOG,LOG CHEW
073100031724,SKOAL XTRA MINT LOG,7,CHEWLOG,LOG CHEW
073100032837,COPE LC SOUTHERN BLEND LOG,7,CHEWLOG,LOG CHEW
073100035081,SKOAL SPEARMINT POUCHES,7,CHEWLOG,LOG CHEW
073100054662,COPENHAGEN SNUFF BUY1 SAVE $1,CANPROMO,NONE,NONE
073100054679,COPENHAGEN LONG CUT ORIGINAL,CANPROMO,NONE,NONE
074460001754,JOKER 1 1/4,1,NONE,NONE
076406021802,JUMEX MANGO NECTOR,10,NONE,NONE
076452304034,JEWEL SWEET 2PK DEAL,1,NONE,NONE
076452346942,ROMEO 505 BY RYJ,6,PRMCIGAR,PREMIUM CIGAR
076452347697,RYJAR CAPRICCO,6,PRMCIGAR,PREMIUM CIGAR
076452347857,1875 RYJ DOS 44X5,6,PRMCIGAR,PREMIUM CIGAR
076452347864,1875 RYJ BULLY 50X5,6,PRMCIGAR,PREMIUM CIGAR
076452347871,1875 RYJ TRES 50X6,6,PRMCIGAR,PREMIUM CIGAR
076452347888,1875 RYJ CHURCHILL,6,PRMCIGAR,PREMIUM CIGAR
076452347901,ANEJO ROMEO TOROS,6,PRMCIGAR,PREMIUM CIGAR
076452347918,ROMEO Y JULIETA ANEJO,6,PRMCIGAR,PREMIUM CIGAR
076452347925,ROMEO Y JULIETA ANEJO,6,PRMCIGAR,PREMIUM CIGAR
076452348182,MEDIA NOCHE TORO,6,PRMCIGAR,PREMIUM CIGAR
076452348229,ROMEO Y JULIETA,6,PRMCIGAR,PREMIUM CIGAR
076452348236,TORO ROMEO JULIETA,6,PRMCIGAR,PREMIUM CIGAR
076452348243,BULLY GRANDE,6,PRMCIGAR,PREMIUM CIGAR
076452348540,1875 ROMEO,6,PRMCIGAR,PREMIUM CIGAR
076452348564,ROMEO & JULIATA BOCADOS GORDIT,6,PRMCIGAR,PREMIUM CIGAR
076452348618,ROMEO Y JULIETA  1875,6,PRMCIGAR,PREMIUM CIGAR
076452348663,RyJ CHARCHILL,6,PRMCIGAR,PREMIUM CIGAR
076452348670,RBYRYJ ROMEO BY ROM TORO,6,PRMCIGAR,PREMIUM CIGAR
076452348687,RBYRYJ ROMEO BY ROM ROBUSTO,6,PRMCIGAR,PREMIUM CIGAR
076452348700,RYJ BULLY 3 PACK,6,PRMCIGAR,PREMIUM CIGAR
076452348748,RyJ MEGNUM,6,PRMCIGAR,PREMIUM CIGAR
076452348755,RESERVE REAL MAGNUM,6,PRMCIGAR,PREMIUM CIGAR
076452349165,RJ RESERVE MADURO,6,PRMCIGAR,PREMIUM CIGAR
076452349486,TUBO SHORT CHURCHILL,6,PRMCIGAR,PREMIUM CIGAR
076452349530,R&J HR LOVE STORY,6,PRMCIGAR,PREMIUM CIGAR
076452349585,TITAN RESERVE TUBE,6,PRMCIGAR,PREMIUM CIGAR
076452349820,VINTAGE VII,6,PRMCIGAR,PREMIUM CIGAR
076452349929,TORO GLASS TUBE,6,PRMCIGAR,PREMIUM CIGAR
076452349936,R&J HABANA RESERVE toro,6,PRMCIGAR,PREMIUM CIGAR
076452349950,R&J HABANA RESERVE ROBUSTO,6,PRMCIGAR,PREMIUM CIGAR
076452350406,RYJ DELUXE #1,6,PRMCIGAR,PREMIUM CIGAR
076452350413,RYJ DELUX,6,PRMCIGAR,PREMIUM CIGAR
076452351083,ROMEO & JULIATA VINTAGE II,6,PRMCIGAR,PREMIUM CIGAR
076452351090,Romeo Y Julieta Vintage III,6,PRMCIGAR,PREMIUM CIGAR
076452351106,VINTAGE IV,6,PRMCIGAR,PREMIUM CIGAR
076452351113,ROMEO & JULIATA VINTAGE V,6,PRMCIGAR,PREMIUM CIGAR
076452351120,VINTAGE VI,6,PRMCIGAR,PREMIUM CIGAR
076452351151,1875 CIGARROS,6,PRMCIGAR,PREMIUM CIGAR
076452351175,RYJ ANNIV 130TH CORONA,6,PRMCIGAR,PREMIUM CIGAR
076452351182,RYJ BULLY,6,PRMCIGAR,PREMIUM CIGAR
076452351199,RYJ CEDRO DELUXE #1,6,PRMCIGAR,PREMIUM CIGAR
076452351205,RYJ CEDRO DELUXE,6,PRMCIGAR,PREMIUM CIGAR
076452351243,RYJ CLEMENCEAU,6,PRMCIGAR,PREMIUM CIGAR
076452351434,RYJ ROMEO COURT 1875,6,PRMCIGAR,PREMIUM CIGAR
076452351540,ROMEO JULIETA,6,PRMCIGAR,PREMIUM CIGAR
076452351557,RESERVE MADURO BELICOSO,6,PRMCIGAR,PREMIUM CIGAR
076452351564,ROBUSTO RESERVE MAUDORO,6,PRMCIGAR,PREMIUM CIGAR
076452351649,CORONA RESERVE REAL,6,PRMCIGAR,PREMIUM CIGAR
076452351670,RESERV REAL CHURCHILL,6,PRMCIGAR,PREMIUM CIGAR
076452351687,RESERVE REAL TORO,6,PRMCIGAR,PREMIUM CIGAR
076452351694,RESERVE REAL ROBUSTO,6,PRMCIGAR,PREMIUM CIGAR
076452352233,Romeo Y Julieta Anniversario,6,PRMCIGAR,PREMIUM CIGAR
076452352240,RTJ ANNIV 130TH TORO,6,PRMCIGAR,PREMIUM CIGAR
076452355241,ROMEO JULIETA,6,PRMCIGAR,PREMIUM CIGAR
076452355258,ROMEO JULIETA MINI,6,PRMCIGAR,PREMIUM CIGAR
076452355395,ROMEO JULIETA MINI RED TIN,6,PRMCIGAR,PREMIUM CIGAR
076452362553,AMORES 33X4,6,PRMCIGAR,PREMIUM CIGAR
076452362621,MINUTOS PETITES,6,PRMCIGAR,PREMIUM CIGAR
076452510237,BULLY 50X5,6,PRMCIGAR,PREMIUM CIGAR
076452510268,RYJ NICARAGUAN TORO,6,PRMCIGAR,PREMIUM CIGAR
076452510299,RYJ 1875 NICARAGUAN CHRCHILL,6,PRMCIGAR,PREMIUM CIGAR
076452510329,RYJ1875 NICARAGUAN MAGNUM,6,PRMCIGAR,PREMIUM CIGAR
076452510510,BETWEEN THE ACT RYJ SAMPLER,6,PRMCIGAR,PREMIUM CIGAR
076452515386,PASION TORO,6,PRMCIGAR,PREMIUM CIGAR
076452515393,RYJ PASION BELICOSO,6,PRMCIGAR,PREMIUM CIGAR
076452518523,ROMEO RESERVE REAL NICA TORO,6,PRMCIGAR,PREMIUM CIGAR
076452520236,RYJ 4PACK 32 SAMPLER,6,PRMCIGAR,PREMIUM CIGAR
076452520854,R.J. HERO SAMPLER,6,PRMCIGAR,PREMIUM CIGAR
076452525286,RYJ NICARAGUA NO 2,6,PRMCIGAR,PREMIUM CIGAR
076452528454,ROMEO & JULIATA SAMPLER PACK 4,6,PRMCIGAR,PREMIUM CIGAR
076452528461,RYJ RESERVA REAL SAMPLER PACK,6,PRMCIGAR,PREMIUM CIGAR
076452700201,JEWEL YELLOW,1,NONE,NONE
076452700546,HAV-A-TEMPA SWEET,1,NONE,NONE
076452700621,JEWELS VANILLLA,1,NONE,NONE
076622025004,BRICKHOUSE CHURCHILL,6,PRMCIGAR,PREMIUM CIGAR
076622025202,BRICKHOUSE TORO MAD,6,PRMCIGAR,PREMIUM CIGAR
076622025356,ROBUSTO MADURO,6,PRMCIGAR,PREMIUM CIGAR
076622025400,BRICKHOUSE MIGHTY MIGHTY,6,PRMCIGAR,PREMIUM CIGAR
076622025509,Brick House,6,PRMCIGAR,PREMIUM CIGAR
076622025851,brick house toro sampler,6,PRMCIGAR,PREMIUM CIGAR
076622027350,PDM TORO MAD,6,PRMCIGAR,PREMIUM CIGAR
076622051553,CRAFTSMANS BENCH HUMIDOR,5,NOVELTY,NOVELTY
076622056008,craftmans bench d cutter 64rin,5,NOVELTY,NOVELTY
076622057036,CRAFTSMANS BENCH BULLET,5,NOVELTY,NOVELTY
076622058057,CRAFTSMAN BENCH V CUTTER,5,NOVELTY,NOVELTY
076622070967,QUORUM DBL GORDO SAMPLER,6,PRMCIGAR,PREMIUM CIGAR
076622070974,QUORUM TORO SAMPLER,6,PRMCIGAR,PREMIUM CIGAR
076622072305,PERLA DEL MAR COROJO JC NEWMAN,6,PRMCIGAR,PREMIUM CIGAR
076622097384,DIAMOND CROWN NO 1 NAT,6,PRMCIGAR,PREMIUM CIGAR
076622097476,ROBUSTO #4 MADURO,6,PRMCIGAR,PREMIUM CIGAR
076622098206,DC MAXIMUS D.ROBUSTO,6,PRMCIGAR,PREMIUM CIGAR
076622099500,JULIUS CAESER TORO,6,PRMCIGAR,PREMIUM CIGAR
076622099609,DC JULIUS  CEASER PYRAMID,6,PRMCIGAR,PREMIUM CIGAR
076622110052,DC THE RC ROYAL SAMPLER,6,PRMCIGAR,PREMIUM CIGAR
076622213500,CUESTA-REY NATURAL,6,PRMCIGAR,PREMIUM CIGAR
076622220003,FACT. THROWOUTS NAT,6,PRMCIGAR,PREMIUM CIGAR
076622220058,FACT. THROWOUTS CLARO,6,PRMCIGAR,PREMIUM CIGAR
076622220065,NO 59 SWEET 6/14X 45,6,PRMCIGAR,PREMIUM CIGAR
076622220102,FACTORY THROWOUTS,6,PRMCIGAR,PREMIUM CIGAR
076622220119,FACTORY THORWOUTS 49 SWEETS,6,PRMCIGAR,PREMIUM CIGAR
076622220201,FACTORY THROWOUTS #99,6,PRMCIGAR,PREMIUM CIGAR
076622220263,FACTORY THROWOUTS 99 SWEET,6,PRMCIGAR,PREMIUM CIGAR
076622230002,TRADER JACK''S,6,PRMCIGAR,PREMIUM CIGAR
076622231009,TRADER JACK SUNRISE 20CT,6,PRMCIGAR,PREMIUM CIGAR
076622231504,READER JACK SUNRISE 30CT JAR,6,PRMCIGAR,PREMIUM CIGAR
076622232006,trader jack midnight 20ct,6,PRMCIGAR,PREMIUM CIGAR
076622258105,BH SAMPLER,6,PRMCIGAR,PREMIUM CIGAR
076622270367,perla del mar toro sampler,6,PRMCIGAR,PREMIUM CIGAR
076622345119,sarzedas corona,6,PRMCIGAR,PREMIUM CIGAR
076622345218,sarzedas robusto,6,PRMCIGAR,PREMIUM CIGAR
076622345317,sarzedas toro,6,PRMCIGAR,PREMIUM CIGAR
076622345416,sarzedas churchhill,6,PRMCIGAR,PREMIUM CIGAR
076622770300,QUORUM TORO,6,PRMCIGAR,PREMIUM CIGAR
076622770805,CLASSIC DOUBLE GORDO,6,PRMCIGAR,PREMIUM CIGAR
076622771802,QUORUM SHADE DOUBLE ROBUSTO,6,PRMCIGAR,PREMIUM CIGAR
076622773004,HAVANA Q DOUBLE ROBUSTO,6,PRMCIGAR,PREMIUM CIGAR
076622773103,HAVANA Q DOUBLE TORO,6,PRMCIGAR,PREMIUM CIGAR
076622773202,HAVANA Q DOUBLE GORDO,6,PRMCIGAR,PREMIUM CIGAR
076622773301,HAVANA Q D.CHURCHILL,6,PRMCIGAR,PREMIUM CIGAR
076622870109,QUORUM CORONA CLASSIC,6,PRMCIGAR,PREMIUM CIGAR
076622870208,QUORUM CLASSIC ROBUSTO,6,PRMCIGAR,PREMIUM CIGAR
076622870239,QUORUM ROBUSTO,6,PRMCIGAR,PREMIUM CIGAR
076622870307,QUORUM CLASSIC TORO,6,PRMCIGAR,PREMIUM CIGAR
076622870406,CLASSIC CHURCHILL,6,PRMCIGAR,PREMIUM CIGAR
076622870505,QUOROME CORONA BUNDLE,6,PRMCIGAR,PREMIUM CIGAR
076622870604,QUORUM CLASSIC TORPEDO,6,PRMCIGAR,PREMIUM CIGAR
076622870802,QUORUM DOUBLE GORDO,6,PRMCIGAR,PREMIUM CIGAR
076622870987,QUORUM VARITY BUNDLE,6,PRMCIGAR,PREMIUM CIGAR
076622871106,QUORUM SHADE CORONA,6,PRMCIGAR,PREMIUM CIGAR
076622871205,QUORUM SHADE ROBUSTO,6,PRMCIGAR,PREMIUM CIGAR
076622871304,QUORUM SHADE TORO BUNDLE,6,PRMCIGAR,PREMIUM CIGAR
076622871403,QUORUM SHADE CHURCHILL BUNDLE,6,PRMCIGAR,PREMIUM CIGAR
076622871601,QUORUM SHADE TORPEDO,6,PRMCIGAR,PREMIUM CIGAR
076622871700,QUORUM SHADE,6,PRMCIGAR,PREMIUM CIGAR
076622871809,QUORUM SHADE DOUBLE ROBUSTO,6,PRMCIGAR,PREMIUM CIGAR
076622875104,QUORUM MAD CORONA,6,PRMCIGAR,PREMIUM CIGAR
076622875203,QUORUM MAD ROBUSTO,6,PRMCIGAR,PREMIUM CIGAR
076622875302,QUORUM MAD TORO,6,PRMCIGAR,PREMIUM CIGAR
076622875401,MAD CHURCHILL,6,PRMCIGAR,PREMIUM CIGAR
076622875609,QUORUM MAD TORPEDO,6,PRMCIGAR,PREMIUM CIGAR
076622875708,SHORT ROBUSTO MAD,6,PRMCIGAR,PREMIUM CIGAR
076622875807,QUORUM MAD DOUBLE GORDO,6,PRMCIGAR,PREMIUM CIGAR
076622899902,BH 6X60 SAMPLER,6,PRMCIGAR,PREMIUM CIGAR
076622974050,DC NO 3 MADURO,6,PRMCIGAR,PREMIUM CIGAR
076622975347,DC FC TORO SAMPLER,6,PRMCIGAR,PREMIUM CIGAR
076940197001,LD Red King,3,1,CIG CARTON
076940197018,LD RED 100,3,1,CIG CARTON
076940197025,LD Blue King,3,1,CIG CARTON
076940197032,LD Blue 100,3,1,CIG CARTON
076940197049,LD Menthol King,3,1,CIG CARTON
076940197056,LD Menthol 100,3,1,CIG CARTON
076940197063,LD Menthol Green King,3,1,CIG CARTON
076940197070,LD Green Menthol 100,3,1,CIG CARTON
076940197087,LD Silver King,3,1,CIG CARTON
076940197094,LD Silver 100,3,1,CIG CARTON
076940297008,LD Red Kings,2,CGRTPACK,CIGRT PACK
076940297009,LD Red Kings,2,CGRTPACK,CIGRT PACK
076940297015,LD RED 100 PACK,2,CGRTPACK,CIGRT PACK
076940297022,LD Blue Kings,2,CGRTPACK,CIGRT PACK
076940297039,LD Blue 100,2,CGRTPACK,CIGRT PACK
076940297046,LD Menthol Kings,2,CGRTPACK,CIGRT PACK
076940297053,LD Menthol 100,2,CGRTPACK,CIGRT PACK
076940297060,LD Menthol Green Kings,2,CGRTPACK,CIGRT PACK
076940297077,LD MENTHOL GREEN 100,2,CGRTPACK,CIGRT PACK
076940297084,LD Silver Kings,2,CGRTPACK,CIGRT PACK
076940297091,LD Silver 100,2,CGRTPACK,CIGRT PACK
076940297268,LD RED KING 30c PACK,CIGPROMO,NONE,NONE
076940297275,LD RED 100 30c PACK,CIGPROMO,NONE,NONE
076940297299,LD BLUE 100 30c PACK,CIGPROMO,NONE,NONE
076940297312,LD MENTHOL 100 30c PACK,CIGPROMO,NONE,NONE
077170100038,HIGH CARD PIPE TOBACCO,1,NONE,NONE
077170100052,HIGH CARD PIPE TOBACCO,1,NONE,NONE
077170100076,HIGH CARD PIPE TOBACCO,1,NONE,NONE
077170100090,HIGH CARD PIPE TOBACCO,1,NONE,NONE
077170100113,HIGH CARD PIPE TOBACCO,1,NONE,NONE
077170100137,HIGH CARD PIPE TOBACCO,1,NONE,NONE
077170100410,LARGO MINT POUCH,1,NONE,NONE
077170100434,LARGO MELLOW POUCH,1,NONE,NONE
077170100496,DRUM GOLDEN POUCH,1,NONE,NONE
077170100816,DRUM GOLDEN MELLOW CAN,1,NONE,NONE
077170101134,SWIFT MACHINE - KING SIZE,1,NONE,NONE
077170101271,4 ACES TURKISH P/T POUCH,1,NONE,NONE
077170101363,JPS FF BAG,1,NONE,NONE
077170101387,JPS MENTHOL,1,NONE,NONE
077170101400,JPS LIGHTS,1,NONE,NONE
077170101677,4ACES PIPE TOBACCO B1G1 CAN,1,NONE,NONE
077170101691,LARGO NATURAL SUN GROWN POUCH,1,NONE,NONE
077170101714,LARGO SUN GROWN P/TOBACCO,1,NONE,NONE
077170101738,LARGO SUN GROWN P/TOBACCO,1,NONE,NONE
077170102940,HIGH CARD FF KING TUBE,1,NONE,NONE
077170103015,HIGH CARD FF 100MM TUBE,1,NONE,NONE
077170103794,GAMBLER SILVER PIPE,1,NONE,NONE
077170103817,GAMBLER SILVER 160Z,1,NONE,NONE
077170103992,TIN STAR REG B1G1 FF POUCH,1,NONE,NONE
077170104012,TIN STAR MENTHOL B/1/G/1  POUC,1,NONE,NONE
077170104036,TIN STAR GOLD B1G1 POUCH,1,NONE,NONE
077170104050,TIN STAR FF SMALL BAG,1,NONE,NONE
077170104074,TIN STAR MENTHOL BAG,1,NONE,NONE
077170104098,TIN STAR GOLD BAG MEDIUM,1,NONE,NONE
077170104111,TIN STAR FF BAG,1,NONE,NONE
077170104135,TIN STAR MENTHOL BAG,1,NONE,NONE
077170104159,TIN STAR GOLD BAG,1,NONE,NONE
077170104425,SWIFT CIG-MACHINE 100mm,1,NONE,NONE
077170107181,GAMBLER TUBE FF 100,1,NONE,NONE
077170108270,TOP FF KING TUBE KING $2.49,1,NONE,NONE
077170108294,TOP LIGHT KING TUBE $2.49,1,NONE,NONE
077170108317,TOP MENTHOL KING $2.49,1,NONE,NONE
077170110150,OCB 1/14 SIZE CIGS ROLLER,5,NOVELTY,NOVELTY
077170110662,4 ACES PIPE TOBACCO,1,NONE,NONE
077170110686,4 ACES PIPE TOBACCO,1,NONE,NONE
077170110846,GAMBLER TURKISH SMALL 6OZ BAG,1,NONE,NONE
077170110860,GAMBLER TURKISH 16OZ,1,NONE,NONE
077170111201,GAMBLER TUBE FF KINGS,1,NONE,NONE
077170112345,LARGO B1G1 RED POUCH,1,NONE,NONE
077170112406,LARGO GOLD B1G1,1,NONE,NONE
077170113038,GAMBLER REGULAR,1,NONE,NONE
077170113052,GAMBLER MENTHOL,1,NONE,NONE
077170113076,GAMBLER GOLD,1,NONE,NONE
077170114479,TOP GOLD 100 $2.99 PROMO,1,NONE,NONE
077170119979,VIRGIN CONE 1.25,1,NONE,NONE
077170119993,VIRGIN CONE KING SIZE,1,NONE,NONE
077170120128,OCB CONE,1,NONE,NONE
077170122429,OCB BAMBOO 1/1/4 6X CONE,1,NONE,NONE
077170122696,OCB BAMBOO MINI CONE,1,NONE,NONE
077170124294,OCB UNBLEACHED CONE 1/4/1 X32,1,NONE,NONE
077170124317,OCB UNBLEACHED CONEKING X24,1,NONE,NONE
077170126540,OCB FLAVOR CARD MNETHOL,1,NONE,NONE
077170129022,OCB BROWN RICE KING SIZE,1,NONE,NONE
077170129046,OCB BROWN RICE 1 1/4 SIZE CONE,1,NONE,NONE
077170129060,OCB BROWN RICE MINI CONE,1,NONE,NONE
077170260046,TOP INJECTOR - MACHINE,1,NONE,NONE
077170260077,TOP 100MM BOX,5,NOVELTY,NOVELTY
077170260107,TOP CIGARETTE FILTER,1,NONE,NONE
077170260114,TOP CIG HARD CASE KING SIZE,5,NOVELTY,NOVELTY
077170260121,GAMBLER STRONG BOX,5,NOVELTY,NOVELTY
077170260206,TOP  FF KINGS TUBES - 50 FREE,1,NONE,NONE
077170260213,TOP GOLD KING TUBE,1,NONE,NONE
077170260220,GAMBLER TUBE FF KINGS,1,NONE,NONE
077170260237,GAMBLER TUBES GOLD KINGS,1,NONE,NONE
077170260312,TOP FILTER TUBES FF 100mm,1,NONE,NONE
077170260336,TOP LIGHT TUBES,1,NONE,NONE
077170260398,GAMBLER CIGARETTE MACHINE,1,NONE,NONE
077170260411,TOP-O-MATIC CIGARETTE MACHINE,5,NOVELTY,NOVELTY
077170260466,100MM CIG CASE,5,NOVELTY,NOVELTY
077170260602,TOP FILTER TIPS KING SIZE BAG,1,NONE,NONE
077170260626,GAMBLER MENTHOL TUBES,1,NONE,NONE
077170260640,GAMBLER FF 100mm TUBES,1,NONE,NONE
077170260664,GAMBLER TUBES GOLD 100mm,1,NONE,NONE
077170260688,GAMBLER INJECTOR 100mm,5,NOVELTY,NOVELTY
077170260701,GAMBLER TUBE CUT KINGS FF,1,NONE,NONE
077170260725,GAMBLER TUBE CUT FF 100mm,1,NONE,NONE
077170260749,GAMBLER TUBE CUT KINGS - GOLD,1,NONE,NONE
077170260763,GAMBLER TUBE CUT GOLD 100mm,1,NONE,NONE
077170260787,GAMBLER T/CUT INJECTOR 78mm,5,NOVELTY,NOVELTY
077170260800,GAMBLER T/CUT 100mm INJECTOR,5,NOVELTY,NOVELTY
077170260848,CIGARETTE MACHINE - TUBE CUT,5,NOVELTY,NOVELTY
077170260855,METAL CIG CASE,5,NOVELTY,NOVELTY
077170260893,TOP-O-MATIC T2 METAL,1,NONE,NONE
077170261012,GAMBLER TUBE CUT MEN KING TUBE,1,NONE,NONE
077170460019,DRUM BLUE POUCH,1,NONE,NONE
077170460026,DRUM HALFZWARE SHAG CAN,1,NONE,NONE
077170460040,TOP GOLD CAN,1,NONE,NONE
077170460309,TOP RED FF 0.4oz POUCH,1,NONE,NONE
077170460323,TOP GOLD 0.4oz POUCH,1,NONE,NONE
077170460347,TOP MENTHOL POUCH .4 oz,1,NONE,NONE
077170460408,LARGO RED POUCH,1,NONE,NONE
077170460507,TOP SUPERROLL 2 PACK,1,NONE,NONE
077170462006,TOP SUPEROLL FF CAN,1,NONE,NONE
077170462013,TOP SUPEROLL LIGHTS CAN,1,NONE,NONE
077170462020,TOP SUPEROLL MENTH CAN,1,NONE,NONE
077170462525,TOP SUPEROLL MEN 3.5oz,1,NONE,NONE
077170462600,TOP SUPEROLL  BAG,1,NONE,NONE
077170462617,TOP SUPEROLL GOLD 3oz,1,NONE,NONE
077170462624,TOP SUPEROLL MEN 3oz,1,NONE,NONE
077170462709,TOP SUPEROLL FF 8oz,1,NONE,NONE
077170462716,TOP SUPEROLL LT 8oz,1,NONE,NONE
077170462723,TOP SUPEROLL MEN 8oz,1,NONE,NONE
077170465373,TOP RED FF 0.6oz POUCH,1,NONE,NONE
077170466523,TOP MENTHOL CAN,1,NONE,NONE
077170469272,TOP F/FLAVOR CAN,1,NONE,NONE
077170480000,GAMBLER FF little cigar,1,NONE,NONE
077170510004,TOP PAPER 1.5",1,NONE,NONE
077170632164,GAMBLER RED,1,NONE,NONE
077170632492,GAMBLER PIPE TOBACCO CAN,1,NONE,NONE
077170632508,GAMBLER TUBECUT 0.35z,1,NONE,NONE
077170632539,GAMBLER TUBE CUT FF BAG,1,NONE,NONE
077170632607,GAMBLER TUBE CUT 0.35z,1,NONE,NONE
077170632706,GAMBLER TUBECUT 0.35z,1,NONE,NONE
077170632843,GAMBLER PIPE TOBACCO F/F BAG,1,NONE,NONE
077170632850,GAMBLER PIPE TOBACCO MEN 6oz B,1,NONE,NONE
077170632867,GAMBLER P/TOBACCO GOLD BAG,1,NONE,NONE
077170632874,GAMBLER FF P/TOBACCO BAG,1,NONE,NONE
077170632881,GAMBLER P/TOBACCO MEN BIG BAG,1,NONE,NONE
077170632898,GAMBLER GOLD PIPE TOBACCO BAG,1,NONE,NONE
077170632928,GAMBLER TUBE CUT TURKISH BAG,1,NONE,NONE
077170633628,4ACES LIGHTS 1Ib,1,NONE,NONE
077170633802,LARGO REGULAR P/TOBACCO BAG,1,NONE,NONE
077170633819,LARGO MELLOW P/TOBACCO BIG BAG,1,NONE,NONE
077170633826,LARGO MINT P/TOBACCO BAG,1,NONE,NONE
077170633864,LARGO FF P/TOBACCO BAG,1,NONE,NONE
077170633871,LARGO MELLOW GOLD BAG,1,NONE,NONE
077170633888,LARGO MENTHOL P/TOBACCO BAG,1,NONE,NONE
077170901710,ROLLING PAPER GUMMED,1,NONE,NONE
078612200002,GONESH INCENSE STICK HOLDER,5,NOVELTY,NOVELTY
078612201023,GONESH STICKS # 02,5,NOVELTY,NOVELTY
078612201047,GONESH INCENSE # 4,5,NOVELTY,NOVELTY
078612201061,GONESH INCENSE # 06,5,NOVELTY,NOVELTY
078612201078,GONESH # 7,5,NOVELTY,NOVELTY
078612201085,GONESH INCENSE # 8,5,NOVELTY,NOVELTY
078612201108,GONESH INCENSE # 10,5,NOVELTY,NOVELTY
078612201122,GONESH INCENSE # 12,5,NOVELTY,NOVELTY
078612201139,GONESH VARIETY PK # 01,5,NOVELTY,NOVELTY
078612201146,GONESH VARIETY PK # 02,5,NOVELTY,NOVELTY
078612208015,GONESH INCENSE,5,NOVELTY,NOVELTY
078612208022,GONESH INCENSE - SANDLEWOOD,5,NOVELTY,NOVELTY
078612208039,GONESH,5,NOVELTY,NOVELTY
078612208060,GONESH INCENSE,5,NOVELTY,NOVELTY
078612208084,GONESH STICKS COCONUT,5,NOVELTY,NOVELTY
078612208091,GONESH STICKS HONEYSUCKLE,5,NOVELTY,NOVELTY
078612208114,GONESH INCENSE,5,NOVELTY,NOVELTY
078612208121,GONESH INSENCE - PATCHOULI,5,NOVELTY,NOVELTY
078612208138,GONESH STICKS CINNAMON,5,NOVELTY,NOVELTY
078612208152,GONESH STICKS HARMONY,5,NOVELTY,NOVELTY
078612208183,GONESH LAVENDER,5,NOVELTY,NOVELTY
078612208206,GONESH,5,NOVELTY,NOVELTY
078612208213,GONESH STICKS RASPBERRY,5,NOVELTY,NOVELTY
078612208237,GONESH INCENSE DREAMCICLE,5,NOVELTY,NOVELTY
078612208244,GONESH,5,NOVELTY,NOVELTY
078612208312,GONESH INCENSE,5,NOVELTY,NOVELTY
078612208329,GONESH - VIOLET,5,NOVELTY,NOVELTY
078612208336,GONESH INSENCE - FRANKINCENSE,5,NOVELTY,NOVELTY
078612208350,GONESH INCENSE PEACH,5,NOVELTY,NOVELTY
078612703015,GONESH DRAGONS BLOOD,5,NOVELTY,NOVELTY
078612703022,OFF WALL INCENSE NAG CHAMPA,5,NOVELTY,NOVELTY
078612703060,OFF WALL INCENSE CHERRY,5,NOVELTY,NOVELTY
078612703091,OFF WALL INCENSE BLK MAGIC,5,NOVELTY,NOVELTY
078612703114,OFF WALL INCENSE TAGGED,5,NOVELTY,NOVELTY
078612900322,GONESH DRAGON BLOOD INSENCE,5,NOVELTY,NOVELTY
078742051451,PURIFIED WATER,10,NONE,NONE
080692951514,TIBURON BUTANE EACH,5,NOVELTY,NOVELTY
080793803910,NOS,10,NONE,NONE
080793804108,DIET NOS,10,NONE,NONE
080793804788,NOS GRAPE,10,NONE,NONE
080793808007,NOS CHARGED CITRUS,10,NONE,NONE
081287000617,COLIBRI BUTANE,5,NOVELTY,NOVELTY
081287036715,COLIBRI CUTTER,6,PRMCIGAR,PREMIUM CIGAR
081287038450,FIREBIRD LIGHTER,5,NOVELTY,NOVELTY
081287039761,FIREBIRD HOOKAH LIGHTER,5,NOVELTY,NOVELTY
081287041825,FIREBIRD LIGHTER,5,NOVELTY,NOVELTY
081635057003,CAR SMOKELESS ASHTRAY,5,NOVELTY,NOVELTY
081635300222,FUJIMA CIG CASE 100MM,5,NOVELTY,NOVELTY
081635600506,FUJIMA CIG CASE KING,5,NOVELTY,NOVELTY
081635810202,CRYSTAL SNUFFER,5,NOVELTY,NOVELTY
086400341301,TOP 70MM ROLLER,5,NOVELTY,NOVELTY
086400902502,JOB VIRGIN UNBLEACHED,1,NONE,NONE
086400902526,JOB VIRGIN UNBLEACHED,1,NONE,NONE
086400902540,JOB VIRGIN UNBLEACHED,1,NONE,NONE
086400902564,JOB VIRGIN UNBLEACHED,1,NONE,NONE
086400902762,OCB ROLL KIT,1,NONE,NONE
086400904308,ocb brown rice 1 1/4,1,NONE,NONE
086400904322,ocb brown rice slim,1,NONE,NONE
086400904469,ocb brown rice tips 1 1/4,1,NONE,NONE
086400904483,ocb brown rice slim plus tips,1,NONE,NONE
086400904902,OCB BAMBOO 11/4 PAPER,1,NONE,NONE
086400904926,OCB SLIM BAMBOO,1,NONE,NONE
086400904940,OCB BAMBOO 11/4 TOPS,1,NONE,NONE
086400904964,OCB BAMBOO SLIM TIPS,1,NONE,NONE
086409123618,PARODI CHERRY VANILLA,6,PRMCIGAR,PREMIUM CIGAR
086409123809,SPECIAL DARK,1,NONE,NONE
086409423114,AVANTI CONTINENTAL,6,PRMCIGAR,PREMIUM CIGAR
086409423930,AVANTI ORGINAL,6,PRMCIGAR,PREMIUM CIGAR
086409423985,KENTUCKY CHEROOTS,6,PRMCIGAR,PREMIUM CIGAR
086409534612,AVANTI CAFE MOCHA,6,PRMCIGAR,PREMIUM CIGAR
086614,ZIG ZAG WHITE 1.5",1,NONE,NONE
086624,ZIG ZAG PAPERS 1 1/4,1,NONE,NONE
086654,ZIG-ZAG KUTCORNERS,1,NONE,NONE
086674,ZIG ZAG C-PAPER 100mm,1,NONE,NONE
086798171009,POD STICK 1600 TANGRINE ICE,5,NOVELTY,NOVELTY
086798175007,POD STICK 1600 MANGO CONE,5,NOVELTY,NOVELTY
086798177001,POD STICK 1600 GUAVA ICE,5,NOVELTY,NOVELTY
087273015238,SMOKEY MOUNTAIN LC STRAIGHT,CHEW CAN,NONE,NONE
08786009822,Blunteffects Jumbo Incense,5,NOVELTY,NOVELTY
087860600779,BLUNTEFFECTS JUMBO INCENSE,5,NOVELTY,NOVELTY
090500010012,KOOL GREEN 100 $.50 OFF,CIGPROMO,NONE,NONE
090500010013,KOOL GREEN BX $.50 OFF,CIGPROMO,NONE,NONE
090500010036,MAVERICK MENTHOL 100s $.50 OFF,CIGPROMO,NONE,NONE
090500010074,WINSTON RED KINGS .50 OFF,CIGPROMO,NONE,NONE
090500010081,WINSTON GOLD KINGS .50 OFF,CIGPROMO,NONE,NONE
090500010128,WINSTON RED 100 .50 OFF,CIGPROMO,NONE,NONE
090500010135,WINSTON GOLD 100 .50 OFF,CIGPROMO,NONE,NONE
090500010166,WINSTON GREEN BX $1off,CIGPROMO,NONE,NONE
090500010319,WINSTON GOLD KING $1 OFF,CIGPROMO,NONE,NONE
090500010326,WINSTON GOLD 100 $1OFF,CIGPROMO,NONE,NONE
090500010517,KOOL LUXE BOLD $1 OFF KING,CIGPROMO,NONE,NONE
090500010524,KOOL LUXE BOLD100 $1 OFF,CIGPROMO,NONE,NONE
090500010531,KOOL LUXE SMOOTH$1 OFF,CIGPROMO,NONE,NONE
090500010548,KOOL LUXE 100 $ 1 OFF,CIGPROMO,NONE,NONE
090500010616,KOOL BLACK KING $.50C OFF,CIGPROMO,NONE,NONE
090500010623,KOOL BLACK100 $.50C OFF,CIGPROMO,NONE,NONE
090500010715,WINSTON SELECT REDKI .50C OFF,CIGPROMO,NONE,NONE
090500010722,WINSTON SELECT RED100 .50C OFF,CIGPROMO,NONE,NONE
090500010739,WINSTON SELECT GOLDKI .50C OFF,CIGPROMO,NONE,NONE
090500010746,WINSTON SELECT GOLD .50C OFF,CIGPROMO,NONE,NONE
090500100027,MAVERICK MENTHOL GOLD 100,3,1,CIG CARTON
090500100065,MAVERICK MENTHOL CTN,3,1,CIG CARTON
090500100133,WINSTON WHITE BOX,3,1,CIG CARTON
090500100324,WINSTON BLACK KING,3,1,CIG CARTON
090500100331,WINSTON BLACK 100,3,1,CIG CARTON
090500100362,WINSTON GREEN SHORTS,3,1,CIG CARTON
090500100515,KOOL LUXE BOLD KINGS,CIGPROMO,NONE,NONE
090500100522,KOOL LUXE BOLD 100S,CIGPROMO,NONE,NONE
090500100539,KOOL LUXE SMOOTH KINGS,CIGPROMO,NONE,NONE
090500100546,KOOL LUXE SMOOTH 100,CIGPROMO,NONE,NONE
090500100553,Kool Black king menthol black,3,1,CIG CARTON
090500100560,Kool Black 100 menthol black,3,1,CIG CARTON
090500100577,W.SELECT FULL KING,3,1,CIG CARTON
090500100584,SELECT FULL 100,3,1,CIG CARTON
090500100591,WINSTON SELECT MELOW KING,3,1,CIG CARTON
090500100607,SELECT MELLOW 100,3,1,CIG CARTON
090600000579,CROWN GOLD KING BOX $.35 OFF,CIGPROMO,NONE,NONE
090600000722,CROWN GOLD 100 .35 C OFF,CIGPROMO,NONE,NONE
090600000739,CROWN DRK GRN KING .35 C OFF,CIGPROMO,NONE,NONE
090600000869,CROWN GREEN DARK 100 $.35 OFF,CIGPROMO,NONE,NONE
090600000876,CROWN RED KING .35 C OFF,CIGPROMO,NONE,NONE
090600000877,CROWN RED 100 .35 C OFF,CIGPROMO,NONE,NONE
090600000883,CROWN FF 100 BOX $.35 OFF,CIGPROMO,NONE,NONE
090600001002,MALIBU BOLD KING PK,2,CGRTPACK,CIGRT PACK
090600001019,MALIBU BOLD 100 PK,2,CGRTPACK,CIGRT PACK
090600001026,MALIBU SMOOTH KING PK,2,CGRTPACK,CIGRT PACK
090600001033,MALIBU SMOOTH 100 PK,2,CGRTPACK,CIGRT PACK
090600001040,MALIBU MENTHOL KING PK,2,CGRTPACK,CIGRT PACK
090600001057,MALIBU MENTHOL 100 PK,2,CGRTPACK,CIGRT PACK
090600001446,FORTUNA MEN LT 100 BX CTN,3,1,CIG CARTON
090600001460,FORTUNA MEN LT BX CTN,3,1,CIG CARTON
090600010004,MONTCLAIR BLACK KING,3,1,CIG CARTON
090600010202,CROWN RED 100s,6,PRMCIGAR,PREMIUM CIGAR
090600010219,MALIBU BOLD KING,3,1,CIG CARTON
090600010226,MALIBU BOLD 100,3,1,CIG CARTON
090600010233,MALIBU SMOOTH KING,3,1,CIG CARTON
090600010240,MALIBU SMOOTH 100,3,1,CIG CARTON
090600010257,MALIBU MENTHOL KING,3,1,CIG CARTON
090600010264,MALIBU MENTHOL 100,3,1,CIG CARTON
090600243754,BALI SHAG RED POUCH,1,NONE,NONE
090600301690,SONOMA MENTHOL 100 BOX,3,1,CIG CARTON
090600301768,SONOMA RED BOX,3,1,CIG CARTON
090600301775,SONOMA RED 100 CARTON,3,1,CIG CARTON
090600301782,SONOMA MEN GLD 100 SFT CTN,3,1,CIG CARTON
090600301843,SONOMA GOLD BOX,3,1,CIG CARTON
090600301850,SONOMA GOLD 100 BOX CTN,3,1,CIG CARTON
090600301935,MONTCLAIR BLK 100BX CTN,3,1,CIG CARTON
090600301959,MONTCLAIR BLUE 100BX CTN,3,1,CIG CARTON
090600301966,MONTCLAIR SILVER 100BX CTN,3,1,CIG CARTON
090600301973,MONTCLAIR MENTHOL 100BX CTN,3,1,CIG CARTON
090600391608,CROWN FF KING,2,CGRTPACK,CIGRT PACK
090600391615,CROWNS GOLD MENTHOL KINGS,2,CGRTPACK,CIGRT PACK
090600391622,CROWN GOLD KING BOX,2,CGRTPACK,CIGRT PACK
090600391646,CROWN MENTHOL LIGHT KING PACK,2,CGRTPACK,CIGRT PACK
090600391660,CROWN FF 100 BOX,2,CGRTPACK,CIGRT PACK
090600391677,CROWN GREEN DARK 100,2,CGRTPACK,CIGRT PACK
090600391684,CROWN GOLD 100,2,CGRTPACK,CIGRT PACK
090600391691,CROWN BLUE 100S,2,CGRTPACK,CIGRT PACK
090600391707,CROWN MENTHOL GREEN 100,2,CGRTPACK,CIGRT PACK
090600392605,CROWN FF KING,3,1,CIG CARTON
090600392612,CROWN MENTHOL KING,3,1,CIG CARTON
090600392629,CROWN GOLD KING BOX,3,1,CIG CARTON
090600392643,CROWN MENTHOLGREEN KING,3,1,CIG CARTON
090600392667,CROWN FF 100 BOX,3,1,CIG CARTON
090600392674,CROWN MENTHOL DARK 100,3,1,CIG CARTON
090600392681,CROWN GOLD 100,3,1,CIG CARTON
090600392698,CROWN BLUE 100,3,1,CIG CARTON
090600392704,CROWN MENTHOL GREEN 100,3,1,CIG CARTON
090600452750,BALI SHAG BLUE CAN,1,NONE,NONE
090600452859,BALI SHAG RED CAN,1,NONE,NONE
090600452903,BALI SHAG CREAM POUCH,1,NONE,NONE
090600452958,BALI SHAG CREAM CAN,1,NONE,NONE
090600530861,BALI SHAG BLUE POUCH,1,NONE,NONE
091037445001,HIGH VOLTAGE DOUBLE FLUSH DETO,5,NOVELTY,NOVELTY
091037445025,HIGH VOLTAGE DOUBLE FLUSH DETO,5,NOVELTY,NOVELTY
091037445995,STREAM SYNTHETIC URINE,5,NOVELTY,NOVELTY
091585041137,CLIPPER LIGHTER,5,NOVELTY,NOVELTY
091585041175,CLIPPER MICRO MINI LIGHTER,5,NOVELTY,NOVELTY
092022091012,EMAMI CIGARS FRESH PACK,6,PRMCIGAR,PREMIUM CIGAR
093314360182,KING BUTANE TALL CAN,5,NOVELTY,NOVELTY
097868127390,BLUNT LIFE JUMBO,5,NOVELTY,NOVELTY
0987,CONE BURNER,5,NOVELTY,NOVELTY
0989,INCENSE BURNER,5,NOVELTY,NOVELTY
0995,INCENSE GIFT PACK,5,NOVELTY,NOVELTY
0999,CH-BO7,5,NOVELTY,NOVELTY
0JO123,AYLUM 13 OGRE 70X7,6,PRMCIGAR,PREMIUM CIGAR
10,METAL BAT LONG,5,NOVELTY,NOVELTY
100,M356 RONDO,6,PRMCIGAR,PREMIUM CIGAR
100001,FISHBONE RDA,5,NOVELTY,NOVELTY
10000195,CHOCOLATE STRAWBERRY 50G,HOOKAH,NONE,NONE
10000223,ROSE 50G,HOOKAH,NONE,NONE
10001,NO7 E-LIQUID,5,NOVELTY,NOVELTY
1000100008332,FUTUROLA PARTY SIZE CONE,1,NONE,NONE
1000100008349,FUTUROLA XL SIZE CONE,1,NONE,NONE
1000100008356,FUTUROLA MEGA XXL CONE,1,NONE,NONE
1000109,PINA COLADA 50G,HOOKAH,NONE,NONE
1003022,last call habano pequnas,6,PRMCIGAR,PREMIUM CIGAR
1003023,LAST CALL MADURO,6,PRMCIGAR,PREMIUM CIGAR
100303,LEAF MADURO TORO,6,PRMCIGAR,PREMIUM CIGAR
100304,LEAF CONNEC TORO,6,PRMCIGAR,PREMIUM CIGAR
100305,LEAF SUMATRA TORA,6,PRMCIGAR,PREMIUM CIGAR
100312,TABERNACLE HAVANA CT ROBUSTO,6,PRMCIGAR,PREMIUM CIGAR
100320,PROJECT 40 TORO SAMPLER,6,PRMCIGAR,PREMIUM CIGAR
100780,AGANORSA LEAF MAD ROBUSTO,6,PRMCIGAR,PREMIUM CIGAR
100789,AGANORSA SUPREME COROJO ROBUST,6,PRMCIGAR,PREMIUM CIGAR
101,ROCKY LIGHTER,5,NOVELTY,NOVELTY
1010101,CIGAR BOX,5,NOVELTY,NOVELTY
10101010,VARIETY E JUICE PK - 12cts,5,NOVELTY,NOVELTY
1010102,CIGAR BOX,5,NOVELTY,NOVELTY
1010103,CIGAR BOX,5,NOVELTY,NOVELTY
1010104,CIGAR BOX,5,NOVELTY,NOVELTY
1010105,CIGAR BOX,5,NOVELTY,NOVELTY
1010106,CIGAR BOX,5,NOVELTY,NOVELTY
1010107,CIGAR BOX,5,NOVELTY,NOVELTY
101012,AF CURLY HEAD NATURAL,6,PRMCIGAR,PREMIUM CIGAR
101013,AF CURLY HEAD MADURO,6,PRMCIGAR,PREMIUM CIGAR
10101456,AF CANONES MADURO,6,PRMCIGAR,PREMIUM CIGAR
101051002965,exus slim battery,5,NOVELTY,NOVELTY
1011,MONTESINO,6,PRMCIGAR,PREMIUM CIGAR
101101,LFD SALOMON UNICO,6,PRMCIGAR,PREMIUM CIGAR
101415,AGANORSA LEAF MAD 6.5X50,6,PRMCIGAR,PREMIUM CIGAR
101416,AGANORSA LEAF COROJO 6.5X50,6,PRMCIGAR,PREMIUM CIGAR
1017,BLANCO,6,PRMCIGAR,PREMIUM CIGAR
101903152343,BD D9 CUBE PACKS OF 2,5,NOVELTY,NOVELTY
102012,2012 toro barber pole,6,PRMCIGAR,PREMIUM CIGAR
102013,MIAMI 2015 COROJO 6X56,6,PRMCIGAR,PREMIUM CIGAR
102019000214,BD 2ML BLUE DREAM,5,NOVELTY,NOVELTY
102019000221,BD 2ML SUPERSOUR DISSEL,5,NOVELTY,NOVELTY
102019000238,BD 2ML WATER SKEDDELZZ,5,NOVELTY,NOVELTY
102019009033,BD 750 GUMMY,5,NOVELTY,NOVELTY
102019009040,BD D9 150MG CHOCLATE,5,NOVELTY,NOVELTY
102019106022,black diamond choc 560mg 54pcs,5,NOVELTY,NOVELTY
102041,LAHISTORIA DON ELENA,6,PRMCIGAR,PREMIUM CIGAR
102042,LAHISTORIA EL SENADOR,6,PRMCIGAR,PREMIUM CIGAR
105232,CRAFTED BY JAIME GARCIA ROBUST,6,PRMCIGAR,PREMIUM CIGAR
10609,HVC BLACKFRIDAY ROBUSTO EXTRA,6,PRMCIGAR,PREMIUM CIGAR
1086096,LUNATIC TORCH 7X50,6,PRMCIGAR,PREMIUM CIGAR
11,BRASS- PIPE SCREENS 5cts,5,NOVELTY,NOVELTY
11.99SPINNER,LED SPINNNER,5,NOVELTY,NOVELTY
110,BasicTM Cigar Cutter,5,NOVELTY,NOVELTY
1100,SHORT PK RED,5,NOVELTY,NOVELTY
1101,B.M.MENTHOL 30ML,5,NOVELTY,NOVELTY
1102,B.M.FF 24MG,5,NOVELTY,NOVELTY
1103,B.M.LIGHT 100,5,NOVELTY,NOVELTY
11032,B.M. LIGHT 100S BIG BOTTLE,5,NOVELTY,NOVELTY
111,FancyTM Cigar Cutter,5,NOVELTY,NOVELTY
1110,BRASS SCREEN 10PCS,5,NOVELTY,NOVELTY
111001,PINA COLADA B. M. 12MG,5,NOVELTY,NOVELTY
1111,DAVINCI,6,PRMCIGAR,PREMIUM CIGAR
11111,NAG CHAMPA 50G,5,NOVELTY,NOVELTY
111111,CHEAP BASTARD,6,PRMCIGAR,PREMIUM CIGAR
1111111,B.M.RED30ML,5,NOVELTY,NOVELTY
11111111,TOBACCO POUCH SMALL,5,NOVELTY,NOVELTY
1111111999,DRY HERB KIT,5,NOVELTY,NOVELTY
111111333,FUNKY MONKEY B.M. 30MG,5,NOVELTY,NOVELTY
1111115555,NIMBUS,5,NOVELTY,NOVELTY
111122,FOOS WICK,5,NOVELTY,NOVELTY
11115,50PK BRASS SCREEN,5,NOVELTY,NOVELTY
1111567,U-CAN ELIQUID CAN,5,NOVELTY,NOVELTY
111211,CE4 ATOMIZER,5,NOVELTY,NOVELTY
11122,THE BULL ROBUSTO,6,PRMCIGAR,PREMIUM CIGAR
11122210,GURKHA FURY,6,PRMCIGAR,PREMIUM CIGAR
11122230,BULL TORO,6,PRMCIGAR,PREMIUM CIGAR
1112229,JOYADE NICARAGUA,6,PRMCIGAR,PREMIUM CIGAR
1112230,JOYA DARK COROJO,6,PRMCIGAR,PREMIUM CIGAR
11122331,SPIRIT OF CUBA,6,PRMCIGAR,PREMIUM CIGAR
11122332,SPIRIT OF CUBA,6,PRMCIGAR,PREMIUM CIGAR
11122333,ESTILO CUBANO,6,PRMCIGAR,PREMIUM CIGAR
11122334,HAVOC TORO BY AJ,6,PRMCIGAR,PREMIUM CIGAR
111331,PETER STOKKEBYE,5,NOVELTY,NOVELTY
111332,PETER STOKKEBYE,5,NOVELTY,NOVELTY
111333,PETER STOKKEBYE,5,NOVELTY,NOVELTY
111334,PETER STOKKEBYE,5,NOVELTY,NOVELTY
1113345,PETER STOKKEBYE,5,NOVELTY,NOVELTY
111335,PETER STOKKEBYE,5,NOVELTY,NOVELTY
1113356,PETER STOKKEBYE,5,NOVELTY,NOVELTY
1113357,PETER STOKKEBYE,5,NOVELTY,NOVELTY
111336,PETER STOKKEBYE,5,NOVELTY,NOVELTY
111337,PETER STOKKEBYE,5,NOVELTY,NOVELTY
111338,PETER STOKKEBYE,5,NOVELTY,NOVELTY
111339,PETER STOKKEBYE,5,NOVELTY,NOVELTY
111340,PETER STOKKEBYE,5,NOVELTY,NOVELTY
111341,PETER STOKKEBYE,5,NOVELTY,NOVELTY
111342,PETER STOKKEBYE,5,NOVELTY,NOVELTY
111343,PETER STOKKEBYE,5,NOVELTY,NOVELTY
111344,PETER STOKKEBYE,5,NOVELTY,NOVELTY
111345,PETER STOKKEBYE,5,NOVELTY,NOVELTY
111354,PETER STOKKEBYE,5,NOVELTY,NOVELTY
1113551,PETER STOKKEBYE,5,NOVELTY,NOVELTY
1113552,PETER STOKKEBYE,5,NOVELTY,NOVELTY
111730,EAGLE MENTHOL GOLDKING,2,CGRTPACK,CIGRT PACK
1122,LA AROMA DE CUBA,6,PRMCIGAR,PREMIUM CIGAR
112820,EAGLE20S BLUE KING,2,CGRTPACK,CIGRT PACK
112830,EAGLE 20S RED KING,2,CGRTPACK,CIGRT PACK
112850,EAGLE M.SILVER KING,2,CGRTPACK,CIGRT PACK
112870,EAGLE 20S BLUE 100,2,CGRTPACK,CIGRT PACK
112880,EAGLE 20S RED 100,2,CGRTPACK,CIGRT PACK
112900,EAGLE20S ORANGE KING,2,CGRTPACK,CIGRT PACK
112910,EAGLE20S ORANGE 100,2,CGRTPACK,CIGRT PACK
112930,EAGLE M.GOLD 100,2,CGRTPACK,CIGRT PACK
112940,EAGLE 20 M.SILVER 100,2,CGRTPACK,CIGRT PACK
112970,EVE AMETHYST - PURPLE PK,2,CGRTPACK,CIGRT PACK
112990,EVE SAPPHIRE - BLUE PK,2,CGRTPACK,CIGRT PACK
113000,EVE TURQUOISE - LT GREEN PK,2,CGRTPACK,CIGRT PACK
114050,PYRAMID NONFILTER,2,CGRTPACK,CIGRT PACK
115320,EAGLE NON FILTER,2,CGRTPACK,CIGRT PACK
115800,LIGGETT NF BX,2,CGRTPACK,CIGRT PACK
116360,GRAND PRIX BLUE BX,2,CGRTPACK,CIGRT PACK
116380,GRAND PRIX BLUE 100BX,2,CGRTPACK,CIGRT PACK
118505122032,CHAMP DETOX - STRAW-KIWI,5,NOVELTY,NOVELTY
1199SPINNER,11.99 SPINNER,5,NOVELTY,NOVELTY
12,GLADIUS COIL,5,NOVELTY,NOVELTY
12.99SPINNER,FIDGET SPINNER,5,NOVELTY,NOVELTY
121080,AQUAFINA WATER,10,NONE,NONE
12111,P. BULLET N,6,PRMCIGAR,PREMIUM CIGAR
12113,P. CUBAN BULLET ROBUSTO,6,PRMCIGAR,PREMIUM CIGAR
1211312,DIP TO GO,7,CHEWLOG,LOG CHEW
121211,MEERSCHAUM PIPE,5,NOVELTY,NOVELTY
1212111,HOOKAH,5,NOVELTY,NOVELTY
12121113,HOOKAH,5,NOVELTY,NOVELTY
1212112,HOOKAH,5,NOVELTY,NOVELTY
12121121,ELEMENT TRAY,5,NOVELTY,NOVELTY
121211212,CRYSTAL ASHTRAY,5,NOVELTY,NOVELTY
1212113,HOOKAH,5,NOVELTY,NOVELTY
121212,ROBUSTO NATURAL,6,PRMCIGAR,PREMIUM CIGAR
12121211,CAMACHO CONNECTICUT TORO,6,PRMCIGAR,PREMIUM CIGAR
121212111,MT3 CARTOMIZER,5,NOVELTY,NOVELTY
121212112,T3S ATOMIZER,5,NOVELTY,NOVELTY
12121212,FUHATTAN E-CIG KIT,5,NOVELTY,NOVELTY
1212121212,CIGAR BOX,5,NOVELTY,NOVELTY
12121212123,CIGAR BOX,5,NOVELTY,NOVELTY
1212121213,CIGAR BOX,5,NOVELTY,NOVELTY
1212122,CUBAN ROUNDS,6,PRMCIGAR,PREMIUM CIGAR
1212123,CRIOLLO BOMBA,6,PRMCIGAR,PREMIUM CIGAR
121213,CHEAP BASTARD CIGAR,6,PRMCIGAR,PREMIUM CIGAR
12123311,CIGAR HOLDER,5,NOVELTY,NOVELTY
12124444,4 ACES B1G1 POUCH,1,NONE,NONE
12124478,LARGO MINT B1G1 POUCH,1,NONE,NONE
12124544,LARGO NATURAL B1G1 POUCH,1,NONE,NONE
12124546,LARGO GOLD B1G1 POUCH,1,NONE,NONE
121334,8-5-8 CLARO,6,PRMCIGAR,PREMIUM CIGAR
121345,DON PEPIN GARCIA 15TH ANNI,6,PRMCIGAR,PREMIUM CIGAR
1215,6 FOR $10 ELIQUID,5,NOVELTY,NOVELTY
123,ASHTON MINI CIGARILLOS,6,PRMCIGAR,PREMIUM CIGAR
123013,CAMEL NON FILTER PK,2,CGRTPACK,CIGRT PACK
123033,CAMEL FILTERS BOX,2,CGRTPACK,CIGRT PACK
123073,CAMEL BLUE  BOX,2,CGRTPACK,CIGRT PACK
123123,WINSTON RED BX,2,CGRTPACK,CIGRT PACK
123193,WINSTON GOLD BX,2,CGRTPACK,CIGRT PACK
123203,SALEM MENT FF BX,2,CGRTPACK,CIGRT PACK
123223,SALEM MENTH FF 100BX,2,CGRTPACK,CIGRT PACK
123233,CAMEL SNUS MELLOW,7,CHEWLOG,LOG CHEW
123243,SALEM GOLD BX,2,CGRTPACK,CIGRT PACK
123253,SALEM GOLD 100BX,2,CGRTPACK,CIGRT PACK
123263,SALEM SLIM 100BX,2,CGRTPACK,CIGRT PACK
123321,JULIUS CESAR ROBUSTO,6,PRMCIGAR,PREMIUM CIGAR
123354,ZICO BIG TORCH/ WHIPIT,5,NOVELTY,NOVELTY
123355,ZICO BIG TORCH,5,NOVELTY,NOVELTY
1233stolen,seneca cherry 8pk,4,CIGARCTN,CIGAR CRTN
123403,CAMEL SNUS FROST LARGE,7,CHEWLOG,LOG CHEW
1234555,DIESEL SHORTY,6,PRMCIGAR,PREMIUM CIGAR
1234569,DIESEL UNLIMITED D7,6,PRMCIGAR,PREMIUM CIGAR
123456990,ROYAL DUKE,5,NOVELTY,NOVELTY
123457,PROJECT 40 GORDO 5PK,6,PRMCIGAR,PREMIUM CIGAR
1234570,DIESEL D7 MADURO UNLIMITED,6,PRMCIGAR,PREMIUM CIGAR
123458,PROJECT 40 CHURCHILL 5PK,6,PRMCIGAR,PREMIUM CIGAR
123498,ZICO TORCH LIGHTER,5,NOVELTY,NOVELTY
123543,KAMEL RED BOX,2,CGRTPACK,CIGRT PACK
123553,MORE RED 120 SOFT PK,2,CGRTPACK,CIGRT PACK
123555,OLIVIA SERIES V. MELANIO,6,PRMCIGAR,PREMIUM CIGAR
123593,WINSTON GOLD 100BX,2,CGRTPACK,CIGRT PACK
123603,MORE MENTHOL 120 SOFT PK,2,CGRTPACK,CIGRT PACK
123683,CAMEL SNUS WINTER CHILL,7,CHEWLOG,LOG CHEW
123703,CAMEL SNUS FROST,7,CHEWLOG,LOG CHEW
123773,KAMEL RED SMOOTH BX,2,CGRTPACK,CIGRT PACK
123883,CAMEL SNUS MINT,7,CHEWLOG,LOG CHEW
123897,ARANORSA LEAF ROBUSTO,6,PRMCIGAR,PREMIUM CIGAR
123900,GH COROJO # 5 MINI,6,PRMCIGAR,PREMIUM CIGAR
123933,CAMEL CRUSH MENTHOL BX,2,CGRTPACK,CIGRT PACK
123943,CAMEL CRUSH MENTHOL SILVER BX,2,CGRTPACK,CIGRT PACK
123980,OLIVA ELEC LIGHTER,5,NOVELTY,NOVELTY
123ABC,AB 2ND RUN MAD ROBUSTO,6,PRMCIGAR,PREMIUM CIGAR
123fuente,AF FATHER & SON SAMPLER,6,PRMCIGAR,PREMIUM CIGAR
123UNHOLY,DIESEL MAD D5,6,PRMCIGAR,PREMIUM CIGAR
124,RESERVA LIMITADA CLASSIC,6,PRMCIGAR,PREMIUM CIGAR
124124,DIESEL UNHOLY COCKTAIL,6,PRMCIGAR,PREMIUM CIGAR
124125,DIESEL D5 MADURO,6,PRMCIGAR,PREMIUM CIGAR
124589,MASTER MASON GRAND TORO,6,PRMCIGAR,PREMIUM CIGAR
124598,FAST FILL SINGLE FLAME TORCH,5,NOVELTY,NOVELTY
124980,V MELANIO MAD FIGURADO,6,PRMCIGAR,PREMIUM CIGAR
125,SUNGROWN MADURO 554,6,PRMCIGAR,PREMIUM CIGAR
125125,DIESEL UNLIMITED D6,6,PRMCIGAR,PREMIUM CIGAR
125125125,GURKHA ROBUSTO,6,PRMCIGAR,PREMIUM CIGAR
125212,RESERVA ESPECIAL FIGURADO,6,PRMCIGAR,PREMIUM CIGAR
125246,GURKHA ROTHSCHILD,6,PRMCIGAR,PREMIUM CIGAR
125247,XO 6X60 GURKHA,6,PRMCIGAR,PREMIUM CIGAR
125630,three king big chracoal,5,NOVELTY,NOVELTY
125789,EL GUEGUENSE 5YRS ANNIVER,6,PRMCIGAR,PREMIUM CIGAR
127,CURIVARI SG MAD 550,6,PRMCIGAR,PREMIUM CIGAR
127721,PRALINES SEMILLA CUBANA,6,PRMCIGAR,PREMIUM CIGAR
129003,LP NO 9 ROBUSTO,6,PRMCIGAR,PREMIUM CIGAR
12gurkha,FLASK SILVER GURKHA,6,PRMCIGAR,PREMIUM CIGAR
130,SILVER - PIPE SCREENS 5cts,5,NOVELTY,NOVELTY
1310105,TOBACCONIST RES VA BLND 1.75 T,1,NONE,NONE
131313,ASHTON ESQUIRE,6,PRMCIGAR,PREMIUM CIGAR
1313131,ASHTON ESQUIRE,6,PRMCIGAR,PREMIUM CIGAR
131544,GENESIS PROJECT,6,PRMCIGAR,PREMIUM CIGAR
132452288888,funte anejo,6,PRMCIGAR,PREMIUM CIGAR
14.99SPINNER,FIDGET SPINNER,5,NOVELTY,NOVELTY
141414,CARLOS TORANO R.S.R,6,PRMCIGAR,PREMIUM CIGAR
1415161,GURKHA BEAUTY,6,PRMCIGAR,PREMIUM CIGAR
14151610,REPOSADO HABANO,6,PRMCIGAR,PREMIUM CIGAR
1415162,GURKHA BEAUTY,6,PRMCIGAR,PREMIUM CIGAR
1415163,BLACK DRAGON,6,PRMCIGAR,PREMIUM CIGAR
1415164,GURKHA HANSOTIA,6,PRMCIGAR,PREMIUM CIGAR
1415165,LA FONTANA,6,PRMCIGAR,PREMIUM CIGAR
1415166,ISLA DEL SOL TORO,6,PRMCIGAR,PREMIUM CIGAR
1426,DUSK ROBUSTO SELECTOS,6,PRMCIGAR,PREMIUM CIGAR
1499SPINNER,14.99 SPINNER,5,NOVELTY,NOVELTY
1502010,ARCTIC SUBTANK,5,NOVELTY,NOVELTY
1502011,ARCTIC .2 OHM NICKEL COIL,5,NOVELTY,NOVELTY
1502012,STRATOS TANK,5,NOVELTY,NOVELTY
1502013,STRATOS MINI,5,NOVELTY,NOVELTY
150203,ROBOT X12,5,NOVELTY,NOVELTY
150205,TURBO RDA,5,NOVELTY,NOVELTY
150207,GRINDER TOBACCO,5,NOVELTY,NOVELTY
150211,ATMOS DRY VAPORIZER,5,NOVELTY,NOVELTY
150213,BAU 20W MOD,5,NOVELTY,NOVELTY
150214,BAO 30W MOD,5,NOVELTY,NOVELTY
150627,ASPIRE PREMIUM KIT,5,NOVELTY,NOVELTY
150901178967,TF Q4-140W 0.15ohm COIL,5,NOVELTY,NOVELTY
151102369343,TF-T3 SMOKE COIL,5,NOVELTY,NOVELTY
151106230953,TF-Q4 COIL 0.15,5,NOVELTY,NOVELTY
151114200309,ODYSSEY MINI KIT,5,NOVELTY,NOVELTY
151515,CHEAP BASTARD,6,PRMCIGAR,PREMIUM CIGAR
154645,ISLA DEL SOL CHURCHILL,6,PRMCIGAR,PREMIUM CIGAR
1569850,MT3 COIL,5,NOVELTY,NOVELTY
159632,SUBEGO COIL,5,NOVELTY,NOVELTY
191693013825,ZIPPO,6,PRMCIGAR,PREMIUM CIGAR
191693021929,ZIPPO,5,NOVELTY,NOVELTY
191693022162,ZIPPO,5,NOVELTY,NOVELTY
191693022247,ZIPPO,5,NOVELTY,NOVELTY
191693031126,ZIPPO,5,NOVELTY,NOVELTY
191693062298,ZZPK711 ZIPPO LIGHTER,5,NOVELTY,NOVELTY
191693087161,ZIPPO DRAGON ACE DESIGN,5,NOVELTY,NOVELTY
191693087185,ZP29842 ZIPPO LIGHTER,5,NOVELTY,NOVELTY
191693090826,ZP29874 ZIPPO LIGHTER,5,NOVELTY,NOVELTY
191693108927,ZIPPO,5,NOVELTY,NOVELTY
191693108958,NFL ZIPPO,5,NOVELTY,NOVELTY
191693109030,zippo,5,NOVELTY,NOVELTY
191693109085,ZIPPO,5,NOVELTY,NOVELTY
191693113433,ZIPPO ACDC,5,NOVELTY,NOVELTY
191693124729,ZPK667 ZIPPO LIGHTER,5,NOVELTY,NOVELTY
191693124736,ZPK669 ZIPPO LIGHTER,5,NOVELTY,NOVELTY
191693125825,ZIPPO LTR INSERT DBLBLUE TORCH,5,NOVELTY,NOVELTY
191693128185,ZPK708 ZIPPO LIGHTER,5,NOVELTY,NOVELTY
191693128413,ZP29722 ZIPPO LIGHTER,5,NOVELTY,NOVELTY
191693134247,ZIPPO PABST BLUE RIBBON,5,NOVELTY,NOVELTY
191693142969,ZP49146 ZIPPO LIGHTER,5,NOVELTY,NOVELTY
191693161878,SUPERBOWL LIV ZIPPO,5,NOVELTY,NOVELTY
191693165579,ZIPPO LEAF SKULL PINEAPPLE,5,NOVELTY,NOVELTY
191693173024,ZIPPO FIREBALL,5,NOVELTY,NOVELTY
191693173031,ZIPPO LIGHTER,5,NOVELTY,NOVELTY
191693198737,ZIPPO SKULL DESIGN,5,NOVELTY,NOVELTY
191693199376,ZIPPO ALIEN DESIGN,5,NOVELTY,NOVELTY
191693199437,ZIPPO FLAT TORQUOISE,5,NOVELTY,NOVELTY
191693199789,ZP49820,5,NOVELTY,NOVELTY
191693245608,KC CHIEFS LIVII ZIPPO,5,NOVELTY,NOVELTY
191693719055,ZIPPO CROWN ROYAL,5,NOVELTY,NOVELTY
19-2,VAPOR EX 10ML JUICE,5,NOVELTY,NOVELTY
1923456,DIESEL GRIND,6,PRMCIGAR,PREMIUM CIGAR
192680TH,PADRON 1926 80TH MAD,6,PRMCIGAR,PREMIUM CIGAR
19-3,CVAPOR EX 30ML JUICE,5,NOVELTY,NOVELTY
19-4,GONESH INSENCE,5,NOVELTY,NOVELTY
194130,DIAMOND CROWN 130TH ANNI,6,PRMCIGAR,PREMIUM CIGAR
194904,ILLUSIONE MJ12,6,PRMCIGAR,PREMIUM CIGAR
194905,ILLUSIONE MJ12,6,PRMCIGAR,PREMIUM CIGAR
195385,CAMACHO DITKA,6,PRMCIGAR,PREMIUM CIGAR
196043014835,ROMEO Y JULIETA TORO 54X6,6,PRMCIGAR,PREMIUM CIGAR
196043027811,ROMEO Y JULIETA ROBUSTO 52X5,6,PRMCIGAR,PREMIUM CIGAR
196043027859,ROMEO Y JULIETA MAGNUM 60X6,6,PRMCIGAR,PREMIUM CIGAR
196043037735,AJF HERITAGE TORO,6,PRMCIGAR,PREMIUM CIGAR
196226000624,FIREBALL TIN CIGARS,6,PRMCIGAR,PREMIUM CIGAR
196226000648,FIREBALL 5CORONA CIGAR,6,PRMCIGAR,PREMIUM CIGAR
1964A,PADRON 1964 A MADURO,6,PRMCIGAR,PREMIUM CIGAR
1964HER,1964 HERMOSO MAD,6,PRMCIGAR,PREMIUM CIGAR
1971221,iCLEAR10 TANK,5,NOVELTY,NOVELTY
19720307,DA VINCI HERB/WAX KIT,5,NOVELTY,NOVELTY
197237,CLIPPER 2/69C SWEETS,1,NONE,NONE
197238,CLIPPER GRAPE 2/69c,1,NONE,NONE
197239,1100MAH VARIBLE KIT,5,NOVELTY,NOVELTY
197400,DC ROBUSTO NAT NO #3,6,PRMCIGAR,PREMIUM CIGAR
197510,HABANO CORONA,6,PRMCIGAR,PREMIUM CIGAR
197644003587,MOOCAH CHOC BAR MASHROOM,5,NOVELTY,NOVELTY
198816000120,MOJO MINT,5,NOVELTY,NOVELTY
198816000144,MOJO BLUE RASBERRY,5,NOVELTY,NOVELTY
198816000168,MOJOPEACH WATERMELON,5,NOVELTY,NOVELTY
198816000182,MOJO TROPICAL PUNCH,5,NOVELTY,NOVELTY
19902210,LA CASITA CRIOLLA,6,PRMCIGAR,PREMIUM CIGAR
199925,DCJC ET BRUTE CFCF,6,PRMCIGAR,PREMIUM CIGAR
2000,SILVER PIPE SCREEN,5,NOVELTY,NOVELTY
2000274,SCORPION BLACK ROBUSTO,6,PRMCIGAR,PREMIUM CIGAR
2000298,SCORPION BLACK GORDO,6,PRMCIGAR,PREMIUM CIGAR
2000351,scorpion black supergordo,6,PRMCIGAR,PREMIUM CIGAR
20006955,ZIN NIC HALF CORONA,6,PRMCIGAR,PREMIUM CIGAR
2001,BRONZE PIPE SCREEN,5,NOVELTY,NOVELTY
200100,TESLA 100W 2 MOD,5,NOVELTY,NOVELTY
200101,SMALL CIGAR CONN,6,PRMCIGAR,PREMIUM CIGAR
200102,MADURO TORO,6,PRMCIGAR,PREMIUM CIGAR
200106,MOTIVO 6X46,6,PRMCIGAR,PREMIUM CIGAR
2002,CIGAR HOLDER TIPS,5,NOVELTY,NOVELTY
200222,VINTAGE 2002 ROBUSTO,6,PRMCIGAR,PREMIUM CIGAR
2003,BULK INCENSE STICKS,5,NOVELTY,NOVELTY
200300,ROBUSTO MADURO,6,PRMCIGAR,PREMIUM CIGAR
2003003,CUBAN BELICOSO,6,PRMCIGAR,PREMIUM CIGAR
200301,ELITE TANK II,5,NOVELTY,NOVELTY
200302,ELITE COIL 0.5OHM,5,NOVELTY,NOVELTY
200303,GOBLIN MINI,5,NOVELTY,NOVELTY
200305,CLT V3 TANK,5,NOVELTY,NOVELTY
200306,CLTV3 MINI TANK,5,NOVELTY,NOVELTY
200308,DOPPEL GORDO,6,PRMCIGAR,PREMIUM CIGAR
2004,CAROLINA ROBUSTO,6,PRMCIGAR,PREMIUM CIGAR
200400,TESLA INVADER II,5,NOVELTY,NOVELTY
200401,TESLA 160 TC MOD,5,NOVELTY,NOVELTY
200402,NVAPE WAX KIT,5,NOVELTY,NOVELTY
200403,LITE 40W KIT,5,NOVELTY,NOVELTY
200404,CHERRY BOMBER MOD,5,NOVELTY,NOVELTY
200405,ATTY3 RDA TANK,5,NOVELTY,NOVELTY
200407,LITE 40 COIL,5,NOVELTY,NOVELTY
200408,NVAPE TANK,5,NOVELTY,NOVELTY
200411,GRANDES 50X6,6,PRMCIGAR,PREMIUM CIGAR
2008221,MICRO G SET,5,NOVELTY,NOVELTY
2009TMAD,COROJO NO#5 GRAN ROBUSTO,6,PRMCIGAR,PREMIUM CIGAR
200BG,GH BLUEINGREEN GRAN ROBUSTO,6,PRMCIGAR,PREMIUM CIGAR
20102,HVC PAN CALIENTE ROBUS CONN,6,PRMCIGAR,PREMIUM CIGAR
20103,HVC PANCALI CORONAEXTRA CONN,6,PRMCIGAR,PREMIUM CIGAR
201173,4000 NATURAL PADRON,6,PRMCIGAR,PREMIUM CIGAR
201231,MAGICOS MADUROS,6,PRMCIGAR,PREMIUM CIGAR
20126315,2012 CONN TORO,6,PRMCIGAR,PREMIUM CIGAR
2012652,2012 COROTO TORO,6,PRMCIGAR,PREMIUM CIGAR
2012660,2012 MADURO SIXTY,6,PRMCIGAR,PREMIUM CIGAR
201503309991,BGO COIL,5,NOVELTY,NOVELTY
201622,T18 & 22 (1.5ohm) PRISM COIL,5,NOVELTY,NOVELTY
2019CRA,2019 CRA 10PK SAMPLER,6,PRMCIGAR,PREMIUM CIGAR
20201,HVC PANCALI MAD CHURCHILL,6,PRMCIGAR,PREMIUM CIGAR
20202,HVC PANCALI ROBUSTO MAD,6,PRMCIGAR,PREMIUM CIGAR
202020,QUATTRO MAESTRO,6,PRMCIGAR,PREMIUM CIGAR
2023th,MF 20TH ANNI LIMITED 2023,6,PRMCIGAR,PREMIUM CIGAR
203,TROY GLASS RIG,5,NOVELTY,NOVELTY
2030405,MINI PROTANK 3 KIT,5,NOVELTY,NOVELTY
204033,MISTY MENTHOL SILVER 100BX,2,CGRTPACK,CIGRT PACK
2040605,OLIVA V MADURO,6,PRMCIGAR,PREMIUM CIGAR
2040606,OLIVIA SERIES V MELANIO,6,PRMCIGAR,PREMIUM CIGAR
20411MUS,HOOKAH,5,NOVELTY,NOVELTY
204343,MISTY BLUE 120 BX,2,CGRTPACK,CIGRT PACK
204353,MISTY MENTHOL 120 BX,2,CGRTPACK,CIGRT PACK
20503,THE MANHATTAN,5,NOVELTY,NOVELTY
20716,CHURCHILL,6,PRMCIGAR,PREMIUM CIGAR
210001,WATER PIPE,5,NOVELTY,NOVELTY
210153,GROCERY,10,NONE,NONE
210214,GENEROSS TORO,6,PRMCIGAR,PREMIUM CIGAR
210215,SHORT ROBUSTO,6,PRMCIGAR,PREMIUM CIGAR
210216,BUBLER LARGE,5,NOVELTY,NOVELTY
210219,SPINNER ASHTRAY,5,NOVELTY,NOVELTY
210220,BUD BUCKET ASHTRAY,5,NOVELTY,NOVELTY
210226,DELTA II ATOMIZER HEAD,5,NOVELTY,NOVELTY
21027,WATERPIPE,5,NOVELTY,NOVELTY
2104,QUORUM SHADE,6,PRMCIGAR,PREMIUM CIGAR
2105,RASPBERRY 24MG,5,NOVELTY,NOVELTY
210510,HEMINGWAY WORK OF ART NAT,6,PRMCIGAR,PREMIUM CIGAR
2106,COTTON CANDY 12MG,5,NOVELTY,NOVELTY
2107,STRAWBERRY 24MG,5,NOVELTY,NOVELTY
2108,BANANA 24MG,5,NOVELTY,NOVELTY
2110,TOOTYFRUITY 12MG,5,NOVELTY,NOVELTY
2111,WATERMELON24MG,5,NOVELTY,NOVELTY
21113,ASHTON.P.S,6,PRMCIGAR,PREMIUM CIGAR
2112,B.RASPBERRY.24MG,5,NOVELTY,NOVELTY
2113,STRAWBERRY 12MG,5,NOVELTY,NOVELTY
2114,POMEGRANATE 24MG,5,NOVELTY,NOVELTY
2115,PINA COLDA 24MG,5,NOVELTY,NOVELTY
2116,TOOTYFRUITY 24MG,5,NOVELTY,NOVELTY
2117,POMEGRANATE 12MG,5,NOVELTY,NOVELTY
2118,APPLEPIE 12MG,5,NOVELTY,NOVELTY
2120,WATERMELON 12MG,5,NOVELTY,NOVELTY
212121,C.BASTARD.B,6,PRMCIGAR,PREMIUM CIGAR
213,MERMAID LADY PIPE,5,NOVELTY,NOVELTY
213214,N.A.S LFD,6,PRMCIGAR,PREMIUM CIGAR
2133,ASHTON VSG,6,PRMCIGAR,PREMIUM CIGAR
213456,SUPERFLY CONN CORONA,6,PRMCIGAR,PREMIUM CIGAR
213562,BLANCO ROBUSTO,1,NONE,NONE
2182,CIGAR SCISSORS,5,NOVELTY,NOVELTY
21823,FUSION TORO,6,PRMCIGAR,PREMIUM CIGAR
218242,FREEDOM ROBUSTO,6,PRMCIGAR,PREMIUM CIGAR
218243,FLOR DE SAN ANDRES TORO,6,PRMCIGAR,PREMIUM CIGAR
218245,FLOR SAN ANDRES 7X50,6,PRMCIGAR,PREMIUM CIGAR
2200,EGO 2200 KIT,5,NOVELTY,NOVELTY
2201,DELICIAS MADURO,6,PRMCIGAR,PREMIUM CIGAR
2202,PADRON 5000 MADURO,6,PRMCIGAR,PREMIUM CIGAR
220200,DELICIAS NATURAL,6,PRMCIGAR,PREMIUM CIGAR
220201,PADRON DELICIAS MADURO,6,PRMCIGAR,PREMIUM CIGAR
220202,LONDRES MADURO,6,PRMCIGAR,PREMIUM CIGAR
220203,PALMA MADURO,6,PRMCIGAR,PREMIUM CIGAR
220204,PALMA NATURAL,6,PRMCIGAR,PREMIUM CIGAR
220205,PANATELA NATURAL,6,PRMCIGAR,PREMIUM CIGAR
220206,PANETELA MADURO,6,PRMCIGAR,PREMIUM CIGAR
220207,NO35MADURO 1926,6,PRMCIGAR,PREMIUM CIGAR
220208,LONDRES NATURAL,6,PRMCIGAR,PREMIUM CIGAR
2203,PADRON 5000 NATURAL,6,PRMCIGAR,PREMIUM CIGAR
2205,PADRON 6000 NATURAL,6,PRMCIGAR,PREMIUM CIGAR
220505,6000 MADURO PADRON,6,PRMCIGAR,PREMIUM CIGAR
220606,DAMASO #12,6,PRMCIGAR,PREMIUM CIGAR
2208,ASHTON.C.NO.1,6,PRMCIGAR,PREMIUM CIGAR
2209,ASHTON.C.PYRAMID,6,PRMCIGAR,PREMIUM CIGAR
221,APRICOT 50G,HOOKAH,NONE,NONE
2210,ASHTON.C.BELICOSO,6,PRMCIGAR,PREMIUM CIGAR
2210090,TOPPER,6,PRMCIGAR,PREMIUM CIGAR
2211,LA AROMA DE CUBA,6,PRMCIGAR,PREMIUM CIGAR
221133,CORONA EXTRA,6,PRMCIGAR,PREMIUM CIGAR
221134,BANSHEE 5X50,6,PRMCIGAR,PREMIUM CIGAR
2211990,i30 COIL,5,NOVELTY,NOVELTY
2212,ASHTON.C.NO2,6,PRMCIGAR,PREMIUM CIGAR
221211,LA AROMA DE CUBA,6,PRMCIGAR,PREMIUM CIGAR
221233,CORONITA,6,PRMCIGAR,PREMIUM CIGAR
221234,BELICOSO FINO,6,PRMCIGAR,PREMIUM CIGAR
22141422,ASHTON CABINET NO 4,6,PRMCIGAR,PREMIUM CIGAR
221547,TORO 6X50 CAMEROON,6,PRMCIGAR,PREMIUM CIGAR
222000,4000 MADURO,6,PRMCIGAR,PREMIUM CIGAR
2221,CABAIGUAN BELICOSO FINOS,6,PRMCIGAR,PREMIUM CIGAR
22222,ashtray,5,NOVELTY,NOVELTY
222222,B.M.W.MLN 30ML,5,NOVELTY,NOVELTY
2222555,ASHTRAY,5,NOVELTY,NOVELTY
22231,NO.62 INCH COLORADO,6,PRMCIGAR,PREMIUM CIGAR
22233,OSCURO NACIONALES,6,PRMCIGAR,PREMIUM CIGAR
22234,DINAMICOS OSCURO,6,PRMCIGAR,PREMIUM CIGAR
22235,LA HISTORIA CELIA PYRAMID,6,PRMCIGAR,PREMIUM CIGAR
22236,REBELLIOUS MADURO,6,PRMCIGAR,PREMIUM CIGAR
22238,ENCANTOS MADURO,6,PRMCIGAR,PREMIUM CIGAR
22239,REGALIAS MADURO,6,PRMCIGAR,PREMIUM CIGAR
22240,CHURCHILL MADURO,6,PRMCIGAR,PREMIUM CIGAR
22241,MONUMENTOS MADURO,6,PRMCIGAR,PREMIUM CIGAR
22242,CARDINAL 60 MADURO,6,PRMCIGAR,PREMIUM CIGAR
22243,CARDINAL 56 MADURO,6,PRMCIGAR,PREMIUM CIGAR
222488,CHATEAU FUENTE MADURO,6,PRMCIGAR,PREMIUM CIGAR
222489,CHATEAU FUENTE NATURAL,6,PRMCIGAR,PREMIUM CIGAR
222490,CHATEAU FUENTE PYRAMID,6,PRMCIGAR,PREMIUM CIGAR
22456,TORO MADURO,6,PRMCIGAR,PREMIUM CIGAR
226M24,NO 2 MAD 1926 PADRON,6,PRMCIGAR,PREMIUM CIGAR
22852539,NEW WAVE CONNECTICUT,6,PRMCIGAR,PREMIUM CIGAR
22852765,OSCURO PIRAMIDES ROYAL,6,PRMCIGAR,PREMIUM CIGAR
22853184,OSCURO ROBUSTO GORDO,6,PRMCIGAR,PREMIUM CIGAR
2302,DA VINCI,6,PRMCIGAR,PREMIUM CIGAR
2303,GENUINE.C.D,6,PRMCIGAR,PREMIUM CIGAR
231245,ENTERED APPRENTICE GRAND TORO,6,PRMCIGAR,PREMIUM CIGAR
231455,SHRINER GRAND TORO,6,PRMCIGAR,PREMIUM CIGAR
232301,GENUINE C. CUBAN,6,PRMCIGAR,PREMIUM CIGAR
232323,PERFECTO,6,PRMCIGAR,PREMIUM CIGAR
232332,EPERNAY LE FERME 51/4X48,6,PRMCIGAR,PREMIUM CIGAR
235122,IMPERIAL STOUT TORO,6,PRMCIGAR,PREMIUM CIGAR
236,OZARK MINI PIPE,5,NOVELTY,NOVELTY
241230,VSG ENCHANTMENT,6,PRMCIGAR,PREMIUM CIGAR
241322,VSG ROBUSTO,6,PRMCIGAR,PREMIUM CIGAR
241323,ASHTON VSG TORPEDO,6,PRMCIGAR,PREMIUM CIGAR
241334,ASHTON 8-9-8,6,PRMCIGAR,PREMIUM CIGAR
241335,ASHTON MADURO # 56,6,PRMCIGAR,PREMIUM CIGAR
241337,MADURO NO #40,6,PRMCIGAR,PREMIUM CIGAR
242424,TATUAJE HAVANA VI,6,PRMCIGAR,PREMIUM CIGAR
242425,HAVANA VI NOBLES,6,PRMCIGAR,PREMIUM CIGAR
242426,PETITE CORONA MADURO,6,PRMCIGAR,PREMIUM CIGAR
243366,SYMMETRY SUBLIME,6,PRMCIGAR,PREMIUM CIGAR
245,MINI PROTANK,5,NOVELTY,NOVELTY
246800,GRAN RESERVA #5,6,PRMCIGAR,PREMIUM CIGAR
251425,21 YEAR SALUTE,6,PRMCIGAR,PREMIUM CIGAR
251426,22 YEAR SALUTE,6,PRMCIGAR,PREMIUM CIGAR
251427,20 YEAR SALUTE,6,PRMCIGAR,PREMIUM CIGAR
252253,TORO AJ FERNANDEZ,6,PRMCIGAR,PREMIUM CIGAR
252254,TORO AJ FERNANDEZ,6,PRMCIGAR,PREMIUM CIGAR
25226,BELICOSO AJ FERNANDEZ,6,PRMCIGAR,PREMIUM CIGAR
25252525,CAMEROON CABINET NO.5,6,PRMCIGAR,PREMIUM CIGAR
254267,SUBOX MINI KIT,5,NOVELTY,NOVELTY
254268,SUBOX MINI KIT - BLUE,5,NOVELTY,NOVELTY
259053,SWISHER S,1,NONE,NONE
259713,BLK CHERRY SINGLE TIPS,1,NONE,NONE
261281,MAVERICK MENTHOL BX,2,CGRTPACK,CIGRT PACK
261301,MAVERICK MENTHOL LT 100BX,2,CGRTPACK,CIGRT PACK
261451,MAVERICK MENTHOL 100BX,2,CGRTPACK,CIGRT PACK
261531,MAVERICK FF 100BX,2,CGRTPACK,CIGRT PACK
261551,MAVERICK GOLD 100BX,2,CGRTPACK,CIGRT PACK
265721,NEWPORT MENTHOL GOLD 100BX,2,CGRTPACK,CIGRT PACK
265731,NEWPORT MENTHOL 100 BX,2,CGRTPACK,CIGRT PACK
265751,NEWPORT MENTHOL KING box/soft,2,CGRTPACK,CIGRT PACK
266561,NEWPORT RED BOX,2,CGRTPACK,CIGRT PACK
266571,NEWPORT RED 100 BOX PK,2,CGRTPACK,CIGRT PACK
266601,NEWPORT GOLD KING,2,CGRTPACK,CIGRT PACK
266611,NEWPORT GOLD 100BX PK,2,CGRTPACK,CIGRT PACK
266681,NEWPORT SM SELECT 100 BX,2,CGRTPACK,CIGRT PACK
266701,NEWPORT SM SELECT BX,2,CGRTPACK,CIGRT PACK
268741,MAVERICK FF BX KING,2,CGRTPACK,CIGRT PACK
268841,MAVERICK GOLD BX KING,2,CGRTPACK,CIGRT PACK
271752,PALL MALL ORANGE KINGS,2,CGRTPACK,CIGRT PACK
271852,PALL MALL ORANGE 100,2,CGRTPACK,CIGRT PACK
272062,BUGLER INJECTOR,1,NONE,NONE
272522,KOOL GREEN BX,2,CGRTPACK,CIGRT PACK
274162,PALL MALL M.SILVER KING,2,CGRTPACK,CIGRT PACK
274172,PALL MALL MENTHOL SILVER 100,2,CGRTPACK,CIGRT PACK
275592,KOOL GREEN 100 BX,2,CGRTPACK,CIGRT PACK
276022,SIR WALTER RALEIGH,1,NONE,NONE
276082,SIR WALTER RL AROMATIC,1,NONE,NONE
278512,PALL MALL RED KINGS,2,CGRTPACK,CIGRT PACK
278542,PALL MALL BLUE KINGS,2,CGRTPACK,CIGRT PACK
278592,PALL MALL MENTHOL KINGS,2,CGRTPACK,CIGRT PACK
278622,PALL MALL BLUE 100BX,2,CGRTPACK,CIGRT PACK
278652,PALL MALL MENTHOL 100,2,CGRTPACK,CIGRT PACK
278672,PALL MALL RED 100BX,2,CGRTPACK,CIGRT PACK
281672,MARLBORO black gold 100,2,CGRTPACK,CIGRT PACK
282642,MARLBORO BLEND 27''S BX,2,CGRTPACK,CIGRT PACK
283032,MARLBORO SMOOTH 100BX,2,CGRTPACK,CIGRT PACK
283232,MARLBORO SMOOTH BX,2,CGRTPACK,CIGRT PACK
283572,MARLBORO RED BX,2,CGRTPACK,CIGRT PACK
283582,MARLBORO RED KINGS SOFT,2,CGRTPACK,CIGRT PACK
283612,MARLBORO MENTHOL BX,2,CGRTPACK,CIGRT PACK
283632,MARLBORO RED 100 BOX,2,CGRTPACK,CIGRT PACK
283642,MARLBORO MENTHOL 100,2,CGRTPACK,CIGRT PACK
283682,MARLBORO RED LABEL BX,2,CGRTPACK,CIGRT PACK
283692,MARLBORO RED LABEL 100 BX,2,CGRTPACK,CIGRT PACK
283762,MARLBORO MILD BX,2,CGRTPACK,CIGRT PACK
283772,MARLBORO MILD BLUE 100BX,2,CGRTPACK,CIGRT PACK
283842,MARLBORO GOLD KING BOX,2,CGRTPACK,CIGRT PACK
283862,MARLBORO 72 SILVER BX,2,CGRTPACK,CIGRT PACK
284012,MARLBORO MEN GOLD KINGS,2,CGRTPACK,CIGRT PACK
284222,MARLBORO SPBL BLN GOLD BX,2,CGRTPACK,CIGRT PACK
284232,MARLBORO SPBL GOLD100,2,CGRTPACK,CIGRT PACK
284242,MARLBORO SOUTHERNCUT BOX,2,CGRTPACK,CIGRT PACK
284372,MARLBORO GOLD 100 SOFT,2,CGRTPACK,CIGRT PACK
284652,MARLBORO GOLD 100 BOX,2,CGRTPACK,CIGRT PACK
284712,MARLBORO MEN GOLD 100,2,CGRTPACK,CIGRT PACK
284772,MARLBORO SILVER BX KING,2,CGRTPACK,CIGRT PACK
284782,MARLBORO SILVER 100BX,2,CGRTPACK,CIGRT PACK
284812,MARLBORO MEN SILVER KINGS,2,CGRTPACK,CIGRT PACK
284852,MARLBORO MENTHOL SILVER 100,2,CGRTPACK,CIGRT PACK
285652,MARLBORO SPBL RED KING,2,CGRTPACK,CIGRT PACK
285682,MARLBORO SPBL RED 100,2,CGRTPACK,CIGRT PACK
286132,MARLBORO MIDNIGHT BX,2,CGRTPACK,CIGRT PACK
287752,VIRGINIA SUPERSLIMS PINK 100BX,2,CGRTPACK,CIGRT PACK
287782,VIRGINIA SLIMS SUPERSLIM MEN,2,CGRTPACK,CIGRT PACK
287842,PARLIAMENT LT-WHITE BX,2,CGRTPACK,CIGRT PACK
287912,PARLIAMENT LT-WHITE 100 BX,2,CGRTPACK,CIGRT PACK
287922,PARLIAMENT DARK BLUE FF BX,2,CGRTPACK,CIGRT PACK
288152,PARLIAMENT SILVER BX,2,CGRTPACK,CIGRT PACK
288872,MARLBORO black gold king,2,CGRTPACK,CIGRT PACK
289352,MARLBORO 72 BLK/MNTH,2,CGRTPACK,CIGRT PACK
289432,MARLBORO SKYLINE BX,2,CGRTPACK,CIGRT PACK
289482,MARLBORO BLEND 27 100 PK,2,CGRTPACK,CIGRT PACK
289492,MARLBORO  ICE KING,2,CGRTPACK,CIGRT PACK
289522,MARLBORO BLACK FF BX,2,CGRTPACK,CIGRT PACK
289532,MARLBORO BLACK 100BX,2,CGRTPACK,CIGRT PACK
289542,MARLBORO BLACK MENTHOL BX,2,CGRTPACK,CIGRT PACK
289622,MARLBORO 72 GREEN BX,2,CGRTPACK,CIGRT PACK
289632,MARLBORO 72 RED BX,2,CGRTPACK,CIGRT PACK
289642,MARLBORO BLACK MENTHOL 100,2,CGRTPACK,CIGRT PACK
289652,MARLBORO 72 GOLD BX,2,CGRTPACK,CIGRT PACK
30,TATAUJE GRAN COJONU,6,PRMCIGAR,PREMIUM CIGAR
3000100,CAMEROON CABINET CHISEL,6,PRMCIGAR,PREMIUM CIGAR
3000101,CORONADO TORO,6,PRMCIGAR,PREMIUM CIGAR
3000103,AIR BENDER VALIENTE,6,PRMCIGAR,PREMIUM CIGAR
3001,CE4 E CIG,5,NOVELTY,NOVELTY
30012,GLASS PIPE SMALL,5,NOVELTY,NOVELTY
300124,UNLIMITED PERFECT,6,PRMCIGAR,PREMIUM CIGAR
300200,CORONA 4/2/1 X 46,6,PRMCIGAR,PREMIUM CIGAR
300201,OLIVIA MELANIO CHURCHILL,6,PRMCIGAR,PREMIUM CIGAR
300202,CLOUPOR MINI 30W,5,NOVELTY,NOVELTY
300203,MILANIO FIGURADO,6,PRMCIGAR,PREMIUM CIGAR
300204,VAPORS EGEAR 1300 MAH,5,NOVELTY,NOVELTY
300205,MF SERIE SF TORO,6,PRMCIGAR,PREMIUM CIGAR
300206,CLAPTOMN WIRE,5,NOVELTY,NOVELTY
300208,COIL MASTER,5,NOVELTY,NOVELTY
300209,1.5 OHM OCC COIL,5,NOVELTY,NOVELTY
30021,CUBAN HONEYS,6,PRMCIGAR,PREMIUM CIGAR
300210,OLIVIA MELANIO MAD CHURCHILL,6,PRMCIGAR,PREMIUM CIGAR
30022,CUBAN HONEYS CHERRY,6,PRMCIGAR,PREMIUM CIGAR
300500,PODEROSO TUBO,6,PRMCIGAR,PREMIUM CIGAR
300501,HONEY SWEET,6,PRMCIGAR,PREMIUM CIGAR
300502,CUBAN MOJITO,6,PRMCIGAR,PREMIUM CIGAR
300504,VANILLA FUDGE,6,PRMCIGAR,PREMIUM CIGAR
300505,VODKA CRANBERRY,6,PRMCIGAR,PREMIUM CIGAR
300510,ROYAL VINTAGE TORO,6,PRMCIGAR,PREMIUM CIGAR
30052765,OCB PAPER,1,NONE,NONE
300600,GH COROJO NO 5 FIGURADO,6,PRMCIGAR,PREMIUM CIGAR
300898,FELLOWCRAFT HABANO ROBUSTO,6,PRMCIGAR,PREMIUM CIGAR
300900,FIGURADO BY AJ,6,PRMCIGAR,PREMIUM CIGAR
300912,ENCORE MAJESTIC,6,PRMCIGAR,PREMIUM CIGAR
300972,BONEYARD MACE 5X52,6,PRMCIGAR,PREMIUM CIGAR
301233,F55 QUATRO CONCERTO,6,PRMCIGAR,PREMIUM CIGAR
301234,F55 QUATRO CONCERTOS,6,PRMCIGAR,PREMIUM CIGAR
301246,ROBUSTO NATURAL,6,PRMCIGAR,PREMIUM CIGAR
3012461,PREMIUM HOUSE GORDO HABANO,6,PRMCIGAR,PREMIUM CIGAR
303030,MADURO MAJOR,6,PRMCIGAR,PREMIUM CIGAR
304078,ASHTON MINI 20CT,6,PRMCIGAR,PREMIUM CIGAR
304079,ASHTON HALF CORONA,6,PRMCIGAR,PREMIUM CIGAR
304080,ASHTON SENORITAS CONN,6,PRMCIGAR,PREMIUM CIGAR
304598,NEW CUBA ROBUSTO,6,PRMCIGAR,PREMIUM CIGAR
3-1,CIGRT CARTON,3,1,CIG CARTON
310131,SHORT STORY NATURAL,6,PRMCIGAR,PREMIUM CIGAR
314,PUNCH ROTHCHILD,6,PRMCIGAR,PREMIUM CIGAR
317823,GARCIA VEGA CRYSTAL,1,NONE,NONE
317833,GARCIA VEGA CRYSTAL,5,NOVELTY,NOVELTY
317873,GyV CRYSTALS,1,NONE,NONE
320,MUSHROOM PIPE ACRYLIC,5,NOVELTY,NOVELTY
320456,NAT NO 5,6,PRMCIGAR,PREMIUM CIGAR
321245,TRAVELING MAN GRAND TORO,6,PRMCIGAR,PREMIUM CIGAR
321378240325,EGO-T,5,NOVELTY,NOVELTY
32145,PH TORO NATURAL,6,PRMCIGAR,PREMIUM CIGAR
321456,LA GALERA ROBUSTO,6,PRMCIGAR,PREMIUM CIGAR
32221,EGO CLEAROMIZER CE4,5,NOVELTY,NOVELTY
324952,XT TITAN MADURO,6,PRMCIGAR,PREMIUM CIGAR
3301,AGING ROOM QUATTRO,6,PRMCIGAR,PREMIUM CIGAR
3302,AGING ROOM HAVAO,6,PRMCIGAR,PREMIUM CIGAR
3303,AGING ROOM HAVAO 20 IMPROMPTO,6,PRMCIGAR,PREMIUM CIGAR
3305,AGING ROOM QUATTRO F55,6,PRMCIGAR,PREMIUM CIGAR
3306,PADRON PRINCIPE 1964,6,PRMCIGAR,PREMIUM CIGAR
330822,PADRON 2000 NATURAL,6,PRMCIGAR,PREMIUM CIGAR
330877,PADRON 2000 MADURO,6,PRMCIGAR,PREMIUM CIGAR
331122,PADRON 3000 NATURAL,6,PRMCIGAR,PREMIUM CIGAR
3315,PADRON AMBASSADOR NATURAL,6,PRMCIGAR,PREMIUM CIGAR
331500,PADRON CHURCHILL MADURO,6,PRMCIGAR,PREMIUM CIGAR
3316,PADRON MAGNUM NATURAL,6,PRMCIGAR,PREMIUM CIGAR
332220,PADRON 3000 MADURO,6,PRMCIGAR,PREMIUM CIGAR
3333,CE 5 CLEAROMIZER,5,NOVELTY,NOVELTY
333312,LA AROMA DE CUBA,6,PRMCIGAR,PREMIUM CIGAR
333333,B.M.MOCHA 30ML,5,NOVELTY,NOVELTY
333345,BACCARAT HAVANA,6,PRMCIGAR,PREMIUM CIGAR
333353,AF CUBAN CORONA MADURO,6,PRMCIGAR,PREMIUM CIGAR
333354,AF CUBAN CORONA NAT,6,PRMCIGAR,PREMIUM CIGAR
333355,AF PETIT CORONA MADURO,6,PRMCIGAR,PREMIUM CIGAR
333365,EL REY DEL MUNDO CORONA,6,PRMCIGAR,PREMIUM CIGAR
333388,MACANUDO VINTAGE,6,PRMCIGAR,PREMIUM CIGAR
3334,C3 4 CLEAROMIZER,5,NOVELTY,NOVELTY
333444,CE 5 CLEAROMIZER,5,NOVELTY,NOVELTY
3335,ASHTON DOUBLE MAGNUM,6,PRMCIGAR,PREMIUM CIGAR
3336,ASHTON CHURCHILL,6,PRMCIGAR,PREMIUM CIGAR
3338,ASHTON CORDIAL,6,PRMCIGAR,PREMIUM CIGAR
333803,kayak lc  wintergreen,CHEW CAN,NONE,NONE
333888,ASHTON MAGNUM,6,PRMCIGAR,PREMIUM CIGAR
3339,GURKHA EVIL,6,PRMCIGAR,PREMIUM CIGAR
3340,CORONAS SERIE SF,6,PRMCIGAR,PREMIUM CIGAR
3341,BACCARAT HAVANA,6,PRMCIGAR,PREMIUM CIGAR
3342,UPPER CUT PUNCH,6,PRMCIGAR,PREMIUM CIGAR
3343,AURORA ROBUSTO,6,PRMCIGAR,PREMIUM CIGAR
335566,DUB MAD 460,6,PRMCIGAR,PREMIUM CIGAR
33623362,AMBROSIA MOTHER EARTH,6,PRMCIGAR,PREMIUM CIGAR
341089,ASHTON HALF CORONA,6,PRMCIGAR,PREMIUM CIGAR
343452,ALTAR Q SUMATRA,6,PRMCIGAR,PREMIUM CIGAR
344400,REESES,10,NONE,NONE
344800,REESES KING 4 P/BUTTER,10,NONE,NONE
3597390250384,S.T. DUPONT LIGHTER,5,NOVELTY,NOVELTY
369852,RESERVA ESP 10TH ANV,6,PRMCIGAR,PREMIUM CIGAR
4000,PUNCH ROUND ONE,6,PRMCIGAR,PREMIUM CIGAR
4001,PUNCH ROUND FOUR,6,PRMCIGAR,PREMIUM CIGAR
400100,JOYFE MOD KIT,5,NOVELTY,NOVELTY
400101,HELLHOUND KIT,5,NOVELTY,NOVELTY
400109,JOMO BGO SUBOHM KIT,5,NOVELTY,NOVELTY
4002,DAVIDOFF STOCK#1,6,PRMCIGAR,PREMIUM CIGAR
400320,M & M PEANUT - YELLOW PK,10,NONE,NONE
400399,EGO ONE TITANIUM-RED COIL,5,NOVELTY,NOVELTY
401440,M & M PB RED PK,10,NONE,NONE
4026M,1926 #40 MADURO,6,PRMCIGAR,PREMIUM CIGAR
4030486611441,ASHTON CONSUM GENTLE 50GRAM,1,NONE,NONE
4030486611458,ashton rainy day 50gm tin,1,NONE,NONE
4030486611465,ASHTON SMOOTH SAILING 50GM TIN,1,NONE,NONE
4030486611472,ASHTON ARTISANS BLEND 5OG TIN,1,NONE,NONE
4030486611489,ASHTON GOLD RUSH 50GM TIN,1,NONE,NONE
4030486611496,ASHTON WINDING ROAD 50GM TIN,1,NONE,NONE
4030486611502,ASHTON GUILTY PLEASURE 50GM TI,1,NONE,NONE
410400,D.C.ROBUSTO NO.4 NAT,6,PRMCIGAR,PREMIUM CIGAR
41047,LITTLE BELICOSO,6,PRMCIGAR,PREMIUM CIGAR
4105,D.C.ROBUSTO.NO.2,6,PRMCIGAR,PREMIUM CIGAR
4111,BLACK ROSE GURKHA MADURO,6,PRMCIGAR,PREMIUM CIGAR
41250,ILLUSIONE ROTHCHILDES,6,PRMCIGAR,PREMIUM CIGAR
412567309234,TROL RDA,5,NOVELTY,NOVELTY
420,SINGLE CIGAR,18,SCIGAR,SINGLE CIGAR
420041,GRIZZLY MINT POUCHES CAN,CHEW CAN,NONE,NONE
420051,GRIZZLY MINT POUCHES LOG,7,CHEWLOG,LOG CHEW
420061,GRIZZLY LC STRAIGHT POUCHES,CHEW CAN,NONE,NONE
420071,GRIZZLY LC STRAIGHT pouch LOG,7,CHEWLOG,LOG CHEW
420221,W.E.GARRET & SONS,1,NONE,NONE
421465,BRICK HOUSE FUMAS,6,PRMCIGAR,PREMIUM CIGAR
422321,HAWKEN WG FC LOG,7,CHEWLOG,LOG CHEW
422341,KODIAK LC WG,7,CHEWLOG,LOG CHEW
422371,KODIAK LC STRAIGHT,7,CHEWLOG,LOG CHEW
422891,HAWKEN WG LC,7,CHEWLOG,LOG CHEW
422941,KODIAK WINTERGREEN LC,7,CHEWLOG,LOG CHEW
4250,PIPE PAL,5,NOVELTY,NOVELTY
425431,GRIZZLY WG POUCHES CAN,CHEW CAN,NONE,NONE
425441,GRIZZLY WG POUCHES LOG,7,CHEWLOG,LOG CHEW
425521,GRIZZLY SNUFF CAN,CHEW CAN,NONE,NONE
425531,GRIZZLY SNUFF LOG,7,CHEWLOG,LOG CHEW
4260252230228,TWO APPLES SHISHA STONES 100G,HOOKAH,NONE,NONE
427653,PRENSADO GRAN BELICOSO,6,PRMCIGAR,PREMIUM CIGAR
427931,KODIAK LC STRAIGHT,CHEW CAN,NONE,NONE
428711,GRIZZLY LC W/GREEN CAN,CHEW CAN,NONE,NONE
428721,GRIZZLY WG LC LOG,7,CHEWLOG,LOG CHEW
428731,GRIZZLY NATURAL FC CAN,CHEW CAN,NONE,NONE
428741,GRIZZLY FC NATURAL LOG,7,CHEWLOG,LOG CHEW
428861,GRIZZLY LC STRAIGHT  CAN,CHEW CAN,NONE,NONE
428871,GRIZZLY LC STRAIGHT LOG,7,CHEWLOG,LOG CHEW
428981,GRIZZLY FC W/GREEN CAN,CHEW CAN,NONE,NONE
428991,GRIZZLY FC W/GREEN LOG,7,CHEWLOG,LOG CHEW
429101,GRIZZLY MINT LC CAN,CHEW CAN,NONE,NONE
429111,GRIZZLY LC MINT LOG,7,CHEWLOG,LOG CHEW
433123,LUCKY STRIKE NONFILTER PK,2,CGRTPACK,CIGRT PACK
433163,PALLMALL NON FILTER PK,2,CGRTPACK,CIGRT PACK
433943,MISTY BLUE 100 BX,2,CGRTPACK,CIGRT PACK
435281,MAZ PAZ EDIT LANCERO,6,PRMCIGAR,PREMIUM CIGAR
44444,A.FUENTE ROSADO 44,6,PRMCIGAR,PREMIUM CIGAR
44556,DAVIDOFF P.S.,6,PRMCIGAR,PREMIUM CIGAR
451244,PLASTIC DRIP TIP,5,NOVELTY,NOVELTY
451245,GLASS DRIP TIP,5,NOVELTY,NOVELTY
452,6" STEAMROLLER,5,NOVELTY,NOVELTY
453,5" STEAMROLLER,5,NOVELTY,NOVELTY
454578,CUESTA-REY CARAVELLE,6,PRMCIGAR,PREMIUM CIGAR
4546,V CUTTER,5,NOVELTY,NOVELTY
4547,PUNCH CUTTER,5,NOVELTY,NOVELTY
456212,BOURBON COL TORO,6,PRMCIGAR,PREMIUM CIGAR
456213,BLACK ICE HUMIDIFIER,5,NOVELTY,NOVELTY
4562158,CUBAN HUMIDOR,5,NOVELTY,NOVELTY
4564131,BLACK TIE TORO,6,PRMCIGAR,PREMIUM CIGAR
458962,THE BOUBON CIGAR 562,6,PRMCIGAR,PREMIUM CIGAR
46,SHARPSTONE,5,NOVELTY,NOVELTY
4623774,AF HANDS TIME EXORESSO CUPS,5,NOVELTY,NOVELTY
4633764,un named reserva,6,PRMCIGAR,PREMIUM CIGAR
4644917,af hands of time ashtrey,5,NOVELTY,NOVELTY
464M20,1964 NO 4 MADURO,6,PRMCIGAR,PREMIUM CIGAR
465496,FISHBONE RDA,5,NOVELTY,NOVELTY
4688924,DONARTURO DEST SIGLO PASION,6,PRMCIGAR,PREMIUM CIGAR
47,LARGE GRINDER,5,NOVELTY,NOVELTY
4816105,DC HOLIDAY 2023,6,PRMCIGAR,PREMIUM CIGAR
4820,HAMMER MOD,5,NOVELTY,NOVELTY
4862486,GOLDEN LAYALINA,HOOKAH,NONE,NONE
4875710,OPUS X SHARK,6,PRMCIGAR,PREMIUM CIGAR
4895255208228,elfbar fuji ice bc5000,5,NOVELTY,NOVELTY
4897034185133,AQUA,1,NONE,NONE
4897034185379,CITRUS MIX 9MG,5,NOVELTY,NOVELTY
4897034185607,RICHY APPLE 24MG E LIQUA,5,NOVELTY,NOVELTY
4897034189469,WATERMELON 18mg,5,NOVELTY,NOVELTY
4897034189476,WATERMELON 24MG,5,NOVELTY,NOVELTY
4897034189506,BLACK-BERRY 18mg,5,NOVELTY,NOVELTY
490440,COKE 20oz BOTTLE,10,NONE,NONE
490450,DIET COKE 20oz BOTTLE,10,NONE,NONE
490500,CHERRY COKE 12 oz CAN,10,NONE,NONE
491320,SPRITE 12oz CAN,10,NONE,NONE
493650,COCA COLA VANILLA CAN,10,NONE,NONE
495201,EDICION LIMITADA 4.78X52,6,PRMCIGAR,PREMIUM CIGAR
49592290,BIO PIPE,5,NOVELTY,NOVELTY
496340,COKE 12 oz CAN,10,NONE,NONE
496580,DIET COKE 12 oz CAN,10,NONE,NONE
497640,SPRITE 20oz BOTTLE,10,NONE,NONE
498901,NJOY DEVICE,5,NOVELTY,NOVELTY
499770,DASANI 20oz WATER,10,NONE,NONE
499997,EL JOCKO NATURAL,6,PRMCIGAR,PREMIUM CIGAR
499998,DOMINICANO 2013,6,PRMCIGAR,PREMIUM CIGAR
499999,LFD SUAVE # 5 MADURO,6,PRMCIGAR,PREMIUM CIGAR
499SPINNER,FIDGET SPINNER,5,NOVELTY,NOVELTY
4H60APK,EC 4CT GORDO SAMPLER,6,PRMCIGAR,PREMIUM CIGAR
4HAPK1,EC 4CT TORO SAMPLER,6,PRMCIGAR,PREMIUM CIGAR
5 vegas,5 VEGAS,6,PRMCIGAR,PREMIUM CIGAR
5.99SPINNER,FIDGET SPINNER,5,NOVELTY,NOVELTY
50,TRIPLE FLAME TORCH,5,NOVELTY,NOVELTY
500000,DOUBLE LIGERO MADURO,6,PRMCIGAR,PREMIUM CIGAR
5001,REGAL LIGHTER,5,NOVELTY,NOVELTY
500100,CIFUENTES ROBUSTO,6,PRMCIGAR,PREMIUM CIGAR
500101,CIFUENTES DBL TORO,6,PRMCIGAR,PREMIUM CIGAR
500102,QUADRUM MAUDORO,6,PRMCIGAR,PREMIUM CIGAR
500103,EGO TORO GORDO,6,PRMCIGAR,PREMIUM CIGAR
500123,EXQUISITOS SG,6,PRMCIGAR,PREMIUM CIGAR
5002,FUZION LIGHTER,5,NOVELTY,NOVELTY
50020,RASTA PIPE,5,NOVELTY,NOVELTY
5003,ZICO LIGHTER,5,NOVELTY,NOVELTY
500300,3SLS ROBUSTO,6,PRMCIGAR,PREMIUM CIGAR
500301,CAMEROON 50X5,6,PRMCIGAR,PREMIUM CIGAR
500302,CONNETICUT 60X1/4,6,PRMCIGAR,PREMIUM CIGAR
500303,CHISEL MAUDORO,6,PRMCIGAR,PREMIUM CIGAR
500304,LFD ANDALUSIAN BULL,6,PRMCIGAR,PREMIUM CIGAR
500305,BLACK ROBUSTO,6,PRMCIGAR,PREMIUM CIGAR
500306,SIGNATURE MAUDORO,6,PRMCIGAR,PREMIUM CIGAR
500307,CAMEROON CABINET NO.3,6,PRMCIGAR,PREMIUM CIGAR
500309,SANCHOZ,6,PRMCIGAR,PREMIUM CIGAR
500600,LE BIJOU 1922 BOX PRESSED,6,PRMCIGAR,PREMIUM CIGAR
500601,SYMMETRY ROBUSTO,6,PRMCIGAR,PREMIUM CIGAR
50080020,FLOR DE LAS ANTILLAS,6,PRMCIGAR,PREMIUM CIGAR
50090,FUZION SLR500,5,NOVELTY,NOVELTY
500900,CONQUISTADORES,6,PRMCIGAR,PREMIUM CIGAR
500901,MACE 5X56 BONESHAKER,6,PRMCIGAR,PREMIUM CIGAR
501136,MEERSCHAUM CORN,5,NOVELTY,NOVELTY
501137,MEERCHUM CORN,5,NOVELTY,NOVELTY
501152,MEERCHUM WOOD,5,NOVELTY,NOVELTY
501601,SYMMETRY BELICOSO,6,PRMCIGAR,PREMIUM CIGAR
5020,MURCIAS MADURO,6,PRMCIGAR,PREMIUM CIGAR
502010,LEGADO GORDO,6,PRMCIGAR,PREMIUM CIGAR
50226962,SWAN SLIMS,1,NONE,NONE
5023,SEVILLANA CONNECTICUT,6,PRMCIGAR,PREMIUM CIGAR
503,CRYSTAL GLASS RIG,5,NOVELTY,NOVELTY
5046,DON MATEO MADURO,6,PRMCIGAR,PREMIUM CIGAR
5047,DON MATEO NATURAL,6,PRMCIGAR,PREMIUM CIGAR
5060099417016,DOKHA HOT RED 3,5,NOVELTY,NOVELTY
5060099417023,SCORPION GOLD # 2,5,NOVELTY,NOVELTY
5060099417030,SCORPION BLUE - 1,5,NOVELTY,NOVELTY
5060099417122,DOHKA PIPE,5,NOVELTY,NOVELTY
5060099417146,SCORPION APPLE,5,NOVELTY,NOVELTY
5060099417153,SCORPION GRAPE,5,NOVELTY,NOVELTY
5060099417160,SCORPION MINT,5,NOVELTY,NOVELTY
5068639608740,NURO D8 SHERBET DISPOSABLE,5,NOVELTY,NOVELTY
510,ELEPHANT GLASS PIPE,5,NOVELTY,NOVELTY
51000,WAX KIT,5,NOVELTY,NOVELTY
510001,ET/K1 COIL - 1.8ohm,5,NOVELTY,NOVELTY
510002,ET GLASSOMIZER,5,NOVELTY,NOVELTY
5101,RANDYS ROLLING PAPER,1,NONE,NONE
510211,NAUTILUS TANK,5,NOVELTY,NOVELTY
510212,NAUTILUS MINI,5,NOVELTY,NOVELTY
510213,SUBTANK PLUS,5,NOVELTY,NOVELTY
510220,REDEMTION 28MM RDA,5,NOVELTY,NOVELTY
510221,DOGE V2 RDA,5,NOVELTY,NOVELTY
510222,MATHATTER RDA,5,NOVELTY,NOVELTY
510224,ANUBUS CLONE,5,NOVELTY,NOVELTY
510225,HELLBOY RDA TANK,5,NOVELTY,NOVELTY
510226,TUGBOAT RDA KIT,5,NOVELTY,NOVELTY
510227,18650 DUAL CHARGER,5,NOVELTY,NOVELTY
510331,VINTAGE1997 ROBUSTO,6,PRMCIGAR,PREMIUM CIGAR
510335,ASHTRAY TALL,5,NOVELTY,NOVELTY
510338,LFD DL 700 MAD,6,PRMCIGAR,PREMIUM CIGAR
510339,LG CHISEL PURO,6,PRMCIGAR,PREMIUM CIGAR
510400,CAPITULO II LFD,6,PRMCIGAR,PREMIUM CIGAR
512024,LFD RESERVA ESP GRAN ROBUSTO,6,PRMCIGAR,PREMIUM CIGAR
513322,LA GALLERIA 80TH ANNIVERSARY,6,PRMCIGAR,PREMIUM CIGAR
52,ARTURO FUENTE,6,PRMCIGAR,PREMIUM CIGAR
5210,WATERPIPE,5,NOVELTY,NOVELTY
524525,ILLUSIONE HOLY LANCE,6,PRMCIGAR,PREMIUM CIGAR
524975,FLOR DE SAN ANDRES BLACK TORO,6,PRMCIGAR,PREMIUM CIGAR
525000,LFD 1994 CONGA 52X5,6,PRMCIGAR,PREMIUM CIGAR
52841728,TF Q4-140W COIL,5,NOVELTY,NOVELTY
5287000553025,MAZAYA 24 PC,5,NOVELTY,NOVELTY
5287000553094,COCONARA 1KG 72 PCS(CUBE),HOOKAH,NONE,NONE
5287000553100,COCO NARA HOOKAH COAL,5,NOVELTY,NOVELTY
5287000553117,COCO NARA HOOKAH CHARCOAL,18,SCIGAR,SINGLE CIGAR
5287000553124,COCO NARA HOOKAH CHARCOAL,5,NOVELTY,NOVELTY
5289000008413,COCO NARA HOOKAH COAL,5,NOVELTY,NOVELTY
5289000008482,COCO NARA HOOKAH CHARCOAL,5,NOVELTY,NOVELTY
53,A.F. PRIVADA #1 NATURAL,6,PRMCIGAR,PREMIUM CIGAR
5360,SMALL GLASS RIG,5,NOVELTY,NOVELTY
54,A.F. PRIVADA #1 MADURO,6,PRMCIGAR,PREMIUM CIGAR
5432167,V.SP 1300MAH,5,NOVELTY,NOVELTY
5462,ECTO E-LIQUID,5,NOVELTY,NOVELTY
546465,INCENSE HOLDER WOODEN - GONESH,5,NOVELTY,NOVELTY
550001,CELLO 5X50,6,PRMCIGAR,PREMIUM CIGAR
550004,OSCURO ROBUSTO,6,PRMCIGAR,PREMIUM CIGAR
55288,ILLUSIONE 88 MAD ROBUSTO,6,PRMCIGAR,PREMIUM CIGAR
554901,CABINET 5.12X49,6,PRMCIGAR,PREMIUM CIGAR
5555,PADRON SIX CORTICOS MAD,6,PRMCIGAR,PREMIUM CIGAR
55555,EL BATON,6,PRMCIGAR,PREMIUM CIGAR
55557852,AF 8-5-8 MADURO,6,PRMCIGAR,PREMIUM CIGAR
5555858,AF 8-5-8 SUNGROWN,6,PRMCIGAR,PREMIUM CIGAR
5558745,CHURCHILL MADURO,6,PRMCIGAR,PREMIUM CIGAR
5558746,CHURCHILL NATURAL,6,PRMCIGAR,PREMIUM CIGAR
556321,MOUNTAIN RANGE,5,NOVELTY,NOVELTY
559910186224,TURBO TIP,5,NOVELTY,NOVELTY
56006,COHIBA CUTTER,5,NOVELTY,NOVELTY
56023,MADURO ROTHCHILD,6,PRMCIGAR,PREMIUM CIGAR
562323,VISION iNOW 2000MH,5,NOVELTY,NOVELTY
56248,RDM NAT RESER SOLADO 6X54,6,PRMCIGAR,PREMIUM CIGAR
5625100195019,PRIMEROS NICA MAD TIN,6,PRMCIGAR,PREMIUM CIGAR
564512,MASTERMASON ROBUSTO MAD,6,PRMCIGAR,PREMIUM CIGAR
564641,ARGENTUM MADURO,6,PRMCIGAR,PREMIUM CIGAR
564789,FASTFILL TRIPLE FLAME TORCH LI,5,NOVELTY,NOVELTY
5656565,WATERPIPE,5,NOVELTY,NOVELTY
5712343023152,DAVIDOFF MINI,6,PRMCIGAR,PREMIUM CIGAR
5712343023169,DAVIDOFF MINI CIGARILLO,6,PRMCIGAR,PREMIUM CIGAR
574987,SIGELEI FUCHAI 200W,5,NOVELTY,NOVELTY
581301,FESS SIGNATURE SERIES,5,NOVELTY,NOVELTY
581308,FESS BLACK SMOOTH PIPE,5,NOVELTY,NOVELTY
581309,FESS CHERRY RUSTIC,5,NOVELTY,NOVELTY
584246,LA NOX LFD,6,PRMCIGAR,PREMIUM CIGAR
586845,DRYHERB/WAX KIT,5,NOVELTY,NOVELTY
598756,SUPER TORO MADURO,6,PRMCIGAR,PREMIUM CIGAR
5999565300012,CLASSIC TOBACCO CARTRIDGE,5,NOVELTY,NOVELTY
5999565300029,CLASSIC TOBACCO,1,NONE,NONE
5999565300074,REBEL RED 1.2,1,NONE,NONE
5999565300098,REBEL RED CARTRIDGE,5,NOVELTY,NOVELTY
5999565300128,MENTHOL CARTRIDGE,5,NOVELTY,NOVELTY
5999565300135,MENTHOL CARTRITAGE 1.8MG,5,NOVELTY,NOVELTY
5999565300142,MENTHOL CARTRIDGE 2.4,5,NOVELTY,NOVELTY
5999565300173,BOLD GOLD CARTRIDGE,5,NOVELTY,NOVELTY
5999565300197,BOLD GOLD CARTRIDGE 2.4,5,NOVELTY,NOVELTY
5999565300227,CHERRY 1.2,1,NONE,NONE
5999565300241,CHERRY 2.4,1,NONE,NONE
5999565300326,VANILLA 1.2%,1,NONE,NONE
5999565300357,VINTO VAPE,1,NONE,NONE
5999565301590,VARIETY PACK CARTRIDGE,5,NOVELTY,NOVELTY
5999565304232,VINTO VAPE,1,NONE,NONE
5PK,CASA DA GARCIA CHURCHILL,6,PRMCIGAR,PREMIUM CIGAR
6.99SPINNER,FIDGET SPINNER,5,NOVELTY,NOVELTY
60,4" GLASS,5,NOVELTY,NOVELTY
600123,HAMMER KIT,5,NOVELTY,NOVELTY
6002,MAYA LUNA HOOKAH,5,NOVELTY,NOVELTY
600260,ROMEO JULIETA BY AJ,6,PRMCIGAR,PREMIUM CIGAR
6003,D MAGICAL HOOKAH,1,NONE,NONE
6004,MYA PETITE,5,NOVELTY,NOVELTY
6005,DEEZER,5,NOVELTY,NOVELTY
600500,PADRON CHURCHILL NATURAL,6,PRMCIGAR,PREMIUM CIGAR
6006,ECONO MAYA,5,NOVELTY,NOVELTY
6007,MYA PETITE,5,NOVELTY,NOVELTY
6008,DEEZER LAVA,5,NOVELTY,NOVELTY
600M26,PADRON 6000 MAD,6,PRMCIGAR,PREMIUM CIGAR
602051,CARRILLO GOLOSOS,6,PRMCIGAR,PREMIUM CIGAR
602061,USB CHARGER,5,NOVELTY,NOVELTY
602063,CARIBBEAN CIGAR,6,PRMCIGAR,PREMIUM CIGAR
602065,COOL FIRE,5,NOVELTY,NOVELTY
602066,SNOOP DOGG,5,NOVELTY,NOVELTY
6020667,PRO-TANK KIT 650MAH,5,NOVELTY,NOVELTY
602070,STINGER RAY,5,NOVELTY,NOVELTY
6020701,CARVED SERIES KIT,5,NOVELTY,NOVELTY
602083,PIPE TOOL,5,NOVELTY,NOVELTY
602087,ZENO PLATINUM,6,PRMCIGAR,PREMIUM CIGAR
6060203,PRIVATE STOCK NO 14,6,PRMCIGAR,PREMIUM CIGAR
608539346820,BLUELOTUS 2.2GM DOPEBOYZ,5,NOVELTY,NOVELTY
608870579529,OSCAR FRESH TORO SAMPLER,6,PRMCIGAR,PREMIUM CIGAR
609249900036,ZYN COOL MINT 6MG,CHEW CAN,NONE,NONE
609249900043,ZYN COOL MINT 3MG,CHEW CAN,NONE,NONE
609249901019,ZYN PEPPERMINT 3MG,CHEW CAN,NONE,NONE
609249901033,ZYN PEPPERMINT 6MG,CHEW CAN,NONE,NONE
609249902016,zyn spearmint 3mg,CHEW CAN,NONE,NONE
609249902023,zyn spearmint 6mg,CHEW CAN,NONE,NONE
609249903013,ZYN WINTERGREEN 3MG,CHEW CAN,NONE,NONE
609249903020,ZYN WINTERGREEN 6MG,CHEW CAN,NONE,NONE
609249904027,zyn coffee 6mg,CHEW CAN,NONE,NONE
609249906014,ZYN CINNAMON 3MG,CHEW CAN,NONE,NONE
609249906052,ZYN 3MG CINNAMON $1 OFF,CHEW CAN,NONE,NONE
609249906069,ZYN 6MG CINNAMON $1 OFF,CHEW CAN,NONE,NONE
609249907028,zyn citrus 6mg,CHEW CAN,NONE,NONE
609249914019,zyn smooth 3mg,CHEW CAN,NONE,NONE
609249914026,zyn smooth 6mg,CHEW CAN,NONE,NONE
609249915030,ZYN 3MG CINNAMON $1 OFF,CHEW CAN,NONE,NONE
609249915047,ZYN 6MG CINNAMON $1 OFF,CHEW CAN,NONE,NONE
609249920225,zyn chill 6mg,CHEW CAN,NONE,NONE
609249923035,ZYN MENTHOL 3MG,CHEW CAN,NONE,NONE
609249923042,ZYN MENTHOL6MG,CHEW CAN,NONE,NONE
609408018565,FOOS BIG BODY LIQUID 5ml,5,NOVELTY,NOVELTY
609408018572,FOOS BIG KIT,1,NONE,NONE
609408419706,5 HALF CORONA,6,PRMCIGAR,PREMIUM CIGAR
609408419751,PDR ASHTRAY,5,NOVELTY,NOVELTY
609408420764,FYR 10TH ANNI GRAN D TORO,6,PRMCIGAR,PREMIUM CIGAR
6094089658072,PDR PRIMIUM COLL SAMPLER PACK,6,PRMCIGAR,PREMIUM CIGAR
609408967887,PDR ROAST CAFE SAMPLER,6,PRMCIGAR,PREMIUM CIGAR
609548001090,MINI CLAW PIPE,5,NOVELTY,NOVELTY
609548001120,MINI HAND PIPE,5,NOVELTY,NOVELTY
609548001250,MINI CLAW PIPE,5,NOVELTY,NOVELTY
609548001359,MINI LATTICE PIPE,5,NOVELTY,NOVELTY
609548010382,MINI CLAW PIPE,5,NOVELTY,NOVELTY
609548010696,MINI CLAW PIPE,5,NOVELTY,NOVELTY
610012485636,MIAMIART DECO ELMAGO TORO TUBO,6,PRMCIGAR,PREMIUM CIGAR
610764863430,Bang Energy,10,NONE,NONE
611269113570,RED BULL YELLOW 12oz CAN,10,NONE,NONE
611269546019,REDBULL 16oz CAN,10,NONE,NONE
611269818994,REDBULL 12oz CAN,10,NONE,NONE
611269991000,REDBULL 8.4 oz CAN,10,NONE,NONE
611640100106,REMINGTON MENTHOL CTN,4,CIGARCTN,CIGAR CRTN
611640100205,REMINGTON MENTHOL 100BX,1,NONE,NONE
611640104104,REMINGTON BLUE CTN,4,CIGARCTN,CIGAR CRTN
611640104203,REMINGTON LIGHT 100 BX,1,NONE,NONE
611640111102,REMINGTON FF CTN,4,CIGARCTN,CIGAR CRTN
611640111201,REMINGTON FF 100 PK,1,NONE,NONE
611640116107,REMINGTON VANILLA cigar,4,CIGARCTN,CIGAR CRTN
614446000014,SMOKER''S OPTION RED,2,CGRTPACK,CIGRT PACK
614446000021,SMOKER''S OPTION GREEN,2,CGRTPACK,CIGRT PACK
6145220,ILLUSIONE CRUZADO,6,PRMCIGAR,PREMIUM CIGAR
615706999994,MINI SHEETS,1,NONE,NONE
616535001063,DJEEP LIGHTER - BLACK ART WORK,5,NOVELTY,NOVELTY
616535001308,DJEEP - MARILYN LIGHTER,5,NOVELTY,NOVELTY
616535002510,DJEEP - VINTAGE CARS,5,NOVELTY,NOVELTY
616535003104,DJEEP LIGHTER - CAMOUFLAGE,5,NOVELTY,NOVELTY
616535003180,DJEEP - STARS,5,NOVELTY,NOVELTY
616535009212,DJEEP LIGHTER - PLAIN COLORS,5,NOVELTY,NOVELTY
616663964919,LOOSELEAF HONEY BOURBAN,1,NONE,NONE
616663964988,loose leaf russian cream,1,NONE,NONE
616663964995,LOOSELEAF NAT DARK LEAF,1,NONE,NONE
617390657105,CRUX BULL & BEAR GORDO,6,PRMCIGAR,PREMIUM CIGAR
617390657303,CRUX GUILD ROBUSTO,6,PRMCIGAR,PREMIUM CIGAR
617390657334,CRUX GUILD TORO 6X50,6,PRMCIGAR,PREMIUM CIGAR
617390657631,CRUX BULL & BEAR TORO,6,PRMCIGAR,PREMIUM CIGAR
617529232609,GTO FF L-CIGAR PK,1,NONE,NONE
617529232616,GTO L-CIGAR MENTHOL PK,1,NONE,NONE
617529232623,GTO L-CIGAR GOLD PK,1,NONE,NONE
617529232630,GTO FF RED L/CIGAR CTN,4,CIGARCTN,CIGAR CRTN
617529232647,GTO L/CIGAR GOLD CTN,4,CIGARCTN,CIGAR CRTN
617529232654,GTO MENTHOL L/CIGAR CTN,4,CIGARCTN,CIGAR CRTN
619682004000,BALLERS CHOICE 2/99c,1,NONE,NONE
619682004222,BALLER''S CHOICE,1,NONE,NONE
619682021403,99c WRAP,1,NONE,NONE
619682021526,99c WRAP,1,NONE,NONE
619682214980,99c WRAP,1,NONE,NONE
619682345622,99c WRAP,1,NONE,NONE
619682560230,99c WRAP,1,NONE,NONE
619682560261,99c WRAP,1,NONE,NONE
619682560285,99c WRAP,1,NONE,NONE
619682578990,99c WRAP,1,NONE,NONE
619682664822,99c WRAP,1,NONE,NONE
621,14mm BOWL STEM,5,NOVELTY,NOVELTY
6223000090459,DOUBLE APPLE 50G,HOOKAH,NONE,NONE
6223000090787,NAKHLA MINT 50G,HOOKAH,NONE,NONE
623546,STUNNA CBD SHOT 50MG,5,NOVELTY,NOVELTY
628094986200,OMEGA XL TROPICAL ICE CREAM,5,NOVELTY,NOVELTY
628094987429,OMEGA XL STRAWBERRY ICE,5,NOVELTY,NOVELTY
6291100730025,AL FAKHER 50g,HOOKAH,NONE,NONE
6291100730032,MINT 50G,HOOKAH,NONE,NONE
6291100730070,TWO APPLES 50G,HOOKAH,NONE,NONE
6291100731497,FAKHER WATERMLN MINT,HOOKAH,NONE,NONE
6291100731596,GOLDEN TWO APPLE 250MG,HOOKAH,NONE,NONE
6291100731602,AL FAKHER GRAPE + MINT,HOOKAH,NONE,NONE
6291100731848,AL FAKHER ORANGE MINT 250GM,HOOKAH,NONE,NONE
6291100731886,TWO APPLES W/MINT 50G,HOOKAH,NONE,NONE
6291100731923,DOUBLE APPLE MINT 250G,HOOKAH,NONE,NONE
6291100732029,MINT 1000G AL FAKHER,HOOKAH,NONE,NONE
6291100732067,DOUBLE APPLE 1000G,HOOKAH,NONE,NONE
6291100732333,ORANGE 250G,HOOKAH,NONE,NONE
6291100732340,AL FAKHER GRAPE 250 GM,HOOKAH,NONE,NONE
6291100732357,AL FAKHER MINT 250GM,HOOKAH,NONE,NONE
6291100732371,FAKHER 250G CHERRY,HOOKAH,NONE,NONE
6291100732395,AL FAKHER TWO APPLES,HOOKAH,NONE,NONE
6291100732418,BANANA 250G,HOOKAH,NONE,NONE
6291100732425,AL FAKHER MANGO,HOOKAH,NONE,NONE
6291100732449,JASMINE 250G,HOOKAH,NONE,NONE
6291100732463,FAKHER 250G LEMON,HOOKAH,NONE,NONE
6291100732487,AL FAKHER 250g COCKTAIL,HOOKAH,NONE,NONE
6291100732500,FAKHER 250G STRAWBRY,HOOKAH,NONE,NONE
6291100732531,COCONUT 250G,HOOKAH,NONE,NONE
6291100732609,VANILLA 250G,HOOKAH,NONE,NONE
6291100732616,FAKHER 250G WATERMELON,HOOKAH,NONE,NONE
6291100732746,CARDAMOM 50G,HOOKAH,NONE,NONE
6291100732821,FAKHER 250G GUAVA,HOOKAH,NONE,NONE
6291100732944,AL FAKHER BUBBLEGUM 250G,HOOKAH,NONE,NONE
6291100732975,FAKHER 250G PEACH,HOOKAH,NONE,NONE
6291100733002,GRAPE MINT 250,HOOKAH,NONE,NONE
6291100733033,FAKHER 250G LEMON MINT,HOOKAH,NONE,NONE
6291100733101,GOLDEN APPLE 250GM,HOOKAH,NONE,NONE
6291100733125,FAKHER 30PC,5,NOVELTY,NOVELTY
6291100736638,AL FAKHER GRAPEFUIT MINT 250GM,HOOKAH,NONE,NONE
6291100737611,GOLDEN FRESH MINT 250GM,HOOKAH,NONE,NONE
6291101060794,GRAPE LEMON 50G,HOOKAH,NONE,NONE
6291108160558,AL FAKHER BLUEBERRY MINT 250GM,HOOKAH,NONE,NONE
6291108160596,AL FAKHER WATERMELON MINT 250G,HOOKAH,NONE,NONE
6291108160756,AL FAKHER TWO APPLE MINT 250GM,HOOKAH,NONE,NONE
6291108160794,AL FAKHER MINT WITH CREAM 250G,HOOKAH,NONE,NONE
6291108161456,AL FAKHER PINEAPPLE 250GM,HOOKAH,NONE,NONE
6291108164464,AK FAKHER CITRUS MINT 250GM,HOOKAH,NONE,NONE
6291108164815,AL FAKHER STRAW CREAM 250GM,HOOKAH,NONE,NONE
6291108164884,AL FAKHER ORANGE CREAM 250GM,HOOKAH,NONE,NONE
6291108166529,AL FAKHER COCKTAIL 250GM,HOOKAH,NONE,NONE
6291108166697,AL FAKHER GUAVA 250GM,HOOKAH,NONE,NONE
6291108166758,AL FAKHER MANGO 250GM,HOOKAH,NONE,NONE
6291108166819,AL FAKHERORANGE 250GM,HOOKAH,NONE,NONE
6291108166857,AL FAKHER STAWBERRY 250GM,HOOKAH,NONE,NONE
6291108166970,AL FAKHER WATERMELON 250GM,HOOKAH,NONE,NONE
629745154856,PIXI SOUR STRAWBERRY 10MG,CHEW CAN,NONE,NONE
629745465631,PIXI JUICY MINT 10MG,CHEW CAN,NONE,NONE
629745468939,PIXI SOUR BLUEBERRY LEMON 10MG,CHEW CAN,NONE,NONE
630,COJONU 2003,6,PRMCIGAR,PREMIUM CIGAR
630187243275,INCENSE,5,NOVELTY,NOVELTY
630187243527,BOB MARLEY CIG HOLDER,5,NOVELTY,NOVELTY
630187569214,CIG CASES,5,NOVELTY,NOVELTY
630187578445,JUMBO LIGHTER,5,NOVELTY,NOVELTY
630187578513,GIANT NULITE CURVE LIGHTER,5,NOVELTY,NOVELTY
630187580257,AIR FRESHENER,5,NOVELTY,NOVELTY
631978802992,Sugar Strawnana Runtz 2g indic,5,NOVELTY,NOVELTY
631978803050,Sugar Gorilla Glu 2g Hybrid,5,NOVELTY,NOVELTY
63448888,ILLUSIONE 888 mad,6,PRMCIGAR,PREMIUM CIGAR
634855847789,RAWTABZ 150MG TABLET,5,NOVELTY,NOVELTY
636391350990,BOGO 400maH BATTERY KIT,5,NOVELTY,NOVELTY
636655226351,la galarie chaveta habano,6,PRMCIGAR,PREMIUM CIGAR
636655226375,EL LECTOR TORO HABANO,6,PRMCIGAR,PREMIUM CIGAR
636655226511,LA GALERA CONN CHAVETA,6,PRMCIGAR,PREMIUM CIGAR
636655226535,ELLECTOR TORO CONN,6,PRMCIGAR,PREMIUM CIGAR
636655226856,MADURO ROBUSTO CHAVETA,6,PRMCIGAR,PREMIUM CIGAR
636655226870,LA GALERA ELECTOR TORO MADURO,6,PRMCIGAR,PREMIUM CIGAR
636655226894,LA GALERA MAD CHURCHILL,6,PRMCIGAR,PREMIUM CIGAR
636655226931,LA GALERA CHAVETA,6,PRMCIGAR,PREMIUM CIGAR
636655226955,EL LECTOR TORO BOX PRESS,6,PRMCIGAR,PREMIUM CIGAR
636655227037,CORTADOR TORPEDO,6,PRMCIGAR,PREMIUM CIGAR
636655227068,LA GALERA MADURO GORDO PILON,6,PRMCIGAR,PREMIUM CIGAR
636655227426,SWEETS LONSDALE,6,PRMCIGAR,PREMIUM CIGAR
636655227440,swets robusto,6,PRMCIGAR,PREMIUM CIGAR
636655227464,RR SWEET CONN TORO,6,PRMCIGAR,PREMIUM CIGAR
636655227488,ROUGH RIDER CONN CHURCHILL,6,PRMCIGAR,PREMIUM CIGAR
636655227808,CIBAO ROBUSTO,6,PRMCIGAR,PREMIUM CIGAR
636655227860,LA GALERA ANEMOI 52X6,6,PRMCIGAR,PREMIUM CIGAR
636655228331,LA GALERA MAD COLOSO 6X8,6,PRMCIGAR,PREMIUM CIGAR
636655666911,DOOMSAYER PASSIVE TORO,6,PRMCIGAR,PREMIUM CIGAR
636655667055,LONG LIVE THE KING MAGNUM,6,PRMCIGAR,PREMIUM CIGAR
638317908704,KUDZU ROBUSTO OSCURO,6,PRMCIGAR,PREMIUM CIGAR
638317909138,PETIT CORONA CONNECTICUT,6,PRMCIGAR,PREMIUM CIGAR
639385372558,COTTON VACON VAPING WICK,5,NOVELTY,NOVELTY
639385372565,COTTON BACON BITS,5,NOVELTY,NOVELTY
640990129123,CANDLE BUTTERY VANILLA,5,NOVELTY,NOVELTY
641171982247,MICALLEF LEYENDA NO 1,6,PRMCIGAR,PREMIUM CIGAR
642125393065,UPASS,5,NOVELTY,NOVELTY
643006011337,NAG CHAMPA SUNRISE - PINK,5,NOVELTY,NOVELTY
643006011344,NAG CHAMPA PATCHOULI - GREEN,5,NOVELTY,NOVELTY
643006011351,NAG CHAMPA - SANDALWOOD INCENS,5,NOVELTY,NOVELTY
643934804797,aloe grape ice lucid air,5,NOVELTY,NOVELTY
643934804803,lucid air banana ice,5,NOVELTY,NOVELTY
643934804810,lucid air blue ras lemonade,5,NOVELTY,NOVELTY
643934804834,lucid air honeydew ice,5,NOVELTY,NOVELTY
643934804858,lucid air peach ice,5,NOVELTY,NOVELTY
643934804872,lucid air rainbow sherbert,5,NOVELTY,NOVELTY
643934804889,lucid air strawberry ice,5,NOVELTY,NOVELTY
643934804896,lucid air watermelon ice,5,NOVELTY,NOVELTY
644216079506,LEAF OSCAR COROJO,6,PRMCIGAR,PREMIUM CIGAR
644216080205,LEAF MAD LANCERO,6,PRMCIGAR,PREMIUM CIGAR
644216080601,LEAF CONN LANCEROS,6,PRMCIGAR,PREMIUM CIGAR
644536226215,99c WRAP,1,NONE,NONE
644536226710,99c WRAP,1,NONE,NONE
644536226918,99c WRAP,1,NONE,NONE
644536227410,PLATINUM WILD HONEY 2X WRAP,1,NONE,NONE
644536227427,PLATINUM W/HONEY 2X WRAP BX,5,NOVELTY,NOVELTY
644536227915,99c WRAP,1,NONE,NONE
646117714692,PUFF EXTRA WATERMELOB BUBLE GU,5,NOVELTY,NOVELTY
646695008046,DURANGO CHEWING TOBACCO,7,CHEWLOG,LOG CHEW
647818900131,CARLITO D ROBUSTO TUBO,6,PRMCIGAR,PREMIUM CIGAR
647818900643,ANGELENOS ROBUSTO,6,PRMCIGAR,PREMIUM CIGAR
647818901060,5 SERIE B ASSORTMENT,6,PRMCIGAR,PREMIUM CIGAR
647818901121,5 NATURAL ASSORTMENT,6,PRMCIGAR,PREMIUM CIGAR
647818901305,5 ANNIVERSARIO ASSORTMENT,6,PRMCIGAR,PREMIUM CIGAR
647818901602,OPUS 6 BLUE,6,PRMCIGAR,PREMIUM CIGAR
647818901619,OPUS 6 MACASSAR,6,PRMCIGAR,PREMIUM CIGAR
647818901626,OPUS 6 RED,6,PRMCIGAR,PREMIUM CIGAR
647818901640,OPUS 6 BLACK,6,PRMCIGAR,PREMIUM CIGAR
647903841424,MAESTRANZA CABALLERIA VALEN,6,PRMCIGAR,PREMIUM CIGAR
647903841790,INTEMPERANCE FIDELITY,6,PRMCIGAR,PREMIUM CIGAR
647903841851,INTEMPERANCE TULLY,6,PRMCIGAR,PREMIUM CIGAR
647903841936,1920 VOLSTED 6X54,6,PRMCIGAR,PREMIUM CIGAR
647903843763,CROMAGNON FOMORIAN,6,PRMCIGAR,PREMIUM CIGAR
648658033171,RANDY''S KING SIZE PAPERS,1,NONE,NONE
648658033294,RANDY''S WIRED PAPERS,1,NONE,NONE
648658045211,RANDY''S ROLLER,5,NOVELTY,NOVELTY
648658060795,VAMPIRE BLOOD INCENSE BX,5,NOVELTY,NOVELTY
648658143870,ZOMBIE REPELLANT,5,NOVELTY,NOVELTY
648658200016,RANDYS HEMP WIRED,1,NONE,NONE
651989000125,LATELIER LAT 54,6,PRMCIGAR,PREMIUM CIGAR
651989000149,LATELIER LAT 56,6,PRMCIGAR,PREMIUM CIGAR
651989000200,TATUAJE LA MISSION 6.5X56,6,PRMCIGAR,PREMIUM CIGAR
651989000248,TATAUAJE LA MISSION 4/3/4X52,6,PRMCIGAR,PREMIUM CIGAR
651989000286,TATAUJE LA MISSION 5/5/8X54,6,PRMCIGAR,PREMIUM CIGAR
651989000644,SURROGATES CRACKER CRUMBS,6,PRMCIGAR,PREMIUM CIGAR
651989000729,TATUAJE CAMBON EACH,6,PRMCIGAR,PREMIUM CIGAR
651989000767,TATAUJE MONTAIGNE,6,PRMCIGAR,PREMIUM CIGAR
651989001160,LATELIER TRAVAILLEURS,6,PRMCIGAR,PREMIUM CIGAR
651989001184,TATUAJE BLACK PETIT ROBUSTO,6,PRMCIGAR,PREMIUM CIGAR
651989001245,TATUAJE BLACK CAZADOREs,6,PRMCIGAR,PREMIUM CIGAR
651989001269,TATUAJE BLACK GRAN TORO,6,PRMCIGAR,PREMIUM CIGAR
651989001283,TATUAJE SERIES P ROBUSTO,6,PRMCIGAR,PREMIUM CIGAR
651989001320,TATUAJE SERIES P TORO,6,PRMCIGAR,PREMIUM CIGAR
651989001702,FAUSTO FT127 5X54,6,PRMCIGAR,PREMIUM CIGAR
651989002259,TATUAJE HUMIDIFIED 5PK SAMPLER,6,PRMCIGAR,PREMIUM CIGAR
651989002266,TATUAJE HUMIDIFIED RED SAMPLEK,6,PRMCIGAR,PREMIUM CIGAR
651989003072,TATAUJE CABAGUAN NO752,6,PRMCIGAR,PREMIUM CIGAR
652123,NUB 8CT HUMIDOR,5,NOVELTY,NOVELTY
652125006513,BRAZILIA LAMBADA,6,PRMCIGAR,PREMIUM CIGAR
652125006711,CAO BRAZILLIA SAMBA,6,PRMCIGAR,PREMIUM CIGAR
652125006810,CAO BRAZALIA,6,PRMCIGAR,PREMIUM CIGAR
652125011111,CAO ITALIA GONDOLA,6,PRMCIGAR,PREMIUM CIGAR
652125011210,CAO ITALIA PIAZZA,6,PRMCIGAR,PREMIUM CIGAR
652125016215,CAO AMERICA LANDMARK,6,PRMCIGAR,PREMIUM CIGAR
652125017502,CAO ITALIA BOX OF 5,6,PRMCIGAR,PREMIUM CIGAR
652125018011,DIVINO CAO LATRAVIATA,6,PRMCIGAR,PREMIUM CIGAR
652125018110,CAO RADIANTE,6,PRMCIGAR,PREMIUM CIGAR
652125028461,CAO CHERRYBOMB TIN,6,PRMCIGAR,PREMIUM CIGAR
652125102055,MINI GOLD,6,PRMCIGAR,PREMIUM CIGAR
652125102550,CAO GOLD,6,PRMCIGAR,PREMIUM CIGAR
652125103458,ROBUSTO MAUDORO,6,PRMCIGAR,PREMIUM CIGAR
652125105018,CAO GOLD HONEY TIN,6,PRMCIGAR,PREMIUM CIGAR
652125105019,CAO GOLD HONEY TIN,6,PRMCIGAR,PREMIUM CIGAR
652125106015,CAO BELLA VANILLA TIN,6,PRMCIGAR,PREMIUM CIGAR
652125107012,CAO MOONTRANCE TIN,6,PRMCIGAR,PREMIUM CIGAR
652125107517,CAO EILEENS DREAM TIN,6,PRMCIGAR,PREMIUM CIGAR
652125207279,BELLA VANILLA ROBUSTO,6,PRMCIGAR,PREMIUM CIGAR
652125207309,CAO MOONTRANCE CORONA,6,PRMCIGAR,PREMIUM CIGAR
652125207354,MOONTRANCE CORONA,6,PRMCIGAR,PREMIUM CIGAR
652125207378,CAO MOONTRANCE ROBUSTO,6,PRMCIGAR,PREMIUM CIGAR
652125207552,EILEENS DREAM,6,PRMCIGAR,PREMIUM CIGAR
652369010710,SNUFF ASHTRAYS,5,NOVELTY,NOVELTY
652369071186,CHEAP LIGHTER BLK & BLU,5,NOVELTY,NOVELTY
652369091085,2 FOR .99 LIGHTER,5,NOVELTY,NOVELTY
652369093898,2 FOR .99 LIGHTER,5,NOVELTY,NOVELTY
652369094178,TRIPLE TORCH,5,NOVELTY,NOVELTY
652369110298,LIGHTER,5,NOVELTY,NOVELTY
652369194526,TORCH LIGHTER,5,NOVELTY,NOVELTY
652651044539,ROLL CAKE SPUN CUT,1,NONE,NONE
652651507539,ROLL CAKE,1,NONE,NONE
652651508536,DARK TWIST PT,1,NONE,NONE
652651511536,PLUMCAKE NAVY BLEND,1,NONE,NONE
652651511697,ACADIAN PERIQUE,1,NONE,NONE
652651512021,PIPE TOBACO,1,NONE,NONE
652651512465,SEAS RED BLEND,1,NONE,NONE
652651513783,BOLD KENTUCKY,1,NONE,NONE
652651520538,MIXTURE SCOTTISH BLEND,1,NONE,NONE
652651521535,VIRGINIA NO. 1 READY RUBBED,1,NONE,NONE
652651522693,PIPE TOBACCO,1,NONE,NONE
652651528534,PIPE TOBACO,1,NONE,NONE
652651532531,GOLDEN EXTRA,1,NONE,NONE
652651540529,MIXTURE MODERN DANISH BLEND,1,NONE,NONE
652651545531,BLACK AMBROSIA,1,NONE,NONE
652651563535,CHERRY AMBROSIA,1,NONE,NONE
652651592535,ORIGINAL CHOICE,1,NONE,NONE
652651593525,VANILLA CREAM LOOSE CUT,1,NONE,NONE
653829536313,THE SLEDGEHAMMER BLUBERYBAN BR,5,NOVELTY,NOVELTY
653829536344,THE SLEDHEHAMMER COCUNUT CAKE,5,NOVELTY,NOVELTY
65412,ROBUSTO NATURAL,6,PRMCIGAR,PREMIUM CIGAR
654123,PADRON 50TH MADURO,6,PRMCIGAR,PREMIUM CIGAR
654654,ZORRO RDA,5,NOVELTY,NOVELTY
654789,SALOMON SAMPLER DISSEL,6,PRMCIGAR,PREMIUM CIGAR
654985,ASPIRE 18650 40A,5,NOVELTY,NOVELTY
65503,CISERON TORO PURPLE,6,PRMCIGAR,PREMIUM CIGAR
655544,IMPERIALES ROBUSTO,6,PRMCIGAR,PREMIUM CIGAR
655545,IMPERIALES TORO,6,PRMCIGAR,PREMIUM CIGAR
6556,HABANO 6X60,6,PRMCIGAR,PREMIUM CIGAR
6557,OSCAR MADURO 6X60,6,PRMCIGAR,PREMIUM CIGAR
6558,maduro 5X50,6,PRMCIGAR,PREMIUM CIGAR
6559,habano 5X50,6,PRMCIGAR,PREMIUM CIGAR
656554031269,FUMARI SWEET MINT 100GM,HOOKAH,NONE,NONE
657845,FELLOW CRAFT GRAND TORO,6,PRMCIGAR,PREMIUM CIGAR
65789,ROBUSTO MADURO,6,PRMCIGAR,PREMIUM CIGAR
658238734770,loose leaf banana dream,1,NONE,NONE
658238734794,looseleaf ice cold,1,NONE,NONE
658238735012,looseleaf reddrum,1,NONE,NONE
658238735036,loose leaf tray,5,NOVELTY,NOVELTY
658238735555,LOOSELEAF RUSSINCREAM MINI,1,NONE,NONE
658238735609,LL WATERMELON DREAM,1,NONE,NONE
659962731462,bites green apple wat 2000mg g,5,NOVELTY,NOVELTY
659962734968,bites raspberrygrape 2000mg gm,5,NOVELTY,NOVELTY
660111933712,loose leaf reserve each,1,NONE,NONE
660543354208,AJ FARNENDEZ HUMIDOR,5,NOVELTY,NOVELTY
666029730511,charge up 350g,5,NOVELTY,NOVELTY
6666,PADRON SIX CORTICOS NAT,6,PRMCIGAR,PREMIUM CIGAR
66665678,18650,5,NOVELTY,NOVELTY
667977753683,OMEGA XL BANANA LYCHEE,5,NOVELTY,NOVELTY
667977753706,OMEGA XL GRAPE POMELO,5,NOVELTY,NOVELTY
669946010209,PREMIUM NAG CHAMPA SANDALO,5,NOVELTY,NOVELTY
669946010599,INCENSE,5,NOVELTY,NOVELTY
669946010698,INCENSE,5,NOVELTY,NOVELTY
670087450939,ROUGH RIDER SW MAD GORDO,6,PRMCIGAR,PREMIUM CIGAR
670087450953,IMPERIAL JADE CHIQUITO PERFECT,6,PRMCIGAR,PREMIUM CIGAR
670087500870,BLAZE D10 GORILLA GLUE DISP,5,NOVELTY,NOVELTY
670087500917,BLAZE D10 SKITTLES DISP,5,NOVELTY,NOVELTY
670087877477,IMPERIAL JADE TORO,6,PRMCIGAR,PREMIUM CIGAR
672975195090,EZZY OVAL DISPOSABLE,5,NOVELTY,NOVELTY
674008320011,QUICK FIX - BLACK,5,NOVELTY,NOVELTY
674008320028,QUICK FIX PLUS,5,NOVELTY,NOVELTY
674276385576,lampert morado robusto,6,PRMCIGAR,PREMIUM CIGAR
674276386245,lampert morado robusto,6,PRMCIGAR,PREMIUM CIGAR
674276419615,lampert morado toro,6,PRMCIGAR,PREMIUM CIGAR
676758243800,CIGAR CUTTER TORCH,5,NOVELTY,NOVELTY
676758500163,TORCH LIGHTER - G-STAR,5,NOVELTY,NOVELTY
676758501214,FLASK,5,NOVELTY,NOVELTY
676758602041,TIGER LIGHTER,5,NOVELTY,NOVELTY
676758602799,TIGER LIGHTER,5,NOVELTY,NOVELTY
676758612941,JOBON SMOKING SET,5,NOVELTY,NOVELTY
676758613351,JOBON SMOKING SET,5,NOVELTY,NOVELTY
676758613627,TORCH CIGAR LIGHTER - SCORCH,5,NOVELTY,NOVELTY
676758614105,TORCH LIGHTER - SCORCH,5,NOVELTY,NOVELTY
676758614501,TORCH CIGAR LIGHTER - SCORCH,5,NOVELTY,NOVELTY
676758930366,3 TORCH LIGHTER,5,NOVELTY,NOVELTY
676758930533,REFILLABLE LIGHTER,5,NOVELTY,NOVELTY
676758930793,TORCH,5,NOVELTY,NOVELTY
676758930854,GSTAR TORCH LIGHTER,5,NOVELTY,NOVELTY
676767,REBUILDABLE,5,NOVELTY,NOVELTY
6789,LARGE NAG CHAMPA,5,NOVELTY,NOVELTY
680226075282,CRUX EPICURE ROBUSTO,6,PRMCIGAR,PREMIUM CIGAR
680226075312,CRUX EPICURE TORO 6.25X52,6,PRMCIGAR,PREMIUM CIGAR
680226075466,CRUX EPICURE MAD ROBUSTO,6,PRMCIGAR,PREMIUM CIGAR
680226075497,CRUX EPICURE MAD TORO,6,PRMCIGAR,PREMIUM CIGAR
680226075589,CRUX EPICURE MAD GORDO,6,PRMCIGAR,PREMIUM CIGAR
680701150022,JB FF,1,NONE,NONE
680701150053,JB MENTHOL,1,NONE,NONE
680701150077,John Black,1,NONE,NONE
680701150084,JB MILD,1,NONE,NONE
681467003188,SENECA FF 100BX,2,CGRTPACK,CIGRT PACK
681467003195,SENECA FF 100BX CTN,3,1,CIG CARTON
681467003218,SENECA BLUE 100 BOX,2,CGRTPACK,CIGRT PACK
681467003225,SENECA BLUE 100 BX CTN,3,1,CIG CARTON
681467003249,SENECA SILVER 100,2,CGRTPACK,CIGRT PACK
681467003256,SENECA SILVER 100BX CTN,3,1,CIG CARTON
681467003270,SENECA MENTHOL 100,2,CGRTPACK,CIGRT PACK
681467003287,SENECA MENTHOL 100BX CTN,3,1,CIG CARTON
681467003300,SENECA SMOOTH MENTHOL 100,2,CGRTPACK,CIGRT PACK
681467003317,SENECA MENTHOL SMOOTH 100BX CT,3,1,CIG CARTON
681467003331,SENECA EXTRA SMOOTH MEN,2,CGRTPACK,CIGRT PACK
681467003515,SENECA BOX FF KING,2,CGRTPACK,CIGRT PACK
681467003522,SENECA FF BX CTN,3,1,CIG CARTON
681467003546,SENECA BLUE KING,2,CGRTPACK,CIGRT PACK
681467003553,SENECA BLUE BX CTN,3,1,CIG CARTON
681467003577,SENECA SILVER KING PK,2,CGRTPACK,CIGRT PACK
681467003584,SENECA SILVER KING CRTN,3,1,CIG CARTON
681467003607,SENECA MENTHOL KING,2,CGRTPACK,CIGRT PACK
681467003614,SENECA MENTHOL BX CTN,3,1,CIG CARTON
681467003638,Seneca smooth m king,2,CGRTPACK,CIGRT PACK
681467003645,SENECA SMOOTH MENTHOL KINGS,3,1,CIG CARTON
681467003669,SENECA NON FILTER,2,CGRTPACK,CIGRT PACK
681467003676,SENECA NON-FILTER CTN,3,1,CIG CARTON
681467003706,SENECA FF 120,3,1,CIG CARTON
681467003737,SENECA SMOOTH 120,3,1,CIG CARTON
681467003768,SENECA ULTRA 120,3,1,CIG CARTON
681467003829,SENECA SMOOTH MENTH 120S,3,1,CIG CARTON
681467004208,SENECA MEDIUM 100''S,2,CGRTPACK,CIGRT PACK
681467004215,SENECA MEDIUM 100,3,1,CIG CARTON
681467004260,SENECA MEDIUM BX KINGS,2,CGRTPACK,CIGRT PACK
681467004277,SENECA MEDIUM KINGS CTN,3,1,CIG CARTON
682131593059,CROW GRAN TORO,6,PRMCIGAR,PREMIUM CIGAR
682621016686,JOYA RED CAN,6,PRMCIGAR,PREMIUM CIGAR
682621016693,JOYA DE NICA ANTANO TIN,6,PRMCIGAR,PREMIUM CIGAR
682621016709,JOYA BLACK TIN,6,PRMCIGAR,PREMIUM CIGAR
682621032402,ANTANO DARKCOROJO,6,PRMCIGAR,PREMIUM CIGAR
682621033935,ANTANO CONSOUL,6,PRMCIGAR,PREMIUM CIGAR
682621034031,BIG BULL 7X60,6,PRMCIGAR,PREMIUM CIGAR
682621034178,ANTANO 1970 CONSUL,6,PRMCIGAR,PREMIUM CIGAR
682621314034,JOYA RED TORO,6,PRMCIGAR,PREMIUM CIGAR
682621316021,JOYA BLACK TORO,6,PRMCIGAR,PREMIUM CIGAR
682621316205,JOYA CABINETTA TORO,6,PRMCIGAR,PREMIUM CIGAR
682621316328,joya silver robusto,6,PRMCIGAR,PREMIUM CIGAR
682621316373,CINCO DACADAS FUNDADOR,6,PRMCIGAR,PREMIUM CIGAR
682621319107,JDN ANTANO CT,6,PRMCIGAR,PREMIUM CIGAR
682621319138,NUMERO UNO LAAMSADDOR,6,PRMCIGAR,PREMIUM CIGAR
682621323050,cinco cinco robusto grande,6,PRMCIGAR,PREMIUM CIGAR
682621915019,JDN CUATRO CINCI D ROBUSTO,6,PRMCIGAR,PREMIUM CIGAR
682745,NESTLE BOTTLE WATER,10,NONE,NONE
682746,NESTLE WATER 16.9oz,10,NONE,NONE
682821531248,ROJAS BLUEBONNETS TORO,6,PRMCIGAR,PREMIUM CIGAR
682821531279,UNFINISHED BUSINESS TORO,6,PRMCIGAR,PREMIUM CIGAR
682821531378,LOS TEJANOS TORO,6,PRMCIGAR,PREMIUM CIGAR
682821531507,CINCO DE MAYO LE ROJAS,6,PRMCIGAR,PREMIUM CIGAR
683332493926,POP BANANA ICE,5,NOVELTY,NOVELTY
683723245981,PURE THCP TROPIC WUNDER 100MG,5,NOVELTY,NOVELTY
683723245998,PURE THCP SOUR POWER 100MG,5,NOVELTY,NOVELTY
683723246001,PURE THCP MELONASSAULT 100MG,5,NOVELTY,NOVELTY
683723246018,PURE THCP THEM APPLES 100MG,5,NOVELTY,NOVELTY
683723246025,PURE THCP LEMO STND 100MG,5,NOVELTY,NOVELTY
683723246117,perfectly pure blew berry 1ml,5,NOVELTY,NOVELTY
683723246124,perfectly pure pb breath,5,NOVELTY,NOVELTY
683723246131,perfectly pure multi melon,5,NOVELTY,NOVELTY
683723246575,P''S MELONIOUS ASSAULT,5,NOVELTY,NOVELTY
683723246582,P''S SOUR POWER,5,NOVELTY,NOVELTY
683723246599,P''S THEM APPLES,5,NOVELTY,NOVELTY
683828752445,HUMI SMALL 4GM,5,NOVELTY,NOVELTY
683828752452,HUMI SM HUMIDOR TO GO 69%,5,NOVELTY,NOVELTY
683828752476,HUMI SM 60G 69%,5,NOVELTY,NOVELTY
684514010856,AURA 200MG TABLET,5,NOVELTY,NOVELTY
684514010870,7 Hydroxy Mango 200mg,5,NOVELTY,NOVELTY
684514010894,AURA 135MG TABLET,5,NOVELTY,NOVELTY
684659991423,BANANA LEAF CONE,1,NONE,NONE
685,GHURKA HUDSON BAY TORO,6,PRMCIGAR,PREMIUM CIGAR
685141573004,BACCO FF TOBACCO BAG,1,NONE,NONE
685141573011,BACCO MILD 16oz,1,NONE,NONE
685141573035,BACCO MENTHOL LARGE BAG,1,NONE,NONE
685141573073,BACCO FF 6oz,1,NONE,NONE
685141573103,BACCO MENTHOL 6oz,1,NONE,NONE
685141850310,RICHWOOD STRAWBERRY L/CIGAR,4,CIGARCTN,CIGAR CRTN
685141910007,24/7 FF KING BOX,2,CGRTPACK,CIGRT PACK
685141910038,24/7 FF 100 BOX,2,CGRTPACK,CIGRT PACK
685141910045,24/7 GLD KING BOX,2,CGRTPACK,CIGRT PACK
685141910076,24/7 GOLD 100 BOX,2,CGRTPACK,CIGRT PACK
685141910120,24/7 MNETHOL KING BOX,2,CGRTPACK,CIGRT PACK
685141910151,24/7 MENTHOL 100 BOX,2,CGRTPACK,CIGRT PACK
685141913008,24/7 FF KING BOX,3,1,CIG CARTON
685141913039,24/7 FF 100 BOX,3,1,CIG CARTON
685141913046,24/7 GOLD KING BOX,3,1,CIG CARTON
685141913077,24/7 GOLD 100 BOX,3,1,CIG CARTON
685141913121,24/7 MENTHOL KING,3,1,CIG CARTON
685141913152,24/7 MENTHOL 100 BOX,3,1,CIG CARTON
685457882142,HH STARCHCAKE INDICA EACH,5,NOVELTY,NOVELTY
685757286046,LUCID 30MG TABLET,5,NOVELTY,NOVELTY
686,ROCKY PATEL BROADLEAF,6,PRMCIGAR,PREMIUM CIGAR
686091695426,VENCE D8 CIG,5,NOVELTY,NOVELTY
686091997315,LXR SANITIZER,5,NOVELTY,NOVELTY
689076043601,COCAINE BLUE ENERGY CAN,10,NONE,NONE
689076371674,SERIES O HABANO,6,PRMCIGAR,PREMIUM CIGAR
689076371872,SERIES G CAMARON TIN,6,PRMCIGAR,PREMIUM CIGAR
689076749794,PALMER,1,NONE,NONE
689076944564,SUPERFREAK RICK JAMES,1,NONE,NONE
689490000006,TIMELESS FF BOX,2,CGRTPACK,CIGRT PACK
689490000853,TIMELESS FF RED BX CTN,3,1,CIG CARTON
689490000877,TIMELESS TIME BLUE BX,2,CGRTPACK,CIGRT PACK
689490000884,TIMELESS BLUE BX CTN,3,1,CIG CARTON
689490000907,TIMELESS SILVER KING,2,CGRTPACK,CIGRT PACK
689490000914,TIMELESS SILVER BX CTN,3,1,CIG CARTON
689490000938,TIMELESS MENTHOL BX,2,CGRTPACK,CIGRT PACK
689490000945,TIMELESS MENTHOL BX CTN,3,1,CIG CARTON
689490000969,TIME MENTHOL LIGHT,2,CGRTPACK,CIGRT PACK
689490000983,TIMELESS MENTHOL KING,3,1,CIG CARTON
689490001003,TIMELESS FF 100BX PK,2,CGRTPACK,CIGRT PACK
689490001010,TIMELESS FF 100 BX CTN,3,1,CIG CARTON
689490001034,TIMELESS BLUE 100BX PK,2,CGRTPACK,CIGRT PACK
689490001041,TIMELESS BLUE 100BX CTN,3,1,CIG CARTON
689490001072,TIMELESS TIME SILVER 100 Bx,2,CGRTPACK,CIGRT PACK
689490001102,TIMELESS SILVER 100BX CTN,3,1,CIG CARTON
689490001133,TIMELESS MENTHOL 100BX PK,2,CGRTPACK,CIGRT PACK
689490001348,TIMELESS MENTHOL 100BX CTN,3,1,CIG CARTON
689490001362,TIMELESS TIME M/LIGHT 100BX,2,CGRTPACK,CIGRT PACK
689490001379,TIMELESS MENTHOL LT 100BX,3,1,CIG CARTON
689490002291,THIS RED 100,2,CGRTPACK,CIGRT PACK
689490002307,THIS RED 100,3,1,CIG CARTON
689490002321,THIS BLUE 100,2,CGRTPACK,CIGRT PACK
689490002338,THIS BLUE 100,3,1,CIG CARTON
689490002352,THIS SILVER 100,2,CGRTPACK,CIGRT PACK
689490002369,THIS SILVER 100,3,1,CIG CARTON
689490002383,THIS MENTHOL 100,2,CGRTPACK,CIGRT PACK
689490002390,THIS MENTHOL 100,3,1,CIG CARTON
689490002444,THIS RED KING,2,CGRTPACK,CIGRT PACK
689490002451,THIS RED KING,3,1,CIG CARTON
689490002475,THIS BLUE KING,2,CGRTPACK,CIGRT PACK
689490002482,THIS BLUE KING,3,1,CIG CARTON
689490002512,THIS SILVER KING,3,1,CIG CARTON
689490002536,THIS Menthol King,2,CGRTPACK,CIGRT PACK
689490002543,THIS MENTHOL KING,3,1,CIG CARTON
689674013297,MACANUDO ASCOTS TIN,6,PRMCIGAR,PREMIUM CIGAR
689674013334,MACANUDO MINI C,6,PRMCIGAR,PREMIUM CIGAR
689674014744,MACANUDO COURT LG,6,PRMCIGAR,PREMIUM CIGAR
689674015185,COHIBA PEQUENOS,6,PRMCIGAR,PREMIUM CIGAR
689674020868,MAC CRYSTL CAFE,6,PRMCIGAR,PREMIUM CIGAR
689674023333,BLACL LABEL PRONTOS TIN,6,PRMCIGAR,PREMIUM CIGAR
689674023456,COHIBA TORO,6,PRMCIGAR,PREMIUM CIGAR
689674023548,COHIBA RED DOT ROBUSTO 5X49,6,PRMCIGAR,PREMIUM CIGAR
689674023562,COHIBA CRYSTAL CORONA,6,PRMCIGAR,PREMIUM CIGAR
689674023623,HYDE PARK,6,PRMCIGAR,PREMIUM CIGAR
689674023661,ROYAL CORONA TUBE,6,PRMCIGAR,PREMIUM CIGAR
689674023678,ELITE EMS - PUNCH,6,PRMCIGAR,PREMIUM CIGAR
689674025221,COHIBA MINI,6,PRMCIGAR,PREMIUM CIGAR
689674025245,PUNCH BOLO BOX,6,PRMCIGAR,PREMIUM CIGAR
689674026020,MACANUDO COURT C,6,PRMCIGAR,PREMIUM CIGAR
689674026921,MACANUDO GOLD CRSL,6,PRMCIGAR,PREMIUM CIGAR
689674027218,HOYO D MONTERREY  MADURO,6,PRMCIGAR,PREMIUM CIGAR
689674028086,PARTAGAS CC,6,PRMCIGAR,PREMIUM CIGAR
689674028147,COHIBA PEQUNOS,6,PRMCIGAR,PREMIUM CIGAR
689674028246,COHIBA,6,PRMCIGAR,PREMIUM CIGAR
689674028253,COHIBA LONSDALE GRANDE,6,PRMCIGAR,PREMIUM CIGAR
689674028406,EXCALIBUR GALAHAD,6,PRMCIGAR,PREMIUM CIGAR
689674028413,EXCALIBUR KING ARTHUR,6,PRMCIGAR,PREMIUM CIGAR
689674028604,HOYO DE EXCALIBUR,6,PRMCIGAR,PREMIUM CIGAR
689674028611,EXCALIBUR MADURO #1,6,PRMCIGAR,PREMIUM CIGAR
689674028642,EXCALIBUR III EC,6,PRMCIGAR,PREMIUM CIGAR
689674028659,EXCALIBUR III MADURO,6,PRMCIGAR,PREMIUM CIGAR
689674028765,LA GLORIA CUBANA,6,PRMCIGAR,PREMIUM CIGAR
689674028956,MAC CAFE DK DVN,6,PRMCIGAR,PREMIUM CIGAR
689674028970,MAD FIGARUDO,6,PRMCIGAR,PREMIUM CIGAR
689674028987,DIPLOMAT CAFE/FIGARIDO,6,PRMCIGAR,PREMIUM CIGAR
689674029007,DUKE OF WINDSOR,6,PRMCIGAR,PREMIUM CIGAR
689674029014,MACANUDO,6,PRMCIGAR,PREMIUM CIGAR
689674029045,MAC CAFE PETIT CORONA,6,PRMCIGAR,PREMIUM CIGAR
689674029069,MAC CAFE PR PHILLIP,6,PRMCIGAR,PREMIUM CIGAR
689674029083,MAC TUDOR,6,PRMCIGAR,PREMIUM CIGAR
689674029137,BLACL LABEL CLASSICO,6,PRMCIGAR,PREMIUM CIGAR
689674029212,PUNCH AFTER DINNER,6,PRMCIGAR,PREMIUM CIGAR
689674029243,PUNCH CAFE ROYALES,6,PRMCIGAR,PREMIUM CIGAR
689674029250,PUNCH CHAMPION EMS,6,PRMCIGAR,PREMIUM CIGAR
689674029274,CHATEAU L MADURO,6,PRMCIGAR,PREMIUM CIGAR
689674029281,PUNCH DBLE CORONA,6,PRMCIGAR,PREMIUM CIGAR
689674029304,PUNCH RC MAGNUM,6,PRMCIGAR,PREMIUM CIGAR
689674029328,PUNCH RARE COROJO CHAMPION,6,PRMCIGAR,PREMIUM CIGAR
689674029335,PUNCH DBL COR EMS,6,PRMCIGAR,PREMIUM CIGAR
689674029342,MADURO ELITE - PUNCH,6,PRMCIGAR,PREMIUM CIGAR
689674029359,PUNCH GP PICO BONITO,6,PRMCIGAR,PREMIUM CIGAR
689674029366,PUNCH GP RANCHO,6,PRMCIGAR,PREMIUM CIGAR
689674029373,PUNCH GP STARITA,6,PRMCIGAR,PREMIUM CIGAR
689674029397,PUNCH GRAND CRU ROBUSTO,6,PRMCIGAR,PREMIUM CIGAR
689674029403,LONDON CLUB EMS,6,PRMCIGAR,PREMIUM CIGAR
689674029410,PUNCH LONDON CLUB,6,PRMCIGAR,PREMIUM CIGAR
689674029441,PUNCH ROTHCHILD,6,PRMCIGAR,PREMIUM CIGAR
689674029557,SANCHO PANZA,6,PRMCIGAR,PREMIUM CIGAR
689674030171,COHIBA BLACK GIGANTE,6,PRMCIGAR,PREMIUM CIGAR
689674030362,PARTAGAS ROBUSTO,6,PRMCIGAR,PREMIUM CIGAR
689674030591,MACANUDO CRYSTAL,6,PRMCIGAR,PREMIUM CIGAR
689674033448,BLACL LEVEL GIGANTE,6,PRMCIGAR,PREMIUM CIGAR
689674034711,DARK NIGHT II,6,PRMCIGAR,PREMIUM CIGAR
689674034834,LARGOS ELEGANTES,6,PRMCIGAR,PREMIUM CIGAR
689674034858,PUNCH ELITE MAD,6,PRMCIGAR,PREMIUM CIGAR
689674034872,DOUBLE CORONA,6,PRMCIGAR,PREMIUM CIGAR
689674035060,FIGURADO MADURO,6,PRMCIGAR,PREMIUM CIGAR
689674035176,EXCALIBUR NO. V MADURO,6,PRMCIGAR,PREMIUM CIGAR
689674035183,EXCALIBUR NO. V,6,PRMCIGAR,PREMIUM CIGAR
689674035190,EXCALIBUR NO. IV,6,PRMCIGAR,PREMIUM CIGAR
689674035206,EXCALIBUR NO. IV,6,PRMCIGAR,PREMIUM CIGAR
689674035688,SABROSO MADURO 5X40,6,PRMCIGAR,PREMIUM CIGAR
689674036081,PUNCH CHATUE L MADURO,6,PRMCIGAR,PREMIUM CIGAR
689674036234,PUNCH GRAND CRU,6,PRMCIGAR,PREMIUM CIGAR
689674036241,PUNCH RARE COROJO,6,PRMCIGAR,PREMIUM CIGAR
689674036265,PUNCH RARE COROJO,6,PRMCIGAR,PREMIUM CIGAR
689674038320,DONTOMAS TORO,6,PRMCIGAR,PREMIUM CIGAR
689674041962,SERIE R EN CRYSTAL,6,PRMCIGAR,PREMIUM CIGAR
689674046653,LGC R NO 6 MADURO,6,PRMCIGAR,PREMIUM CIGAR
689674046684,SERIS R NO 6 NAT,6,PRMCIGAR,PREMIUM CIGAR
689674047834,LG CUVANA,6,PRMCIGAR,PREMIUM CIGAR
689674047933,MAC CRU ROYALE ROBUSTO,6,PRMCIGAR,PREMIUM CIGAR
689674049869,JSB OSC SERIES N,6,PRMCIGAR,PREMIUM CIGAR
689674049883,SERIES N GLORIOSO,6,PRMCIGAR,PREMIUM CIGAR
689674051848,CAO FAVORITO,6,PRMCIGAR,PREMIUM CIGAR
689674053187,MACANUDO CRU ROYAL,6,PRMCIGAR,PREMIUM CIGAR
689674053354,PUNCH RC 10TH ANIV,6,PRMCIGAR,PREMIUM CIGAR
689674053606,MACA.COURT,6,PRMCIGAR,PREMIUM CIGAR
689674053699,PUNCH G. MADURO,6,PRMCIGAR,PREMIUM CIGAR
689674054511,MACANUDO GIGANTE CAFE,6,PRMCIGAR,PREMIUM CIGAR
689674055471,PUNCH GRANDOTE,6,PRMCIGAR,PREMIUM CIGAR
689674056799,PARTIGAS 1845,6,PRMCIGAR,PREMIUM CIGAR
689674058014,COHIBA LIMITED RELEASE 2012,6,PRMCIGAR,PREMIUM CIGAR
689674060383,PUNCH CIGARILLOS,6,PRMCIGAR,PREMIUM CIGAR
689674061939,SERIES R BLACK NO SIXTY,6,PRMCIGAR,PREMIUM CIGAR
689674061953,R BLACK SIXTY FOUR,6,PRMCIGAR,PREMIUM CIGAR
689674062257,R ESTELI NO SIXTY NAT,6,PRMCIGAR,PREMIUM CIGAR
689674062509,ELEMENTS CARBON,6,PRMCIGAR,PREMIUM CIGAR
689674062561,FOUNDRY VANADIUM,6,PRMCIGAR,PREMIUM CIGAR
689674062851,V642 PISTON,6,PRMCIGAR,PREMIUM CIGAR
689674062868,CAO CAMSHAFT,6,PRMCIGAR,PREMIUM CIGAR
689674062875,CAO FLATHEAD V660 CARB,6,PRMCIGAR,PREMIUM CIGAR
689674062882,FLATHEAD V770 BIG BLOCK,6,PRMCIGAR,PREMIUM CIGAR
689674064299,ELEMENTS PLUTONIUM #1,6,PRMCIGAR,PREMIUM CIGAR
689674064572,RARE COROJO 4.5x60,6,PRMCIGAR,PREMIUM CIGAR
689674064817,ENGLISH CLARO,6,PRMCIGAR,PREMIUM CIGAR
689674064848,EXCALIBUR SHORT CRYSTAL,6,PRMCIGAR,PREMIUM CIGAR
689674064978,PARTAGAS 1845,6,PRMCIGAR,PREMIUM CIGAR
689674065777,PARTAGAS 1845,6,PRMCIGAR,PREMIUM CIGAR
689674067818,FLATHEAD 450 SPARKPLUG,6,PRMCIGAR,PREMIUM CIGAR
689674067832,LADY CH. 2,6,PRMCIGAR,PREMIUM CIGAR
689674068037,BANCES ROBUSTO,6,PRMCIGAR,PREMIUM CIGAR
689674068068,BANCES TORO,6,PRMCIGAR,PREMIUM CIGAR
689674068099,BANCES CHURCHILL,6,PRMCIGAR,PREMIUM CIGAR
689674068129,BANCES TORPEDO,6,PRMCIGAR,PREMIUM CIGAR
689674068877,CORONA,6,PRMCIGAR,PREMIUM CIGAR
689674068907,ROBUSTO,6,PRMCIGAR,PREMIUM CIGAR
689674068938,GIGANTE - FOUNDRY,6,PRMCIGAR,PREMIUM CIGAR
689674069898,CAO COLOMBIA,6,PRMCIGAR,PREMIUM CIGAR
689674069959,COLOMBIA MAGDALENA,6,PRMCIGAR,PREMIUM CIGAR
689674069997,AMAZON BASIN TORO,6,PRMCIGAR,PREMIUM CIGAR
689674070474,N45 COHIBA NICARAGUA,6,PRMCIGAR,PREMIUM CIGAR
689674070481,N50 CRYSTLE,6,PRMCIGAR,PREMIUM CIGAR
689674070504,N60 COHIBA NICARAGUA,6,PRMCIGAR,PREMIUM CIGAR
689674070863,ELEMENTS DUBNIUM,6,PRMCIGAR,PREMIUM CIGAR
689674071716,KEEN 5X50,6,PRMCIGAR,PREMIUM CIGAR
689674072935,SIGNATURE ROBUSTO,6,PRMCIGAR,PREMIUM CIGAR
689674072966,PUNCH GIGANTE,6,PRMCIGAR,PREMIUM CIGAR
689674072997,PUNCH ROTHSCHILD RE FRESH,6,PRMCIGAR,PREMIUM CIGAR
689674073000,ROTHCHILD BOX,6,PRMCIGAR,PREMIUM CIGAR
689674073024,SIGNATURE TORPEDO,6,PRMCIGAR,PREMIUM CIGAR
689674075561,BOX PRESSED BFC 60X6,6,PRMCIGAR,PREMIUM CIGAR
689674077008,CAO BULLNECK,6,PRMCIGAR,PREMIUM CIGAR
689674077824,CAO PILON,6,PRMCIGAR,PREMIUM CIGAR
689674078319,HERITAGE 550,6,PRMCIGAR,PREMIUM CIGAR
689674078357,HERITAGE 660,6,PRMCIGAR,PREMIUM CIGAR
689674080275,NICARAGUA PEQUENOS,6,PRMCIGAR,PREMIUM CIGAR
689674080664,TRIPLE ANEJO ROTHSCHILD,6,PRMCIGAR,PREMIUM CIGAR
689674081609,HOY BOX ROTHCHILD,6,PRMCIGAR,PREMIUM CIGAR
689674081692,HOYO BOX GIGANTE,6,PRMCIGAR,PREMIUM CIGAR
689674082422,ORANGE ROBUSTO,6,PRMCIGAR,PREMIUM CIGAR
689674083108,GORDO GREEN,6,PRMCIGAR,PREMIUM CIGAR
689674083115,GREEN ROBUSTO,6,PRMCIGAR,PREMIUM CIGAR
689674083122,GORDO PURPLE 6x60,6,PRMCIGAR,PREMIUM CIGAR
689674083139,PURPLE ROBUSTO,6,PRMCIGAR,PREMIUM CIGAR
689674083559,GIGANTE CHILINMOOSE TWO,6,PRMCIGAR,PREMIUM CIGAR
689674084709,ESTELI MAD NO FIFTY,6,PRMCIGAR,PREMIUM CIGAR
689674084716,ESTELI MADURO R,6,PRMCIGAR,PREMIUM CIGAR
689674084723,LA GLORIA CUBANA MADURO,6,PRMCIGAR,PREMIUM CIGAR
6896740847234,LGC R ESTELI MAD SIXTY,6,PRMCIGAR,PREMIUM CIGAR
689674084747,SERIE R BLACK MADURO,6,PRMCIGAR,PREMIUM CIGAR
689674084846,COHIBA MACASSAR,6,PRMCIGAR,PREMIUM CIGAR
689674084969,EXODUS ROBUSTO,6,PRMCIGAR,PREMIUM CIGAR
689674085003,CONSIGLIERE ASSOCIATE,6,PRMCIGAR,PREMIUM CIGAR
689674085010,CONSIGLIERE SOLDIER,6,PRMCIGAR,PREMIUM CIGAR
689674085133,NICARAGUAN ROBUSTO,6,PRMCIGAR,PREMIUM CIGAR
689674085379,LA AMISTAD ROBUSTO,6,PRMCIGAR,PREMIUM CIGAR
689674085713,HABANO TORO,6,PRMCIGAR,PREMIUM CIGAR
689674085720,HABANO ROBUSTO,6,PRMCIGAR,PREMIUM CIGAR
689674085751,HABANO CHURCHILL,6,PRMCIGAR,PREMIUM CIGAR
689674085768,HABANO TORO,6,PRMCIGAR,PREMIUM CIGAR
689674085775,HABANO ROBUSTO,6,PRMCIGAR,PREMIUM CIGAR
689674085911,HABANO ROBUSTO,6,PRMCIGAR,PREMIUM CIGAR
689674086048,TORO BUNDLE,6,PRMCIGAR,PREMIUM CIGAR
689674086055,ROBUSTO BUNDLE,6,PRMCIGAR,PREMIUM CIGAR
689674086512,CONN GIGANTE,6,PRMCIGAR,PREMIUM CIGAR
689674086529,CONNEC CHURCHILL,6,PRMCIGAR,PREMIUM CIGAR
689674086536,CONN TORO,6,PRMCIGAR,PREMIUM CIGAR
689674086543,ODYSSEY CONN ROBUSTO,6,PRMCIGAR,PREMIUM CIGAR
689674086550,ODYSSEY CORONA CONN,6,PRMCIGAR,PREMIUM CIGAR
689674087311,MACANUDO PIPE TOBACCO,1,NONE,NONE
689674087335,COHIBA PIPE TOBACCO,1,NONE,NONE
689674087359,PARTAGAS 1.75OZ,1,NONE,NONE
689674087397,LA GLORIA CUBANA,1,NONE,NONE
689674087410,PUNCH PIPE TOBACCO,1,NONE,NONE
689674087434,HOYO DE MONTERREY PIPE TOBACCO,1,NONE,NONE
689674088264,HERITAGE 5.5X52,6,PRMCIGAR,PREMIUM CIGAR
689674088479,ROYAL BLUE 5X52,6,PRMCIGAR,PREMIUM CIGAR
689674088516,VAULT YELLOW 6X50,6,PRMCIGAR,PREMIUM CIGAR
689674088523,YELLOW 51/2X54,6,PRMCIGAR,PREMIUM CIGAR
689674089087,TEMPLEHALL ESTATES,6,PRMCIGAR,PREMIUM CIGAR
689674089414,COLECCION RESERVA,6,PRMCIGAR,PREMIUM CIGAR
689674090106,GRAN PURO 4 7/8 * 48,6,PRMCIGAR,PREMIUM CIGAR
689674090113,GRAN PURO TORO,6,PRMCIGAR,PREMIUM CIGAR
689674090120,GRAN PURO NICARAGUA 7 1/2 X 54,6,PRMCIGAR,PREMIUM CIGAR
689674090434,LRC COLLECTION RESERVA 7X54,6,PRMCIGAR,PREMIUM CIGAR
689674090724,COHIBA BLUE CLASSICO,6,PRMCIGAR,PREMIUM CIGAR
689674090786,COHIBA BLUE CLASICO 6x52,6,PRMCIGAR,PREMIUM CIGAR
689674091981,LA AMASTAD ROBUSTO HOYO,6,PRMCIGAR,PREMIUM CIGAR
689674092261,INSPIRADO CHURCHILL,6,PRMCIGAR,PREMIUM CIGAR
689674092414,MACASSAR GIGANTE 6X60,6,PRMCIGAR,PREMIUM CIGAR
689674092421,MACASSAR TORO GRANDE,6,PRMCIGAR,PREMIUM CIGAR
689674092551,INSPIRADO BLACK TORO,6,PRMCIGAR,PREMIUM CIGAR
689674092674,GRIND TORO,6,PRMCIGAR,PREMIUM CIGAR
689674093190,WINDOW BOX W LIGHTER,6,PRMCIGAR,PREMIUM CIGAR
689674093206,WINDOW BOX W/LIGHTER,6,PRMCIGAR,PREMIUM CIGAR
689674093398,HUMI CARE 4OZ BLUE JAR,5,NOVELTY,NOVELTY
689674093541,INSPIRADO TORO,6,PRMCIGAR,PREMIUM CIGAR
689674093770,RARE COROJO 10TH ANNI ROBUSTO,6,PRMCIGAR,PREMIUM CIGAR
689674094340,PUNCH SMALL SMAPLER,6,PRMCIGAR,PREMIUM CIGAR
689674094951,ZOCALO SAN ANDRES 6X60,6,PRMCIGAR,PREMIUM CIGAR
689674095033,DIABLO DIABOLUS,6,PRMCIGAR,PREMIUM CIGAR
689674095156,WHISKEY ROW ROBUSTO,6,PRMCIGAR,PREMIUM CIGAR
689674095187,WHISKEY ROW TORO,6,PRMCIGAR,PREMIUM CIGAR
689674095460,ODYSSEY CORONA MAD,6,PRMCIGAR,PREMIUM CIGAR
689674095484,ODYSSEY MAD ROBUSTO,6,PRMCIGAR,PREMIUM CIGAR
689674095507,MAD TORO,6,PRMCIGAR,PREMIUM CIGAR
689674095521,CHURCHILL MAD,6,PRMCIGAR,PREMIUM CIGAR
689674095538,MADURO GIGANTE,6,PRMCIGAR,PREMIUM CIGAR
689674095545,MAD GIGANTE,6,PRMCIGAR,PREMIUM CIGAR
689674095552,ESTELI WHITE ROBUSTO,6,PRMCIGAR,PREMIUM CIGAR
689674095569,ESTELI WHITE TORO,6,PRMCIGAR,PREMIUM CIGAR
689674095576,ESTELI WHITE GIGANTE,6,PRMCIGAR,PREMIUM CIGAR
689674095637,CAO NICARAGUAN GRANADA,6,PRMCIGAR,PREMIUM CIGAR
689674096443,MACANUDO HERITAGE RESERVE TORO,6,PRMCIGAR,PREMIUM CIGAR
689674097327,MACANUDO WHITE INSPI TIN,6,PRMCIGAR,PREMIUM CIGAR
689674097860,COHIBA CONN TORO,6,PRMCIGAR,PREMIUM CIGAR
689674098515,SPANISH PRESS TORO,6,PRMCIGAR,PREMIUM CIGAR
689674098546,SPANISH PRESS GIGANTE,6,PRMCIGAR,PREMIUM CIGAR
689674098683,CAO GOLD HERITAGE RESERVE,6,PRMCIGAR,PREMIUM CIGAR
689674098775,EXCALIBER NO 1 SAMPLER,6,PRMCIGAR,PREMIUM CIGAR
689674101895,CAO SESSION,6,PRMCIGAR,PREMIUM CIGAR
689674102076,CAO ORELLANA,6,PRMCIGAR,PREMIUM CIGAR
689674105626,ODYSSEY COFFEE SINGLE EACH,6,PRMCIGAR,PREMIUM CIGAR
689674105633,ODYSSEY COFF ROBUSTO BUNDLE,6,PRMCIGAR,PREMIUM CIGAR
689674105800,COHIBA BLUE PEQUENOS,6,PRMCIGAR,PREMIUM CIGAR
689674106975,HOYO EPICURE SELECTION NO 2,6,PRMCIGAR,PREMIUM CIGAR
689674107125,PUNCH CHOP SUEY,6,PRMCIGAR,PREMIUM CIGAR
689674111344,COFRADIA ROBUSTO,6,PRMCIGAR,PREMIUM CIGAR
689674111474,BOLIVAR COFRADIA TORO,6,PRMCIGAR,PREMIUM CIGAR
689674114574,CAO STEEL HORSE BULLNECK,6,PRMCIGAR,PREMIUM CIGAR
689674127727,MAC M EXPRESSO TORO,6,PRMCIGAR,PREMIUM CIGAR
689674127765,MAC M EXPRESSO BELICOSO,6,PRMCIGAR,PREMIUM CIGAR
689674128977,BUFFALO TRACE TORO 6X52,6,PRMCIGAR,PREMIUM CIGAR
689674129035,BUFFALO TRACE CHURCHILL,6,PRMCIGAR,PREMIUM CIGAR
689674129561,PUNCH FU MANCHU,6,PRMCIGAR,PREMIUM CIGAR
689674129622,CAO ARCANA FIRE WALKER,6,PRMCIGAR,PREMIUM CIGAR
689674133896,PUNCH 93 2022 SAMPLE PACK,6,PRMCIGAR,PREMIUM CIGAR
689674138082,DIESEL DISCIPLE LANCERO,6,PRMCIGAR,PREMIUM CIGAR
689674138150,LGC SICITY CIGAR TORO,6,PRMCIGAR,PREMIUM CIGAR
689674138228,LGC R NO 8 NAT 7X70,6,PRMCIGAR,PREMIUM CIGAR
689674139010,FLVR SPACE RANGER CORONA,6,PRMCIGAR,PREMIUM CIGAR
689674140566,CAO BX3 TORO,6,PRMCIGAR,PREMIUM CIGAR
689674144113,AMAZON BASIN ANEJO TORO,6,PRMCIGAR,PREMIUM CIGAR
689674145967,shady moose 6x60,6,PRMCIGAR,PREMIUM CIGAR
689674146025,BULL MOOSE GIGANTE,6,PRMCIGAR,PREMIUM CIGAR
689674146179,SERIES R NO 8 MADURO,6,PRMCIGAR,PREMIUM CIGAR
689674146223,PUNCH KNUCKLE BUSTER,6,PRMCIGAR,PREMIUM CIGAR
689674148715,el rey de mindo fresh pack,6,PRMCIGAR,PREMIUM CIGAR
689674149248,LGC SERIE S MAD GIGANTE,6,PRMCIGAR,PREMIUM CIGAR
689674150763,DIESEL VIN NUB 4/21X60 MAD,6,PRMCIGAR,PREMIUM CIGAR
689674150794,DIESEL VINTAGE 500 MADURO,6,PRMCIGAR,PREMIUM CIGAR
689674150886,DIESEL VIN RABITO MAD,6,PRMCIGAR,PREMIUM CIGAR
689674152408,LOS STATOS  DEL MAD TORO,6,PRMCIGAR,PREMIUM CIGAR
689674153948,PARTIGAS HOLIDAY 2023 SAMPLER,6,PRMCIGAR,PREMIUM CIGAR
689674154266,PUNCH DRAGONFIRE ROBUSTO,6,PRMCIGAR,PREMIUM CIGAR
689674154662,DISEL VIN NAT 500 RIBUSTO,6,PRMCIGAR,PREMIUM CIGAR
689674154860,BUFFALO TRACE TIN,6,PRMCIGAR,PREMIUM CIGAR
689674154969,CAO FASA NOCHE TORO,6,PRMCIGAR,PREMIUM CIGAR
689674155010,cao fasa noche,6,PRMCIGAR,PREMIUM CIGAR
689674155065,cao fasa toro,6,PRMCIGAR,PREMIUM CIGAR
689674155119,CAO FASA SOL GIGANTE,6,PRMCIGAR,PREMIUM CIGAR
689674155195,HOYO DE MONT OSCURO TORO,6,PRMCIGAR,PREMIUM CIGAR
689674155669,PUNCH TORO BRAVO GIFT SET,6,PRMCIGAR,PREMIUM CIGAR
689674156635,WELLER COHIBA 2024 TORO,6,PRMCIGAR,PREMIUM CIGAR
689674157083,AB SAFE KEEPINGS TORO,6,PRMCIGAR,PREMIUM CIGAR
689674157762,RDM KING OF THE WORLD 2024,6,PRMCIGAR,PREMIUM CIGAR
689674159209,RDM SHADE CHURCHILL,6,PRMCIGAR,PREMIUM CIGAR
689674159285,PARTAGAS YNADA MAS TORO,6,PRMCIGAR,PREMIUM CIGAR
689674159360,PUNCH RC GORDO LE,6,PRMCIGAR,PREMIUM CIGAR
689674159568,CHILLIN MOOSE TORO SAMPLER,6,PRMCIGAR,PREMIUM CIGAR
689674159636,AB BLACK MARKET TIN,6,PRMCIGAR,PREMIUM CIGAR
689674160151,CAO OUTPOST SAMPLER,6,PRMCIGAR,PREMIUM CIGAR
689674160700,AMAZON BASIN DAGGER EA,6,PRMCIGAR,PREMIUM CIGAR
689674160731,CAO FASA SOMBRA TORO,6,PRMCIGAR,PREMIUM CIGAR
689674160762,CAO FASA SOMBRA GIGANTE,6,PRMCIGAR,PREMIUM CIGAR
689674161189,LGC LOS GLORIOSOS TORO,6,PRMCIGAR,PREMIUM CIGAR
689674161882,COHIBA SERIES M RES AZUL TORO,6,PRMCIGAR,PREMIUM CIGAR
689674162179,RDM APPOINTMENT ROBUSTO,6,PRMCIGAR,PREMIUM CIGAR
689674162209,RDM APPOINTMENT TORO,6,PRMCIGAR,PREMIUM CIGAR
689674163169,DND TORO 6X52,6,PRMCIGAR,PREMIUM CIGAR
689674166986,CAO ARACANA STOKK,6,PRMCIGAR,PREMIUM CIGAR
689674167068,COHIBA RUBICON TORO,6,PRMCIGAR,PREMIUM CIGAR
689674167273,PUNCH YEAR OF THE HORSE 2026,6,PRMCIGAR,PREMIUM CIGAR
689674169659,PUNCH RARE COROJO 25TH,6,PRMCIGAR,PREMIUM CIGAR
689770928716,ILLUSIONE ROTHCHILD CT,6,PRMCIGAR,PREMIUM CIGAR
690102096508,FIDGET SPINNER,5,NOVELTY,NOVELTY
691345001111,steam engine420 bttery,5,NOVELTY,NOVELTY
691386109910,nunu colour frozen ice apple,5,NOVELTY,NOVELTY
691386109912,nunu cool mint,5,NOVELTY,NOVELTY
691386109913,nunu colours energy,5,NOVELTY,NOVELTY
691386109914,nunu gummy bear,5,NOVELTY,NOVELTY
691386109916,nunu colours pineapple coco,5,NOVELTY,NOVELTY
691386109917,nunu colour frozen straw nana,5,NOVELTY,NOVELTY
691386109918,nunu colour frozen watermeon,5,NOVELTY,NOVELTY
691746002771,HONEY T,1,NONE,NONE
691746002801,HONEY T,1,NONE,NONE
691746002863,HONEY T,1,NONE,NONE
691746002962,HONEYT GRAPE,1,NONE,NONE
691779614163,MNCRTO COFFEE,1,NONE,NONE
691835069432,MODUS 3G DISPO,5,NOVELTY,NOVELTY
691835078236,MODUS 7.5G DISPO,5,NOVELTY,NOVELTY
691835080833,MODUS 7500MG GUMMIES,5,NOVELTY,NOVELTY
691835081830,MODUS 30MG 7 HYD SHOT,5,NOVELTY,NOVELTY
691835388731,LEAF 10TH ANNI CRILLO TORO,6,PRMCIGAR,PREMIUM CIGAR
6921426642893,Innobar 7000puffs 5nic,5,NOVELTY,NOVELTY
6921426642916,Innobar 7000puffs 5nic,5,NOVELTY,NOVELTY
6921426642930,Innobar 7000puffs 5nic,5,NOVELTY,NOVELTY
6921426642947,Innobar 7000puffs 5nic,5,NOVELTY,NOVELTY
6921426642961,Innobar 7000puff 5nic,5,NOVELTY,NOVELTY
6921426642978,Innobar 7000puffs 5nic,5,NOVELTY,NOVELTY
6921426642985,Innobar 7000puff 5nic,5,NOVELTY,NOVELTY
6921760704615,SMOK TFV4 FULL KIT,5,NOVELTY,NOVELTY
6921760704646,SMOK TFV4 0.2ohm TANK,5,NOVELTY,NOVELTY
6921760704899,TFV4 MINI FULL KIT,5,NOVELTY,NOVELTY
6921760704905,SMOKE TF-Ti,5,NOVELTY,NOVELTY
6921760704912,TF-S6 COIL,5,NOVELTY,NOVELTY
6921760705056,SMOKE TF-CLP2 COIL,5,NOVELTY,NOVELTY
6921760705148,SMOK X CUBE MINI 75w MOD,5,NOVELTY,NOVELTY
6921760705209,SMOK MICRO ONE,5,NOVELTY,NOVELTY
6921760705230,MICRO CLP2 COIL - SMOK,5,NOVELTY,NOVELTY
6923641310939,IJUST 2 KIT,5,NOVELTY,NOVELTY
6923641361474,ELEAF LEMO DROP TANK,5,NOVELTY,NOVELTY
6923641362310,IJUST 2 COIL 0.3ohm,5,NOVELTY,NOVELTY
6928235902378,BIFF BAR 6000 PUFF,5,NOVELTY,NOVELTY
6930,eGO ONE KIT,5,NOVELTY,NOVELTY
6934991800490,AMIGO RIPTIDE,5,NOVELTY,NOVELTY
6935146300216,ATLANTIS/TRITON COIL,5,NOVELTY,NOVELTY
6935482075311,CLAPTON WIRE,5,NOVELTY,NOVELTY
6937643508621,ELF BAR FUJI ICE,5,NOVELTY,NOVELTY
6941803300352,Turbo Double Filter Holder,5,NOVELTY,NOVELTY
6941881812372,ORION 10K DISPO MIX BRANDA,5,NOVELTY,NOVELTY
6941976239596,elfbar pineapple straw,5,NOVELTY,NOVELTY
6945794730013,NEON BUTANE 5X TALL CAN,5,NOVELTY,NOVELTY
6945794730068,NEON BUTANE TALL CAN,5,NOVELTY,NOVELTY
6945794750097,NEON BUTANE 300ml CASE,5,NOVELTY,NOVELTY
6945794750103,NEON GAS BUTANE,5,NOVELTY,NOVELTY
6952506491049,NITECORE UM10,5,NOVELTY,NOVELTY
69569,EGRIP VT,5,NOVELTY,NOVELTY
6956916402718,JOYTECH DELTA2,5,NOVELTY,NOVELTY
6956916402985,CUBOID 150W,5,NOVELTY,NOVELTY
6956916403005,JOYTECH CUBIS,5,NOVELTY,NOVELTY
6956916416623,DELTA 2 WICK,5,NOVELTY,NOVELTY
6956916416647,DELTA 2 RBA KIT,5,NOVELTY,NOVELTY
6956916418139,JOYTECH CUBIS COIL,5,NOVELTY,NOVELTY
69588,HERCULES BUC COIL,5,NOVELTY,NOVELTY
6972866507587,RAZ LTX ICED BLUE DRAGON,5,NOVELTY,NOVELTY
6972866507600,RAZ LTX STRAW ORNG TANG,5,NOVELTY,NOVELTY
6972866507624,RAZ LTX NIGHT CRAWLER,5,NOVELTY,NOVELTY
6972866507648,RAZ LTX BANGIN WINTERGREEN,5,NOVELTY,NOVELTY
6972866507662,RAZ LTX BLUEBERRY WATERMELON,5,NOVELTY,NOVELTY
6972866507686,RAZ LTX BLUERAZZ ICE,5,NOVELTY,NOVELTY
6972866507761,RAZ LTX BANGIN SOUR BERRIES,5,NOVELTY,NOVELTY
6972866507785,RAZ LTX SOUR APPLE WATERMELON,5,NOVELTY,NOVELTY
6972866507808,RAZ LTX SOURWAT PREACH,5,NOVELTY,NOVELTY
6972866507822,RAZ LTX WATERMELON ICE,5,NOVELTY,NOVELTY
6972866507846,RAZ LTX CHERRY STRAPPLE,5,NOVELTY,NOVELTY
6972866507860,RAZ LTX RAINBOW RAIN,5,NOVELTY,NOVELTY
6972866507921,RAZ LTX BANGIN RAZZLE DAZZLE,5,NOVELTY,NOVELTY
6974331906413,VP STRAWBERRY B POP,5,NOVELTY,NOVELTY
6974331906437,VP WTRMLN BREEZE,5,NOVELTY,NOVELTY
6974331906451,VP MINTY BERRY,5,NOVELTY,NOVELTY
6974331906475,VP BLUEBERRY GRAPEFRUIT,5,NOVELTY,NOVELTY
6974331906499,VP CHERRY POP,5,NOVELTY,NOVELTY
6974331906512,VP STRAWBERRY FUN TA,5,NOVELTY,NOVELTY
6974331906536,VP WTRMLN SOUR BERRY,5,NOVELTY,NOVELTY
6974331906550,VP WTF,5,NOVELTY,NOVELTY
6974331906574,VP MINTY THRILL,5,NOVELTY,NOVELTY
6974331906598,VP BLUEBERRY BASH,5,NOVELTY,NOVELTY
6974331906611,VP GRAPE ESCAPE,5,NOVELTY,NOVELTY
6974331906635,VP PINEAPPLE PUNCH,5,NOVELTY,NOVELTY
6975207754190,ELF BAR BLUE RAZZ ICE,5,NOVELTY,NOVELTY
6975207754312,ELF BAR MANGO PEACH,5,NOVELTY,NOVELTY
6975207754336,elf bar pfog bc5000,5,NOVELTY,NOVELTY
6975207754480,ELF BAR TRIP BERY ICE,5,NOVELTY,NOVELTY
697560615777,Sugar Extrax Coco OG 2g dispo,5,NOVELTY,NOVELTY
6975984052861,RAZ TN9000 STRAWBERRY ICE,5,NOVELTY,NOVELTY
6975984052885,RAZ TN9000 STRAW SHORTCAKE,5,NOVELTY,NOVELTY
6975984052908,RAZ TN9000 NIGHTCRAWLER,5,NOVELTY,NOVELTY
6975984052922,RAZ TN9000 DRAGONFRUIT LEMON,5,NOVELTY,NOVELTY
6975984052946,RAZ TN9000 POLAR ICE,5,NOVELTY,NOVELTY
6975984052960,RAZ TN9000 GRAHAMTWIST,5,NOVELTY,NOVELTY
6975984052984,raz t9000 blue raz ice,5,NOVELTY,NOVELTY
6975984053004,RAZ TN9000 BLUEBRRY WATERMELON,5,NOVELTY,NOVELTY
6975984053028,RAZ TN9000 MIAMI MINT,5,NOVELTY,NOVELTY
6975984053042,RAZ TN9000 MANGO COLODA,5,NOVELTY,NOVELTY
6975984053066,raz t9000,5,NOVELTY,NOVELTY
6975984053080,RAZ TN9000 GRAPE ICE,5,NOVELTY,NOVELTY
6975984053103,RAZ TN9000 TRIPLE BERRY ICE,5,NOVELTY,NOVELTY
6975984053127,raz t9000 wat ice,5,NOVELTY,NOVELTY
6975984053141,raz t9000,5,NOVELTY,NOVELTY
6975984053165,raz cherry lemon t9000,5,NOVELTY,NOVELTY
6975984054698,RAZ TN9000 VIOLET,5,NOVELTY,NOVELTY
6975984054711,RAZ TN9000 RUBY,5,NOVELTY,NOVELTY
6975984054735,RAZ TN9000 VICKY,5,NOVELTY,NOVELTY
6975984054759,RAZ TN9000 TIFFANY,5,NOVELTY,NOVELTY
6975984055039,RAZ TN9000 ORANGE RASBERRY,5,NOVELTY,NOVELTY
6975984055053,RAZ TN9000 BLUE RAZ COTTON CLO,5,NOVELTY,NOVELTY
6975984055077,RAZ TN9000 BANANA COCONUT,5,NOVELTY,NOVELTY
6975984055145,RAZ TN9000 WHITE GUMMY WATERME,5,NOVELTY,NOVELTY
6975984055169,RAZ TN9000 PINEAPPLE PASSION,5,NOVELTY,NOVELTY
6975984055183,RAZ TN9000 PEACH GRAPEFRUIT,5,NOVELTY,NOVELTY
6975984057507,RAZ TN9000 BLACK CHERRY PEACH,5,NOVELTY,NOVELTY
6975984057521,RAZ TN9000 SOUR MANGO PINEAPPL,5,NOVELTY,NOVELTY
6975984057545,RAZ TN9000 TROPICAL STORM,5,NOVELTY,NOVELTY
6977097422777,HOPO 50K DISPOSABLE,5,NOVELTY,NOVELTY
6978271530004,RAZ LTX ORANGEPINEAPPLE PUNCH,5,NOVELTY,NOVELTY
6978271530028,RAZ LTX BLUBERRY PUNCH,5,NOVELTY,NOVELTY
6978271530042,RAZ LTX TRIPPLE BERRY PUNCH,5,NOVELTY,NOVELTY
6978271530066,RAZ LTX SOUR RASPBERRY PUNCH,5,NOVELTY,NOVELTY
6978271530080,RAZ LTX HAWAIIAN PUNCH,5,NOVELTY,NOVELTY
6999999,5VEGAS MIAMI,6,PRMCIGAR,PREMIUM CIGAR
6ctsampler,6PK SAMPLER,6,PRMCIGAR,PREMIUM CIGAR
6DR,DON RAFEAL,6,PRMCIGAR,PREMIUM CIGAR
7.99SPINNER,FIDGET SPINNER,5,NOVELTY,NOVELTY
70,KENSINGTON BENT,5,NOVELTY,NOVELTY
700,CRAZY CLOWN RIP CURL,5,NOVELTY,NOVELTY
70004566,VANILLA DEL SOL CORONA,6,PRMCIGAR,PREMIUM CIGAR
70004567,HONEY DEL SOL CORONA,6,PRMCIGAR,PREMIUM CIGAR
7000MAD,PADRON 7000 MADURO,6,PRMCIGAR,PREMIUM CIGAR
7000NAT,PADRON 7000 NAT,6,PRMCIGAR,PREMIUM CIGAR
7001,NUTTY HOOKAH,5,NOVELTY,NOVELTY
700220257665,GOLF BAG HUMIDOR,5,NOVELTY,NOVELTY
700220257900,RAMON ALLONES BY AJ,5,NOVELTY,NOVELTY
700220258372,PIPE TOOL 3IN1,5,NOVELTY,NOVELTY
7004,CANTALOUPE,5,NOVELTY,NOVELTY
700433944499,AS8 LMNCHERY GELATO EACH,5,NOVELTY,NOVELTY
7005,MAGIC DRAGON,5,NOVELTY,NOVELTY
70056,MYA ECONO GELATO,5,NOVELTY,NOVELTY
7006,RED COW,5,NOVELTY,NOVELTY
700621788263,BOWL BUDDY,5,NOVELTY,NOVELTY
700621788287,BIG BUDDAH,5,NOVELTY,NOVELTY
700621788300,BABY BUDDAH,5,NOVELTY,NOVELTY
7007,HAWAIIAN BREEZE,5,NOVELTY,NOVELTY
700786110008,BLUNTEFFECTS 1oz spray,5,NOVELTY,NOVELTY
7008,CARAMEL MOCHA 24MG,5,NOVELTY,NOVELTY
700800,OLIVA 8CT SAMPLER,6,PRMCIGAR,PREMIUM CIGAR
7009090,HUMIDOR,5,NOVELTY,NOVELTY
701,CRAZY CLOWN MAGIC DRAGON,5,NOVELTY,NOVELTY
7010,CARAMEL MOCHA 12MG,5,NOVELTY,NOVELTY
7011,COTTON CANDY 24MG,5,NOVELTY,NOVELTY
70116596,PS 17 ENG LEXURY/ 10OZ,1,NONE,NONE
7012,MENTHOL 24MG,5,NOVELTY,NOVELTY
7013,WATERMELON 24MG,5,NOVELTY,NOVELTY
7014,WATERMELON 12MG,5,NOVELTY,NOVELTY
7015,STRAWBERRY 12MG,5,NOVELTY,NOVELTY
7016,GRAPE 12MG,5,NOVELTY,NOVELTY
7017,PINEAPPLE 0MG,5,NOVELTY,NOVELTY
7018,WATERMELON 0MG,5,NOVELTY,NOVELTY
7019,GRAPE 0MG,5,NOVELTY,NOVELTY
702,CRAZY CLOWN CANTALOUPE,5,NOVELTY,NOVELTY
7020,BANANA 0MG,5,NOVELTY,NOVELTY
702039,FLIP TOP KING CIG BOX,5,NOVELTY,NOVELTY
702040,FLIP 100MM CIG CASE,5,NOVELTY,NOVELTY
70205,DIESEL WICKED TORPEDO,6,PRMCIGAR,PREMIUM CIGAR
702050,HEBE TITAN,5,NOVELTY,NOVELTY
7021,PEACH 0MG,5,NOVELTY,NOVELTY
7022,TOOTY FRUITY,5,NOVELTY,NOVELTY
7023,PINA COLADA 0MG,5,NOVELTY,NOVELTY
7024,LADY PIPE,5,NOVELTY,NOVELTY
703,CRAZY CLOWN NUTTY HOOKAH,5,NOVELTY,NOVELTY
703324,BIC LIGHTER SMALL,1,NONE,NONE
704137796965,PAYBACK MAD TORO,6,PRMCIGAR,PREMIUM CIGAR
704137796972,PAYBACK MAD GORDO,6,PRMCIGAR,PREMIUM CIGAR
7043,PEACH&CREAM 12,5,NOVELTY,NOVELTY
7044,CHERRY& CREAM,5,NOVELTY,NOVELTY
7045,PEACES& CREAM 12,5,NOVELTY,NOVELTY
7046,PEACHES&CREAM 18,5,NOVELTY,NOVELTY
7048,STABRY& CREAM 12,5,NOVELTY,NOVELTY
7049,STRBRY&CREAM 18,5,NOVELTY,NOVELTY
705020496207,ASHTREY,5,NOVELTY,NOVELTY
705060,C4 1100MH KIT,5,NOVELTY,NOVELTY
705080,SALE 3.49 CIG,1,NONE,NONE
705333580181,CAKE XL BANANA COOKIE DISP,5,NOVELTY,NOVELTY
705333580204,CAKE XL LA CONFI DISPOSABLE,5,NOVELTY,NOVELTY
705333582222,CAKE SOUR TANGIE DISPOSABLE,5,NOVELTY,NOVELTY
705333587883,CAKE PURPLE PUNCH DISPOSABLE,5,NOVELTY,NOVELTY
705609,FINE AND RARE 2018,6,PRMCIGAR,PREMIUM CIGAR
706050,EGO TORO GORDO,6,PRMCIGAR,PREMIUM CIGAR
707670090330,TORCH LIGHTERS - TECHNO BRAND,5,NOVELTY,NOVELTY
708926561116,WILDHORSE FF BOX CTN,3,1,CIG CARTON
708926561314,WILDHORSE FF 100 BX CTN,3,1,CIG CARTON
708926562311,WILDHORSE GOLD 100BX CTN,3,1,CIG CARTON
708926565213,WILDHORSE SILVER 100BX CTN,3,1,CIG CARTON
708926800109,WILDHORSE TUBES,1,NONE,NONE
709733001017,INCENSE KING OIL,5,NOVELTY,NOVELTY
709733001024,INCENSE KING OIL,5,NOVELTY,NOVELTY
709733001031,INCENSE KING OIL,5,NOVELTY,NOVELTY
709733001055,INCENSE KING OIL,5,NOVELTY,NOVELTY
709733001079,INCENSE KING OIL,5,NOVELTY,NOVELTY
709733001086,INCENSE KING OIL,5,NOVELTY,NOVELTY
709733001093,INCENSE KING OIL,5,NOVELTY,NOVELTY
709733001109,INCENSE KING OIL,5,NOVELTY,NOVELTY
709733001116,INCENSE KING OIL,5,NOVELTY,NOVELTY
709733001123,INCENSE KING OIL,5,NOVELTY,NOVELTY
709733001130,INCENSE KING OIL,5,NOVELTY,NOVELTY
709733001147,INCENSE KING OIL,5,NOVELTY,NOVELTY
709733001154,INCENSE KING OIL,5,NOVELTY,NOVELTY
709733001161,INCENSE KING OIL,5,NOVELTY,NOVELTY
709733001178,INCENSE KING OIL,5,NOVELTY,NOVELTY
709733001185,INCENSE KING OIL,5,NOVELTY,NOVELTY
709733001192,FRAGRANCE OIL,5,NOVELTY,NOVELTY
709733001208,INCENSE KING OIL,5,NOVELTY,NOVELTY
709733001215,INCENSE KING OIL,5,NOVELTY,NOVELTY
709733001222,INCENSE KING OIL,5,NOVELTY,NOVELTY
709733001239,INCENSE KING OIL,5,NOVELTY,NOVELTY
709733001246,INCENSE KING OIL,5,NOVELTY,NOVELTY
709733001253,INCENSE KING OIL,5,NOVELTY,NOVELTY
709733001277,INCENSE KING OIL,5,NOVELTY,NOVELTY
709733001284,INCENSE KING OIL,5,NOVELTY,NOVELTY
709733001291,INCENSE KING OIL,5,NOVELTY,NOVELTY
709733001307,INCENSE KING OIL,5,NOVELTY,NOVELTY
709733001314,INCENSE KING OIL,5,NOVELTY,NOVELTY
709733001321,INCENSE KING OIL,5,NOVELTY,NOVELTY
709733001338,INCENSE KING OIL,5,NOVELTY,NOVELTY
709733001345,INCENSE KING OIL,5,NOVELTY,NOVELTY
709733001352,INCENSE KING OIL,5,NOVELTY,NOVELTY
709733001369,INCENSE KING OIL,5,NOVELTY,NOVELTY
709733002687,OM NAG CHAMPA 40G,5,NOVELTY,NOVELTY
709733002694,OM NAGCHAMPA 100G,5,NOVELTY,NOVELTY
709733002700,INCENSE KING OIL,5,NOVELTY,NOVELTY
71,IMPERIAL STRAIGHT,5,NOVELTY,NOVELTY
713757891738,STARBUZZ EHOSE,1,NONE,NONE
713757891837,STARBUZZ EHOSE,1,NONE,NONE
716165151906,INCENSE,5,NOVELTY,NOVELTY
716165151968,INCENSE,5,NOVELTY,NOVELTY
716165152330,SWAN SLIM FILTER TIPS,1,NONE,NONE
716165171447,RAW KING SIZE,1,NONE,NONE
716165172482,JUICY SUPER WRAP,5,NOVELTY,NOVELTY
716165172598,JUICY JAYS RASPBERRY,5,NOVELTY,NOVELTY
716165172611,JUICY JAYS MELLO MANGO,5,NOVELTY,NOVELTY
716165174011,RAW CLASSIC 1.25" + TIPS,5,NOVELTY,NOVELTY
716165174127,NOBODY LIKES A QUITTER,1,NONE,NONE
716165174172,RAW ORGANIC HEMP,1,NONE,NONE
716165174189,RAW ORGANIC HEMP - BOX,1,NONE,NONE
716165174219,RAW KING SLIM,1,NONE,NONE
716165174516,CYCLONE SUGAR CANE,5,NOVELTY,NOVELTY
716165174578,RAW CONE KING SIZE,1,NONE,NONE
716165174622,JUICY JAYS GREEN APPLE,5,NOVELTY,NOVELTY
716165174943,CYCLONES CLEAR GRAPE,1,NONE,NONE
716165174974,CYCLONES BLUBERRY 2X,1,NONE,NONE
716165174998,CYCLONES CLEAR 2x,1,NONE,NONE
716165176121,RAW ORGANIC 1.25" + TIPS,1,NONE,NONE
716165176145,CYCLONE CLEAR ICEDREAM,1,NONE,NONE
716165176251,CYCLONES - CHILL CLEAR,5,NOVELTY,NOVELTY
716165177111,RAW CONE 1 1/4 SIZE CLASSIC,1,NONE,NONE
716165177234,ELEMENTS CONE TIPS,1,NONE,NONE
716165177296,ELEMENTS 1 1/4 C/PAPER,1,NONE,NONE
716165177319,RAW 1.25 C-PAPERS CLASSIC,1,NONE,NONE
716165177357,RAW KING SIZE SLIM,1,NONE,NONE
716165177395,RAW TIPS UNRIFINED,5,NOVELTY,NOVELTY
716165177579,RAW CONNOISSEUR ORGANIC,5,NOVELTY,NOVELTY
716165177630,ELEMENT ULTRA THIN 1/4/1 PAPER,1,NONE,NONE
716165177791,ELEMENTS 1 1/2 PAPER,1,NONE,NONE
716165177814,ELEMENTS KINGSIZE,1,NONE,NONE
716165177937,JUICY PAPER REGULAR,5,NOVELTY,NOVELTY
716165177951,JUICY JAYS BLACKBERRY BRANDY,5,NOVELTY,NOVELTY
716165178422,RAW CLASIC 11/2,1,NONE,NONE
716165178446,JUICY JAYS GRAPE,5,NOVELTY,NOVELTY
716165178460,JUICY PAPER REGULAR,5,NOVELTY,NOVELTY
716165178484,JUICY PAPER REGULAR,5,NOVELTY,NOVELTY
716165178507,JUICY PAPER REGULAR,5,NOVELTY,NOVELTY
716165178545,JUICY JAYS WATERMELON,5,NOVELTY,NOVELTY
716165178620,COTTON CANDY JUICY JAYS,1,NONE,NONE
716165178668,MILK CHOCOLATE JUICY JAY,5,NOVELTY,NOVELTY
716165178682,JUICY JAYS RASPBERRY,5,NOVELTY,NOVELTY
716165178750,JUICY JAYS BLUEBERRY,5,NOVELTY,NOVELTY
716165178811,JUICY PAPER REGULAR,5,NOVELTY,NOVELTY
716165178835,JUICY JAYS V-CHERRY,5,NOVELTY,NOVELTY
716165178958,JUICY JAYS ORANGE,5,NOVELTY,NOVELTY
716165179214,RAW HAMP,1,NONE,NONE
716165179368,JUICY JAY''S STRAWBERRY,5,NOVELTY,NOVELTY
716165179467,MARSHMALLOW JUICY JAY,5,NOVELTY,NOVELTY
716165179481,RAW TIPS PRE-ROLLED,1,NONE,NONE
716165179535,JUICY SUPER WRAP,5,NOVELTY,NOVELTY
716165179566,JUICY SUPER WRAP,5,NOVELTY,NOVELTY
716165179573,JUICY SUPER WRAP,5,NOVELTY,NOVELTY
716165179597,JUICY SUPER WRAP,5,NOVELTY,NOVELTY
716165179627,JUICY SUPER WRAP,5,NOVELTY,NOVELTY
716165179634,JUICY SUPER WRAP,5,NOVELTY,NOVELTY
716165179665,JUICY SUPER WRAP,5,NOVELTY,NOVELTY
716165179672,JUICY SUPER WRAP,5,NOVELTY,NOVELTY
716165179689,JUICY SUPER WRAP,5,NOVELTY,NOVELTY
716165179771,CANDY CANE JUICY JAY,5,NOVELTY,NOVELTY
716165179849,JUICY JAYS STRAWBERRY KIWI,5,NOVELTY,NOVELTY
716165179894,ELEMENTS WITH TIPS,1,NONE,NONE
716165200185,JUICY JAYS PINEAPPLE,5,NOVELTY,NOVELTY
716165200543,RAW ARTESANO KINGSIZE,1,NONE,NONE
716165200758,JUICY PAPER REGULAR,5,NOVELTY,NOVELTY
716165200796,CYCLONE BLUEBERRY,5,NOVELTY,NOVELTY
716165201038,RAW ARTESANO - CLASSIC,1,NONE,NONE
716165201342,CYCLONE BLACK WIDOW 2X,1,NONE,NONE
716165201892,CYCLONE STRAW 2X,1,NONE,NONE
716165201953,RAW CONE - ORGANIC HEMP 1 1/4,5,NOVELTY,NOVELTY
716165201991,RAW CLASSIC 32 CT CONE,1,NONE,NONE
716165202103,RAW CONE - ORGANIC KG SIZE,1,NONE,NONE
716165202363,RAW WIZ KHALIFA CONE,1,NONE,NONE
716165280699,RAW TIPS 100CT TIN,1,NONE,NONE
716165281290,JUICY HEMP WRAP,1,NONE,NONE
716165281344,SUGARCANE CONES,1,NONE,NONE
716165281351,WONDERBERRY HEMP CONE,1,NONE,NONE
716165281368,BLUEBERRY HEMP CONE,1,NONE,NONE
716165281375,CYCLONES HEMP CONES,1,NONE,NONE
716165281382,GRAPE HEMP CONE,1,NONE,NONE
716165281399,NATURAL CYCLONES HEMP CONE,1,NONE,NONE
716165281702,RAW CLASSIC 1/14 WITH FILTER,1,NONE,NONE
716165285731,RAW PRE ROLLED WIDE TIPS,1,NONE,NONE
716670598807,QUICK & CLEAN,5,NOVELTY,NOVELTY
717337879529,EL CUBANO TORO CONN,6,PRMCIGAR,PREMIUM CIGAR
717519000734,AL CAPONE MENTHOL FILTER,6,PRMCIGAR,PREMIUM CIGAR
717519001106,AL CAPONE SWEETS NON-FILTER,6,PRMCIGAR,PREMIUM CIGAR
717519001113,AL CAPONE SLIMS,6,PRMCIGAR,PREMIUM CIGAR
717519001144,AL CAPONE SWEETS FILTER,6,PRMCIGAR,PREMIUM CIGAR
717519001304,AL CAPONE CANDELA FILTER,6,PRMCIGAR,PREMIUM CIGAR
717519006064,DNMNN IMPRL,6,PRMCIGAR,PREMIUM CIGAR
717519006248,DNMNN MOODS,6,PRMCIGAR,PREMIUM CIGAR
717519008815,AL CAPONE JAMAICAN BLAZE,6,PRMCIGAR,PREMIUM CIGAR
717519011013,AL CAPONE SWEETS 2PK,1,NONE,NONE
717519011716,AL CAPONE JAMAICAN BLAZE 2PK,6,PRMCIGAR,PREMIUM CIGAR
717519121309,AL CAPONE CANDELA 2cts/PK,6,PRMCIGAR,PREMIUM CIGAR
718122380787,STINKY ASHTRAY,5,NOVELTY,NOVELTY
719499005006,MINTY WRAPS,1,NONE,NONE
719499005037,HIGH HEMP ORGANIC,5,NOVELTY,NOVELTY
719499005068,HIGH HEMP MANGO,5,NOVELTY,NOVELTY
719499005105,HONEY POT SWIRL,5,NOVELTY,NOVELTY
719499005136,HIGH HEMP GRAPEAPE,1,NONE,NONE
719499005167,HIGH HEMP HYDRO LEMONADE,5,NOVELTY,NOVELTY
719499005198,HIGHHEMP PAPER 1/1/4,1,NONE,NONE
719499005273,HIGH HEMP BLAZIN CHERRY,5,NOVELTY,NOVELTY
719499005303,HIGH HEMP BARE BERRY,5,NOVELTY,NOVELTY
719499005334,HIGH HEMP PINEAPPLE PARADISE,5,NOVELTY,NOVELTY
719499005365,HIGH HEMP BANANA GOO,5,NOVELTY,NOVELTY
719499005518,HIGHHEMP HUBBABUBBA,1,NONE,NONE
719499005549,HIGH HEMP DUTCH CREAM,5,NOVELTY,NOVELTY
719499005815,ARTISANAL HEMP CONE,1,NONE,NONE
719499005822,ORGANIC ARTISANAL MANGO,1,NONE,NONE
719499005884,ORGANIC ARTISANAL BANANA,1,NONE,NONE
72,PUG STRAIGHT PIPE,5,NOVELTY,NOVELTY
721405571420,FORMULA 420,5,NOVELTY,NOVELTY
721535012510,BIDI STICK DISPOSABLE,5,NOVELTY,NOVELTY
721702208548,7 Hydroxy Mixed Berry 100 mg,5,NOVELTY,NOVELTY
723549950611,XA POP 1G HYBRID,5,NOVELTY,NOVELTY
726754192678,CURIVARI SP MAD MAGNIFICOS,6,PRMCIGAR,PREMIUM CIGAR
726754192760,GLORIA DE LEON DOMINANTE,6,PRMCIGAR,PREMIUM CIGAR
726754192906,BUENAVENTURA BV500,6,PRMCIGAR,PREMIUM CIGAR
726754192913,BUENAVENTURA BV 560,6,PRMCIGAR,PREMIUM CIGAR
726754192920,BUENAVENTURA BV600 6X60,6,PRMCIGAR,PREMIUM CIGAR
726754192951,Buenaventura BV554 5/8x54,6,PRMCIGAR,PREMIUM CIGAR
726754192982,BUENAVENTURA P652,6,PRMCIGAR,PREMIUM CIGAR
726754193002,BUENAVENTURA CREMAS C200 5X54,6,PRMCIGAR,PREMIUM CIGAR
726754193019,BUENAVENTURA CREMAS C300 6X52,6,PRMCIGAR,PREMIUM CIGAR
726754194269,CURIVARI SG MAD 654,6,PRMCIGAR,PREMIUM CIGAR
726754194276,CURIVARI SG MAD 660,6,PRMCIGAR,PREMIUM CIGAR
726754196072,BUENAVENTURA BV654,6,PRMCIGAR,PREMIUM CIGAR
726754196089,CURIVARI SP LANCEROS,6,PRMCIGAR,PREMIUM CIGAR
726754196119,BUENAVENTURA MAD BV500,6,PRMCIGAR,PREMIUM CIGAR
726754196126,BUENAVENTURA BV560 MAD,6,PRMCIGAR,PREMIUM CIGAR
726754196133,BUENAVENTURA 600 mad,6,PRMCIGAR,PREMIUM CIGAR
726754196140,BUENAVENTURA MINI MAD,6,PRMCIGAR,PREMIUM CIGAR
726754196218,Buenaventura Favoritos,6,PRMCIGAR,PREMIUM CIGAR
726754196225,Buenaventura Favoritos,6,PRMCIGAR,PREMIUM CIGAR
726754196232,Buenaventura Favoritos nat 5x5,6,PRMCIGAR,PREMIUM CIGAR
726754196249,Buenaventura Favoritos,6,PRMCIGAR,PREMIUM CIGAR
726754196256,Buenaventura Favoritos,6,PRMCIGAR,PREMIUM CIGAR
726754196263,Buenaventura Favoritos,6,PRMCIGAR,PREMIUM CIGAR
728028089493,Smoker''s Palace 100 FF Filter ,1,NONE,NONE
728028089509,SMOKER''S PALACE TUBE GOLD 100m,1,NONE,NONE
73,CHECKER PIPE BENT,5,NOVELTY,NOVELTY
730011,SKOAL LC WG,CANPROMO,NONE,NONE
730211,COPENHAGEN WINTERGREEN PACKS,CHEW CAN,NONE,NONE
730311,COPENHAGEN LC STRAIGHT,CANPROMO,NONE,NONE
730351,COPENHAGEN LC WG $1.00 OFF,CANPROMO,NONE,NONE
730361,COPENHAGEN LC MINT,CHEW CAN,NONE,NONE
730391,COPENHAGEN MINT POUCHE,CHEW CAN,NONE,NONE
730551,COPENHAGEN WG POUCHES,CHEW CAN,NONE,NONE
730561,COPENHAGEN W/G POUCHES 50c OFF,CANPROMO,NONE,NONE
730601,SKOAL STRAIGHT LC CAN,CHEW CAN,NONE,NONE
730881,SKOAL MINT LC CAN,CHEW CAN,NONE,NONE
731071,COPENHAGEN SNUFF,CHEW CAN,NONE,NONE
731131,HUSKY FC NATURAL,CHEW CAN,NONE,NONE
731132404540,CH BELGIAN BLUE TORO,6,PRMCIGAR,PREMIUM CIGAR
731151,HUSKY LC WINTERGREEN,CHEW CAN,NONE,NONE
731211,COPENHAGEN LC ORIGINAL,CHEW CAN,NONE,NONE
731371,SKOAL W/GREEN FC CAN,CHEW CAN,NONE,NONE
731481,SKOAL LC WG,CHEW CAN,NONE,NONE
731671,SKOAL XTRA WG POUCH,CHEW CAN,NONE,NONE
731681,SKOAL XTRA MINT POUCHES,CHEW CAN,NONE,NONE
731701,SKOAL XTRA WG LC,CHEW CAN,NONE,NONE
731731,REDSEAL LC WGREEN,CHEW CAN,NONE,NONE
732388562206,OSCAR LEAF BROADLEAF,6,PRMCIGAR,PREMIUM CIGAR
732721,SKOAL XTRA MINT LC,CHEW CAN,NONE,NONE
732761,RED SEAL W/GREEN LC,7,CHEWLOG,LOG CHEW
732831,COPENHAGEN LC SOUTHERN BLEND,CHEW CAN,NONE,NONE
732921,COPENHAGEN LC MINT,CANPROMO,NONE,NONE
733191,SKOAL WG POUCHES,CHEW CAN,NONE,NONE
733491,skoal fc wg $1 off,CHEW CAN,NONE,NONE
734366011812,SMOKE ORDOR EXTERMIN - 2.5oz -,5,NOVELTY,NOVELTY
734366011843,SMOKE ODOR EXTERMINTOR - 2.5 o,5,NOVELTY,NOVELTY
734366014912,SO BAMBOO BREEZE,5,NOVELTY,NOVELTY
734366018507,NAG CHAMPA CANDLE,5,NOVELTY,NOVELTY
734366018514,NAG CHAMPA SPRAY,1,NONE,NONE
734366018538,SMOK ODOR PTACHILI CANDLE,5,NOVELTY,NOVELTY
734366018545,SMOK ODOR PATCHOLI AMBER,5,NOVELTY,NOVELTY
734366018569,SMOKE ODOR CANDLE,5,NOVELTY,NOVELTY
734366018576,SANDALWOOD AIR FRESHENER SPRAY,5,NOVELTY,NOVELTY
734366019504,SO CLOTHINE FRESH CANDLE,5,NOVELTY,NOVELTY
734366019511,CLOTHESLINE 9.99,5,NOVELTY,NOVELTY
734366020036,SMOKE ODOR CANDLE,5,NOVELTY,NOVELTY
734366020043,SMOKE ODOR EXTERMINATOR,5,NOVELTY,NOVELTY
734366021095,SMOK ODOR DRAGONBLOOD CANDLE,5,NOVELTY,NOVELTY
734366021101,SO DRAGON BLOOD SPRAY,5,NOVELTY,NOVELTY
734366021118,HIPPIE LOVE,5,NOVELTY,NOVELTY
734366021125,SMOKE ODOR EXTERMINATOR,5,NOVELTY,NOVELTY
734366034781,CINNAMON APPLE,5,NOVELTY,NOVELTY
734366036921,SMOKE ODOR EXTERMINATOR,5,NOVELTY,NOVELTY
734366036938,ORANGE LEMON SPRAY,1,NONE,NONE
734366037140,SMOKE ODOR CREAMY VANILLA,5,NOVELTY,NOVELTY
734366037218,SO CINA APPLE SPRAY,5,NOVELTY,NOVELTY
734366037232,SMOK ODOR CREAMY VANILLA,5,NOVELTY,NOVELTY
734366037270,VANILLA CAR AIR FRESHENER,5,NOVELTY,NOVELTY
734366037362,SMOK ODOR ORANGE LEMON SPLASH,1,NONE,NONE
734366037638,SMOK ODOR FLOWER POWER,1,NONE,NONE
734366037737,HAPPY DAZE CANDLE,5,NOVELTY,NOVELTY
734366037782,SMOK ODOR BLUE SERENITY,1,NONE,NONE
734366038055,SMOK ODER KIWI TWISTED STRAW,1,NONE,NONE
734366043943,HAPPY DAZE SPRAY,5,NOVELTY,NOVELTY
734366043998,SO BLUE SERENITY SPRAY,5,NOVELTY,NOVELTY
734571,SKOAL MINT POUCHES,CHEW CAN,NONE,NONE
734621,RED SEAL FC NATURAL,7,CHEWLOG,LOG CHEW
734801,SKOAL APPLE LC,CHEW CAN,NONE,NONE
734851,SKOAL CITRUS,CHEW CAN,NONE,NONE
734911,SKOAL CITRUS POUCH,CHEW CAN,NONE,NONE
735081,SPEARMINT POUCH,CHEW CAN,NONE,NONE
735341,SKOAL MINT POUCH .50C OFF,CHEW CAN,NONE,NONE
735551,COPENHAGEN NATURAL L/CUT,CANPROMO,NONE,NONE
735611,REDSEAL LC WG $1.00 OFF,CHEW CAN,NONE,NONE
735811,SKOAL WG POUCH .50C OFF,CHEW CAN,NONE,NONE
735911,SKOAL APPLE POUCH,CHEW CAN,NONE,NONE
736211912343,PHARAOHS CHARCOAL,5,NOVELTY,NOVELTY
736571,COPENHAGEN MINT POUCH,CHEW CAN,NONE,NONE
736821,Skoal LC Straight .50coff,CANPROMO,NONE,NONE
737069614458,KRISTOFF MADURO SAMPLER,6,PRMCIGAR,PREMIUM CIGAR
737069614472,kristoff medium sampler,6,PRMCIGAR,PREMIUM CIGAR
737069614830,PISTOFF KRISTOFF,6,PRMCIGAR,PREMIUM CIGAR
737069615820,KRISTOFF EXTREMELY PISTOFF,6,PRMCIGAR,PREMIUM CIGAR
737069616780,KRISTOFF COMPADRES ROBO,6,PRMCIGAR,PREMIUM CIGAR
737069617015,KRISTOFF VEINTE TORO,6,PRMCIGAR,PREMIUM CIGAR
737069617343,KRISTOFF SIGN SERIES PCA,6,PRMCIGAR,PREMIUM CIGAR
737161,COPENHAGEN LC WG,CANPROMO,NONE,NONE
737691,SKOAL STRAIGHT POUCH,CHEW CAN,NONE,NONE
738759776210,MEDWAKH DOKHA,1,NONE,NONE
738759776227,MEDWAKH DOKHA,1,NONE,NONE
738761,COPENHAGEN WG LC,CHEW CAN,NONE,NONE
738821,COPENHAGEN STRAIGHT LC,CHEW CAN,NONE,NONE
738841,COPENHAGEN NATURAL L/CUT,CHEW CAN,NONE,NONE
739241,RED SEAL L/C W/GREEN $2.39,7,CHEWLOG,LOG CHEW
739601138408,MYSTIC LAB D8 300MG GUMMY,5,NOVELTY,NOVELTY
739621,COPENHAGEN FC WINTERGREEN,CHEW CAN,NONE,NONE
74,SPARTAN PIPE STRAIGHT,5,NOVELTY,NOVELTY
740111140799,MICRO7 BLURASP GUMY 2PK,5,NOVELTY,NOVELTY
740111140812,MICRO7S WATERMELON GUMY 2PK,5,NOVELTY,NOVELTY
742271564682,FUSION FG1000,5,NOVELTY,NOVELTY
7423825000643,CAMACHO TRIPLE MADURO,6,PRMCIGAR,PREMIUM CIGAR
7423825000803,LEGENDARIO,6,PRMCIGAR,PREMIUM CIGAR
7423825000827,LEGENDARIO FIGURADO,6,PRMCIGAR,PREMIUM CIGAR
7423825001008,LAF MICHELANGELO,6,PRMCIGAR,PREMIUM CIGAR
7423825001022,LAFONTANA DAVINCI,6,PRMCIGAR,PREMIUM CIGAR
7423825001046,LA FONTANA GALILEO,6,PRMCIGAR,PREMIUM CIGAR
7423825001084,LA FONTANA VINTAGE PUCCINI,6,PRMCIGAR,PREMIUM CIGAR
7423825002005,BACCARAT CHURCHILL SINGLE,6,PRMCIGAR,PREMIUM CIGAR
7423825002012,B. BELICOSO HAVANA,6,PRMCIGAR,PREMIUM CIGAR
7423825002067,BACCARAT HAVANA ROTHCHILD,6,PRMCIGAR,PREMIUM CIGAR
7423825002166,BACCARAT PANETELA,6,PRMCIGAR,PREMIUM CIGAR
7423825002203,BACCARAT BONITA,6,PRMCIGAR,PREMIUM CIGAR
7423825002388,BACCARAT MADURO,6,PRMCIGAR,PREMIUM CIGAR
7423825011410,DOUBLE ROBUSTO,6,PRMCIGAR,PREMIUM CIGAR
7423825011458,GIGANTE,6,PRMCIGAR,PREMIUM CIGAR
7423834500813,TATASCAN HABANO ROBUSTO,6,PRMCIGAR,PREMIUM CIGAR
7423834502220,TATASCAN ROBUSTO CONNECTICUT,6,PRMCIGAR,PREMIUM CIGAR
7423834502565,RANCHO LUNA MAD GORDO,6,PRMCIGAR,PREMIUM CIGAR
7423834502602,RANCHO LUNA MAD ROBUSTO,6,PRMCIGAR,PREMIUM CIGAR
7426824777097,NEW CUBA CONN TITAN,6,PRMCIGAR,PREMIUM CIGAR
7426824777134,NE CUBA CT ROBUSTO,6,PRMCIGAR,PREMIUM CIGAR
7426824777196,NEW CUBA ROBUSTO,6,PRMCIGAR,PREMIUM CIGAR
7426824777219,NEW CUBA TITAN,6,PRMCIGAR,PREMIUM CIGAR
7426824777264,JFR LUNATIC MAD 8X80,6,PRMCIGAR,PREMIUM CIGAR
7426824777318,JFR SUPER TORO COROJO,6,PRMCIGAR,PREMIUM CIGAR
7426824777332,JFR TTITAN 6X60,6,PRMCIGAR,PREMIUM CIGAR
7426824777356,MADURO SUPER TORO 6 1/2 X 52,6,PRMCIGAR,PREMIUM CIGAR
7426824777370,JFR MADURO TITAN 6X60,6,PRMCIGAR,PREMIUM CIGAR
7426824777387,JFR 770 MADURO,6,PRMCIGAR,PREMIUM CIGAR
7426824777691,NEW CUBA TITAN MAD,6,PRMCIGAR,PREMIUM CIGAR
7426824777707,NEW CUBA ROBUSTO MADURO,6,PRMCIGAR,PREMIUM CIGAR
7426824777745,NEW CUBA MAD TORO,6,PRMCIGAR,PREMIUM CIGAR
7426824777769,NEW CUBA ROBUSTO MAD,6,PRMCIGAR,PREMIUM CIGAR
7426824777820,AGANORSA CONN 5.25X50,6,PRMCIGAR,PREMIUM CIGAR
7426824779091,ES 2015 MAD TORO,6,PRMCIGAR,PREMIUM CIGAR
7426824779138,HVC CERRO ROBUSTO,6,PRMCIGAR,PREMIUM CIGAR
7426824779268,HVC SERIES A CANONES,6,PRMCIGAR,PREMIUM CIGAR
7426824779299,HVC LAGUITO # 5 MAD,6,PRMCIGAR,PREMIUM CIGAR
7426824779305,HVC LAGUITO # 4 MAD,6,PRMCIGAR,PREMIUM CIGAR
7426824779312,PL HVC 500 ANNI TESOROS,6,PRMCIGAR,PREMIUM CIGAR
7426824779343,hvcgran canon 6x60,6,PRMCIGAR,PREMIUM CIGAR
7426824781018,ROSA DE GUADALUPE,6,PRMCIGAR,PREMIUM CIGAR
7426824781124,VIVA LA VIDA 5X56 jester,6,PRMCIGAR,PREMIUM CIGAR
7426824781179,VIVA LA VIDA 6X60,6,PRMCIGAR,PREMIUM CIGAR
7426824782398,JFR CT TITAN,6,PRMCIGAR,PREMIUM CIGAR
7426824782886,EL LOCO 4.75X70 MAD,6,PRMCIGAR,PREMIUM CIGAR
7426824782893,EL GRAN LOCO MAD,6,PRMCIGAR,PREMIUM CIGAR
7426824782909,EL LOQUITO 4.75X60 MAD,6,PRMCIGAR,PREMIUM CIGAR
7426824785122,DIAS DE GLORIA TORO,6,PRMCIGAR,PREMIUM CIGAR
7426824785894,NEW WORLD ELDORADO,6,PRMCIGAR,PREMIUM CIGAR
7426824785917,NEW WORLD DORADO FIGURADO,6,PRMCIGAR,PREMIUM CIGAR
7427025678473,AGANORSA LEAF CONN GRAN TORO,6,PRMCIGAR,PREMIUM CIGAR
7427025678480,AGANORSA LEAF CONN TORO,6,PRMCIGAR,PREMIUM CIGAR
7427025678497,aganorsa habano toro 6 1/4 x 5,6,PRMCIGAR,PREMIUM CIGAR
7427025678510,aganorsa leaf habano,6,PRMCIGAR,PREMIUM CIGAR
7427025678541,aganorsa leaf mad toro,6,PRMCIGAR,PREMIUM CIGAR
7427025678718,AGANORSA LEAF ANNI GRAN TORO M,6,PRMCIGAR,PREMIUM CIGAR
7427025678725,AGANORSA LEAF ANNI ROBUS MAD,6,PRMCIGAR,PREMIUM CIGAR
7427025678732,AGANORSA LEAF ANNI TORO MAD,6,PRMCIGAR,PREMIUM CIGAR
7427025678756,AGANORSA LEAF ANNI CORO LANCER,6,PRMCIGAR,PREMIUM CIGAR
7427025679869,JFR SUPER TORO SAMPLER,6,PRMCIGAR,PREMIUM CIGAR
7429457091073,PURO ESPECIAL ROBUSTO,6,PRMCIGAR,PREMIUM CIGAR
7429457091080,PURO ESPECIAL TORO,6,PRMCIGAR,PREMIUM CIGAR
7429457191124,BROADLEAF ROBUSTO,6,PRMCIGAR,PREMIUM CIGAR
7429457291213,THE BULL GORDO,6,PRMCIGAR,PREMIUM CIGAR
7429457491453,NEW WORLD CAMEROON,6,PRMCIGAR,PREMIUM CIGAR
7429457591580,VIVA LA VIDA TORO,6,PRMCIGAR,PREMIUM CIGAR
7429457691617,VIVA LA VIDA DIADEMAS FINAS,6,PRMCIGAR,PREMIUM CIGAR
7429457891819,BELLAS ATES MAD ROBUSTO,6,PRMCIGAR,PREMIUM CIGAR
7429457891833,CHURCHILL,6,PRMCIGAR,PREMIUM CIGAR
7429457891857,TORPEDO,6,PRMCIGAR,PREMIUM CIGAR
7429457891871,ROBUSTO,6,PRMCIGAR,PREMIUM CIGAR
7429457891895,TORO,6,PRMCIGAR,PREMIUM CIGAR
742978845114,line rose rolling paper king s,1,NONE,NONE
742978845145,line red rolling papers king s,1,NONE,NONE
742978845176,line lavender rolling paper,1,NONE,NONE
742978845206,line mint rolling papers king,1,NONE,NONE
742978845237,line mint cones 6 pack,1,NONE,NONE
742978845268,line lavender cones 1 1/4,1,NONE,NONE
742978845269,line lavender cones 1 1/4,1,NONE,NONE
742978845299,line rose cones 6 pack,1,NONE,NONE
742978845329,line red cones 6 pack,1,NONE,NONE
742978846227,LL SWEET AROMATIC,1,NONE,NONE
742978846234,LL STRAWBERRY DREAM,1,NONE,NONE
742978846258,LOOSE LEAF PEACH DREAM,1,NONE,NONE
742978846630,LL GRAPE DREAM,1,NONE,NONE
743809215045,VECTOR 447 ML 15.5OZ BUTANE CA,5,NOVELTY,NOVELTY
743809500011,VECTOR BUTANE 320ML,5,NOVELTY,NOVELTY
74444,TRITON COIL,5,NOVELTY,NOVELTY
744444,ASPIRE TRITON,5,NOVELTY,NOVELTY
744634,JOKER 1 1/2,1,NONE,NONE
7460644701054,MOJITO TIN OF 10,6,PRMCIGAR,PREMIUM CIGAR
7460644701061,LFD DAIQUIRI MADURO,6,PRMCIGAR,PREMIUM CIGAR
7460644701924,LFD ORO CHISEL TUBO,6,PRMCIGAR,PREMIUM CIGAR
7460644701931,ORO TUBO MADURO,6,PRMCIGAR,PREMIUM CIGAR
7460644701948,ORO TUBO NATURAL,6,PRMCIGAR,PREMIUM CIGAR
7460644702280,DOUBLE LIGERO CHISLE,6,PRMCIGAR,PREMIUM CIGAR
7460644702297,LFD DL600 NATURAL,6,PRMCIGAR,PREMIUM CIGAR
7460644702303,LFD DL700 NATURAL,6,PRMCIGAR,PREMIUM CIGAR
7460644702419,DBL LIGERO 452 MADURO,6,PRMCIGAR,PREMIUM CIGAR
7460644702457,DL 660 MADURO,6,PRMCIGAR,PREMIUM CIGAR
7460644702464,LFD DL 654 MADURO,6,PRMCIGAR,PREMIUM CIGAR
7460644702488,DOUBLE LIGERO DIGGER NATURAL,6,PRMCIGAR,PREMIUM CIGAR
7460644702860,LFD TORPEDITO LIGERO,6,PRMCIGAR,PREMIUM CIGAR
7460644702884,DL LANCERO NATURAL,6,PRMCIGAR,PREMIUM CIGAR
7460644702891,DOUBLE LIGERO LANCERO OSCURO,6,PRMCIGAR,PREMIUM CIGAR
7460644704000,MATATAN TUBO AIRBENDER,6,PRMCIGAR,PREMIUM CIGAR
7460644704017,TUBO PODEROSO,6,PRMCIGAR,PREMIUM CIGAR
7460644704024,TUBO MACEO SUAVE,6,PRMCIGAR,PREMIUM CIGAR
7460644704048,TUBO L100,6,PRMCIGAR,PREMIUM CIGAR
7460644704055,TUBOS L250,6,PRMCIGAR,PREMIUM CIGAR
7460644704864,LFD double ligero nat 854,6,PRMCIGAR,PREMIUM CIGAR
7460644705052,LFD 707 LIGERO,6,PRMCIGAR,PREMIUM CIGAR
7460644706219,LFD LA VOLCADA,6,PRMCIGAR,PREMIUM CIGAR
7460644708046,LA NOX PETIT,6,PRMCIGAR,PREMIUM CIGAR
7460644708725,LFD FRESH PK,6,PRMCIGAR,PREMIUM CIGAR
7465603125797,DOMINICAN DNA ROBUSTO,6,PRMCIGAR,PREMIUM CIGAR
7465603129634,CAZADORES CLARO ROBUSTO,6,PRMCIGAR,PREMIUM CIGAR
7465603129658,CAZADORES CLARO TORO,6,PRMCIGAR,PREMIUM CIGAR
7465603129702,LA AURORA 115TH ANNI TORO,6,PRMCIGAR,PREMIUM CIGAR
7465603129948,LA AURORA CAMEROON TORO,6,PRMCIGAR,PREMIUM CIGAR
7465603129955,LA AURORA CONNECTICUT  TORO,6,PRMCIGAR,PREMIUM CIGAR
7465603129962,LA AURORA COROJO  TORO,6,PRMCIGAR,PREMIUM CIGAR
7465603132498,LA AURORA MADURO TORO,6,PRMCIGAR,PREMIUM CIGAR
7465603136038,LA AURORA 107 ECUDOR TORO,6,PRMCIGAR,PREMIUM CIGAR
7465603154711,LA AURORA 120TH ANNI TORO,6,PRMCIGAR,PREMIUM CIGAR
7465603157088,CAZADORES CLARO GORDO,6,PRMCIGAR,PREMIUM CIGAR
7465603157101,CAZADORES MAD TORO,6,PRMCIGAR,PREMIUM CIGAR
7465603157118,CAZADORS MAD GORDO,6,PRMCIGAR,PREMIUM CIGAR
7465603157132,CAZADORS NICA TORO,6,PRMCIGAR,PREMIUM CIGAR
7465603157149,CAZADORES NICA GORDO,6,PRMCIGAR,PREMIUM CIGAR
7465603161566,LA AURORA PLATINUM TOUBO,6,PRMCIGAR,PREMIUM CIGAR
7465603161610,LA AURORA RUBY TUBO,6,PRMCIGAR,PREMIUM CIGAR
7465603161641,LA AURORA GOLD TUBO,6,PRMCIGAR,PREMIUM CIGAR
7465603161658,LA AURORA SAPPHIRE TUBO,6,PRMCIGAR,PREMIUM CIGAR
7465603161702,LA AURORA EMARLD TUBO,6,PRMCIGAR,PREMIUM CIGAR
7465603162587,LA AURORA DIAMOND TUBO,6,PRMCIGAR,PREMIUM CIGAR
7465603167384,GRAN CORONA VINTAGE MADURO,6,PRMCIGAR,PREMIUM CIGAR
7465603167391,CORONA GORDA VINTAGE CONNETICU,6,PRMCIGAR,PREMIUM CIGAR
7465603168879,VINTAGE CAMEROON ROBUSTO,6,PRMCIGAR,PREMIUM CIGAR
7465603168886,VINTAGE MADURO ROBUSTO,6,PRMCIGAR,PREMIUM CIGAR
7465603183827,CHICO PRINCIPLES BLOND 5 PK,1,NONE,NONE
7465603183834,CHICO PRINCIPLES BROWN 5 PK,1,NONE,NONE
7465603183841,CHICO PRINCIPLES ORIGINAL 5PK,1,NONE,NONE
7465603183858,CHICO PRINCIPLES RED 6 PK,1,NONE,NONE
748252161598,FIRE LEAF,1,NONE,NONE
748398101939,BACC OFF STRAIGHT,7,CHEWLOG,LOG CHEW
749355088454,AS8 SKYWALKOG EACH,5,NOVELTY,NOVELTY
749565997713,DBL STACK BITE 2000MG STRA LEM,5,NOVELTY,NOVELTY
749565997737,DBL STACK BITE 2000MG BLUE RAZ,5,NOVELTY,NOVELTY
749874082858,DUBAI COOKIES,10,NONE,NONE
749874082919,DUBAI COOKIES,10,NONE,NONE
749874083008,DUBAI COOKIES,10,NONE,NONE
75,EBONY PIPE BENT,5,NOVELTY,NOVELTY
751667005746,FAS FIL 5X BUTANE CAN,5,NOVELTY,NOVELTY
751667005753,FAS FIL BUTANE 12cts CASE,5,NOVELTY,NOVELTY
751667005869,Cigar Cutter,5,NOVELTY,NOVELTY
751667017107,64 GAUGE BLADE,5,NOVELTY,NOVELTY
7516670205271,KEY RING CIGAR PUNCH,5,NOVELTY,NOVELTY
751667046954,DJARUM BLACK PK,1,NONE,NONE
751667058599,C.TORANO RSRV SELECTA,6,PRMCIGAR,PREMIUM CIGAR
751667067553,DJARUM CHERRY RUBY,1,NONE,NONE
751667067591,DJARUM SPECIAL PK,1,NONE,NONE
751667070829,GUNMENTAL LIGHTER/CUTTER,5,NOVELTY,NOVELTY
751667074230,DJARUM SPLASH PK,1,NONE,NONE
751667074278,DJARUM MILD PK,1,NONE,NONE
751667074353,DJARUM BALI HAI PK,1,NONE,NONE
751667078740,CIGAR CUTTER 52 GUAGE SILVER,5,NOVELTY,NOVELTY
751667083867,ROBUSTO BUNDLE,6,PRMCIGAR,PREMIUM CIGAR
751667083942,TORO NATURAL BUNDLE,6,PRMCIGAR,PREMIUM CIGAR
751667085984,FLORDE GONZALES,6,PRMCIGAR,PREMIUM CIGAR
751667087940,CIGAR CUTTER & CASE,5,NOVELTY,NOVELTY
751667090636,DJARUM VANILLA (ivory) PK,1,NONE,NONE
751667094078,ROSETTA CHARCOAL,5,NOVELTY,NOVELTY
751667097673,DREAMS VANILLA PK,1,NONE,NONE
751667097710,DREAMS CHOCOLATE PK,1,NONE,NONE
751667097796,DREAMS JUBILEE CHERRY PK,1,NONE,NONE
751667116992,Silver $ Blueberry Flv.,1,NONE,NONE
751667119061,CIGAR CUTTER,5,NOVELTY,NOVELTY
751667128759,Silver $ Cola Flv.,1,NONE,NONE
751667136556,Silver $ SPEARMINT Flv.,1,NONE,NONE
751667136594,Silver $ CHERRY Flv.,1,NONE,NONE
751667136631,Silver $  NATURAL Flv.,1,NONE,NONE
751667136679,Silver $ Appricot Flv.,1,NONE,NONE
751667144353,TOQUE SNUFF - KENTUKY BOURBON,7,CHEWLOG,LOG CHEW
751667151153,Toque Snuff - Rum & Cola,7,CHEWLOG,LOG CHEW
751667157957,Toque Snuff - Spanish Brandy,7,CHEWLOG,LOG CHEW
751667160674,BUTT BUCKET,5,NOVELTY,NOVELTY
751667160919,Toque Snuff - Whiskey & Honey,7,CHEWLOG,LOG CHEW
751667167628,BLACK HOOKAH HOSE,5,NOVELTY,NOVELTY
751667171342,ROBUSTO C.R.,6,PRMCIGAR,PREMIUM CIGAR
751667181907,CUTTER 56GUAGE,5,NOVELTY,NOVELTY
751667181945,CUTTER COMBO,5,NOVELTY,NOVELTY
751667181983,CUTTER COMBO,5,NOVELTY,NOVELTY
751667182065,GUNMETAL CUTTER,5,NOVELTY,NOVELTY
751667183260,CUBAN REJECT TORO MADURO,6,PRMCIGAR,PREMIUM CIGAR
751667183307,ROBUSTO MADURO,6,PRMCIGAR,PREMIUM CIGAR
751667185271,Comys butane 10.15OZ,5,NOVELTY,NOVELTY
751667191340,20 COUNT HUMIDOR,5,NOVELTY,NOVELTY
751667197861,VOODOO CHARCOAL BOX,5,NOVELTY,NOVELTY
751667197878,VOODOO CHARCOAL,HOOKAH,NONE,NONE
751667212793,EZCIG,1,NONE,NONE
751667214872,EZCIG,1,NONE,NONE
751667237949,ROCKY PATEL,6,PRMCIGAR,PREMIUM CIGAR
751667239318,APPLE ALLURE ZERO NIC,5,NOVELTY,NOVELTY
751667239394,STRAWBERRY SECRET,5,NOVELTY,NOVELTY
751667239431,WATERMELON WARLOCK,5,NOVELTY,NOVELTY
751667239479,PRECIOUS PEACH,5,NOVELTY,NOVELTY
751667260305,4TH GENERATION 1855,1,NONE,NONE
751667260343,4TH GENERATION PIPE TOBACCO,1,NONE,NONE
751667260381,4TH GENERATION 1957,1,NONE,NONE
751667261548,40CT HUMIDOR,5,NOVELTY,NOVELTY
751667264471,FAST FILL BUTANE 300ML,5,NOVELTY,NOVELTY
751667269223,VOODOO COCONUT 54 COUNT,5,NOVELTY,NOVELTY
751667284905,CIGAR SCISSORS,5,NOVELTY,NOVELTY
751667289627,YELLO TOBACCO POUCH,5,NOVELTY,NOVELTY
751667290036,DJARUM ULTRA MENTHOL,1,NONE,NONE
751667301435,DJARUM CHERRY 4CT,1,NONE,NONE
751667317313,djarum black classic,1,NONE,NONE
751667331951,FASTFILL CIG CASE 100MM,5,NOVELTY,NOVELTY
751667332668,GUARDSMAN CIGAR PUNCH,5,NOVELTY,NOVELTY
751667333917,CRYSTAL JAR 12OZ,5,NOVELTY,NOVELTY
751667338998,DREAMS SWEET(VANILLA),1,NONE,NONE
751667339032,DREAMS NAPA(GRAPE),1,NONE,NONE
751667339070,DREAMS COLUMBIAN(COFFEE),1,NONE,NONE
751667366304,FASFIL TORCH LIGHTER,5,NOVELTY,NOVELTY
751667381031,FASTFILL 140ML CAN,5,NOVELTY,NOVELTY
751667384438,P& K CUTTER,5,NOVELTY,NOVELTY
751667384513,CUTTER #PKQD54,5,NOVELTY,NOVELTY
751667384674,CUTTER # PKQCD64,5,NOVELTY,NOVELTY
752145,WHITE GOLD,6,PRMCIGAR,PREMIUM CIGAR
7526489219212,R&M BAR BERRY FUSION,5,NOVELTY,NOVELTY
7526489219229,R&M BAR RAINBOW CANDY,5,NOVELTY,NOVELTY
7526489219236,R&M BAR PEACH MANGO WATERMELON,5,NOVELTY,NOVELTY
7526489219243,R&M BAR SNO CONE ICE,5,NOVELTY,NOVELTY
7526489219250,R&M Fiji Melons Ice,5,NOVELTY,NOVELTY
7526489219267,R& M BAR FUJI APPLE ICE,5,NOVELTY,NOVELTY
7526489219274,R& M BAR BLUERAZZ POME,5,NOVELTY,NOVELTY
7526489219281,R&M BAR RASPBERRY CHERRY,5,NOVELTY,NOVELTY
7526489219304,R&M Blue Raspberry Ice,5,NOVELTY,NOVELTY
7526489219311,R&M BAR WTRMLN BUBBLE,5,NOVELTY,NOVELTY
7526489219328,R&M BAR SPEARMENT,5,NOVELTY,NOVELTY
7526489219342,R&M BAR TROPIC PUNCH,5,NOVELTY,NOVELTY
7526489219366,R&M BAR KIWI DRAGON BERRY,5,NOVELTY,NOVELTY
753035868564,EL MAGO MIAMI MADURO,6,PRMCIGAR,PREMIUM CIGAR
753035868571,EL MAGO TRIUNFANTE TORO,6,PRMCIGAR,PREMIUM CIGAR
753035868588,MIAMI PEPE TORO BOX PRESS MAD,6,PRMCIGAR,PREMIUM CIGAR
753182157566,MAUDORO ROBUSTO,6,PRMCIGAR,PREMIUM CIGAR
753182158112,LIGERO MADURO LANCEROS,6,PRMCIGAR,PREMIUM CIGAR
75321,SONY VTC4 30AMP,5,NOVELTY,NOVELTY
755003858782,SHRUUMZ COOKIES& CREAM CHOC,5,NOVELTY,NOVELTY
755003858799,SHRUUMZ FRUITYBEBBLES,5,NOVELTY,NOVELTY
755003858836,SHRUUMZ CTOASTCRUNCH CHOC,5,NOVELTY,NOVELTY
755003858867,SHRUUMZ BIRTHDAYCAKE CHOC,5,NOVELTY,NOVELTY
755003861485,spacegods cheesy crispy,5,NOVELTY,NOVELTY
755003861508,SPACE GODS CHILLY CRISPY,5,NOVELTY,NOVELTY
755003861522,SPACE GODS SPICY CRISPY,5,NOVELTY,NOVELTY
756029733633,NIIN 6MG,1,NONE,NONE
759051210141,STRIP CLEANSING DRINK,5,NOVELTY,NOVELTY
759051210165,STRIP CLEANSING DRINK,5,NOVELTY,NOVELTY
76,CONQUEROR PIPE STRAIGHT,5,NOVELTY,NOVELTY
760,SPOTTED GLASS,5,NOVELTY,NOVELTY
761073242222,PETER STOKKEBYE POUCH,1,NONE,NONE
761073242253,PETER STOKKEBYE POUCH,1,NONE,NONE
761073242284,ps amstradum shag pouch,1,NONE,NONE
761073242314,PETER STOKKEBYE tur exports,1,NONE,NONE
761073242345,PETER STOKKEBYE,1,NONE,NONE
761073242376,PETER STOKKEBYE POUCH,1,NONE,NONE
761073422259,PIPE TOBACCO,1,NONE,NONE
761073422525,PETER STOKKEBYE CAN,1,NONE,NONE
761073422549,PETER STOKKEBYE CAN,1,NONE,NONE
761073422563,PETER STOKKEBYE CAN,1,NONE,NONE
761073422587,PETER STOKKEBYE CAN,1,NONE,NONE
761073422600,PETER STOKKEBYE CAN,1,NONE,NONE
761073422624,PETER STOKKEBYE CAN,1,NONE,NONE
761073422730,BORKUM RIFF BLACK CAVENDISH,1,NONE,NONE
761073422761,BORKUM RIFF BOURBON-WHISKEY,1,NONE,NONE
761073422808,BORKUM RIFF BOURBON WHISKEY,1,NONE,NONE
761073422839,BORKUM RIFF CHERRY CAVENDISH,1,NONE,NONE
761073422860,BORKUM RIFF - CHERRY LIQUOR,1,NONE,NONE
761073422891,BORKUM RIFF - ORIGINAL,1,NONE,NONE
761073422921,BORKUM RIFRF ORIGINAL CAN 7oz,1,NONE,NONE
761073423652,PIPE TOBACCO,1,NONE,NONE
761073425120,PETERSON 3PS,1,NONE,NONE
761073425182,PETERSON CONN CHOICE,1,NONE,NONE
761073425212,PETERSON DE LUXE MIXTURE,1,NONE,NONE
761073425335,PETERSON IRISH CAKE,1,NONE,NONE
761073425366,PS IRISH WHISKEY 50GM,1,NONE,NONE
761073425427,PETERSON SHERLOCK HOLMES,1,NONE,NONE
761073425489,PETERSON SWEET KILLARNEY,1,NONE,NONE
761073425519,PETERSON UNIVERSITY FLAKE,1,NONE,NONE
761073425571,PETERSON OLD DUBLIN,1,NONE,NONE
761073425601,PETERSON PT IRISH DEW 40GM POU,1,NONE,NONE
761073425755,PETERSON NIGHTCAP,1,NONE,NONE
761073425786,PETERSON STANDARD MIXTRE,1,NONE,NONE
761073425816,PETERSON ELIZABETH MIXTURE,1,NONE,NONE
761073427551,PALADIN PIPE TOBACCO BLKCH CAN,1,NONE,NONE
761073427896,captain black original 7oz tin,1,NONE,NONE
761073427919,CAPTAIN BLACK GOLD 7OZ TIN,1,NONE,NONE
761073427933,CAPTAIN BLACK ROYAL CAN 7OZ,1,NONE,NONE
761073427957,VELVET PIPE TOBACCO CAN,1,NONE,NONE
761073428039,SIR WALTER RALEIGH CAN,1,NONE,NONE
761073428053,HALF AND HALF PIPE TOBACCO CAN,1,NONE,NONE
761073428527,BUGLER BLUE POUCH $1.00,1,NONE,NONE
761073440673,CAO EILEENS DREAM TIN,1,NONE,NONE
761073440680,CAO MOONTRANCE TIN,1,NONE,NONE
761073440697,CAO BELLA VANILLA TIN,1,NONE,NONE
761073440703,CAO 50G TIN CHERRY BOMB,1,NONE,NONE
7623500112610,DAVIDOFF TUBOS ROBUSTO,6,PRMCIGAR,PREMIUM CIGAR
7623500115857,PIPE TOBACCO,1,NONE,NONE
7623500167016,CAMACHO COROJO MONARCA,6,PRMCIGAR,PREMIUM CIGAR
7623500174717,ROBUSTO TUBOS,6,PRMCIGAR,PREMIUM CIGAR
7623500175103,CRIOLLO ROBUSTO,6,PRMCIGAR,PREMIUM CIGAR
7623500175141,CRILOLLO GIGANTE,6,PRMCIGAR,PREMIUM CIGAR
7623500175219,CONNECTICUT ROBUSTO,6,PRMCIGAR,PREMIUM CIGAR
7623500175240,CONNECTICUT FIGURADO,6,PRMCIGAR,PREMIUM CIGAR
7623500175257,CAMACHO CONNECTICUT 60X6,6,PRMCIGAR,PREMIUM CIGAR
7623500175387,COROJO ROBUSTO,6,PRMCIGAR,PREMIUM CIGAR
7623500175424,CAMACHO COROJO GIGANTE,6,PRMCIGAR,PREMIUM CIGAR
7623500175493,TRIPLE MADURO ROBUSTO,6,PRMCIGAR,PREMIUM CIGAR
7623500175523,C.TRIPLE MAUDORO GORDO,6,PRMCIGAR,PREMIUM CIGAR
7623500178876,CUSANO MAGNUM 6,6,PRMCIGAR,PREMIUM CIGAR
7623500181777,DAVIDOFF CIGARILLOS,6,PRMCIGAR,PREMIUM CIGAR
7623500182842,RED MINI,6,PRMCIGAR,PREMIUM CIGAR
7623500193770,MINI PLATINUM CIGAROLOS,6,PRMCIGAR,PREMIUM CIGAR
7623500194999,PRIMEROS NICA TIN,6,PRMCIGAR,PREMIUM CIGAR
7623500195224,BACARRAT GORDO,6,PRMCIGAR,PREMIUM CIGAR
7623500195569,PRIMEROS BY DAVIDOFF,6,PRMCIGAR,PREMIUM CIGAR
7623500195606,PRIMEROS BY DAVIDOFF,6,PRMCIGAR,PREMIUM CIGAR
7623500196009,CAMACHO ECUADOR ROBUSTO,6,PRMCIGAR,PREMIUM CIGAR
7623500196047,ECUADOR GORDO,6,PRMCIGAR,PREMIUM CIGAR
7623500244458,AVO CLASSIC NO2,6,PRMCIGAR,PREMIUM CIGAR
7623500244526,AVO XO LEGATO,6,PRMCIGAR,PREMIUM CIGAR
7623500244595,AVO SYNCRO NIC ROBUSTO,6,PRMCIGAR,PREMIUM CIGAR
7623500244601,SHORT ROBUSTO,6,PRMCIGAR,PREMIUM CIGAR
7623500244618,SYNCRO NICARAGUA,6,PRMCIGAR,PREMIUM CIGAR
7623500244625,SYNCRO NIC TORO TUBES,6,PRMCIGAR,PREMIUM CIGAR
7623500244632,SPECIAL TORO,6,PRMCIGAR,PREMIUM CIGAR
7623500244670,AVO HERITAGE TORO,6,PRMCIGAR,PREMIUM CIGAR
7623500248869,CAMACHO COROJO GORDO,6,PRMCIGAR,PREMIUM CIGAR
7623500260588,BARREL AGED ROBUSTO,6,PRMCIGAR,PREMIUM CIGAR
7623500260618,BARAREL AGED GORDO,6,PRMCIGAR,PREMIUM CIGAR
7623500261783,CAMACHO CONN MACHITOS,6,PRMCIGAR,PREMIUM CIGAR
7623500261806,CAMACHO COROJO MACHITOS,6,PRMCIGAR,PREMIUM CIGAR
7623500261820,CAMACHO CRIOLLO MACHITOS,6,PRMCIGAR,PREMIUM CIGAR
7623500262438,SILVER MINI CIGAROLOS,6,PRMCIGAR,PREMIUM CIGAR
7623500271607,M1 ROBUSTO BUNDLE,6,PRMCIGAR,PREMIUM CIGAR
7623500271621,CUSANO M1,6,PRMCIGAR,PREMIUM CIGAR
7623500271645,P1 ROBUSTO BUNDLE,6,PRMCIGAR,PREMIUM CIGAR
7623500271683,N1 ROBUSTO,6,PRMCIGAR,PREMIUM CIGAR
7623500271706,NICARAGUAN GORDO,6,PRMCIGAR,PREMIUM CIGAR
7623500273076,DAVIDOFF TUBOS NO2,6,PRMCIGAR,PREMIUM CIGAR
7623500277319,ROBUSTO CELLO,6,PRMCIGAR,PREMIUM CIGAR
7623500298550,PIPE TOBACCO,1,NONE,NONE
7623500298703,DAVID OFF PIPE TOBACCO,1,NONE,NONE
7623500299557,DAVIDOFF MINI CIG ESCURIO,6,PRMCIGAR,PREMIUM CIGAR
7623500299663,DITKA THROWBACK,6,PRMCIGAR,PREMIUM CIGAR
7623500310238,POWERBAND ROBUSTO,6,PRMCIGAR,PREMIUM CIGAR
7623500310269,POWERBAND GORDO,6,PRMCIGAR,PREMIUM CIGAR
7623500318524,M1 GORDO,6,PRMCIGAR,PREMIUM CIGAR
7623500318531,M1 ROBUSTO,6,PRMCIGAR,PREMIUM CIGAR
7623500318548,M1 CONNECTICUT CHURCHULL,6,PRMCIGAR,PREMIUM CIGAR
7623500318579,P1 ROBUSTO,6,PRMCIGAR,PREMIUM CIGAR
7623500318586,NICARAGUA CHURCHUILL,6,PRMCIGAR,PREMIUM CIGAR
7623500318593,N1 GORDO,6,PRMCIGAR,PREMIUM CIGAR
7623500318609,NICARAGUAN ROBUSTO,6,PRMCIGAR,PREMIUM CIGAR
7623500320442,FOGATA ROBSTO,6,PRMCIGAR,PREMIUM CIGAR
7623500320466,FOGATA TORO,6,PRMCIGAR,PREMIUM CIGAR
7623500320473,FOGATA SPECIAL TORO,6,PRMCIGAR,PREMIUM CIGAR
7623500325669,COROJO TORO,6,PRMCIGAR,PREMIUM CIGAR
7623500328776,BARREL AGED TORO,6,PRMCIGAR,PREMIUM CIGAR
7623500328783,NICARAGUAN BARREL AGED,6,PRMCIGAR,PREMIUM CIGAR
7623500353419,DAVIDOFF GOLD MINI,6,PRMCIGAR,PREMIUM CIGAR
7623500355536,AVO SYNCRO 3,6,PRMCIGAR,PREMIUM CIGAR
7623500355543,AVO SYNCRO TORO RITMO,6,PRMCIGAR,PREMIUM CIGAR
7623500365344,DIPLOMA SPECIAL ROBUSTO,6,PRMCIGAR,PREMIUM CIGAR
7623500368727,PRIMEROS DOM NAT,6,PRMCIGAR,PREMIUM CIGAR
7623500368949,WSC BELICOSO TIN,6,PRMCIGAR,PREMIUM CIGAR
7623500368956,DV WINSTON CHURCHILL PANETELA,6,PRMCIGAR,PREMIUM CIGAR
7623500369045,AVO CLASSIC PURITOS TIN,6,PRMCIGAR,PREMIUM CIGAR
7623500375947,CAMACHO COYOLAR TITAN,6,PRMCIGAR,PREMIUM CIGAR
7623500389180,SYNC RITMO 30YRS TORO,6,PRMCIGAR,PREMIUM CIGAR
7623500402834,BACK2BBACK NIC ROBUSTO,6,PRMCIGAR,PREMIUM CIGAR
7623500402841,BACK2 BACK NIC 6X60,6,PRMCIGAR,PREMIUM CIGAR
7623500402872,BACK2BACK CONN 6X60,6,PRMCIGAR,PREMIUM CIGAR
7623500409925,FRESH PACK CONNECTICUT,6,PRMCIGAR,PREMIUM CIGAR
7623500409949,FRESH PACK COROJO,6,PRMCIGAR,PREMIUM CIGAR
7623500409963,FRESH PACK CRIOLLO,6,PRMCIGAR,PREMIUM CIGAR
7623500411812,CAM BOLD ASSORT SAMPLER,6,PRMCIGAR,PREMIUM CIGAR
7623500412048,AVO UNEXPECTED CELEBRATION,6,PRMCIGAR,PREMIUM CIGAR
7623500412055,AVO UNEXPECTED MOMENT,6,PRMCIGAR,PREMIUM CIGAR
7623500412062,AVO UNEXPECTED TRADITION,6,PRMCIGAR,PREMIUM CIGAR
7623500412093,AVO UNEXPECTED PASSION,6,PRMCIGAR,PREMIUM CIGAR
7623500413229,CAMACHO DISTILLERY,6,PRMCIGAR,PREMIUM CIGAR
7623500413236,CAMACHO DISTILLERY,6,PRMCIGAR,PREMIUM CIGAR
7623500413243,CAMACHO DISTILLERY,6,PRMCIGAR,PREMIUM CIGAR
7623500422580,ZINO NIC TORO SAMPLER,6,PRMCIGAR,PREMIUM CIGAR
7623500423518,AVO LE 2020 CE,6,PRMCIGAR,PREMIUM CIGAR
7623500425727,AVO CLASSIC NO2 MAD,6,PRMCIGAR,PREMIUM CIGAR
7623500430639,CAMACHO NICARAGUAN ROBUSTO,6,PRMCIGAR,PREMIUM CIGAR
7623500430646,CAMACHO NICARAGUA TORO,6,PRMCIGAR,PREMIUM CIGAR
7623500430653,CAMACHO NICARAGUAN CHURCHILL,6,PRMCIGAR,PREMIUM CIGAR
7623500431704,zino nicara toro,6,PRMCIGAR,PREMIUM CIGAR
7623500441239,CAMACHO UNLEASHED,6,PRMCIGAR,PREMIUM CIGAR
7623500493344,CAMACHO UNLEASH 2022,6,PRMCIGAR,PREMIUM CIGAR
7623500507829,CAMACHO BROADLEAF GORDO,6,PRMCIGAR,PREMIUM CIGAR
7623500507836,CAMACHO BROADLEAF ROBUSTO,6,PRMCIGAR,PREMIUM CIGAR
7623500507843,CAMACHO BLEAF TORO,6,PRMCIGAR,PREMIUM CIGAR
7623500510676,ZINO PRECUT NICA H.COR TIN,6,PRMCIGAR,PREMIUM CIGAR
7623500536928,AVO SYNCRO TORO SAMPLER,6,PRMCIGAR,PREMIUM CIGAR
7623500536935,AVO CORO TORO SAMPLER,6,PRMCIGAR,PREMIUM CIGAR
7623500536942,camacho sampler pack,6,PRMCIGAR,PREMIUM CIGAR
762446400003,LONGHORN LC WG,7,CHEWLOG,LOG CHEW
762446404322,LONGHORN LC WG,7,CHEWLOG,LOG CHEW
762446410002,LONGHORN FC NATURAL,7,CHEWLOG,LOG CHEW
762446420001,LONGHORN LC STRAIGHT,7,CHEWLOG,LOG CHEW
762446430000,LONGHORN FC WINTERGREEN,7,CHEWLOG,LOG CHEW
762446440009,LONGHORN LC MINT,CHEW CAN,NONE,NONE
762446450008,LONGHORN LC NATURAL,CHEW CAN,NONE,NONE
762446490165,WINTERGREEN POUCHES,CHEW CAN,NONE,NONE
762446717019,TIMBERWOLF WINTERGREEN LC,CHEW CAN,NONE,NONE
762983310247,AIRO MAX COOL MINT,5,NOVELTY,NOVELTY
762983310346,AIRO MAX WATERKIWI ICE,5,NOVELTY,NOVELTY
766150296877,FRONTO LEAF WHOLE LEAF,5,NOVELTY,NOVELTY
766567223862,CBD ADDITIVE,5,NOVELTY,NOVELTY
766679203691,MODUS NATURAL 80MG 4 TB,5,NOVELTY,NOVELTY
766679203714,MODUS 20MG 1 TB,5,NOVELTY,NOVELTY
766679206876,GREEN CRACK 5GM,5,NOVELTY,NOVELTY
766679206883,GELONADE 5GM,5,NOVELTY,NOVELTY
766679206890,GODS GIFT 5GM,5,NOVELTY,NOVELTY
767152468767,cuban exile,6,PRMCIGAR,PREMIUM CIGAR
767152468798,cuban exile,6,PRMCIGAR,PREMIUM CIGAR
767152492878,CIGAR CUTTER,5,NOVELTY,NOVELTY
767152629090,ROBUSTO AJ FER,6,PRMCIGAR,PREMIUM CIGAR
769538001032,WILD BERRY DRAGON BLOOD CONE,5,NOVELTY,NOVELTY
769538001056,WILD BERRY SANDELWOOD CONE,5,NOVELTY,NOVELTY
769538001063,WILDBERRY PEACE OF MIND CONE,5,NOVELTY,NOVELTY
769538001070,WILDBERRY CHAMPA FLOWER CONE,5,NOVELTY,NOVELTY
769577838040,LOOSE LEAF AMBER DREAM,1,NONE,NONE
769577921025,LOOSE LEAF EMERALD DREAM,1,NONE,NONE
769577921346,LOOSE LEAF PURPLE DREAM,1,NONE,NONE
769577921353,LOOSE LEAF COOKIE N CREAM,1,NONE,NONE
769577921568,LOOSE LEAF RUBY DREAM,1,NONE,NONE
769577921636,LOOSE LEAF YELLOW DREAM,1,NONE,NONE
77,CAVALIER PIPE,5,NOVELTY,NOVELTY
775842,ESP 30W,5,NOVELTY,NOVELTY
7777,CHEAP BASTARD,6,PRMCIGAR,PREMIUM CIGAR
77775678,HANA MOD 30W,5,NOVELTY,NOVELTY
777779,A. FUENTE DON CARLOS,6,PRMCIGAR,PREMIUM CIGAR
777789,A.FUENTE CLASSIC,6,PRMCIGAR,PREMIUM CIGAR
781140,GINGERALE CAN,10,NONE,NONE
7813,BUDDAH BOMB,5,NOVELTY,NOVELTY
781810,SQUIRT CAN,10,NONE,NONE
781960,RC COLA 12 oz CAN,10,NONE,NONE
782,NAG CHAMPA 1000g,5,NOVELTY,NOVELTY
782011900615,CIG CASE,5,NOVELTY,NOVELTY
782011900639,CIGARETTE CASE,5,NOVELTY,NOVELTY
7820119900328,CIGARETTE CASE,5,NOVELTY,NOVELTY
7822190,T3S,5,NOVELTY,NOVELTY
7823,WATERPIPE,5,NOVELTY,NOVELTY
782740,SUNKIST 12oz CAN,10,NONE,NONE
782860409093,STALLONE PONY SUMATRA,6,PRMCIGAR,PREMIUM CIGAR
7831,WATERPIPE,5,NOVELTY,NOVELTY
7832,WATERPIPE,5,NOVELTY,NOVELTY
784000,HAWAIIAN PUNCH 12oz CAN,10,NONE,NONE
7840371001281,PALERMO NONFILTER CTN,3,1,CIG CARTON
78408579,PALERMO NON FILTER PK,2,CGRTPACK,CIGRT PACK
784762006370,ZIG ZAG LIGHT 100mm TUBES,1,NONE,NONE
784762006479,ZIG ZAG BLUE KINGS TUBES,1,NONE,NONE
784762007483,ZIG ZAG FF KINGS TUBES,1,NONE,NONE
784762007490,ZIG ZAG RED KING INJECTOR,5,NOVELTY,NOVELTY
784762007629,ZIG ZAG 100 MM INJECTOR,5,NOVELTY,NOVELTY
784762007728,ZIG ZAG FF 100mm TUBES,1,NONE,NONE
784762044341,ZIG ZAG SLO BURN,1,NONE,NONE
784762070005,ZIG-ZAG CONES,1,NONE,NONE
784762070036,ZIG-ZAG CONES,1,NONE,NONE
784762070067,ZIG-ZAG CONES,1,NONE,NONE
784762070098,ZIG-ZAG CONES,1,NONE,NONE
784762070128,ZIG-ZAG CONES,1,NONE,NONE
784762070623,zig zag peach 2 for .99c,1,NONE,NONE
784762070647,ZIGZAG WRAPS MELON 2/99C,1,NONE,NONE
784762070678,ZIG ZAG WRAP GRAPE 2/99C,1,NONE,NONE
784762071002,ZIG ZAG WRAP-GRAPE,1,NONE,NONE
784762071019,ZIG ZAG WRAP BLUEBERRY,1,NONE,NONE
784762071033,ZIG ZAG WRAP-PEACH,1,NONE,NONE
784762071040,ZIG ZAG CHERRY WRAPS,1,NONE,NONE
784762071057,ZAG ZAG MELON WRAPS,1,NONE,NONE
784762071088,ZIG ZAG WRAP-STRAIGHT UP,1,NONE,NONE
784762071132,MARACUJA WRAPS,1,NONE,NONE
784762071149,ZIG ZAG WRAP DRAGONBERRY,1,NONE,NONE
784762071187,ZIG ZAG PINEAPPLE WRAP 2/99C,1,NONE,NONE
784762071309,ZIG ZAG GRAPE 3/99,1,NONE,NONE
784762071310,ZIG ZAG GRAPE 3/99c,1,NONE,NONE
784762071316,ZIG ZAG PEACH 3/99c,1,NONE,NONE
784762071330,STRAWBERRY,1,NONE,NONE
784762071347,ZIG ZAG MANGO,1,NONE,NONE
784762071354,ZIG ZAG WHITE GRAPE 3/99c,1,NONE,NONE
784762071361,ZIG ZAG SWEETS 3/99c,1,NONE,NONE
784762071378,ZIG ZAG 3/99c DRAGONBERRY,1,NONE,NONE
784762071385,ZIG ZAG MARACUJA 3/99c,1,NONE,NONE
784762071392,ZIG ZAG 3/99c - TANGELO,1,NONE,NONE
784762072504,ZIG ZAG 2/99c CIGAR - GRAPE,1,NONE,NONE
784762072535,ZIG ZAG 2/99c CIGRILSTRAWRY,1,NONE,NONE
784762072542,ZIG ZAG 2/99c MANGO,1,NONE,NONE
784762077646,ZIG ZAG 2/99c BLACK CANE,1,NONE,NONE
784762077745,ZIG ZAG 3/99c GREEN KARMA,1,NONE,NONE
784762078209,ZIG ZAG BLUEBERRY,1,NONE,NONE
784762078308,zigzag straight up rillo size,1,NONE,NONE
784762078339,zig zag wrap rillo,1,NONE,NONE
784762078384,ZIG ZAG VANILLACREAM LEAF,1,NONE,NONE
784762078407,PURPLE RILLO SIZE,1,NONE,NONE
784762078605,ZIG ZAG PINK WRAPS,1,NONE,NONE
784762078704,ZIG-ZAG RILLO WRAPS,1,NONE,NONE
784762078803,ZIG-ZAG RILLO WRAPS,1,NONE,NONE
784762078841,ZIG ZAG STRAIGHTUP LEAF,1,NONE,NONE
784762078872,ZIG ZAG SWEET LEAF,1,NONE,NONE
784762078902,ZIG-ZAG RILLO WRAPS,1,NONE,NONE
784762990198,ZIG ZAG 70mm ROLLER,5,NOVELTY,NOVELTY
784762990204,ZIG ZAG 78mm ROLLER,5,NOVELTY,NOVELTY
784762990235,ZIG ZAG 100mm ROLLER,5,NOVELTY,NOVELTY
784762990419,ZIG ZAG RED CAN,1,NONE,NONE
784762990464,ZIG ZAG MENTHOL CAN,1,NONE,NONE
784762990518,ZIG ZAG LIGHTS BLUE CAN,1,NONE,NONE
784762990822,ZIG ZAG RED POUCH,1,NONE,NONE
784762990877,ZIG ZAG MENTHOL POUCH,1,NONE,NONE
784762990921,ZIG ZAG BLUE POUCH,1,NONE,NONE
785002,NAUTILUS REG COIL,5,NOVELTY,NOVELTY
785034416637,PERKS 100MG TABLET,5,NOVELTY,NOVELTY
785034416644,7 Hydroxy watermelon 100 mg,5,NOVELTY,NOVELTY
785100,K1 CLONE,5,NOVELTY,NOVELTY
785111,MINI X9 COIL,5,NOVELTY,NOVELTY
78511111,MINI PROTANK 3,5,NOVELTY,NOVELTY
7851234,900 mH KIT EVOD,5,NOVELTY,NOVELTY
7852009,VISION SPINNER III 1600VV,5,NOVELTY,NOVELTY
7852222,CARGO ROBUSTO,6,PRMCIGAR,PREMIUM CIGAR
785222233,AEROTANK TURBO,5,NOVELTY,NOVELTY
785232,ATLANTIS .3OHM COIL,5,NOVELTY,NOVELTY
785233,SNOOP DOGG BLISTER KIT,5,NOVELTY,NOVELTY
7852422218,AEROTANK MINI,5,NOVELTY,NOVELTY
785272,AEROTANK GIANT,5,NOVELTY,NOVELTY
7852721234,AEROTANK MEGA,5,NOVELTY,NOVELTY
785321,EGO 650mah C4 KIT,5,NOVELTY,NOVELTY
785323,XIKAR,5,NOVELTY,NOVELTY
785331,ASHTON SENORITAS WHITE,6,PRMCIGAR,PREMIUM CIGAR
785333,K600 WOOD,5,NOVELTY,NOVELTY
78533333,i30S COIL,5,NOVELTY,NOVELTY
785411,VAPROS SPINNER 2,5,NOVELTY,NOVELTY
785412,ARCTIC COIL .2OHM,5,NOVELTY,NOVELTY
7854136,ATLANTIS GLASS,5,NOVELTY,NOVELTY
7854138,1.8 VOCC COIL,5,NOVELTY,NOVELTY
78544444,iCLEAR20 CLEAROMIZER,5,NOVELTY,NOVELTY
78544445,iCLEAR16 CLEAROMIZER,5,NOVELTY,NOVELTY
785587,PRINCIPES BELICOSO,6,PRMCIGAR,PREMIUM CIGAR
785588,PRINCIPES BELICOSO,6,PRMCIGAR,PREMIUM CIGAR
785620,AF CANONES NATURAL,6,PRMCIGAR,PREMIUM CIGAR
78567899,PROTANK 1300mH KIT,5,NOVELTY,NOVELTY
785845,ASHTON CIGARILLOS conn 100ct,6,PRMCIGAR,PREMIUM CIGAR
785845393,CHEAPBASTARD CHURCHIL,6,PRMCIGAR,PREMIUM CIGAR
785845782,NEW WORLD ROBUSTO,6,PRMCIGAR,PREMIUM CIGAR
785845785,NEW WORLD GORDO,6,PRMCIGAR,PREMIUM CIGAR
785845786,NICA LIBRE TORO,6,PRMCIGAR,PREMIUM CIGAR
785845788,EGO TWIST 1000,5,NOVELTY,NOVELTY
785845789,STEAMROLLER,5,NOVELTY,NOVELTY
7858458245,MYSTERIO OSCURO,6,PRMCIGAR,PREMIUM CIGAR
7858458248,K500 KAMRY,5,NOVELTY,NOVELTY
7858458249,K100 VV KAMRY,5,NOVELTY,NOVELTY
7858458250,TUG BOAT V1,5,NOVELTY,NOVELTY
7858458252,NIMBUS,5,NOVELTY,NOVELTY
7858458253,PATRIOT TANK,5,NOVELTY,NOVELTY
7858458254,STILLARE TANK,5,NOVELTY,NOVELTY
7858458255,TOBH ATTY TANK,5,NOVELTY,NOVELTY
7858458256,PLUME VEIL TANK,5,NOVELTY,NOVELTY
7858458257,TUG BOAT V2,5,NOVELTY,NOVELTY
7858458271,HAMMER MOD,5,NOVELTY,NOVELTY
785851,MISSOURI MASHROOM,5,NOVELTY,NOVELTY
785852,MEDICO V.F.Q,5,NOVELTY,NOVELTY
785854,MEDICO CAVALIER,5,NOVELTY,NOVELTY
785855,MEDICO BENT,5,NOVELTY,NOVELTY
786162411396,SMART WATER 20 OZ,10,NONE,NONE
787089044346,ROSA CUBA,6,PRMCIGAR,PREMIUM CIGAR
787845,SAN.L.OVAL,6,PRMCIGAR,PREMIUM CIGAR
787864,HOOKAH BOWL,5,NOVELTY,NOVELTY
787865,HOOKAH BOWL,5,NOVELTY,NOVELTY
787866,HOOKAH BOWL,5,NOVELTY,NOVELTY
787867,HOOKAH BOWL,5,NOVELTY,NOVELTY
787868,HOOKAH BOWL,5,NOVELTY,NOVELTY
787869,HOOKAH BOWL,5,NOVELTY,NOVELTY
787871,INCENSE HOLDER,5,NOVELTY,NOVELTY
787872,INCENSE HOLDER,5,NOVELTY,NOVELTY
787873,INCENSE HOLDER,5,NOVELTY,NOVELTY
787874,CIGARETTE HOLDER,5,NOVELTY,NOVELTY
787875,CIGARETTE HOLDER,5,NOVELTY,NOVELTY
787876,CIGARETTE HOLDER,5,NOVELTY,NOVELTY
787877,CIGARETTE HOLDER,5,NOVELTY,NOVELTY
787878,LEXUS KEYCHAIN,5,NOVELTY,NOVELTY
787879,CIGARETTE HOLDERS,5,NOVELTY,NOVELTY
787888,EGO WICKS,5,NOVELTY,NOVELTY
787898,DM-T DRY HERB VAPORIZOR,5,NOVELTY,NOVELTY
787899,WAX x2 KIT,5,NOVELTY,NOVELTY
788135100009,TATIANA VANILLA CLASSIC 6X44,6,PRMCIGAR,PREMIUM CIGAR
788135100078,GROOVY BLUE,6,PRMCIGAR,PREMIUM CIGAR
788135100375,TATIANA GROOVY BLUE ROBUSTO,6,PRMCIGAR,PREMIUM CIGAR
788135100405,TATIANA CHOC ROBUSTO,6,PRMCIGAR,PREMIUM CIGAR
788362855529,EL MAGO SUMATRA THIN TORO,6,PRMCIGAR,PREMIUM CIGAR
789,HOT ROD MENTHOL,1,NONE,NONE
7890,BLACK MAMBA STRAWB 24MG,5,NOVELTY,NOVELTY
7891,BLACK MAMBA GRAPE,5,NOVELTY,NOVELTY
78920,1.5 OHM KANGER DUAL COIL,5,NOVELTY,NOVELTY
78923,KLEAR PIPE CLEANER,5,NOVELTY,NOVELTY
7893,METAL TOBACCO TESTER,5,NOVELTY,NOVELTY
789456221,PROTANK3 DUAL COIL,5,NOVELTY,NOVELTY
7895,SAGER FILTER,1,NONE,NONE
789502010112,PRIME TIME VANILLA,1,NONE,NONE
789502010211,PRIME TIME CHERRY,1,NONE,NONE
789502445006,SC BLUE,1,NONE,NONE
789502614013,CHERRY PRIMETIME LARGE CIGARS,1,NONE,NONE
789502710814,PRIME TIME STRAWBERRY,1,NONE,NONE
789502711415,PRIME TIME GRAPE,1,NONE,NONE
789502961001,SPARROW P/TOB CIGAR FF PK,1,NONE,NONE
789502961018,SPARROW PIPE TOB CIGARS MENTH ,1,NONE,NONE
789502961025,SPARROW PIPE TOB CIGARS LIGHT ,1,NONE,NONE
789502961032,SPARROW  L/CIGARS ORIG CTN,4,CIGARCTN,CIGAR CRTN
789502961049,SPARROW L/CIGARS MENTH CTN,4,CIGARCTN,CIGAR CRTN
789502961056,SPARROW L/CIGARS LIGHT CTN,4,CIGARCTN,CIGAR CRTN
789523,BANDED RUSTICATED,5,NOVELTY,NOVELTY
78956,DIESEL D6 MADURO-UNLIMITED,6,PRMCIGAR,PREMIUM CIGAR
78960,SMALL TOBACCO GRINDER,5,NOVELTY,NOVELTY
78962,MINI TOBACCO GRINDER,5,NOVELTY,NOVELTY
789784,LIMITED EDITION 2018 TORO,6,PRMCIGAR,PREMIUM CIGAR
78987,SALE L-CIGAR CTN''S,4,CIGARCTN,CIGAR CRTN
7898923128016,TRIP 120,1,NONE,NONE
7898923128047,TRIP MINI SIZE,1,NONE,NONE
791126644017,perks 50mg tablet,5,NOVELTY,NOVELTY
791541824780,OMEGA XL COOL MINT,5,NOVELTY,NOVELTY
791541824797,OMEGA XL BANANA ICE,5,NOVELTY,NOVELTY
791541824803,OMEGA XL PEACH BERRY,5,NOVELTY,NOVELTY
791541824810,OMEGA XL LUSH ICE,5,NOVELTY,NOVELTY
791541824827,OMEGA XL BLUE RASPBERRY,5,NOVELTY,NOVELTY
791541824995,OMEGA XL KIWI STRAWBERRY,5,NOVELTY,NOVELTY
791541825930,OMEGA XL GUAVA ICE,5,NOVELTY,NOVELTY
791541825954,OMEGA XL ICED BERRIES,5,NOVELTY,NOVELTY
791541826531,OMEGA XL TUTTI FRUTTI ICE,5,NOVELTY,NOVELTY
7922190,RDA wax,5,NOVELTY,NOVELTY
793888004481,NIKO 6K PUFF DISPO,5,NOVELTY,NOVELTY
793888357662,CANABISLIFE D8 GUMY 50MG EACH,5,NOVELTY,NOVELTY
794080100506,BUTANE REFILLABLE LIGHTER,5,NOVELTY,NOVELTY
794080102005,GLAM LIGHTER,5,NOVELTY,NOVELTY
794080222789,SMOK ZILLA CANDLE,5,NOVELTY,NOVELTY
795001,CASA CUBA ORANGE ASHTERY,6,PRMCIGAR,PREMIUM CIGAR
796258973608,FRONTOLEAFMASTER BLUE ICE,1,NONE,NONE
796258973639,FRONTOLEAFMASTER PALMA,1,NONE,NONE
796258973646,FRONTOLEAFMASTER SWEET,1,NONE,NONE
797865001210,ROBUSTO MAUDORO,6,PRMCIGAR,PREMIUM CIGAR
797865001487,CUVEE ROUGE CHRHL,6,PRMCIGAR,PREMIUM CIGAR
797865001517,CUVEE BLANC CHRHL,6,PRMCIGAR,PREMIUM CIGAR
797865001630,CUVEE CHRHL,6,PRMCIGAR,PREMIUM CIGAR
797865001715,CUSANO CMRN CRHL,6,PRMCIGAR,PREMIUM CIGAR
797865001722,CUSANO CMRN PREFERIDO,6,PRMCIGAR,PREMIUM CIGAR
797865003023,CUSANO 4PK,6,PRMCIGAR,PREMIUM CIGAR
797865150413,CUSANO CRHL,6,PRMCIGAR,PREMIUM CIGAR
797865510118,M1 ROBUSTO,6,PRMCIGAR,PREMIUM CIGAR
797865510125,CUSANO M1 BUNDLE,6,PRMCIGAR,PREMIUM CIGAR
797865510217,CUSANO,6,PRMCIGAR,PREMIUM CIGAR
797865510415,CUSANO,6,PRMCIGAR,PREMIUM CIGAR
797865510514,CUSANO M1 CT TORPEDO,6,PRMCIGAR,PREMIUM CIGAR
797865510613,M1 6X60,6,PRMCIGAR,PREMIUM CIGAR
797865520117,P1 ROBUSTO,6,PRMCIGAR,PREMIUM CIGAR
797865520612,P1 MADURO 6X60,6,PRMCIGAR,PREMIUM CIGAR
797865530116,MC ROBUSTO,6,PRMCIGAR,PREMIUM CIGAR
797865530611,MC 6X60,6,PRMCIGAR,PREMIUM CIGAR
797865630014,CIGAROLLOS CLASSIC,6,PRMCIGAR,PREMIUM CIGAR
797865630021,CIGAROLLOS RUM,6,PRMCIGAR,PREMIUM CIGAR
797865630038,COGNAC CIGAROLLOS,6,PRMCIGAR,PREMIUM CIGAR
797979,B.M. POMEGRANITE BIG BOTTLE,5,NOVELTY,NOVELTY
7979799,TEMPUS MADURO,6,PRMCIGAR,PREMIUM CIGAR
799953039303,RED SUPREME $1.99,1,NONE,NONE
799953039518,STOKERS RED SUPREME BOLD,1,NONE,NONE
799953209201,STOKER''S LC NATURAL 12OZ tub,CHEW CAN,NONE,NONE
799953209300,STOKERS FINE CUT NATURAL,CHEW CAN,NONE,NONE
799953210207,STOKER''S W/GREEN LC TUB,CHEW CAN,NONE,NONE
799953210306,STOKER''S FC W/GREEN TUB,CHEW CAN,NONE,NONE
799953221203,STOKER''S MINT LC TUB,CHEW CAN,NONE,NONE
799953231202,STOKER''S STRAIGHT LC TUB,CHEW CAN,NONE,NONE
799953309246,STOKERS LC NATURAL CAN,CHEW CAN,NONE,NONE
799953309352,STOKERS FC NATURAL,CHEW CAN,NONE,NONE
799953310242,STOKER LC WINTERGREEN CAN,CHEW CAN,NONE,NONE
799953321248,STOKERS LC MINT CAN,CHEW CAN,NONE,NONE
799953331247,STOKERS LC STRAIGHT CAN,CHEW CAN,NONE,NONE
799975842493,VEPOREX CAR CHARGER,5,NOVELTY,NOVELTY
799975842622,VAPOR EX CLEARMIZER,5,NOVELTY,NOVELTY
799975843803,BUZZ E-CIG,5,NOVELTY,NOVELTY
799975843810,E CIG BUZZ DISPOSABLE,1,NONE,NONE
799975844497,VAPORX DESSERT SHIP 24MG,5,NOVELTY,NOVELTY
799975844503,VAPORZX LIQUID,5,NOVELTY,NOVELTY
799975844527,VAPORZX MENTHOL BLAST 24mg,5,NOVELTY,NOVELTY
799975844534,VAPORZX LIQUID,5,NOVELTY,NOVELTY
799975844541,VAPORX  DESERT SHIP 18mg,5,NOVELTY,NOVELTY
799975844596,VAPORZX CHERRY 18mg,5,NOVELTY,NOVELTY
799975844619,VAPORZX LIQUID GRAPE 18mg,5,NOVELTY,NOVELTY
799975844633,VAPORZX POMEGRANITE 18mg,5,NOVELTY,NOVELTY
799975844640,VAPORZX STRAWBERRY 18mg,5,NOVELTY,NOVELTY
799975844657,VAPORZX VANILLA 18mg,5,NOVELTY,NOVELTY
799975844664,VAPORZX WATERMELON 18mg,5,NOVELTY,NOVELTY
799975846125,VAPX 30ml HYDRO USA 24mg,5,NOVELTY,NOVELTY
799975846132,VPZX 30ml HYDRO MENTHOL 24mg,5,NOVELTY,NOVELTY
799975846477,VEPOREX E LIQUID CINNAMON,5,NOVELTY,NOVELTY
799975846491,VEPOREX E LIQUID CLOVE,5,NOVELTY,NOVELTY
799975847238,VEPOREX CAR CHARGER,5,NOVELTY,NOVELTY
799975847245,VEPOREX CAR CHARGER,5,NOVELTY,NOVELTY
8,METAL BAT - SMALL,5,NOVELTY,NOVELTY
80,GLASS SCREEN,5,NOVELTY,NOVELTY
8000201307177,ECIG DISPOSABLE,5,NOVELTY,NOVELTY
800030410004,FUZION SCALE CD1000,5,NOVELTY,NOVELTY
800050410008,EDGE 1000 SCALE,5,NOVELTY,NOVELTY
800051701006,VIVE EQ 100 SCALE,5,NOVELTY,NOVELTY
800061601006,FUZION FP100 DIABLO,5,NOVELTY,NOVELTY
800061606506,FUZION,5,NOVELTY,NOVELTY
800061610008,FP 1000 SCALE,5,NOVELTY,NOVELTY
800061801000,FUZION FR100,5,NOVELTY,NOVELTY
800061901007,FS100,5,NOVELTY,NOVELTY
800062206507,FUZION FV650,5,NOVELTY,NOVELTY
800062301004,FW 100 SCALE,5,NOVELTY,NOVELTY
800062601005,FZ 100 SCALE,5,NOVELTY,NOVELTY
800201801006,FUZION TR100,5,NOVELTY,NOVELTY
800230,NATIONAL BRAND TORO,6,PRMCIGAR,PREMIUM CIGAR
80050020,DECADE CAMEROON ROBUSTO GRANDE,6,PRMCIGAR,PREMIUM CIGAR
8005003,OLIVA CUTTER,5,NOVELTY,NOVELTY
8005005,VERTIGO CUTTER,5,NOVELTY,NOVELTY
80052,DRIP 15ML,1,NONE,NONE
8005303,DON PEPIN BLACK 1950,6,PRMCIGAR,PREMIUM CIGAR
800560,EMOW KIT,5,NOVELTY,NOVELTY
8006030,RESERVA ESPECIAL ROBUSTO,6,PRMCIGAR,PREMIUM CIGAR
800900301,AF CURLYHEAD CLARO,6,PRMCIGAR,PREMIUM CIGAR
800925,ASPIRE BVC CLEAROMIZER,5,NOVELTY,NOVELTY
802284000192,ECHO NF PK,2,CGRTPACK,CIGRT PACK
802284000208,ECHO NF SOFT CTN,3,1,CIG CARTON
802284000253,ECHO GOLD SOFT 100,2,CGRTPACK,CIGRT PACK
806030,DOUBLE LIGERO 660,6,PRMCIGAR,PREMIUM CIGAR
810055134595,VIBES CALI 1GM FINE CONE,1,NONE,NONE
810076430447,METROPOPOLITAN HABANO TORO,6,PRMCIGAR,PREMIUM CIGAR
810079010028,AIR FRESHENER,5,NOVELTY,NOVELTY
810096583826,ML 3GM DISPOSABE,5,NOVELTY,NOVELTY
810096585172,MEMORY LANE 1G DISPOSABLE,5,NOVELTY,NOVELTY
810096586124,ZOHM 120MG TABLET,5,NOVELTY,NOVELTY
810096586155,zohm 40mg tablet,5,NOVELTY,NOVELTY
810099262179,3CHI Milk Choc 300mg,5,NOVELTY,NOVELTY
810101569241,XICAR 4.7 OX BUTANE,5,NOVELTY,NOVELTY
810107492666,extrax 2gm d8/p/d10 disposable,5,NOVELTY,NOVELTY
810107494165,EXTRAX COOKIES & CREAM 150MG,5,NOVELTY,NOVELTY
810107495995E,Extrax Blood Orange 300mg,5,NOVELTY,NOVELTY
810107496039,EXTRAX RASPBERRY SHERBET 300MG,5,NOVELTY,NOVELTY
810110046870,LOOPER BLURASP 2CT 1000MG GUMI,5,NOVELTY,NOVELTY
810110046887,LOOPER GRAPE 2CT 1000MG GUMMIE,5,NOVELTY,NOVELTY
810110046894,LOOPER SWATERMLN 2CT 1000MG GU,5,NOVELTY,NOVELTY
810110046900,LOOPER GAPPLE 2CT 1000MG GUMI,5,NOVELTY,NOVELTY
810110046917,LOOPER MANGO 2CT 1000MG GUMI,5,NOVELTY,NOVELTY
810110046924,LOOPER STRAWBERY 2CT 1000MG GU,5,NOVELTY,NOVELTY
810110047532,ULTRA7 KRATOM 6CT CAPSULES,5,NOVELTY,NOVELTY
810113830223,BODYARMOR LYTE STRABANANA 16OZ,5,NOVELTY,NOVELTY
810113830346,BODY ARMOR 1.5L WATER,10,NONE,NONE
810121200001,MELLOW FELLOW AIRFLOW BATTERY,5,NOVELTY,NOVELTY
810121207611,MF THC P .05GM DISPOSABLE,5,NOVELTY,NOVELTY
810121208472,21 DISPO THCa(] P(] HHC(] D8,5,NOVELTY,NOVELTY
810125432422,GV MELOSO 9000 PUFF,5,NOVELTY,NOVELTY
810125434549,GB PULSE WTRMLN ICE,5,NOVELTY,NOVELTY
810125434624,GB PULSE JUICY PEACH ICE,5,NOVELTY,NOVELTY
810125434648,GB PULSE MEXICO MANGO,5,NOVELTY,NOVELTY
810125434662,GB PULSE SR APPLE ICE,5,NOVELTY,NOVELTY
810125434686,GB PULSE TROPICAL RAINBOW BLAS,5,NOVELTY,NOVELTY
810125434747,GB PULSE FCUKING FAB,5,NOVELTY,NOVELTY
810125434761,GB PULSE STRAWBERRY MANGO,5,NOVELTY,NOVELTY
810125434785,GB PULSE STRAWBERRY BANANA,5,NOVELTY,NOVELTY
810125434884,GB PULSE PINK LEMONADE,5,NOVELTY,NOVELTY
810125434907,GB PULSE META MOON,5,NOVELTY,NOVELTY
810125435881,GB PULSE WHITE GUMMY ICE,5,NOVELTY,NOVELTY
810125435928,GB PULSE BLU RAZZ ICE,5,NOVELTY,NOVELTY
810125435942,GB PULSE MIAMI MINT,5,NOVELTY,NOVELTY
810125435966,GB PULSE B POP,5,NOVELTY,NOVELTY
810125436727,GB PULSE GRAPE B POP,5,NOVELTY,NOVELTY
810125436734,GB PULSE BLUE MINT,5,NOVELTY,NOVELTY
810125436741,GB PULSE CHERRY BOMB,5,NOVELTY,NOVELTY
810125436758,GB PULSE BLCK CHRRY,5,NOVELTY,NOVELTY
810125436765,GB PULSE DRAGON MELON,5,NOVELTY,NOVELTY
810125436932,GB PULSE SOUR APPLE,5,NOVELTY,NOVELTY
810125436956,GB PULSE BLUBRY WTRMLN,5,NOVELTY,NOVELTY
810125436970,GB PULSE GRAPE LEMON,5,NOVELTY,NOVELTY
810125436994,GB PULSE BERRY BLISS,5,NOVELTY,NOVELTY
810125437014,GB PULSE OMG - POP,5,NOVELTY,NOVELTY
810125437038,GB PULSE ORNGE CRMSCLE,5,NOVELTY,NOVELTY
810125437052,GB PULSE CRAZY MELON,5,NOVELTY,NOVELTY
810125438165,GB PULSE X LEMON HEAD,5,NOVELTY,NOVELTY
810125438189,GB PULSE X BANANA FREEZE,5,NOVELTY,NOVELTY
810125438202,GB PULSE X SR MANGO PINAPPLE,5,NOVELTY,NOVELTY
810125438226,GB PULSE X GRPFRT REFRESHER,5,NOVELTY,NOVELTY
810125438240,GB PULSE X lime berry orange,5,NOVELTY,NOVELTY
810125438264,GB PULSE X BLUEBERRY JAM,5,NOVELTY,NOVELTY
810125438265,GB PULSE X GRAPE SLUSH,5,NOVELTY,NOVELTY
810125438288,GB PULSE X BLU RANCHER,5,NOVELTY,NOVELTY
810125438301,GB PULSE BLCKBRY B POP,5,NOVELTY,NOVELTY
810125438325,GB PULSE X STRAW B POP,5,NOVELTY,NOVELTY
810125438349,GB PULSE X SR FUKCING FAB,5,NOVELTY,NOVELTY
810125438363,GB PULSE X ORNG FAB,5,NOVELTY,NOVELTY
810125438387,gb pulse x miami mint,5,NOVELTY,NOVELTY
810125438400,GB PULSE X BLUE RAZZ ICE,5,NOVELTY,NOVELTY
810125438424,GB PULSE X WTRMLN ICE,5,NOVELTY,NOVELTY
810125438448,GB PULSE X SOUR APPLE ICE,5,NOVELTY,NOVELTY
810125439063,GB PULSE FROZEN WTRMLN,5,NOVELTY,NOVELTY
810125439087,GB PULSE FROZEN BLACKBERRY,5,NOVELTY,NOVELTY
810125439100,GB PULSE FROZEN PINA COLADA,5,NOVELTY,NOVELTY
810125439124,GB PULSE FROZEN STRAWBERRY,5,NOVELTY,NOVELTY
810125439148,GB PULSE FROZEN CHRY APPL,5,NOVELTY,NOVELTY
810125439162,GB PULSE FROZEN WHITE GRAP,5,NOVELTY,NOVELTY
810125439902,GB PULSE X Sour Straws,5,NOVELTY,NOVELTY
810125439926,GB PULSE X BlackberryBlueberry,5,NOVELTY,NOVELTY
810125439940,GB PULSE X Strawberry Colada,5,NOVELTY,NOVELTY
810125439964,GB PULSE X White Peach Rasp,5,NOVELTY,NOVELTY
810125439988,GB PULSE X Cool Mint,5,NOVELTY,NOVELTY
810133320001,SHRUUMZ DCHOC CHIP CONE,5,NOVELTY,NOVELTY
810133320049,SHRUUMZ MINT CHOC CONE,5,NOVELTY,NOVELTY
810133320063,SHRUUMZ SPRINGKLE CONE,5,NOVELTY,NOVELTY
810133320346,SHRUUMZ 5000MG BLUERAZZ,5,NOVELTY,NOVELTY
810133320407,SHRUUMZ 5000MG RAINBOW,5,NOVELTY,NOVELTY
810133320421,SHRUUMZ 5000MG WATERMELON,5,NOVELTY,NOVELTY
810134920316,BLAZY SUSAN 1 1/4 PAPERS,1,NONE,NONE
810134920323,BLAZY SUSAN KING SZ SLIM PAPER,1,NONE,NONE
810134921771,blazy susan rose wraps,1,NONE,NONE
810134922143,BLAZY SUSAN TRAY EA,5,NOVELTY,NOVELTY
810134923539,BLAZY SUSAN ROSE CONES KING SZ,1,NONE,NONE
810134923812,DEAD HEAD 1/14 PAPER,5,NOVELTY,NOVELTY
810134923843,DEAD HEAD KING SIZE SLIM,5,NOVELTY,NOVELTY
810134926622,BLAZY SUSAN TEA LEAF WRAP,1,NONE,NONE
810134927148,BS PURPLE FILTER 100CT,1,NONE,NONE
810134928114,BS PEACH TEA LEAF WRAP 2PK,1,NONE,NONE
810134928138,BS RUSSIAN CRM TEA LEAF WRAP,1,NONE,NONE
810134928244,BLAZY SUSAN CROSS CONE PINK,5,NOVELTY,NOVELTY
810134928695,BLAZY SUSAN 1/1/4 PINKCONE 20P,1,NONE,NONE
810134928930,BLAZY SUSAN 1/1/4 ULTRA THIN,1,NONE,NONE
810136291933,Fat Boy Habano The Gurkha 1887,6,PRMCIGAR,PREMIUM CIGAR
810136292381,GURKHA GHOST SAMPLER,6,PRMCIGAR,PREMIUM CIGAR
810138030165,GH COROJO #5 SAMPLER,6,PRMCIGAR,PREMIUM CIGAR
810138033975,GH COROJO #5 MAD SAMPLER,6,PRMCIGAR,PREMIUM CIGAR
810138033999,GH COREBRAND SAMPLER,6,PRMCIGAR,PREMIUM CIGAR
810138034002,GH PB SAMPLER PACK,6,PRMCIGAR,PREMIUM CIGAR
810138034330,GAR EL ENEMIGO GRAN ROBUSTO,6,PRMCIGAR,PREMIUM CIGAR
810138034620,GH GRAN ROBUSTO NO #7,6,PRMCIGAR,PREMIUM CIGAR
810138034644,GH COROJO#7 GRAN ROB 5PACK,6,PRMCIGAR,PREMIUM CIGAR
810141020283,GH CONN # 1 MINI,6,PRMCIGAR,PREMIUM CIGAR
810141020290,GH HABANO #3 MINI,6,PRMCIGAR,PREMIUM CIGAR
810141020931,COROJO #5 robusto,6,PRMCIGAR,PREMIUM CIGAR
810141020979,GH COROJO LANCERO,6,PRMCIGAR,PREMIUM CIGAR
810141022034,LA CONQUISTA ROBUSTO,6,PRMCIGAR,PREMIUM CIGAR
810141022102,GH FUMAS TORO BUNDLE,6,PRMCIGAR,PREMIUM CIGAR
810141022157,COROJO MAD LANCERO,6,PRMCIGAR,PREMIUM CIGAR
810141022232,COROJO NO5 MAD SHORTY ROBUSTO,6,PRMCIGAR,PREMIUM CIGAR
810141022256,GH GRANDIOSO COR#5 MAD 7X70,6,PRMCIGAR,PREMIUM CIGAR
810141029187,GH CONN #1 SAMPLER,6,PRMCIGAR,PREMIUM CIGAR
810141029668,GH HABANO #3 SAMPLER,6,PRMCIGAR,PREMIUM CIGAR
810142478571,TORCH THCA MANGO ORANGE 3.5G,5,NOVELTY,NOVELTY
810142478618,TORCH THCA PINEAPPLE 3.5G,5,NOVELTY,NOVELTY
810142478670,TORCH THCA ARCTIC GAS 3.5G,5,NOVELTY,NOVELTY
810142478731,TORCH THCA BLUE RAZZ 3.5G,5,NOVELTY,NOVELTY
810142479301,pressure A sativa 2gm pr each,5,NOVELTY,NOVELTY
810142479349,LA pressuregelota runtz 2GM ea,5,NOVELTY,NOVELTY
810142479363,LA pressuregelota runtz 2GM ea,5,NOVELTY,NOVELTY
810142479387,PRESSURE LA BLUB KUSH 2GM EACH,5,NOVELTY,NOVELTY
810159745260,Dopium 80mg Cherry Bomb,5,NOVELTY,NOVELTY
810159863223,LOOSELEAF CHIEFKEEF 2PCK,1,NONE,NONE
810164280787,GB PULSE SOUR CRANAPPLE,5,NOVELTY,NOVELTY
810164280824,GB PULSE SOUR BLUE DUST,5,NOVELTY,NOVELTY
810164280848,GB PULSE SOUR WATERMELON DROP,5,NOVELTY,NOVELTY
810164280862,GB PULSE SOUR STRAWBERRY,5,NOVELTY,NOVELTY
810164280930,GB PULSE COOL MINT,5,NOVELTY,NOVELTY
810164281777,GB PULSE X STRAWBERRY WAT,5,NOVELTY,NOVELTY
810164281791,GB PULSE X strawberry kiwi ice,5,NOVELTY,NOVELTY
810164281814,GB PULSE X pink and blue,5,NOVELTY,NOVELTY
810164282682,GEEK PULSE X PEACH PERF SLUSH,5,NOVELTY,NOVELTY
810164282705,GB PULSE X COLA SLUSH,5,NOVELTY,NOVELTY
810164282729,GB PULSE X Cool Mint,5,NOVELTY,NOVELTY
810164282743,GB PULSE X ORANGE SLUSH,5,NOVELTY,NOVELTY
810164282767,GB PULSE X GRAPE SLUSH,5,NOVELTY,NOVELTY
810164283160,GB PULSE X RASPB JAM,5,NOVELTY,NOVELTY
810164283184,GB PULSE X PEACH JAM,5,NOVELTY,NOVELTY
810164283221,GB PULSE X ORANGE JAM,5,NOVELTY,NOVELTY
810164283726,GB PULSE STRAWBERRY SAVERS,5,NOVELTY,NOVELTY
810164283740,GB PULSE PINEAPPPLE SAVERS,5,NOVELTY,NOVELTY
810164286116,GB PULSE X PEAR OF THIEVES,5,NOVELTY,NOVELTY
810164286130,GB PULSE X orange mint,5,NOVELTY,NOVELTY
810164286154,GB PULSE X STRAW DRAGON,5,NOVELTY,NOVELTY
810164286178,GB PULSE X PINK BERRY,5,NOVELTY,NOVELTY
810164286192,GB PULSE X DUALICIOUS,5,NOVELTY,NOVELTY
810164286581,GB PULSE STRAWBERRY KIWI,5,NOVELTY,NOVELTY
810164286604,GB PULSE RASP WATERMELON,5,NOVELTY,NOVELTY
810164286628,GB PULSE PUNCH,5,NOVELTY,NOVELTY
810164286642,GB PULSE BANANA ICE,5,NOVELTY,NOVELTY
810164286666,GB PULSE PEACH LEMON,5,NOVELTY,NOVELTY
810173281843,BLAZY SUSAN GODDESS CONE,1,NONE,NONE
810173281867,BS PURPLE EMPRESS SIZE,5,NOVELTY,NOVELTY
810197801300,HYPE WINTERGREEN 14MG,CHEW CAN,NONE,NONE
810222,GLAS MOD,5,NOVELTY,NOVELTY
810333,OVERDOSE MOD,5,NOVELTY,NOVELTY
810385005077,WRANGLER FF CTN,4,CIGARCTN,CIGAR CRTN
81050,MONKEY MOD,5,NOVELTY,NOVELTY
810504,GLASS RIG SMALL,5,NOVELTY,NOVELTY
810602,DGK GRENCO KIT,5,NOVELTY,NOVELTY
810618037165,HONEY ROOT D8 MAUI CART,5,NOVELTY,NOVELTY
810618037769,HONEYROOT D8 ZKITTLES DISP,5,NOVELTY,NOVELTY
810618038124,HONEYROOT D8 BANANA DISP,5,NOVELTY,NOVELTY
810618038193,HONEYROOT ZKITTLES 2GM DISP,5,NOVELTY,NOVELTY
810687014821,NJOY ACE DEVICE,1,NONE,NONE
810687014838,NJOY Classic Tobacco Pods,1,NONE,NONE
810687014852,NJOY Menthol Pods 2.4%,1,NONE,NONE
810687014913,NJOY ACE CLASSIC TOBACCO 5%,1,NONE,NONE
810687014937,NJOY ACE MENTHOL 5%,1,NONE,NONE
810687015408,NJOY GOLD,1,NONE,NONE
810687020860,NJOY Rich Tobacco 4.5%,1,NONE,NONE
810687020884,NJOY MENTHOL 4.5%,1,NONE,NONE
811167020011,INCH NATURAL NO 62,6,PRMCIGAR,PREMIUM CIGAR
811167020059,INCH MAD NO 62,6,PRMCIGAR,PREMIUM CIGAR
811167020189,CARRILLO NEW WAVE CONN,6,PRMCIGAR,PREMIUM CIGAR
811167020783,LA HISTORIA E -III,6,PRMCIGAR,PREMIUM CIGAR
811167021131,ENCORE VALIENTES 6 1/8 X52,6,PRMCIGAR,PREMIUM CIGAR
811167021155,ENCORE CELESTIAL,6,PRMCIGAR,PREMIUM CIGAR
811167021438,EP CARRILLO DUSK TORO,6,PRMCIGAR,PREMIUM CIGAR
811167021698,PLEDGE PREQUEL 5X50,6,PRMCIGAR,PREMIUM CIGAR
811167021711,PLEDGE SOJOURN 6X52,6,PRMCIGAR,PREMIUM CIGAR
811167021773,PLEDGE APOGEE 6 1/4 X58,6,PRMCIGAR,PREMIUM CIGAR
811167022268,INCH NICA NO 62,6,PRMCIGAR,PREMIUM CIGAR
811167022336,ALLEGIAMCE SIDEKICK 5X50,6,PRMCIGAR,PREMIUM CIGAR
811167022350,ALLEGIANCE CINFIDANT 6X52,6,PRMCIGAR,PREMIUM CIGAR
811438020047,MEZZO M356,6,PRMCIGAR,PREMIUM CIGAR
811438020061,AGING RM M356,6,PRMCIGAR,PREMIUM CIGAR
811438020108,FORTE 40,6,PRMCIGAR,PREMIUM CIGAR
811438021068,C MAJOR,6,PRMCIGAR,PREMIUM CIGAR
811438021082,BIN NO 1,6,PRMCIGAR,PREMIUM CIGAR
811438021129,LAVISH 5X54,6,PRMCIGAR,PREMIUM CIGAR
811438021167,SWAG BLACK,6,PRMCIGAR,PREMIUM CIGAR
811438021396,ENCANTADOR FENICE,6,PRMCIGAR,PREMIUM CIGAR
811438021457,BIN #1 COFFIN,6,PRMCIGAR,PREMIUM CIGAR
811438021624,OLIVEROS HABANO BANJO,6,PRMCIGAR,PREMIUM CIGAR
811438021709,OLIVEROS MAD BANJO,6,PRMCIGAR,PREMIUM CIGAR
811438021785,OLIVEROS CONN BANJO,6,PRMCIGAR,PREMIUM CIGAR
811438024762,QUATTO NICARAGUAN ESPRESSIVO,6,PRMCIGAR,PREMIUM CIGAR
811438024823,AGINGROOM QUATT NICA MAESTRO,6,PRMCIGAR,PREMIUM CIGAR
811438024939,AGINGROOM QUATTRO SAMPLER,6,PRMCIGAR,PREMIUM CIGAR
811438025011,AGING ROOM RARE COLL FESTIVO,6,PRMCIGAR,PREMIUM CIGAR
811438025288,AGINGROOM QUAT SONATA CONCERTO,6,PRMCIGAR,PREMIUM CIGAR
811490125780,SPECIAL BLUE,5,NOVELTY,NOVELTY
811515023206,FOOS FF CARTOMIZER,5,NOVELTY,NOVELTY
811515023237,FOOS MILD CARTOMIZER,5,NOVELTY,NOVELTY
811515023244,FOOS MENTHOL CARTOMIZER,5,NOVELTY,NOVELTY
811515023343,FOOS E-CIG FF KIT,5,NOVELTY,NOVELTY
811673010209,HOT ROD TUBES,1,NONE,NONE
811673010797,BUGLER 100 TUBE,1,NONE,NONE
811736020565,SNOOP DOGG PRO KIT,5,NOVELTY,NOVELTY
811960032785,devine detox,5,NOVELTY,NOVELTY
811960035113,EXTRAX MILK CHOC 150MG,5,NOVELTY,NOVELTY
811960035120,EXTRAX DARK CHOC 150MG,5,NOVELTY,NOVELTY
811960036714,HALFERS LEGEND OG INDICA EACH,5,NOVELTY,NOVELTY
811960038008,ESCO BARS BLURAZZ POM,5,NOVELTY,NOVELTY
811960038176,EXTRAX d9 SHOTS 75GM,5,NOVELTY,NOVELTY
811960038886,HALFERS HYBRID EACH,5,NOVELTY,NOVELTY
812025092829,PIXIE 50K DOUBLE GRAPE ICE,5,NOVELTY,NOVELTY
812025092843,PIXIE 50K SOURPINESTRAWBERRY,5,NOVELTY,NOVELTY
812025092867,PIXIE 50K SOURWATERMELONICE,5,NOVELTY,NOVELTY
812025092881,PIXIE 50KSOUR DOUBLE APPLE ICE,5,NOVELTY,NOVELTY
812025092904,PIXIE 50K STRAWBERRY DEW ICE,5,NOVELTY,NOVELTY
812025092928,PIXIE 50K COOL MINT,5,NOVELTY,NOVELTY
812025092942,PIXIE 50K BLOOD ORANGE ICE,5,NOVELTY,NOVELTY
812025092966,PIXIE 50K BLUEBERRY PEAH ICE,5,NOVELTY,NOVELTY
812025092980,PIXIE 50K BLUERAZZ ICE,5,NOVELTY,NOVELTY
812025092981,PIXIE 50K BLUERAZZ ICE,5,NOVELTY,NOVELTY
812025093000,PIXIE 50K BLACK CURRANT GRAPE,5,NOVELTY,NOVELTY
812025101828,PIXIE 50K ARTIC FREEZE,5,NOVELTY,NOVELTY
812025101842,PIXIE 50K CANE TOBACCO,5,NOVELTY,NOVELTY
812025101873,PIXIE 50K NAKED,5,NOVELTY,NOVELTY
812025101897,PIXIE 50K WHITE GUMMY,5,NOVELTY,NOVELTY
812025101898,WHITE GUMMY,5,NOVELTY,NOVELTY
812025101910,PIXIE 50K VANILLA BEAN COFFEE,5,NOVELTY,NOVELTY
812025101911,VANILLA BEAN COFFEE,5,NOVELTY,NOVELTY
812126020745,ECUADOR ROBUSTO,6,PRMCIGAR,PREMIUM CIGAR
812126020776,BRAZIL ROBUSTO,6,PRMCIGAR,PREMIUM CIGAR
812126021247,SUN GROWN ROBUSTO,6,PRMCIGAR,PREMIUM CIGAR
812126021278,NICARAGUA ROBUSTO,6,PRMCIGAR,PREMIUM CIGAR
812256006008,HAVANA HONEY TIN,6,PRMCIGAR,PREMIUM CIGAR
812256006015,HAVANA HONEY - VANILLA TIN,6,PRMCIGAR,PREMIUM CIGAR
812256006046,RUM HAVANA HONEY,6,PRMCIGAR,PREMIUM CIGAR
812319010072,GRAPE FLAT WRAP,1,NONE,NONE
812319013301,ORIGINAL,1,NONE,NONE
812319017217,GOOD TIMES FRENCH GRAPE 3/99c,1,NONE,NONE
812319017248,GOOD TIMES SWEET 3/99c,1,NONE,NONE
812319017279,GOOD TIMES WHITE GRAPE 3/99c,1,NONE,NONE
812319018702,GOOD TIMES BLUEBERRY 3/99c,1,NONE,NONE
812319018863,GOOD TIMES KUSH 3/99c CIGARILL,1,NONE,NONE
812385030035,GRANDE BOLD NICARAGUA,6,PRMCIGAR,PREMIUM CIGAR
812385030080,GRANDE BOLD NICARAGUAN,6,PRMCIGAR,PREMIUM CIGAR
812385030189,MICALLEF LIGERO 4.88X52,6,PRMCIGAR,PREMIUM CIGAR
812385030288,GRANDE BOLD LIGERO,6,PRMCIGAR,PREMIUM CIGAR
812385030684,GRANDE BOLD MADURO,6,PRMCIGAR,PREMIUM CIGAR
812385031360,MIGDALIA,6,PRMCIGAR,PREMIUM CIGAR
812385032220,MICALLEF A 6.75X54,6,PRMCIGAR,PREMIUM CIGAR
812385032336,MIGDALIA SPECIAL EDITION,6,PRMCIGAR,PREMIUM CIGAR
812474010047,BLACK MARTINI 50G,HOOKAH,NONE,NONE
812474010337,TRIPLE APPLE 50G,HOOKAH,NONE,NONE
812474012881,Fantasia Air flow Charcoal 45 ,5,NOVELTY,NOVELTY
812474013406,HONEY 100G,HOOKAH,NONE,NONE
812474013413,MAYBACH MELON 100G,HOOKAH,NONE,NONE
812474015998,ROZAY WINE 50G,HOOKAH,NONE,NONE
812474019699,GUAVA BREEZE 100G,HOOKAH,NONE,NONE
812474019811,PEACH FUZZY NAVEL 100G,HOOKAH,NONE,NONE
812474019927,SCREWDRIVER 100G,HOOKAH,NONE,NONE
812474019934,STRAWBERY BANANA SPLIT 100G,HOOKAH,NONE,NONE
812474019941,STRAWBERRY DAQUIRI 100G,HOOKAH,NONE,NONE
812474019965,SURFER 100G,HOOKAH,NONE,NONE
812474019972,MILLION DOLLAR 100G,HOOKAH,NONE,NONE
812615003273,CLASSIC KINGS,1,NONE,NONE
812615003280,CLASSIC KING BLUE,1,NONE,NONE
812615003730,GOLDEN LEAF SMOOTH,1,NONE,NONE
812615006809,RACER CIGAR CARTON - FF,4,CIGARCTN,CIGAR CRTN
812615006816,RACER CIGAR MENTHOL 100S,4,CIGARCTN,CIGAR CRTN
812615006823,RACER SMOOTH CIGAR CTN,4,CIGARCTN,CIGAR CRTN
812615007103,CUTEND,1,NONE,NONE
812615007134,CUTEND,1,NONE,NONE
812615007684,CLIPPER 3/99c SWEETS,1,NONE,NONE
812624020070,CHEECH & CHONG KING SIZE PEPER,1,NONE,NONE
812632011084,SNOOP DOG PAPER,1,NONE,NONE
812958010082,JW FF L-CIGAR PK,1,NONE,NONE
812958010099,JW LIGHTS L-CIGAR PK,1,NONE,NONE
812958010105,JW MENTHOL L-CIGAR PK,1,NONE,NONE
812958010112,JW VANILLA L-CIGAR PK,1,NONE,NONE
812958010129,JW PEACH L-CIGAR PK,1,NONE,NONE
812958010136,JW CHERRY L-CIGAR PK,1,NONE,NONE
812958010150,JW GRAPE L-CIGARS PK,1,NONE,NONE
812958010242,JW FF L/CIG BLACK CARTON,1,NONE,NONE
812958010259,JW LIGHTS L-CIGAR CARTON,1,NONE,NONE
812958010266,JW MENTHOL L-CIGAR CTN,1,NONE,NONE
812958010273,JW VANILLA  L-CIGAR CTN,4,CIGARCTN,CIGAR CRTN
812958010280,JW PEACH L-CIGAR CTN,4,CIGARCTN,CIGAR CRTN
812958010297,JW CHERRY L-CIGAR CTN,1,NONE,NONE
812958010310,JW GRAPE L-CIGAR CTN,1,NONE,NONE
813239020011,ANDROMEDA 3MG,5,NOVELTY,NOVELTY
813239020851,VENUS 3MG,5,NOVELTY,NOVELTY
813463010253,XIKAR 8OZ CAN BUTANE,5,NOVELTY,NOVELTY
813463010468,PUROFINE XIKAR BUTANE,5,NOVELTY,NOVELTY
813463010604,RAMON ALLONES BY AJ,6,PRMCIGAR,PREMIUM CIGAR
813463010840,XIKAR,5,NOVELTY,NOVELTY
813463010857,CIGAR CUTTER,5,NOVELTY,NOVELTY
813463010871,CIGAR CUTTER,5,NOVELTY,NOVELTY
813463010888,CIGAR CUTTER,5,NOVELTY,NOVELTY
813463010895,XICAR CUTTER,5,NOVELTY,NOVELTY
813463011595,XICAR ULTRA LIGHTER CUTTER COM,5,NOVELTY,NOVELTY
813463012004,BLACK XICAR mbk lighter,5,NOVELTY,NOVELTY
813463012011,GUNMETAL XICAR,5,NOVELTY,NOVELTY
813463013216,XIKAR BUTANE 1.9OZ,5,NOVELTY,NOVELTY
813463013551,XICAR TURISMO LIGHTER BLK,5,NOVELTY,NOVELTY
813463013704,XIKAR LIGHTER,5,NOVELTY,NOVELTY
813463014459,XICAR TACTICAL LIGHTER,5,NOVELTY,NOVELTY
813463015692,PUROFINE XIKAR BUTANE,5,NOVELTY,NOVELTY
813463017047,XICAR TABLE LIGHTER BLK,5,NOVELTY,NOVELTY
813463018358,PLAIO 80 RING CUTTER,5,NOVELTY,NOVELTY
813525010016,GOLDEN HARVEST MILD,1,NONE,NONE
813525010030,GOLDEN HARVEST NATURAL,1,NONE,NONE
813525010566,GOLDEN HARVEST MILD 6OZ BAG,1,NONE,NONE
813525013109,GOLDEN HARVEST,1,NONE,NONE
814014027683,HYDE EDGE PINK LEMONADE,5,NOVELTY,NOVELTY
814014027690,HYDE EDGE BLUERAZZ  1500 PUFF,5,NOVELTY,NOVELTY
814014027713,HYDE EDGE HONEYDEW PUNCH,5,NOVELTY,NOVELTY
814014027720,HYDE EDGE SPEARMINT,5,NOVELTY,NOVELTY
814014027737,HYDE EDGE PEACH PINA WATER,5,NOVELTY,NOVELTY
814014027751,HYDE EDGE STRAW AND CREAM,5,NOVELTY,NOVELTY
814014027775,HYDE EDGE PINEAPLE ICE,5,NOVELTY,NOVELTY
814014027782,HYDE EDGE BANANA ICE,5,NOVELTY,NOVELTY
814014027799,HYDE EDGE STRAWBERRY BANANA,5,NOVELTY,NOVELTY
814014027805,HYDE EDGE PINE/PEACH/MANGO,5,NOVELTY,NOVELTY
814014027812,HYDE EDGE ALOE GRAPE,5,NOVELTY,NOVELTY
814014028468,HYDE EDGE BLUE RAZ ICE,5,NOVELTY,NOVELTY
814057002104,SHIELD RED 100,2,CGRTPACK,CIGRT PACK
814101024298,FIESTA SWEET 5/$1.49,ACESORIE,NONE,NONE
814101024304,FIESTA WHITE GRAPE $1.49,1,NONE,NONE
814101024311,FIESTA WATERMELON 5/.99C,1,NONE,NONE
814101024335,FIESTA STRAW CREAM 5/1.49,ACESORIE,NONE,NONE
814101024342,FIESTA VERY BERRY CHERRY,ACESORIE,NONE,NONE
814539010306,FLOR DE OLIVIA ORIGINAL,6,PRMCIGAR,PREMIUM CIGAR
814539010399,FLOR DE OLIVIA GOLD,6,PRMCIGAR,PREMIUM CIGAR
814539010825,MASTER BLEND SAMPLER,6,PRMCIGAR,PREMIUM CIGAR
814539011075,OLIVA SAMPLER 6CT,6,PRMCIGAR,PREMIUM CIGAR
814539011105,V SAPMPLER 5CT,6,PRMCIGAR,PREMIUM CIGAR
814539011204,FLOR DE OLIVA ORIGINAL,6,PRMCIGAR,PREMIUM CIGAR
814539011211,FLOR DE OLIVIA ORIGINAL,6,PRMCIGAR,PREMIUM CIGAR
814539011235,FLOR DE OLIVIA ORIGINAL,6,PRMCIGAR,PREMIUM CIGAR
814539011242,FLOR DE OLIVA ORIGINAL,6,PRMCIGAR,PREMIUM CIGAR
814539011259,FDO ORIGINAL 8X52,6,PRMCIGAR,PREMIUM CIGAR
814539011280,FLOR DE OLIVIA GIANTS,6,PRMCIGAR,PREMIUM CIGAR
814539011297,FLOR DE OLIVA MADURO,6,PRMCIGAR,PREMIUM CIGAR
814539011303,FLOR DE OLIVIA MADURO,6,PRMCIGAR,PREMIUM CIGAR
814539011310,FLOR MAD TORO 7X50,6,PRMCIGAR,PREMIUM CIGAR
814539011327,FLOR DE OLIVIA MADURO,6,PRMCIGAR,PREMIUM CIGAR
814539011334,FLOR DE OLIVIA GOLD,6,PRMCIGAR,PREMIUM CIGAR
814539011341,FLOR DE OLIVIA GOLD TORO,6,PRMCIGAR,PREMIUM CIGAR
814539011358,FLOR DE OLIVIA GOLD,6,PRMCIGAR,PREMIUM CIGAR
814539011365,FDO GOLD 6.5X52T,6,PRMCIGAR,PREMIUM CIGAR
814539011372,FLOR DE OLIVA COROJO,6,PRMCIGAR,PREMIUM CIGAR
814539011389,FFLOR COROJO TORO 6X50,6,PRMCIGAR,PREMIUM CIGAR
814539011396,FLOR DE OLIVIA COROJO,6,PRMCIGAR,PREMIUM CIGAR
814539011402,FLOR DE OLIVIA COROJO,6,PRMCIGAR,PREMIUM CIGAR
814539011433,SERIE V DOUBLE ROBUSTO,6,PRMCIGAR,PREMIUM CIGAR
814539011440,OLIVA SERIE V TORPEDO,6,PRMCIGAR,PREMIUM CIGAR
814539011457,OLIVA V DOUBLE TORO,6,PRMCIGAR,PREMIUM CIGAR
814539011464,OLIVA V CHURCHILL EXTRA,6,PRMCIGAR,PREMIUM CIGAR
814539011471,SPECIAL V FIGURADO,6,PRMCIGAR,PREMIUM CIGAR
814539011488,OLIVIA SERIES V LACERO,6,PRMCIGAR,PREMIUM CIGAR
814539011495,OLIVA V BELICOSO,6,PRMCIGAR,PREMIUM CIGAR
814539011501,ROBUSTO MASTER 3 BLENDS,6,PRMCIGAR,PREMIUM CIGAR
814539011525,TORPEDO 6X52,6,PRMCIGAR,PREMIUM CIGAR
814539011532,MASTER BLEND III CHURCHILL,6,PRMCIGAR,PREMIUM CIGAR
814539011549,CONNECTICUT RESERVE ROBUSTO,6,PRMCIGAR,PREMIUM CIGAR
814539011556,OLIVA CONN RES TORO,6,PRMCIGAR,PREMIUM CIGAR
814539011563,CONN RESERVE CHURCHILL,6,PRMCIGAR,PREMIUM CIGAR
814539011587,LONSDALE 6.5x44,6,PRMCIGAR,PREMIUM CIGAR
814539011594,SERIES G 48 SPECIAL,6,PRMCIGAR,PREMIUM CIGAR
814539011600,OLIVA G. ROBUSTO,6,PRMCIGAR,PREMIUM CIGAR
814539011648,SERIES G TORO,6,PRMCIGAR,PREMIUM CIGAR
814539011655,O. S. G TORO TUBES,6,PRMCIGAR,PREMIUM CIGAR
814539011662,OLIVA G TORPEDO CAMARON,6,PRMCIGAR,PREMIUM CIGAR
814539011679,SERIES G FIGURADO,6,PRMCIGAR,PREMIUM CIGAR
814539011686,OLIVA G CHURCHILL,6,PRMCIGAR,PREMIUM CIGAR
814539011716,OLIVA G.,6,PRMCIGAR,PREMIUM CIGAR
814539011723,OLIVA G BELICOSO Mad,6,PRMCIGAR,PREMIUM CIGAR
814539011730,OLIVA G.MAUDORO TORPEDO,6,PRMCIGAR,PREMIUM CIGAR
814539011747,OLIVA G 5.75X54 MAD,6,PRMCIGAR,PREMIUM CIGAR
814539011754,OLIVA G MADURO CHURCHILL,6,PRMCIGAR,PREMIUM CIGAR
814539011761,OLIVA G PRESIDENTE 8X52,6,PRMCIGAR,PREMIUM CIGAR
814539011785,OLIVA SERIE O,6,PRMCIGAR,PREMIUM CIGAR
814539011808,PERFECTO 5X55,6,PRMCIGAR,PREMIUM CIGAR
814539011839,OLIVA SERIES O HABANO TORO,6,PRMCIGAR,PREMIUM CIGAR
814539011853,DOUBLE TORO HABANO 6X60,6,PRMCIGAR,PREMIUM CIGAR
814539011860,SERIES O HABANO TORPEDO,6,PRMCIGAR,PREMIUM CIGAR
814539011877,OLIVA O CHURCHILL 7X50,6,PRMCIGAR,PREMIUM CIGAR
814539011884,ROBUSTO MADURO,6,PRMCIGAR,PREMIUM CIGAR
814539011891,OLIVA O TORPEDO MAUDORO,6,PRMCIGAR,PREMIUM CIGAR
814539011907,OLIVIA SERIES "O" MADURO,6,PRMCIGAR,PREMIUM CIGAR
814539011914,MADURO CHURCHILL 7X50,6,PRMCIGAR,PREMIUM CIGAR
814539011938,OLIVIA SERIES "O" MADURO,6,PRMCIGAR,PREMIUM CIGAR
814539011952,NUB CAMEROON 460,6,PRMCIGAR,PREMIUM CIGAR
814539011969,NUB CAMEROON 464 T,6,PRMCIGAR,PREMIUM CIGAR
814539011990,NUB 460 CONNEC,6,PRMCIGAR,PREMIUM CIGAR
814539012034,NUB HABANO 460,6,PRMCIGAR,PREMIUM CIGAR
814539012058,NUB HABANO 466,6,PRMCIGAR,PREMIUM CIGAR
814539012065,NUB MADURO 460,6,PRMCIGAR,PREMIUM CIGAR
814539012102,CAIN HABANO,6,PRMCIGAR,PREMIUM CIGAR
814539012119,CAIN 550 MAD,6,PRMCIGAR,PREMIUM CIGAR
814539012133,CAIN MAD 660,6,PRMCIGAR,PREMIUM CIGAR
814539012140,CAIN F 550,6,PRMCIGAR,PREMIUM CIGAR
814539012164,CAIN F HABANO 660,6,PRMCIGAR,PREMIUM CIGAR
814539012263,DOUBLE TORO,6,PRMCIGAR,PREMIUM CIGAR
814539012331,460 CAIN,6,PRMCIGAR,PREMIUM CIGAR
814539012355,CAIN HABANO,6,PRMCIGAR,PREMIUM CIGAR
814539012539,OLIVA RERVE CONNECTICUT,6,PRMCIGAR,PREMIUM CIGAR
814539012829,CAIN DAYTONA,6,PRMCIGAR,PREMIUM CIGAR
814539012843,CORONA 6x46,6,PRMCIGAR,PREMIUM CIGAR
814539012867,DAYTONA 6X60,6,PRMCIGAR,PREMIUM CIGAR
814539013086,CONN RESERVA 4X38,6,PRMCIGAR,PREMIUM CIGAR
814539013130,SERIES V 5X43,6,PRMCIGAR,PREMIUM CIGAR
814539013192,SPECIAL RELEASE OLIVA,6,PRMCIGAR,PREMIUM CIGAR
814539013864,oliva g robusto fresh pack,6,PRMCIGAR,PREMIUM CIGAR
814539013888,NUB CONN 358 FRESH PACK,6,PRMCIGAR,PREMIUM CIGAR
814539014328,NUANCE TRIPLE ROAST 3.75X54,6,PRMCIGAR,PREMIUM CIGAR
814539014366,NUANCE SINGLE ROAST 3.75X54,6,PRMCIGAR,PREMIUM CIGAR
814539014373,NUANCE SINGLE ROAST,6,PRMCIGAR,PREMIUM CIGAR
814539014403,NUANCE DOUBLE ROAST 3.75X54,6,PRMCIGAR,PREMIUM CIGAR
814539014601,TABLE TOP LIGHTER,5,NOVELTY,NOVELTY
814539014632,OLIVA V MADURO DBL TORO 6x60,6,PRMCIGAR,PREMIUM CIGAR
814539014694,DBL TORO MADURO ESPECIAL,6,PRMCIGAR,PREMIUM CIGAR
814539014960,NUB WINTERBLEND,6,PRMCIGAR,PREMIUM CIGAR
814539014984,RESERVA,6,PRMCIGAR,PREMIUM CIGAR
814539015004,GILBARTO 6X50,6,PRMCIGAR,PREMIUM CIGAR
814539015011,GILBERTO RESERVA 6X52T,6,PRMCIGAR,PREMIUM CIGAR
814539015028,RESERVA 7X50,6,PRMCIGAR,PREMIUM CIGAR
814539015035,RESERVA BLANCA 5X50,6,PRMCIGAR,PREMIUM CIGAR
814539015059,RESERVA BLANC 6X50,6,PRMCIGAR,PREMIUM CIGAR
814539015066,GILBERTO BLANC 6X52T,6,PRMCIGAR,PREMIUM CIGAR
814539015073,RESERVA BLANC 7X50,6,PRMCIGAR,PREMIUM CIGAR
814539015103,V MADURO DBL ROBUSTO,6,PRMCIGAR,PREMIUM CIGAR
814539015134,oliva series v mad 6x54,6,PRMCIGAR,PREMIUM CIGAR
814539015189,OLIVA CHURCHILL SAMPLER,6,PRMCIGAR,PREMIUM CIGAR
814539015394,NUB SAMPLER PACK,6,PRMCIGAR,PREMIUM CIGAR
814539015653,CA ROBUSTO,6,PRMCIGAR,PREMIUM CIGAR
814539015660,CAB ALI TORO,6,PRMCIGAR,PREMIUM CIGAR
814539015684,CAB ALI REGORDO,6,PRMCIGAR,PREMIUM CIGAR
814539015745,Oliva Club 20 V Series,6,PRMCIGAR,PREMIUM CIGAR
814539015776,Oliva v Senoritas 10,6,PRMCIGAR,PREMIUM CIGAR
814539015974,OLIVA SAMPLER 8,6,PRMCIGAR,PREMIUM CIGAR
814539871105,V SAMPLER 5CT,6,PRMCIGAR,PREMIUM CIGAR
814725025077,VIBES ULTRA THIN 1/4/1 CONE,1,NONE,NONE
814725025084,VIBES HEMP 3 CONES,1,NONE,NONE
814725025091,VIBES RICE CONE,1,NONE,NONE
815337010116,TEMPUS TERRA NOVO,6,PRMCIGAR,PREMIUM CIGAR
815337010147,A.B.TEMPUS,6,PRMCIGAR,PREMIUM CIGAR
815337010178,TEMPUS NATURAL MAGNUS,6,PRMCIGAR,PREMIUM CIGAR
815337010260,PRENSADO ROBUSTO,6,PRMCIGAR,PREMIUM CIGAR
815337010284,PRENSADO GRAN TORO,6,PRMCIGAR,PREMIUM CIGAR
815337010864,MAX THE FIX,6,PRMCIGAR,PREMIUM CIGAR
815337010871,AM MAX CULTURE,6,PRMCIGAR,PREMIUM CIGAR
815337010888,FREAK 6.38X60,6,PRMCIGAR,PREMIUM CIGAR
815337010994,OCCIDENTAL ROBUSTO,6,PRMCIGAR,PREMIUM CIGAR
815337011366,TEMPUS MEDIUS,6,PRMCIGAR,PREMIUM CIGAR
815337011434,TERRA NOVO MADURO,6,PRMCIGAR,PREMIUM CIGAR
815337011663,A.BRADLEY CORONA,6,PRMCIGAR,PREMIUM CIGAR
815337011670,CLASSIC ROBUSTO,6,PRMCIGAR,PREMIUM CIGAR
815337011717,A.B. GORDO,6,PRMCIGAR,PREMIUM CIGAR
815337011786,CARIBBEAN CLASSIC ROBUSTO,6,PRMCIGAR,PREMIUM CIGAR
815337011885,BLACK MARKET ROBUSTO,6,PRMCIGAR,PREMIUM CIGAR
815337011892,BLACK MARKET TOR0,6,PRMCIGAR,PREMIUM CIGAR
815337011915,BLACK MARKET TORPEDO,6,PRMCIGAR,PREMIUM CIGAR
815337011922,A.B. GORDO ALEC BRADLEY,6,PRMCIGAR,PREMIUM CIGAR
815337011953,PRENSADO DOUBLE T,6,PRMCIGAR,PREMIUM CIGAR
815337012103,SUN GROWN ROBUSTO,6,PRMCIGAR,PREMIUM CIGAR
815337012202,AB SIX TWO ROBUSTO,6,PRMCIGAR,PREMIUM CIGAR
815337012325,NICA PURO ROBUSTO,6,PRMCIGAR,PREMIUM CIGAR
815337012332,NICA PURO,6,PRMCIGAR,PREMIUM CIGAR
815337012356,NICA PURO TORPEDO,6,PRMCIGAR,PREMIUM CIGAR
815337012363,NICA PURO GORDO,6,PRMCIGAR,PREMIUM CIGAR
815337012431,ROBUSTO CONNECTICUT,6,PRMCIGAR,PREMIUM CIGAR
815337012516,BLACK MARKET PUNK,6,PRMCIGAR,PREMIUM CIGAR
815337012530,TEMPUS MAGNUS MADURO,6,PRMCIGAR,PREMIUM CIGAR
815337012608,NICA PURO TUBO,6,PRMCIGAR,PREMIUM CIGAR
815337012622,TEMPUS NAT TUBO,6,PRMCIGAR,PREMIUM CIGAR
815337012660,PRENSADO TUBO,6,PRMCIGAR,PREMIUM CIGAR
815337012806,ITS BOY/GIRL,6,PRMCIGAR,PREMIUM CIGAR
815337012820,POST EMB ROBUSTO,6,PRMCIGAR,PREMIUM CIGAR
815337012882,MUNIDAL NO 4,6,PRMCIGAR,PREMIUM CIGAR
815337012899,MUNIAL PL#5,6,PRMCIGAR,PREMIUM CIGAR
815337012905,MUNIDAL PUNTA LANZA NO6,6,PRMCIGAR,PREMIUM CIGAR
815337013049,THE LINEAGE GORDO,6,PRMCIGAR,PREMIUM CIGAR
815337013131,TEXAS LANCERO,6,PRMCIGAR,PREMIUM CIGAR
815337013216,BLACK MARKET ESTELI DIAMOND,6,PRMCIGAR,PREMIUM CIGAR
815337013230,COYOL ROBUSTO,6,PRMCIGAR,PREMIUM CIGAR
815337013353,DIAMOND ROUGH CUT,6,PRMCIGAR,PREMIUM CIGAR
815337013377,ALEC BRADLEY FRESH PACK,6,PRMCIGAR,PREMIUM CIGAR
815337013384,ROSADO ROBUSTO,6,PRMCIGAR,PREMIUM CIGAR
815337013490,SANCTUM TORO,6,PRMCIGAR,PREMIUM CIGAR
815337013506,SANCTUM GORDO,6,PRMCIGAR,PREMIUM CIGAR
815337013599,SUPER FREAK 8.5X60,6,PRMCIGAR,PREMIUM CIGAR
815337013803,TER.NOVA ROBUSTO,6,PRMCIGAR,PREMIUM CIGAR
815337013810,A.B.TEMPUS,6,PRMCIGAR,PREMIUM CIGAR
815337013841,TEMPUS NICARAGUA MAGNUS,6,PRMCIGAR,PREMIUM CIGAR
815337013988,FILTHY HOOLIGAN,6,PRMCIGAR,PREMIUM CIGAR
815337014107,BLACK MARKET PUNK,6,PRMCIGAR,PREMIUM CIGAR
815337014671,BLACK MARKET ESTELI TORO,6,PRMCIGAR,PREMIUM CIGAR
815337014688,ESTELI TORPEDO,6,PRMCIGAR,PREMIUM CIGAR
815337014701,BLACK MARKET ESTELI GORDO,6,PRMCIGAR,PREMIUM CIGAR
815337014763,PRENSADO LOST ART ROBUSTO,6,PRMCIGAR,PREMIUM CIGAR
815337014770,LOST ART GRAN TORO,6,PRMCIGAR,PREMIUM CIGAR
815337014787,PRENSADO LOST ART DBL T,6,PRMCIGAR,PREMIUM CIGAR
815337014800,PRENSADO LOST ART DBL T,6,PRMCIGAR,PREMIUM CIGAR
815337014909,ABCO ROBUSTO,6,PRMCIGAR,PREMIUM CIGAR
815337014916,ABCO TORO,6,PRMCIGAR,PREMIUM CIGAR
815337014923,ABCO CHURCHILL,6,PRMCIGAR,PREMIUM CIGAR
815337014930,AB ABCO GORDO,6,PRMCIGAR,PREMIUM CIGAR
815337015098,MEDALIST ROBUSTO,6,PRMCIGAR,PREMIUM CIGAR
815337015227,BLIND FAITH ROBUSTO,6,PRMCIGAR,PREMIUM CIGAR
815337015234,BLIND FAITH TORO,6,PRMCIGAR,PREMIUM CIGAR
815337015241,BLIND FAITH GORDO,6,PRMCIGAR,PREMIUM CIGAR
815337015272,AB TASTE OF THE WORLD SAMPLER,6,PRMCIGAR,PREMIUM CIGAR
815337015326,MAGIC TOAST ROBUSTO,6,PRMCIGAR,PREMIUM CIGAR
815337015333,A.B MAGIC TOAST TORO,6,PRMCIGAR,PREMIUM CIGAR
815337015364,FILTHY HOOLIGAN TORO,6,PRMCIGAR,PREMIUM CIGAR
815337015470,PROJECT 40 ROBUSTO,6,PRMCIGAR,PREMIUM CIGAR
815337015487,PROJECT 40 TORO,6,PRMCIGAR,PREMIUM CIGAR
815337015609,GATEKEEPER CORONA,6,PRMCIGAR,PREMIUM CIGAR
815337015616,GATEKEEPER ROBUSTO,6,PRMCIGAR,PREMIUM CIGAR
815337015623,GATEKEEPER TORO,6,PRMCIGAR,PREMIUM CIGAR
815337015777,MAGIC TOAST CHUNK,6,PRMCIGAR,PREMIUM CIGAR
815337016453,AB PROJECT 40 MAD ROBUSTO,6,PRMCIGAR,PREMIUM CIGAR
815337016460,PROJECT 40 MAD TORO,6,PRMCIGAR,PREMIUM CIGAR
815337017900,trilogy cameroon toro,6,PRMCIGAR,PREMIUM CIGAR
815337017917,TRILOGY COROJO TORO,6,PRMCIGAR,PREMIUM CIGAR
815337017924,triology maduro toro,6,PRMCIGAR,PREMIUM CIGAR
815337018457,AB D.BRAODLEAF TORO,6,PRMCIGAR,PREMIUM CIGAR
815337018464,AB D.BROADLEAF GORDO,6,PRMCIGAR,PREMIUM CIGAR
815337018822,AB POST EMBARGO TORO,6,PRMCIGAR,PREMIUM CIGAR
815368021426,NJOY TOBACCO DISPOSABLE,1,NONE,NONE
815368021488,NJOY MENTHOL DISPOSABLE,1,NONE,NONE
815670026478,GHOST 3GM GAMEOVER DISPO,5,NOVELTY,NOVELTY
815752010296,HUMIDIFIERS SOLUTION,5,NOVELTY,NOVELTY
815752010302,VENTURA HUMIDIFIER SOLUTION,5,NOVELTY,NOVELTY
815970020282,TWISTED HEMP MANGO PINAPALE,1,NONE,NONE
815970020329,TWISTED HEMP MANGO PINAAPLE,1,NONE,NONE
815970020343,TWISTED HEMP HONEY CITRUS,1,NONE,NONE
815970021593,PACKWRAPS STRAWVANILLA,1,NONE,NONE
816186019299,7''S BIG VAPOR,5,NOVELTY,NOVELTY
816667010548,SIGNAL CLASSIC 16OZ,1,NONE,NONE
816667010692,CHERRY CIGAR,1,NONE,NONE
816667010708,BLACKBERRY CIGAR,1,NONE,NONE
816667010715,VANILLA CIGAR,1,NONE,NONE
817094021800,CLASSIC MAD TORO,6,PRMCIGAR,PREMIUM CIGAR
817458026267,WILD HEMP CIGS,5,NOVELTY,NOVELTY
817594010007,TWICE THE APPLE 50G,HOOKAH,NONE,NONE
817594010069,GRAPE 50G,HOOKAH,NONE,NONE
817594010267,BABY DOLL 50G,HOOKAH,NONE,NONE
817594010274,OMG 50G,HOOKAH,NONE,NONE
817594010373,BLAZEN BLUE 50G,HOOKAH,NONE,NONE
817594010489,QUACK QUACK 50G,HOOKAH,NONE,NONE
817594010601,CUCUMBERITA 50G,HOOKAH,NONE,NONE
817594010649,FROZEN LAKES 50G,HOOKAH,NONE,NONE
817594010656,5 CENTS A CUP 50G,HOOKAH,NONE,NONE
817594011370,BLAZEN BLUE 100G,HOOKAH,NONE,NONE
817594011608,HAZE CUCUMBERITA,HOOKAH,NONE,NONE
817594011639,SUBZERO 100GRAM,HOOKAH,NONE,NONE
817594012254,COCO ROAST 250G,HOOKAH,NONE,NONE
817673010065,RESERVA ESP ROBUSTO,6,PRMCIGAR,PREMIUM CIGAR
817673010089,JAIME GARCIA TORO,6,PRMCIGAR,PREMIUM CIGAR
817673010102,SUPER GORDO,6,PRMCIGAR,PREMIUM CIGAR
817673010164,LE BIJUO1922 GRAN ROBUSTO,6,PRMCIGAR,PREMIUM CIGAR
817673010201,SF ROBUSTO,6,PRMCIGAR,PREMIUM CIGAR
817673010263,MF LA PROMESA PETITE,6,PRMCIGAR,PREMIUM CIGAR
817673010324,MF LA PROMESA TORO,6,PRMCIGAR,PREMIUM CIGAR
817673010348,HABANO ROBUSTO,6,PRMCIGAR,PREMIUM CIGAR
817673010416,MY FATHER FONSECA BLICOSI,6,PRMCIGAR,PREMIUM CIGAR
817673010454,MY FATHER FONSECA COCACOS,6,PRMCIGAR,PREMIUM CIGAR
817673010492,my father fonseca robusto,6,PRMCIGAR,PREMIUM CIGAR
817673010508,MY FATHER NO 1 ROBUSTO,6,PRMCIGAR,PREMIUM CIGAR
817673010546,NO-3 CREMAS,6,PRMCIGAR,PREMIUM CIGAR
817673010560,NO 4 LANCEROS,6,PRMCIGAR,PREMIUM CIGAR
817673010652,LE BIJOU PETIT ROBUSTO,6,PRMCIGAR,PREMIUM CIGAR
817673010690,FLOR DE LAS ANTILAS,6,PRMCIGAR,PREMIUM CIGAR
817673010713,FLOR DE LAS ANTILLAS BELICOSI,6,PRMCIGAR,PREMIUM CIGAR
817673010737,FLOR DE LAS ANTILLAS TORO,6,PRMCIGAR,PREMIUM CIGAR
817673010751,FLOR DE LAS ANTILLAS,6,PRMCIGAR,PREMIUM CIGAR
817673010775,INVICTOS,6,PRMCIGAR,PREMIUM CIGAR
817673010799,DON PEPIN GARCIA GENEROSOS,6,PRMCIGAR,PREMIUM CIGAR
817673010812,DELICIAS 7X50,6,PRMCIGAR,PREMIUM CIGAR
817673010836,DON PEPIN GARCIA IMPERIALS,6,PRMCIGAR,PREMIUM CIGAR
817673010850,DON PEPIN GARCIA LANCERO,6,PRMCIGAR,PREMIUM CIGAR
817673010911,DON PEPIN GARCIA BLUE TORO GOR,6,PRMCIGAR,PREMIUM CIGAR
817673010935,EXCLUSIVOS 9X1/4X48,6,PRMCIGAR,PREMIUM CIGAR
817673010973,DON PEPIN GARCIA,6,PRMCIGAR,PREMIUM CIGAR
817673010997,SERIES JJ SELECTOS 5X50,6,PRMCIGAR,PREMIUM CIGAR
817673011017,SERIES JJ SALOMON,6,PRMCIGAR,PREMIUM CIGAR
817673011031,JJ SELCTOS 5X50,6,PRMCIGAR,PREMIUM CIGAR
817673011079,CUBAN CLASSIC TORO,6,PRMCIGAR,PREMIUM CIGAR
817673011130,MY FATHER LA DUENA BELICOSO,6,PRMCIGAR,PREMIUM CIGAR
817673011192,LA DUENA ROBUSTO,6,PRMCIGAR,PREMIUM CIGAR
817673011253,MY FATHER NO 6,6,PRMCIGAR,PREMIUM CIGAR
817673011277,LA DUENDA,6,PRMCIGAR,PREMIUM CIGAR
817673011314,EL CENTURION TORO,6,PRMCIGAR,PREMIUM CIGAR
817673011345,EL CENTURIO ROBUSTO,6,PRMCIGAR,PREMIUM CIGAR
817673011369,LA  ANTIGUEDAD ROBUSTO,6,PRMCIGAR,PREMIUM CIGAR
817673011383,LA ANTIGUEDAD TORO,6,PRMCIGAR,PREMIUM CIGAR
817673011390,LA ANTIGUEDAD BOX,6,PRMCIGAR,PREMIUM CIGAR
817673011444,TORO GORDO,6,PRMCIGAR,PREMIUM CIGAR
817673011468,MYFATHER CONN ROBUSTO,6,PRMCIGAR,PREMIUM CIGAR
817673011505,CONN TORO GORDO,6,PRMCIGAR,PREMIUM CIGAR
817673011550,ASSORTMENT OF 5 TOROS,6,PRMCIGAR,PREMIUM CIGAR
817673011574,TORO GRANDE,6,PRMCIGAR,PREMIUM CIGAR
817673011604,EL CENTURION CORONA,6,PRMCIGAR,PREMIUM CIGAR
817673011628,EL CENTURION BOXPRESSED TORO,6,PRMCIGAR,PREMIUM CIGAR
817673011642,PET OF 6 DEMI,6,PRMCIGAR,PREMIUM CIGAR
817673011673,THE JUDGE 560 GRAND ROBUSTO,6,PRMCIGAR,PREMIUM CIGAR
817673011727,FLOR DE LAS ANTILLAS,6,PRMCIGAR,PREMIUM CIGAR
817673011741,FLOR DE LAS MAUDORO CORONA,6,PRMCIGAR,PREMIUM CIGAR
817673011765,flor de las antilas mad toro g,6,PRMCIGAR,PREMIUM CIGAR
817673011789,FLOR DE LAS ANTILLAS mad toro,6,PRMCIGAR,PREMIUM CIGAR
817673011826,MF THE JUDGE TORO FINO,6,PRMCIGAR,PREMIUM CIGAR
817673011833,VEGAS CUBANOS INVICTOS,6,PRMCIGAR,PREMIUM CIGAR
817673011857,VEGAS CUBANAS GENEROSOS,6,PRMCIGAR,PREMIUM CIGAR
817673011963,MF OPULENCIA PETITE,6,PRMCIGAR,PREMIUM CIGAR
817673012007,LA OPULENCIA ROBUSTO,6,PRMCIGAR,PREMIUM CIGAR
817673012021,LA OPOLENCIA TORO,6,PRMCIGAR,PREMIUM CIGAR
817673012045,JAIMEGRACIA RES ESP CORONA GRA,6,PRMCIGAR,PREMIUM CIGAR
817673012083,LA GRAN OFERTA ROBUSTO,6,PRMCIGAR,PREMIUM CIGAR
817673012144,LA GRAN OFERTA GORDO,6,PRMCIGAR,PREMIUM CIGAR
817673012168,LA GRAN OFFERTA LANCERO,6,PRMCIGAR,PREMIUM CIGAR
817673012182,MF ASST SAMPLER #1,6,PRMCIGAR,PREMIUM CIGAR
817673012199,MF ASST SAMPLER #2,6,PRMCIGAR,PREMIUM CIGAR
817673012540,MF FONSECA-MX CEDROS 6/21X52,6,PRMCIGAR,PREMIUM CIGAR
817673012816,jg reserva connecticut,6,PRMCIGAR,PREMIUM CIGAR
817673012830,MF ASST SAMPLER #3,6,PRMCIGAR,PREMIUM CIGAR
817673012861,MY FATHER BLUE 6X54,6,PRMCIGAR,PREMIUM CIGAR
817673012960,DON PEPIN GARCIA E.R.H 6X52,6,PRMCIGAR,PREMIUM CIGAR
818112010424,VILLIGAR BRASIL,6,PRMCIGAR,PREMIUM CIGAR
818112013203,NEW WORLD PIPE TOBACCO,1,NONE,NONE
818112013265,JAMAICAN EXPORT PIPE TOBACCO,1,NONE,NONE
818558011504,DEADWOOD DIMINICANA TORO,6,PRMCIGAR,PREMIUM CIGAR
818558011535,DEADWOOD DIMINICANA ROBUSTO,6,PRMCIGAR,PREMIUM CIGAR
818558011566,DEADWOOD DIMINICANA GORDO,6,PRMCIGAR,PREMIUM CIGAR
818558011597,DEADWOOD DIMINICANA PEQUENAS,6,PRMCIGAR,PREMIUM CIGAR
818558012440,DOMINICANA TIN,6,PRMCIGAR,PREMIUM CIGAR
818558012488,SWEET JANE DIA DE LOS MUERTOS,6,PRMCIGAR,PREMIUM CIGAR
818558012693,CRAZY ALICE C NOTES,6,PRMCIGAR,PREMIUM CIGAR
818558013553,BEUNAS NOCHES ROBUSTO,6,PRMCIGAR,PREMIUM CIGAR
818558013690,UNDERCROWN ELTIORE ROBUSTO,6,PRMCIGAR,PREMIUM CIGAR
818558014406,UNDERCROWN GORDO BOX 10,6,PRMCIGAR,PREMIUM CIGAR
818578010013,FACTORY SM TORO MAD BUNDLE,6,PRMCIGAR,PREMIUM CIGAR
818578010020,FACTORY SMOKES MAD ROBUSTO,6,PRMCIGAR,PREMIUM CIGAR
818578010044,BLACKENED TORO,6,PRMCIGAR,PREMIUM CIGAR
818578010051,BLACKENED ROBUSTO,6,PRMCIGAR,PREMIUM CIGAR
818578010068,BLACKENED CORONA DOBLE,6,PRMCIGAR,PREMIUM CIGAR
818578010075,BLACKENED CORONA,6,PRMCIGAR,PREMIUM CIGAR
818578010136,FACTORY SMOKES CT TORO,6,PRMCIGAR,PREMIUM CIGAR
818578010143,FACTORY SMOKES shade robusto,6,PRMCIGAR,PREMIUM CIGAR
818578010174,FACTORY SMOKES SUNGROWN TORO,6,PRMCIGAR,PREMIUM CIGAR
818578010181,FACTORY SMOKES,6,PRMCIGAR,PREMIUM CIGAR
818578010198,FS SUNGROWN GORDO,6,PRMCIGAR,PREMIUM CIGAR
818578010204,FACTORY SMOKES SG CHURCHILL,6,PRMCIGAR,PREMIUM CIGAR
818578010310,ISLA DEL SOL  SUN BLESSED TIN,6,PRMCIGAR,PREMIUM CIGAR
818578010372,SWAMP THANG SWEET,6,PRMCIGAR,PREMIUM CIGAR
818578010501,SUNGROWN ROBUSTO,6,PRMCIGAR,PREMIUM CIGAR
818578010600,sungrown flying pig,6,PRMCIGAR,PREMIUM CIGAR
818578010693,BLACKEND M81 TORO,6,PRMCIGAR,PREMIUM CIGAR
818578010716,BLACKEND M81 FLYING PIG,6,PRMCIGAR,PREMIUM CIGAR
818578010860,FACTORY SMOKES ROBUSTO MAD,6,PRMCIGAR,PREMIUM CIGAR
818578011010,ISLA DEL SON MADURO TIN,6,PRMCIGAR,PREMIUM CIGAR
818578011096,UNDERCROWN 10 TORO,6,PRMCIGAR,PREMIUM CIGAR
818578011195,UNDERCROWN 10 ROBUSTO,6,PRMCIGAR,PREMIUM CIGAR
818578011355,KFCC SWEET JUST A FRIEND,6,PRMCIGAR,PREMIUM CIGAR
818578011379,KFC FAT MOLLY SWEET,6,PRMCIGAR,PREMIUM CIGAR
818578011638,FACTORY SMOKES sweet ROBUSTO,6,PRMCIGAR,PREMIUM CIGAR
818578011676,FS SWEET BELICOSO,6,PRMCIGAR,PREMIUM CIGAR
818578011935,ACID KUBARIETY BUY 2 GET 1,6,PRMCIGAR,PREMIUM CIGAR
818578012741,S84 SHADE BLACKENED ROBUSTO,6,PRMCIGAR,PREMIUM CIGAR
818578012994,DEADWOOD GWNN LONSDALE,6,PRMCIGAR,PREMIUM CIGAR
818578013052,SWEET JANE DIA DE LOS MUERTOS,6,PRMCIGAR,PREMIUM CIGAR
818578013700,UNDERCROWN SUNGROWN TIN,6,PRMCIGAR,PREMIUM CIGAR
818578013724,DEADWOOD SWEET JANE TINS,6,PRMCIGAR,PREMIUM CIGAR
818578013892,FAT BOTTOM BETTY TORO,6,PRMCIGAR,PREMIUM CIGAR
818578014127,FAT BOTTOM BETTY GORDITO,6,PRMCIGAR,PREMIUM CIGAR
818578015025,LETHER ROSE PETIT CORONA,6,PRMCIGAR,PREMIUM CIGAR
818578015100,LIGA NASTY FRITAS,6,PRMCIGAR,PREMIUM CIGAR
818578015155,ACID BLONDIE,6,PRMCIGAR,PREMIUM CIGAR
818578015179,ACID BLONDIE,6,PRMCIGAR,PREMIUM CIGAR
818578015193,ACID BLONDIE,6,PRMCIGAR,PREMIUM CIGAR
818578015339,LIGA PRIVADA #9 CORONETS TIN,6,PRMCIGAR,PREMIUM CIGAR
818578015346,LIGA PRIVADA T52 CONN TINS,6,PRMCIGAR,PREMIUM CIGAR
818578015384,LARUTAN DIRTIES TINS,6,PRMCIGAR,PREMIUM CIGAR
818578015391,KFCC SWWET PONIES TIN,6,PRMCIGAR,PREMIUM CIGAR
818578015407,SWAMP THANG TIN,6,PRMCIGAR,PREMIUM CIGAR
818578015414,JAVA MADURO TIN,6,PRMCIGAR,PREMIUM CIGAR
818578015438,RP JAVA MINT TIN,6,PRMCIGAR,PREMIUM CIGAR
818578017487,ACID CROQUETA TUBE,6,PRMCIGAR,PREMIUM CIGAR
818578017623,ACID TWENTY,6,PRMCIGAR,PREMIUM CIGAR
818578018361,UNDERCROWN SHADE GIFT SET,6,PRMCIGAR,PREMIUM CIGAR
818578018415,UNDERCROWN DOGMA SUNGROWN,6,PRMCIGAR,PREMIUM CIGAR
818578018484,NIGHTSHADE ROBUSTO,6,PRMCIGAR,PREMIUM CIGAR
818578018521,LEATHER ROSE TORPEDO,6,PRMCIGAR,PREMIUM CIGAR
818578018828,NICA RUSTICA ADOBE ROBUSTO,6,PRMCIGAR,PREMIUM CIGAR
818578018842,NICA RUSTICA  ADOBE GORDO,6,PRMCIGAR,PREMIUM CIGAR
818578019047,20 ACRE FARM ROBUSTO,6,PRMCIGAR,PREMIUM CIGAR
818578019054,20 ACRE FARM TORO,6,PRMCIGAR,PREMIUM CIGAR
818578019061,20 ACRE FARM GORDITO,6,PRMCIGAR,PREMIUM CIGAR
818578019207,Liga Privada h99,6,PRMCIGAR,PREMIUM CIGAR
818892010164,GOOD TIMES STRAWBERRY,1,NONE,NONE
818892010195,GOOD TIMES CIGARILLOS 3/99c,1,NONE,NONE
818892011307,GOOD TIMES SOUR APPLE CIGARILL,1,NONE,NONE
818892012427,GOOD TIMES FRUIT PUNCH 3/99c,1,NONE,NONE
818892012458,GOOD TIMES RASPBERRY  3/99c,1,NONE,NONE
818892012489,GOOD TIMES 3/99c CHERRY,1,NONE,NONE
818892013080,GOOD TIMES TROPICAL BL 3/99c,1,NONE,NONE
818892013134,WOODS SWEET AROMA 2/99C,1,NONE,NONE
818892013165,GOOD TIMES - BLACKBERRY,1,NONE,NONE
818892013196,GOOD TIMES HOT CHOCOLATE 3/99c,1,NONE,NONE
818892013486,4 KINGS SWEET DELICIOUS 4/99c,1,NONE,NONE
818892013493,4 KINGS CIGARILLOS 4/99c,1,NONE,NONE
818892013509,4 KINGS WATERMELON 4/99c,1,NONE,NONE
818892013516,4 KINGS MANGO 4/99c,1,NONE,NONE
818892013523,4 KINGS FRENCH VANILLA,1,NONE,NONE
818892013530,4 KINGS PINA COLADA 4/99c,1,NONE,NONE
818892013776,GOOD TIMES TIP CIGARS,1,NONE,NONE
818892013806,GOOD TIMES SWEET MADNESS 3/99c,1,NONE,NONE
818892013837,GOOD TIMES 3/99c - WATERMELON,1,NONE,NONE
818892014360,4 KINGS PUMPKIN SPICE,1,NONE,NONE
818892014513,WOODS LEAF HONEY BERRY 2/99C,1,NONE,NONE
818892014568,HD COGNAC,1,NONE,NONE
818892014629,HD GRAPE,1,NONE,NONE
818892014650,HD KUSH,1,NONE,NONE
818892014711,HD RED,1,NONE,NONE
818892015169,MANGO,1,NONE,NONE
818892015190,BLUEBERRY,1,NONE,NONE
818892015220,WATERMELON,1,NONE,NONE
818892015251,FRUIT PUNCH,1,NONE,NONE
818892015299,WATERMELON HD,1,NONE,NONE
818892015640,4KINGS CINNAMON ROLL,1,NONE,NONE
818892015657,4KINGS STRAW CHEESECAKE,1,NONE,NONE
818892015664,4KINGS BANANA SPLIT,1,NONE,NONE
818892015770,LITTLE N WILD 59CENT,1,NONE,NONE
818892016906,FLAVOR KRASH 2 FOR 99c,1,NONE,NONE
818892016937,4 KINGS SWEETS 4/99c,1,NONE,NONE
818892016968,4 KINGS GREEN SWEET SHORTY,1,NONE,NONE
818892016999,4 K''S QUICK SMOKE - KUSH,1,NONE,NONE
818892017026,4 KINGS SHORTY FLAVOR KRASH,1,NONE,NONE
818892017088,4 KINGS STRAWBERRY LEMONADE,1,NONE,NONE
818892017118,4 KINGS MELON BERRY 4/99c,1,NONE,NONE
818892017279,HD MANGO,1,NONE,NONE
818892017309,HD MELON BERRY-,1,NONE,NONE
818892018276,GOOD TIMES 5/99c - SWEET,1,NONE,NONE
818892018337,4 KING''S SHOCKER 5/99c,1,NONE,NONE
818892018368,GOOD TIMES MINI 5/99c,1,NONE,NONE
818892018450,4K GREEN,1,NONE,NONE
818892018511,4K WHITE GRAPE,1,NONE,NONE
818892018603,4 KING''S PEACHY PEAR,1,NONE,NONE
818892018788,GOOD TIMES QUICKIE 5/99c,1,NONE,NONE
818892018931,HD SILVER,1,NONE,NONE
818892019235,4K''S BLUEBERRY PINEAPPLE,1,NONE,NONE
818892019266,4K''S ULTIMATE,1,NONE,NONE
818892019297,4K''S CRANBERRY APPLE,1,NONE,NONE
818892019327,REDCOLA 4KS,1,NONE,NONE
818892019358,4 KINGS KIWI BERRY,1,NONE,NONE
818892019389,4K''S WATERMELON GRAPE,1,NONE,NONE
818892019419,GOOD TIMES STRAWBERRY VANILLA,1,NONE,NONE
818892019440,GOOD TIMES MANGO PINEAPPLE,1,NONE,NONE
818892019471,GOOD TIMES GRAPE,1,NONE,NONE
818892019761,4K APRICOT BRANDY,1,NONE,NONE
818892019792,4K PURPLE SENSATION,1,NONE,NONE
819121801003,SLR100,5,NOVELTY,NOVELTY
819291012292,33MM 10 TABLETS,5,NOVELTY,NOVELTY
819577010028,LA AROMA ED ESP 1,6,PRMCIGAR,PREMIUM CIGAR
819577010042,EDICION ESPECIAL NO 2,6,PRMCIGAR,PREMIUM CIGAR
819577010066,EDICION ESPECIAL NO 3,6,PRMCIGAR,PREMIUM CIGAR
819577010080,EDICION ESPECIAL NO 4,6,PRMCIGAR,PREMIUM CIGAR
819577010103,EDICION ESPECIAL NO 55,6,PRMCIGAR,PREMIUM CIGAR
819577010127,EDICION ESPECIAL NO 5,6,PRMCIGAR,PREMIUM CIGAR
819577010141,MI AMOR BELICOSO,6,PRMCIGAR,PREMIUM CIGAR
819577010165,MI AMOR CHURCHILL,6,PRMCIGAR,PREMIUM CIGAR
819577010189,MI AMOR DUQUE,6,PRMCIGAR,PREMIUM CIGAR
819577010202,MI AMOR MAGNIFICO,6,PRMCIGAR,PREMIUM CIGAR
819577010226,MI AMOR ROBUSTO,6,PRMCIGAR,PREMIUM CIGAR
819577010240,MI AMOR VALENTINO,6,PRMCIGAR,PREMIUM CIGAR
819577010288,MI AMOR RESERVA DIVINO,6,PRMCIGAR,PREMIUM CIGAR
819577010301,MI AMOR RESERVA MAXIMO,6,PRMCIGAR,PREMIUM CIGAR
819577010325,MI AMOR RESERVA ROMANTICO,6,PRMCIGAR,PREMIUM CIGAR
819577010363,LA AROMA DE CUBA CHURCHILL,6,PRMCIGAR,PREMIUM CIGAR
819577010424,LA ROMA DE CUBA EL JEFE,6,PRMCIGAR,PREMIUM CIGAR
819577010448,LA ROMA DE CUBA IMMENSA,6,PRMCIGAR,PREMIUM CIGAR
819577010486,LA AROMA DE CUBA MONARCH,6,PRMCIGAR,PREMIUM CIGAR
819577010509,LA AROMA DE CUBA ROBUSTO,6,PRMCIGAR,PREMIUM CIGAR
819577010745,SAN CRISTOBAL ELEGANCIA CORONA,6,PRMCIGAR,PREMIUM CIGAR
819577010769,SAN CRISTO ELEGANCIA GRANDIOSO,6,PRMCIGAR,PREMIUM CIGAR
819577010783,ELEGANCIA IMPERIAL,6,PRMCIGAR,PREMIUM CIGAR
819577010806,SANCRISTOBAL ELEGANCIA PYRAMID,6,PRMCIGAR,PREMIUM CIGAR
819577010820,ELEGANCIA ROBUSTO,6,PRMCIGAR,PREMIUM CIGAR
819577010998,MI AMOR RESERVA POMPOSO,6,PRMCIGAR,PREMIUM CIGAR
819577011353,QUINTESSENCE ROBUSTO,6,PRMCIGAR,PREMIUM CIGAR
819577011377,QUINTESSENCE MAJESTIC,6,PRMCIGAR,PREMIUM CIGAR
819577011407,QUINTESSENCE EPICURE,6,PRMCIGAR,PREMIUM CIGAR
819577012114,ASHTON HERITAGE CHURCHILL,6,PRMCIGAR,PREMIUM CIGAR
819577012152,ASHTON HERITAGE,6,PRMCIGAR,PREMIUM CIGAR
819577013371,LA AROMA DE CUBA FRESH PACK,6,PRMCIGAR,PREMIUM CIGAR
819577013418,EDICION ESPECIAL #60,6,PRMCIGAR,PREMIUM CIGAR
819577013548,SAN CRISTOBAL CHURCHHILL,6,PRMCIGAR,PREMIUM CIGAR
819577013609,PASION ENCANTE,6,PRMCIGAR,PREMIUM CIGAR
819577013623,PASION MARVELOSO,6,PRMCIGAR,PREMIUM CIGAR
819577013647,PASION ROBUSTO,6,PRMCIGAR,PREMIUM CIGAR
819577013661,PASION BOXPRESSED TORPEDO,6,PRMCIGAR,PREMIUM CIGAR
819577013975,ASHTON MINI CIGAR CAMEROON,6,PRMCIGAR,PREMIUM CIGAR
819577013999,senoritas cameroon,6,PRMCIGAR,PREMIUM CIGAR
819577014811,LA AROMA DE CUBA CONN CHURCHIL,6,PRMCIGAR,PREMIUM CIGAR
819577014835,EL JEFE CONNECTICUT,6,PRMCIGAR,PREMIUM CIGAR
819577014859,LA ROMA DE CUBA IMMENSA CONN,6,PRMCIGAR,PREMIUM CIGAR
819577014873,LA AROMA DE CUBA CONN MONARCH,6,PRMCIGAR,PREMIUM CIGAR
819577014897,LA AROMA DE CUBA CONN ROBUSTO,6,PRMCIGAR,PREMIUM CIGAR
819577015597,LA ROMA DE CUBA 9495 SAMPLER,6,PRMCIGAR,PREMIUM CIGAR
819913011405,JUUL POD MINT 4 PODS,1,NONE,NONE
819913011429,JUUL POD VIRGINIA TOBACCO 4POD,1,NONE,NONE
819913011566,JUUL CHARGING DOCK,1,NONE,NONE
819913011580,JUUL BASIC KIT SLATE,1,NONE,NONE
819913011771,mint 3% juul pod,1,NONE,NONE
819913012594,JUUL MENTHOL 5% 4 PODS,1,NONE,NONE
819913012686,JUUL POD CLASSIC TOBACCO 4 POD,1,NONE,NONE
819913015175,JUUL STARTER KIT WITH PODS,1,NONE,NONE
819913015212,JUUL 2 PK MINT POD,1,NONE,NONE
819913015434,JUUL BASIC KIT SILVER,1,NONE,NONE
819913015458,JUUL BASIC KIT ONYX,1,NONE,NONE
819979011029,NJOY RICH TOBACCO PODS 2PK,1,NONE,NONE
819979011180,NJOY ACE 99c Device,1,NONE,NONE
819979011395,NJOY ACE,1,NONE,NONE
820111006872,FOOS E-CIG KIT,5,NOVELTY,NOVELTY
820111006889,FOOS - CARTOMIZER,5,NOVELTY,NOVELTY
8201110068891,FOOS MENTHOL MEDIUM,1,NONE,NONE
8210,VINTAGE 2002 XO,6,PRMCIGAR,PREMIUM CIGAR
8222190,PATRIOT 2,5,NOVELTY,NOVELTY
824201806502,XTR 650 SCALE,5,NOVELTY,NOVELTY
8245846,RESERVA ESPECIAL ROBUSTO,6,PRMCIGAR,PREMIUM CIGAR
824589,MADURO CORONAS SUN GROWN,6,PRMCIGAR,PREMIUM CIGAR
8250,DIESEL RAGE,6,PRMCIGAR,PREMIUM CIGAR
827908,CROWNS NATURAL LEAF,1,NONE,NONE
827912071641,PHARAOES FOIL,5,NOVELTY,NOVELTY
828730800604,SIPPIN SYRUP,10,NONE,NONE
828730800628,SIPPIN SYRUP G,10,NONE,NONE
828730800635,SIPPIN SYRUP KANDY,10,NONE,NONE
828730800642,SIPPINSYRUP M-ENERGY,10,NONE,NONE
828868000013,TAR BAR FILTERS,5,NOVELTY,NOVELTY
830961011155,click lighter,5,NOVELTY,NOVELTY
835196002503,ACTION FF CIGAR,1,NONE,NONE
835196002510,ACTION FULL FLAVOR,1,NONE,NONE
835196002534,ACTION LIGHT CIGAR,1,NONE,NONE
83519600253483519600,ACTION LIGHT CIGAR,1,NONE,NONE
840045200665,ROGUE PEPPERMINT POUCHES 3MG,CHEW CAN,NONE,NONE
840045200696,ROGUE PEPPERMINT POUCHES 6MG,CHEW CAN,NONE,NONE
840045200726,ROGUE WINTERGREEN POUCHES 3MG,CHEW CAN,NONE,NONE
840045200757,ROGUE WINTERGREEN POUCHES 6MG,CHEW CAN,NONE,NONE
840045200764,ROGUE WINTERGREEN 6MG,1,NONE,NONE
840045200818,Rogue Berry Pouches,CHEW CAN,NONE,NONE
840045200870,rough spearment 6mg,CHEW CAN,NONE,NONE
840045200887,ROGUE SPEARMINT POUCH 6MG,1,NONE,NONE
840045200931,rough cinnamon 6mg,CHEW CAN,NONE,NONE
840045201112,Rogue Apple Pouches 6mg,CHEW CAN,NONE,NONE
840045201143,ROGUE HONEY LEMON PUCHES 3MG,CHEW CAN,NONE,NONE
840045201174,ROGUE HONEY LEMON POUCHES 6MG,CHEW CAN,NONE,NONE
840045201266,ROGUE MANGO POUCHES 3MG,CHEW CAN,NONE,NONE
840045201297,ROGUE MANGO POUCHES 6MG,CHEW CAN,NONE,NONE
840045205790,Rogue gum peppermint 4mg,1,NONE,NONE
840045205912,Rogue winter green 4mg,1,NONE,NONE
840045205974,Rogue gum citrus 4mg,1,NONE,NONE
840045207084,Rogue gum peppermint 2mg,1,NONE,NONE
840045207206,Rogue gum wintergreen 2mg,1,NONE,NONE
840045207329,Rogue gum fruit flavor 2 mg,1,NONE,NONE
840158616001,ALP CHILLED MINT 3MG POUCHES,CHEW CAN,NONE,NONE
840158616032,ALP SWEET NECTAR  3MG POUCHES,CHEW CAN,NONE,NONE
840158616063,ALP MOUNTAIN WINTERGN 3MG POUC,CHEW CAN,NONE,NONE
840158616094,Alp tropical fruit 3mg,CHEW CAN,NONE,NONE
840158616124,ALP REFRESHING CHILL 3MG POUCH,CHEW CAN,NONE,NONE
840158616155,Alp chilled mint 6mg,CHEW CAN,NONE,NONE
840158616186,ALP SWEET NECTAR  6MG POUCHES,CHEW CAN,NONE,NONE
840158616216,ALP MOUNTAIN WINTERGN 6MG POUC,CHEW CAN,NONE,NONE
840158616247,ALP TROPICAL FRUIT 6MG POUCHES,CHEW CAN,NONE,NONE
840158616278,ALP REFRESHING CHILL 6MG POUCH,CHEW CAN,NONE,NONE
840158616308,Alp chilled mint 9mg,CHEW CAN,NONE,NONE
840158616339,ALP SWEET NECTAR  9MG POUCHES,CHEW CAN,NONE,NONE
840158616360,ALP MOUNTAIN WINTERGN 9MG POUC,CHEW CAN,NONE,NONE
840158616391,ALP tropical fruit 9mg,CHEW CAN,NONE,NONE
840158616421,ALP REFRESHING CHILL 9MG POUCH,CHEW CAN,NONE,NONE
840158617305,CAFFEINE BREAK COFFEE BK CLASS,CHEW CAN,NONE,NONE
840158618036,ALP SPEARMINT 3MG POUCHES,CHEW CAN,NONE,NONE
840158618128,ALP SPEARMINT 6MG POUCHES,CHEW CAN,NONE,NONE
840158618210,SPEARMINT ALP 9 MG,6,PRMCIGAR,PREMIUM CIGAR
840158619033,CAFFEINE BREAK BLACK CHERRY,CHEW CAN,NONE,NONE
840158620008,ALP DRIFTER BLUE LEM ICE 6MG,CHEW CAN,NONE,NONE
840158620039,ALP DRIFTER WAT ICE 6MG,CHEW CAN,NONE,NONE
840158620060,ALP DRIFTER MAN FREEZE 6MG,CHEW CAN,NONE,NONE
840158620121,ALP DRIFTER ISLAND PEACH 6MG,CHEW CAN,NONE,NONE
840170600422,VELO Peppermint 07mg,CHEW CAN,NONE,NONE
840170600453,VELO Pepperming 04mg,CHEW CAN,NONE,NONE
840170600514,VELO CINNAMON 07MG,CHEW CAN,NONE,NONE
840170600545,VELO CINNAMON 04MG,CHEW CAN,NONE,NONE
840170600606,VELO SPEARMINT 07MG,CHEW CAN,NONE,NONE
840170600637,VELO SPEARMINT 04MG,CHEW CAN,NONE,NONE
840170600699,VELO BLACK CHERRY 07MG,CHEW CAN,NONE,NONE
840170600729,VELO BLACK CHERRY 04MG,CHEW CAN,NONE,NONE
840170600781,VELO CITRUS BURST 07MG,CHEW CAN,NONE,NONE
840170600811,VELO CITRUS BURST 04MG,CHEW CAN,NONE,NONE
840170600873,VELO COFFEE 07MG,CHEW CAN,NONE,NONE
840170600965,VELO DRAON FRUIT 077MG,CHEW CAN,NONE,NONE
840170600996,VELO DRAGON FUIT 04MG,CHEW CAN,NONE,NONE
840170601054,VELO WINTERGREEN 07MG,CHEW CAN,NONE,NONE
840170601085,VELO WINTERGREEN 04MG,CHEW CAN,NONE,NONE
840439101004,ZIG-ZAG CONES,1,NONE,NONE
840439106009,ZAGZ HEMP WRAPS ORIGINAL,1,NONE,NONE
840439106030,ZAGZ TROPIC TRIP,1,NONE,NONE
840439106061,ZAGS BLAZIN BLUE,1,NONE,NONE
840439106092,ZAGS PURPLE CHILL,1,NONE,NONE
840439106122,KARMA ORIGINAL,1,NONE,NONE
840439106153,KARAMA TROPIC TRIP,1,NONE,NONE
840439106184,KARMA BLAZIN BLUE/ 4 for .99c,1,NONE,NONE
840439106214,KARMA PURPLE CHILL,1,NONE,NONE
840439165938,FRE LUSH 9MG,CHEW CAN,NONE,NONE
840439165969,FRE WG 9MG,CHEW CAN,NONE,NONE
840478501490,Juice Head 50k Cherry Bomb,5,NOVELTY,NOVELTY
840478501506,Juice Head 50k Meta Moon,5,NOVELTY,NOVELTY
840478501513,Juice Head 50k Mexico Mango,5,NOVELTY,NOVELTY
840478501520,Juice Head 50k Miami Mint,5,NOVELTY,NOVELTY
840478501537,Juice Head 50k Raspberry,5,NOVELTY,NOVELTY
840478501551,Juice Head 50k Sour Apple,5,NOVELTY,NOVELTY
840478501568,Juice Head 50k Sour F-ing fab,5,NOVELTY,NOVELTY
840478501575,Juice Head 50k Strawberry Bana,5,NOVELTY,NOVELTY
840478501582,Juice Head 50k whitepeach rasp,5,NOVELTY,NOVELTY
840564000067,TARBLOCK - RED/BLUE PK,5,NOVELTY,NOVELTY
8414775012779,SMOKING PAPER WHITE,1,NONE,NONE
8414775013370,PURE HEMP 1.25" PAPERS,1,NONE,NONE
8416000702646,VEGA FINA SHORT RUBUSTO,6,PRMCIGAR,PREMIUM CIGAR
842426143172,HD HONEY,1,NONE,NONE
842426143202,HD BERRY TWIST,1,NONE,NONE
842426143998,4K BERRY BANANA,1,NONE,NONE
842426144445,WOODS PLATINUM UNSWEET 2/99C,1,NONE,NONE
842426144476,WOODS LEAF CONGAC,1,NONE,NONE
842426144506,WOODS GOLDEN HONEY 2/99C,1,NONE,NONE
842426144629,4Ks WILD BERRY,1,NONE,NONE
842426144650,4K 4+1 SOUR APPLE,1,NONE,NONE
842426144681,4Ks RASPBERRY TEA,5,NOVELTY,NOVELTY
842426144926,WOODS RUSSIAN CREAM 2/99C,1,NONE,NONE
842426144957,WOODS RUM RIVER 2/99C,1,NONE,NONE
842426145138,4K CHERRY PINEAPPLE,1,NONE,NONE
842426145169,4K ORANGE CREAM,1,NONE,NONE
842426145190,4K NAPA GRAPE,1,NONE,NONE
842426145220,4K BUTTERED POPCORN,1,NONE,NONE
842426145251,4K LEMON DROP,1,NONE,NONE
842426146159,KASH 3/99,1,NONE,NONE
842426146241,HD KA$H,1,NONE,NONE
842426146272,HD RUSSIAN CREAM,1,NONE,NONE
842426147118,HD WILD BERRY,1,NONE,NONE
842426148948,WOODS SWEET AROMA,1,NONE,NONE
842426148979,WOODS LEAF IRISH CREAM 2/99C,1,NONE,NONE
842426149334,WOODS RUSSIAN CREAM,1,NONE,NONE
842426150385,4K GREEN SWEETS,1,NONE,NONE
842426150415,4KS POMEGRANATE,1,NONE,NONE
842426150446,4K PINK LEMONADE,1,NONE,NONE
842426150477,4K''S IRISH CREAM,1,NONE,NONE
842426151566,4K UNSWET 4 FOR.99C,1,NONE,NONE
842426153171,HD DIAMOND,1,NONE,NONE
842426153201,HD SWEET,1,NONE,NONE
842426153232,HD GREEN SWEET,1,NONE,NONE
842426155212,GOOD TIMES QUICKIES,1,NONE,NONE
842426156059,4K MINI SWEET 4/.99C,1,NONE,NONE
842426156080,4K MINI DIAMOND 4/.99C,1,NONE,NONE
842426156110,4K MINI GREEN SWEETS 4/.99C,1,NONE,NONE
842426156356,WOODS LEAF NATURAL,1,NONE,NONE
842426156387,WOODS LEAF DIAMOND,1,NONE,NONE
842426156592,SWEET WOODS 2/99C,1,NONE,NONE
842426165235,4Ks Blueberry Pineapple 4pk,1,NONE,NONE
842426165266,4Ks Diamond 4/$1.29,1,NONE,NONE
842426165297,4KS FRENCH VANILLA $1.19,1,NONE,NONE
842426165389,4Ks Mango 4pk $1.29,1,NONE,NONE
842426165419,4K MELONBERRY 4PK,1,NONE,NONE
842426165440,4Ks Napa Grape 2 pk,1,NONE,NONE
842426165471,4Ks Sweet Delicious 4pk,1,NONE,NONE
842426165501,4Ks Water Melon 4pk,1,NONE,NONE
842426165532,4KS WATER GRAPE 4/$1.19,1,NONE,NONE
842426165563,4Ks White Grape 4pk,1,NONE,NONE
842426165716,4Ks Green Sweet 4 pk,1,NONE,NONE
842426165860,4Ks Sweet Delicious 4pk,1,NONE,NONE
842426165891,4Ks Watermelon 4pk,1,NONE,NONE
842426166553,CITYLIFE 5/1.29 MIX BERRY,1,NONE,NONE
842426166584,CITYLIFE 5/1.39 NAPAGRAPE,1,NONE,NONE
842426166614,CITYLIFE 5/1.59 DIAMOND,1,NONE,NONE
842426166676,CITYLIFE 5/1.29 MANGO,1,NONE,NONE
842426187152,CITYLIFE 5/1.39 DIAMOND,1,NONE,NONE
842426187305,CITY LIFE SWEET 5/$1.39,1,NONE,NONE
842426187398,CITYLIFE 5/1.39 MIX BERRY,1,NONE,NONE
842426187633,4 k''s french vanilla,1,NONE,NONE
842426187664,4KS NAPA GRAPE $1.29,1,NONE,NONE
842426187756,4ks melonberry,1,NONE,NONE
842426187817,4KS WATER GRAPE 4/$1.29,1,NONE,NONE
842426187879,4k''s blueberry pineapple 4pk,1,NONE,NONE
843182100300,BREVAS ROYAL ITS A BOY,6,PRMCIGAR,PREMIUM CIGAR
843182100577,AF CHATUE FUENTE MAD,6,PRMCIGAR,PREMIUM CIGAR
843182100607,AF CHATUE FUENTE NAT,6,PRMCIGAR,PREMIUM CIGAR
843182100645,CHAT FUENTE QUEEN B,6,PRMCIGAR,PREMIUM CIGAR
843182100744,A.F. CHURCHILL XC,6,PRMCIGAR,PREMIUM CIGAR
843182101185,AF CURLY HEAD NAT,6,PRMCIGAR,PREMIUM CIGAR
843182101307,AF DOUBLE CHAT FUEN MAD,6,PRMCIGAR,PREMIUM CIGAR
843182101406,DOUBLE CHATEAU FUENTE SG,6,PRMCIGAR,PREMIUM CIGAR
843182101420,AF EMPERADOR,6,PRMCIGAR,PREMIUM CIGAR
843182101826,AF EXTREMLY RARE HOLIDAY SAMPL,6,PRMCIGAR,PREMIUM CIGAR
843182102052,af petit corona natural,6,PRMCIGAR,PREMIUM CIGAR
843182102113,AF ANEJO 46 MAD,6,PRMCIGAR,PREMIUM CIGAR
843182102137,AF ANEJO RES #48,6,PRMCIGAR,PREMIUM CIGAR
843182102144,anejo no 48 mad,6,PRMCIGAR,PREMIUM CIGAR
843182102151,af reserva xtro viejo,6,PRMCIGAR,PREMIUM CIGAR
843182102175,ANEJO NO 50 MAD,6,PRMCIGAR,PREMIUM CIGAR
843182102199,AF ANEJO NO 55 MAD,6,PRMCIGAR,PREMIUM CIGAR
843182102212,AF ANEJO RES #60 MAD,6,PRMCIGAR,PREMIUM CIGAR
843182102236,AF ANEJO RESERVA 888 MAD,6,PRMCIGAR,PREMIUM CIGAR
843182102250,ANEJO SSS SHARK NO 77 MAD,6,PRMCIGAR,PREMIUM CIGAR
843182102281,AF ROTHCHILD MAD,6,PRMCIGAR,PREMIUM CIGAR
843182102304,AF ROTHCHILD NAT,6,PRMCIGAR,PREMIUM CIGAR
843182102366,A. F. royal salute SUN GROWN,6,PRMCIGAR,PREMIUM CIGAR
843182102403,AF SELECTION NO 1 PRIVADA CLAR,6,PRMCIGAR,PREMIUM CIGAR
843182102496,SPANISH LONSDALE CLARO,6,PRMCIGAR,PREMIUM CIGAR
843182102717,RARE PINK 1960 SHORT STORY,6,PRMCIGAR,PREMIUM CIGAR
843182102724,rare pink 1960 signature,6,PRMCIGAR,PREMIUM CIGAR
843182102748,RARE PINK 1960 WORK OF ART,6,PRMCIGAR,PREMIUM CIGAR
843182102762,rare pink 60s vs happy ending,6,PRMCIGAR,PREMIUM CIGAR
843182103523,rare pink 1960 sophi hooker,6,PRMCIGAR,PREMIUM CIGAR
843182103547,rare pink queen of hearts,6,PRMCIGAR,PREMIUM CIGAR
843182103592,AF CUBANITOS MAD TIN,6,PRMCIGAR,PREMIUM CIGAR
843182112570,FF OPUSx PERFECTION#2,6,PRMCIGAR,PREMIUM CIGAR
843182120100,CASA CUBA DIVINE INSPIRATIN,6,PRMCIGAR,PREMIUM CIGAR
843182120193,CASA CUBA DOBLE DOS,6,PRMCIGAR,PREMIUM CIGAR
843182120261,CASA CUBA DOBLE SEIS 6X52,6,PRMCIGAR,PREMIUM CIGAR
843182121350,don carlos dbl robusto,6,PRMCIGAR,PREMIUM CIGAR
843182121824,AF DON CARLOS PERSONAL RESERVE,6,PRMCIGAR,PREMIUM CIGAR
843182122074,DON CARLOS EYES OF SHARK,6,PRMCIGAR,PREMIUM CIGAR
843182122111,af  don carlos eye of the bull,6,PRMCIGAR,PREMIUM CIGAR
843182122357,BETWEEN THE LINES NAT,6,PRMCIGAR,PREMIUM CIGAR
843182122456,AF HEMINGWAY SG CLASSIC,6,PRMCIGAR,PREMIUM CIGAR
843182122494,AF HEMINGWAY MASTERPIECE NAT,6,PRMCIGAR,PREMIUM CIGAR
843182122630,AF HEMINGWAY SIGNATURE MAD,6,PRMCIGAR,PREMIUM CIGAR
843182122708,AF HEMINGWAY SIG SUNGROWN,6,PRMCIGAR,PREMIUM CIGAR
843182122722,AF HEMINGWAY UNTOLDSTORY MAD,6,PRMCIGAR,PREMIUM CIGAR
843182122746,WORK OF ART MAD,6,PRMCIGAR,PREMIUM CIGAR
843182122760,WORK OF ART NATURAL,6,PRMCIGAR,PREMIUM CIGAR
843182122876,MONTESINO DIPLOMATICOS MAD,6,PRMCIGAR,PREMIUM CIGAR
843182122906,MONTESINO DIPLOMATICO NAT,6,PRMCIGAR,PREMIUM CIGAR
843182123286,AF MAGR 52 RSG,6,PRMCIGAR,PREMIUM CIGAR
843182123415,AF MAGR SUPER 60 RSG,6,PRMCIGAR,PREMIUM CIGAR
844111002795,GRAND TORO,6,PRMCIGAR,PREMIUM CIGAR
844111011506,NICARAGUAN ROBUSTO,6,PRMCIGAR,PREMIUM CIGAR
844111011520,PETITE CORONA PRESS,6,PRMCIGAR,PREMIUM CIGAR
844504001466,SENECA FF L-CIGAR CTN,4,CIGARCTN,CIGAR CRTN
844504001473,SENECA MEN L-CIGAR CTN,4,CIGARCTN,CIGAR CRTN
844504001480,SENECA GRAPE L-CIGAR CTN,4,CIGARCTN,CIGAR CRTN
844504001497,SENECA LIGHT L-CIGAR CTN,4,CIGARCTN,CIGAR CRTN
844504001503,SENECA RED CIGARS,1,NONE,NONE
844504001527,seneca menthol 100 cigars,1,NONE,NONE
844504001534,SENECA LIGHT,1,NONE,NONE
844504002777,SENECA CHERRY L-CIGAR CTN,4,CIGARCTN,CIGAR CRTN
844504002845,SENECA VANILLA CIGARS,4,CIGARCTN,CIGAR CRTN
844504002968,AMERICAN CLUB RED 16OZ,1,NONE,NONE
844504002975,amrican club blue 16oz,1,NONE,NONE
844504002982,AMEICAN CLUB RED 6OZ BAG,1,NONE,NONE
8458245,CUBANITOS A.F,6,PRMCIGAR,PREMIUM CIGAR
846060,TORANO EXODUS,6,PRMCIGAR,PREMIUM CIGAR
846261000003,VINTAGE 1999 JUNIOR,6,PRMCIGAR,PREMIUM CIGAR
846261000010,RP VINTAGE 92 JUNIORS TIN,6,PRMCIGAR,PREMIUM CIGAR
846261000027,RP JUNIORS TIN,6,PRMCIGAR,PREMIUM CIGAR
846261000089,1990 ROBUSTO,6,PRMCIGAR,PREMIUM CIGAR
846261000119,VINTAGE 1990 TORO,6,PRMCIGAR,PREMIUM CIGAR
846261000157,VINTAGE 1990 CHURCHILL,6,PRMCIGAR,PREMIUM CIGAR
846261000218,RP VINTAGE TUBE,6,PRMCIGAR,PREMIUM CIGAR
846261000249,VINTAGE 1992 ROBUSTO,6,PRMCIGAR,PREMIUM CIGAR
846261000393,1992 VINTAGE TORO,6,PRMCIGAR,PREMIUM CIGAR
846261000560,VINTAGE 1999 TORO,6,PRMCIGAR,PREMIUM CIGAR
846261000744,ROCKY PATEL DECADE,6,PRMCIGAR,PREMIUM CIGAR
846261000782,EDGE TORO COROJO,6,PRMCIGAR,PREMIUM CIGAR
846261000829,THE EDGE TORO MADURO,6,PRMCIGAR,PREMIUM CIGAR
846261000843,EDGE TORPEDO MADURO 6X52,6,PRMCIGAR,PREMIUM CIGAR
846261000904,CONN ROBUSTO,6,PRMCIGAR,PREMIUM CIGAR
846261000928,RP EDGE CONN TORO,6,PRMCIGAR,PREMIUM CIGAR
846261001048,JAVA LATTE CORONA,6,PRMCIGAR,PREMIUM CIGAR
846261001062,JAVA RUBUSTO LATTE,6,PRMCIGAR,PREMIUM CIGAR
846261001161,ROBUSTO MADURO,6,PRMCIGAR,PREMIUM CIGAR
846261001185,JAVA MADURO TORO,6,PRMCIGAR,PREMIUM CIGAR
846261001222,JAVA WAFE MADURO,6,PRMCIGAR,PREMIUM CIGAR
846261001260,SUNGROWN ROBUSTO,6,PRMCIGAR,PREMIUM CIGAR
846261001277,SUNGROWN TORO,6,PRMCIGAR,PREMIUM CIGAR
846261001925,THE EDGE SUMATRA 6X52,6,PRMCIGAR,PREMIUM CIGAR
846261002083,ODLE WORLD RES TORO,6,PRMCIGAR,PREMIUM CIGAR
846261002106,OLDE WORLD RESERVE COROJO TORO,6,PRMCIGAR,PREMIUM CIGAR
846261002427,VINTAGE 1999 JUNIORS,6,PRMCIGAR,PREMIUM CIGAR
8462610027556,R.P.V.1999,6,PRMCIGAR,PREMIUM CIGAR
846261002830,ROCKY PATEL,6,PRMCIGAR,PREMIUM CIGAR
846261003592,DEACADE GIFT SET,6,PRMCIGAR,PREMIUM CIGAR
846261003639,RP DECADE,6,PRMCIGAR,PREMIUM CIGAR
846261004551,ROCKY PATEL,6,PRMCIGAR,PREMIUM CIGAR
846261006869,JAVA MINT CORONA,6,PRMCIGAR,PREMIUM CIGAR
846261006883,JAVA MINT ROBUSTO,6,PRMCIGAR,PREMIUM CIGAR
846261006944,JAVA MINT 4X40,6,PRMCIGAR,PREMIUM CIGAR
846261007392,VINTAGE 2003 TORO,6,PRMCIGAR,PREMIUM CIGAR
846261007439,2003 VINTAGE CAMEROON,6,PRMCIGAR,PREMIUM CIGAR
846261007606,THUNDER BY NIMESH TORO,6,PRMCIGAR,PREMIUM CIGAR
846261007989,RP EDGE CANDELA TORO,6,PRMCIGAR,PREMIUM CIGAR
846261008054,JAVA LATTE PETIT CORONA,6,PRMCIGAR,PREMIUM CIGAR
846261008597,THE EDGE  HABANO TORO,6,PRMCIGAR,PREMIUM CIGAR
846261008610,THE EDGE HABANO TORPEDO,6,PRMCIGAR,PREMIUM CIGAR
846261008894,PRIVATECELLAR TORO,6,PRMCIGAR,PREMIUM CIGAR
846261008917,R. P. PRIVATE SELLER,6,PRMCIGAR,PREMIUM CIGAR
846261008931,FREEDOM ROBUSTO,6,PRMCIGAR,PREMIUM CIGAR
846261008993,ROCKY PATEL FREEDOM,6,PRMCIGAR,PREMIUM CIGAR
846261010118,RP VINTAGE 2003 JUNIORS TIN,6,PRMCIGAR,PREMIUM CIGAR
846261010446,R. P. ROYALE ROBUSTO,6,PRMCIGAR,PREMIUM CIGAR
846261010484,ROCKY PATEL ROYALE,6,PRMCIGAR,PREMIUM CIGAR
846261010675,NIMMY D TORO,6,PRMCIGAR,PREMIUM CIGAR
846261010712,BOLD BY NISH ROBUSTO,6,PRMCIGAR,PREMIUM CIGAR
846261011009,RP BURN COLLECTION,5,NOVELTY,NOVELTY
846261011573,SUPER LIGERO ROBUSTO,6,PRMCIGAR,PREMIUM CIGAR
846261011597,SUPER LIGERO TORO,6,PRMCIGAR,PREMIUM CIGAR
846261011610,SUPER LIGERO,6,PRMCIGAR,PREMIUM CIGAR
846261011757,CATCH TWENTY-TWO SIXTY,6,PRMCIGAR,PREMIUM CIGAR
846261011863,RP DIPLOMAT II 5 TORCH,5,NOVELTY,NOVELTY
846261012136,ROCKY PATEL FIRE,6,PRMCIGAR,PREMIUM CIGAR
846261012150,FIRE TORO,6,PRMCIGAR,PREMIUM CIGAR
846261012198,ROCKY PATEL FIRE,6,PRMCIGAR,PREMIUM CIGAR
846261012679,ROBUSTO GRANDE,6,PRMCIGAR,PREMIUM CIGAR
846261012730,SUNGROWN MAD ROBUSTO,6,PRMCIGAR,PREMIUM CIGAR
846261012754,SUNGROWN MAD TORO,6,PRMCIGAR,PREMIUM CIGAR
846261012815,SPECIAL R.S.G MAD LANCERO,6,PRMCIGAR,PREMIUM CIGAR
846261012983,20TH ANNIVERSARY ROB GRANDE,6,PRMCIGAR,PREMIUM CIGAR
846261013089,ICE ROBUSTO,6,PRMCIGAR,PREMIUM CIGAR
846261013096,ICE TORO,6,PRMCIGAR,PREMIUM CIGAR
846261013119,ICE GORDO,6,PRMCIGAR,PREMIUM CIGAR
846261013300,ROBUSTO HABANO,6,PRMCIGAR,PREMIUM CIGAR
846261013324,HABANO TORO,6,PRMCIGAR,PREMIUM CIGAR
846261013591,CATCH22 TORO CONNEC,6,PRMCIGAR,PREMIUM CIGAR
846261013669,HAMLET TABAQUERO BALA,6,PRMCIGAR,PREMIUM CIGAR
846261013720,FIFTY FIVE ROBUSTO,6,PRMCIGAR,PREMIUM CIGAR
846261013744,FIFTY FIVE TORO,6,PRMCIGAR,PREMIUM CIGAR
846261013768,FIFTY FIVE TITAN,6,PRMCIGAR,PREMIUM CIGAR
846261014130,JAVA RED CORONA,6,PRMCIGAR,PREMIUM CIGAR
846261014444,JAVA WAFE RED,6,PRMCIGAR,PREMIUM CIGAR
846261014703,JAVA WAFE MINT,6,PRMCIGAR,PREMIUM CIGAR
846261014864,RP VINTAGE 1999 MINI,6,PRMCIGAR,PREMIUM CIGAR
846261018015,HAMLET LIBERATION CORONA GORDA,6,PRMCIGAR,PREMIUM CIGAR
846261023026,VINTAGE 2006 SAN ANDREAS TORO,6,PRMCIGAR,PREMIUM CIGAR
846261023569,RP ARTEMISTRIPLE LIGHTER,5,NOVELTY,NOVELTY
846261023590,RP GRAND RESERVE  TORO,6,PRMCIGAR,PREMIUM CIGAR
846261023613,RP GRAND RESERVA SIXTY,6,PRMCIGAR,PREMIUM CIGAR
846261024306,HAMLET PAREDES TORO,6,PRMCIGAR,PREMIUM CIGAR
846261024429,A.L.R TORO,6,PRMCIGAR,PREMIUM CIGAR
846261024474,TAVICUSA TORO,6,PRMCIGAR,PREMIUM CIGAR
846261025235,RP BURN COLLECTION,5,NOVELTY,NOVELTY
846261025242,RP BURN COLLECTION,5,NOVELTY,NOVELTY
846261025259,RP BURN COLLECTION,5,NOVELTY,NOVELTY
846261025488,RP ENVOY,5,NOVELTY,NOVELTY
846261025549,NUMBER 6 CORONA,6,PRMCIGAR,PREMIUM CIGAR
846261025600,RP NUMBER 6 TOTO,6,PRMCIGAR,PREMIUM CIGAR
846261025624,LB1 CORONA,6,PRMCIGAR,PREMIUM CIGAR
846261025723,ALR 2 ROBUSTO,6,PRMCIGAR,PREMIUM CIGAR
846261025730,ALR 2NDEDITION TORO,6,PRMCIGAR,PREMIUM CIGAR
846261025815,Rocky Patel 4 torch lighter,5,NOVELTY,NOVELTY
846261025884,RP COPPER AND BLACK,5,NOVELTY,NOVELTY
846261026263,RP NICARAGUAN SAMPLER 4CT,6,PRMCIGAR,PREMIUM CIGAR
846261026287,RP ALL STAR SAMPLER 4CT,6,PRMCIGAR,PREMIUM CIGAR
846261026300,rp honduran sampler 4ct,6,PRMCIGAR,PREMIUM CIGAR
846261026546,RP TWO FLAME FLAT,5,NOVELTY,NOVELTY
846261026621,RP TWO FLAME FLAT GUN/BLACKMIR,5,NOVELTY,NOVELTY
846261026997,RP WINTER COLL CORONA,6,PRMCIGAR,PREMIUM CIGAR
846261027109,RP FREEDOM TORO,6,PRMCIGAR,PREMIUM CIGAR
846261027192,RP QUARTER CENTURY TORO,6,PRMCIGAR,PREMIUM CIGAR
846261027758,RP SIXTY TORO,6,PRMCIGAR,PREMIUM CIGAR
846261028472,RP DISCIPLE TORO,6,PRMCIGAR,PREMIUM CIGAR
846261028540,RP WHITE LABEL TORO,6,PRMCIGAR,PREMIUM CIGAR
846261028595,RP DISCIPLE BALA,6,PRMCIGAR,PREMIUM CIGAR
846261029998,JUNETEENTH 1865 PROJ TORO,6,PRMCIGAR,PREMIUM CIGAR
846261030260,RP THE EDGE 20TH ANNI TORO,6,PRMCIGAR,PREMIUM CIGAR
846261030284,RP THE EDGE 20TH ANNI SIXTY,6,PRMCIGAR,PREMIUM CIGAR
846261030444,RP DAVENPORT BLK LIGHTER,5,NOVELTY,NOVELTY
846261031069,RP DARK STAR TORO,6,PRMCIGAR,PREMIUM CIGAR
846261031113,RP SMOKES TO SEED SHD TORO,6,PRMCIGAR,PREMIUM CIGAR
846261031137,RP SEED TO SMOKES SHD CHURCHIL,6,PRMCIGAR,PREMIUM CIGAR
846261031144,RP SMOKES TO SEED SHD SIXTY,6,PRMCIGAR,PREMIUM CIGAR
846261031151,ROCKY PATEL SMOKE SHADE,6,PRMCIGAR,PREMIUM CIGAR
846261031168,RP SEED TO SMOKES CL TORO,6,PRMCIGAR,PREMIUM CIGAR
846261031199,RP SEED TO SMOKES CL CHURCH,6,PRMCIGAR,PREMIUM CIGAR
846261031205,RP SEED TO SMOKE CL SIXTY,6,PRMCIGAR,PREMIUM CIGAR
846261031212,ROCKY PATEL SEED TO SMOKE,6,PRMCIGAR,PREMIUM CIGAR
846261031427,RP YEAR OF THE DRAGON 2024,6,PRMCIGAR,PREMIUM CIGAR
847244000362,PEACH QUEEN 100G,HOOKAH,NONE,NONE
847244000379,STARBUZZ QUEEN OF SEX,HOOKAH,NONE,NONE
847244000430,PEACH QUEEN 250G,HOOKAH,NONE,NONE
847244000577,EXOTIC MELON BLUE 100G,HOOKAH,NONE,NONE
847244000805,EXOTIC COCOJUMBO,HOOKAH,NONE,NONE
847244001246,EXOTIC DOUBLE APPLE,HOOKAH,NONE,NONE
847244001345,ARABIAN COFFEE 100G,HOOKAH,NONE,NONE
847244001383,EXOTIC BLACKBERRY,HOOKAH,NONE,NONE
847244001420,BLUE MIST 100G,HOOKAH,NONE,NONE
847244001437,STARBUZZ BLUE MIST 250G,HOOKAH,NONE,NONE
847244001444,BLUEBERRY 100G,HOOKAH,NONE,NONE
847244001451,BLUEBERRY 250G,HOOKAH,NONE,NONE
847244001468,STARBUZZ BLUEBERRY GRAPE 100g,HOOKAH,NONE,NONE
847244001482,EXOTIC BUBBLEGUM,HOOKAH,NONE,NONE
847244001505,EXOTIC CANDY,HOOKAH,NONE,NONE
847244001604,CHOCOLATE MINT 100G,HOOKAH,NONE,NONE
847244001628,EXOTIC CHOCOLATE STRAWBERRY,HOOKAH,NONE,NONE
847244001666,EXOTIC CITRUS MIST,HOOKAH,NONE,NONE
847244001680,STARBUZZ CLASSIC MOJITO,HOOKAH,NONE,NONE
847244001765,EXOTIC CODE 69,HOOKAH,NONE,NONE
847244001789,EXOTIC FRUIT SENSATION,HOOKAH,NONE,NONE
847244001826,FUZZY LEMONADE 100g,HOOKAH,NONE,NONE
847244001864,GUAVA 100G,HOOKAH,NONE,NONE
847244001901,EXOTIC KIWI STRAWBERRY,HOOKAH,NONE,NONE
847244001949,EXOTIC LEMON TEA,HOOKAH,NONE,NONE
847244001956,STARBUZZ MANGO 100G,HOOKAH,NONE,NONE
847244002076,STARBUZZ PEACHES N CREAM 100g,HOOKAH,NONE,NONE
847244002090,STARBUZZ PINA COLADA 100g,HOOKAH,NONE,NONE
847244002151,EXOTIC PIRATES CAVE 100G,HOOKAH,NONE,NONE
847244002168,STARBUZZ PIRATES CAVE,HOOKAH,NONE,NONE
847244002175,STARBUZZ POMBERRY 100g,HOOKAH,NONE,NONE
847244002212,PUMPKIN PIE  100G,HOOKAH,NONE,NONE
847244002281,ROYAL GRAPE 250G,HOOKAH,NONE,NONE
847244002298,STARBUZZ SAFARI MELON DEW 100g,HOOKAH,NONE,NONE
847244002311,SEX ON THE BEACH 100G,HOOKAH,NONE,NONE
847244002397,STARBUZZ STRAW DAIQUIRI 100g,HOOKAH,NONE,NONE
847244002519,STARBUZZ TROPICAL FRUIT 100g,HOOKAH,NONE,NONE
847244002618,EXOTIC WILD MINT,HOOKAH,NONE,NONE
847244002694,DOUBLE APPLE 50G,HOOKAH,NONE,NONE
847244002700,APPLE AMERICANO 50G,HOOKAH,NONE,NONE
847244002786,BLUE MIST 50G,HOOKAH,NONE,NONE
847244002793,BLUEBERRY 50G,HOOKAH,NONE,NONE
847244002847,CARAMEL APPLE 50G,HOOKAH,NONE,NONE
847244002861,CHERRY 50G,HOOKAH,NONE,NONE
847244002892,STARBUZZ CITRUS MINT,HOOKAH,NONE,NONE
847244002908,CITRUS MIST 50G,HOOKAH,NONE,NONE
847244002946,COSMOPOLITAN 50G,HOOKAH,NONE,NONE
847244002953,CODE69 50G,HOOKAH,NONE,NONE
847244002960,FRUIT SENSATION 50G,HOOKAH,NONE,NONE
847244002977,FUZZY NAVAL 50G,HOOKAH,NONE,NONE
847244002984,FUZZY LEMONADE 50G,HOOKAH,NONE,NONE
847244003004,GUAVA 50G,HOOKAH,NONE,NONE
847244003011,HONEYBERRY 50G,HOOKAH,NONE,NONE
847244003035,KIWI STRAWBERRY 50G,HOOKAH,NONE,NONE
847244003042,LEMON 50G,HOOKAH,NONE,NONE
847244003059,LEMON MINT 50G,HOOKAH,NONE,NONE
847244003066,LEMON TEA 50G,HOOKAH,NONE,NONE
847244003073,MANGO 50G,HOOKAH,NONE,NONE
847244003103,ORANGE 50G,HOOKAH,NONE,NONE
847244003110,PASSION FRUIT MOJITO 50G,HOOKAH,NONE,NONE
847244003134,PEACHES N CREAM 50G,HOOKAH,NONE,NONE
847244003158,PINEAPPLE 50G,HOOKAH,NONE,NONE
847244003172,PIRATES CAVE 50G,HOOKAH,NONE,NONE
847244003202,POMEGRANATE 50G,HOOKAH,NONE,NONE
847244003226,RASPBERRY 50G,HOOKAH,NONE,NONE
847244003257,STARBUZZ 50G,HOOKAH,NONE,NONE
847244003264,SEX ON THE BEACH 50G,HOOKAH,NONE,NONE
847244003271,SOUR APPLE 50G,HOOKAH,NONE,NONE
847244003332,STARBUZZ 50G,HOOKAH,NONE,NONE
847244003356,TROPICAL FRUIT 50G,HOOKAH,NONE,NONE
847244003363,VANILLA 50G,HOOKAH,NONE,NONE
847244003387,WHITE GRAPE 50G,HOOKAH,NONE,NONE
847244003400,WILD MINT 50G,HOOKAH,NONE,NONE
847244003431,WINTERFRSH 50G,HOOKAH,NONE,NONE
847244003455,STARBUZZ - EXOTIC MELON BL,HOOKAH,NONE,NONE
847244003875,COCO JUMBO 50G,HOOKAH,NONE,NONE
847244004834,EXOTIC HARD RUSH,HOOKAH,NONE,NONE
847244004940,STARBUZZ CODE BLUE,HOOKAH,NONE,NONE
847244005275,STARBUZZ WATERMELON,HOOKAH,NONE,NONE
847244005558,STARBUZZ BLUE SURFER,HOOKAH,NONE,NONE
847244005565,BLUE SURFER 250G,HOOKAH,NONE,NONE
847244005602,COCOBUZZ COCONUT CHARCOAL,5,NOVELTY,NOVELTY
847244006319,HARD RUSH 50G,HOOKAH,NONE,NONE
847244006326,STARBUZZ - EXOTIC CodeBLue,HOOKAH,NONE,NONE
847244006364,STARBUZZ - EXOTIC Cosmo power,HOOKAH,NONE,NONE
847244006463,QUEEN OF SEX 50G,HOOKAH,NONE,NONE
847244008276,APPLE DOPPIO 50G,HOOKAH,NONE,NONE
847244010101,BLUE SURFER 50G,HOOKAH,NONE,NONE
847244010231,EXOTIC MARGARITA FREEZE,HOOKAH,NONE,NONE
847244010866,STARBUZZ CODE 69,5,NOVELTY,NOVELTY
847244010903,STARBUZZ PIRATE''S CAVE,HOOKAH,NONE,NONE
847244010927,STARBUZZ GOLDEN GRAPE,HOOKAH,NONE,NONE
847244010965,STARBUZZ BLACK MINT,HOOKAH,NONE,NONE
847244011450,GRAPEFRUIT 50G,HOOKAH,NONE,NONE
847244011658,FRENCH ORANGE 50G,HOOKAH,NONE,NONE
847244012211,STARBUZZ BUZARILLOS,1,NONE,NONE
847244012266,STARBUZZ BUZZARILLOS,1,NONE,NONE
847244012464,GRAPEFRUIT MINT 100g,HOOKAH,NONE,NONE
847244012853,BLACK PEACH MIST 50G,HOOKAH,NONE,NONE
847244016936,MIGHTY FREEZE,HOOKAH,NONE,NONE
847244017629,WHITE CHAI 50G,HOOKAH,NONE,NONE
847244017735,PEACH ICE TEA 50G,HOOKAH,NONE,NONE
847244020957,ORANGE CHOCOLATE,HOOKAH,NONE,NONE
847244021848,HONEY DEW ME,HOOKAH,NONE,NONE
848146000009,HOOKAH,5,NOVELTY,NOVELTY
848146006223,HOOKAH,5,NOVELTY,NOVELTY
848146007671,Banzai Hookah Charcoal 96 cts,5,NOVELTY,NOVELTY
848728004951,G-CLAPTON COILS,5,NOVELTY,NOVELTY
849205000589,VUSE CARTRIDGE ORIGINAL,1,NONE,NONE
849205000619,VUSE CARTRIDGE MENTHOL,1,NONE,NONE
849205001340,VUSE SOLO ORIGINAL,1,NONE,NONE
849205001371,VUSE SOLO MENTHOL,1,NONE,NONE
849205001708,VUSE CARTRIDGE CREMA,1,NONE,NONE
849205001739,VUSE SOLO CARTRIDGE CHAI,1,NONE,NONE
849205001760,VUSE CARTRIDGE MINT,1,NONE,NONE
849205002699,VUSE CARTRIDGE BERRY,1,NONE,NONE
849205005676,VUSE NECTAR CARTRIDGE,1,NONE,NONE
849205005706,VUSE MELON CARTRIDGE,1,NONE,NONE
849205007779,VUSE VIV ORIGINAL KIT,1,NONE,NONE
849205007810,VUSE VIBE,1,NONE,NONE
849205007830,VUSE VIBE,1,NONE,NONE
849205007861,VUSE VIBE,1,NONE,NONE
849205007922,VUSE VIBE,1,NONE,NONE
849205007984,VUSE VIBE,1,NONE,NONE
849205015033,VUSE SOLO POWER UNIT,1,NONE,NONE
849205015101,ORIGINAL KIT,1,NONE,NONE
849205015125,ORIGINAL CARTRIDGE,1,NONE,NONE
849205015149,MENTHOL CARTRIDGE,1,NONE,NONE
849205015163,MINT CARTRIDGE,1,NONE,NONE
849205015187,NECTAR CARTRIDGE,1,NONE,NONE
849205015200,MELON CARTRIDGE,1,NONE,NONE
849205015224,VUSE CIRO TROPICAL,1,NONE,NONE
849205015248,CIRO FUSION CATRIDGE,1,NONE,NONE
849205015293,VUSE VIBE ORIGINAL 2 TANK,1,NONE,NONE
849205015323,VUSE VIBE MINT,1,NONE,NONE
849205015354,VUSE VIBE NECTAR,1,NONE,NONE
849205015385,VUSE VIBE MELON,1,NONE,NONE
849205015415,VUSE VIBE MENTHOL,1,NONE,NONE
849205015446,VUSE VIBE,1,NONE,NONE
849205015477,VUSE VIBE,1,NONE,NONE
849205016191,ALT VUSE KIT,1,NONE,NONE
849205016221,ALTO VUSE MOD POWER UNIT,1,NONE,NONE
849205016252,ALT VUSE MENTHOL POD 5%,1,NONE,NONE
849205016283,ALTO VUSE RICH TOBACCO POD 5%,1,NONE,NONE
849205016344,ALT VUSE ORIGINAL POD,1,NONE,NONE
849205016641,VUSE CARTRIDGE ORIGINAL,1,NONE,NONE
849205016672,VUSE CARTRIDGE menthol,1,NONE,NONE
849205017907,ALTO RICH TOBACCO 2.4%,1,NONE,NONE
849205018089,ALTO POWER UNIT ROSE GOLD,1,NONE,NONE
849205018119,ALTO POWER UNIT SILVER,1,NONE,NONE
849205018591,VUSE ALTO DEVICE SLATE,1,NONE,NONE
849205019345,VUSE ALTO GOLDEN TOBACCO 5%,1,NONE,NONE
849205019468,VUSE GOLDEN TOBACCO 2.4%,1,NONE,NONE
849205019673,ORIGINALS MENTHOL 1.8 PODS,1,NONE,NONE
849205019703,RICH TOBACCO 1.8 ALTO PODS,1,NONE,NONE
849205019765,GOLDEN TOBACCO ALTO 1.8,1,NONE,NONE
849205019918,ORIGINALS MENTHOL 2.4 PODS,1,NONE,NONE
849205021140,VUSE ALTO DEVICE BLUE,1,NONE,NONE
849205021171,VUSE ALTO DEVICE RED,1,NONE,NONE
849205021201,VUSE ALTO ROSE GOLD,1,NONE,NONE
849205021652,VUSE ALTO DEVICE TEAL,1,NONE,NONE
849205022109,VUSE SINGLE MENTHOL 2.4,1,NONE,NONE
849205022130,VUSE SINGLE MENTHOL 5.0,1,NONE,NONE
849205022192,VUSE SINGLE GOLDEN TOBACCO 2.4,1,NONE,NONE
849205022222,VUSE SINGLE GOLDEN TOBACCO 5.0,1,NONE,NONE
849205023427,VUSE MENTHOL 2.4% 4 PODS,1,NONE,NONE
849205023458,VUSE MENTHOL 5% 4 PODS,1,NONE,NONE
849205023519,VUSE G.TOBACCO 2.4% 4PODS,1,NONE,NONE
849205023540,VUSE G.TOBACCO 5% 4 PODS,1,NONE,NONE
849205032047,VUSE CLASSIC TOBACCO POD 5%,1,NONE,NONE
849205032108,VUSE CLASSIC 5% 4 PODS,1,NONE,NONE
849349002180,V2 RED TOBACCO,1,NONE,NONE
849349002210,V2 MENTHOL ECIGS,1,NONE,NONE
849349002241,V2 RED TOBACCO,1,NONE,NONE
849349002272,V2 MENTHOL,1,NONE,NONE
849349002302,V2 RED CARTRIDGE,1,NONE,NONE
849349002333,V2 MENTHOL CARTRIDGE,1,NONE,NONE
849523000094,ROZAY WINE 100G,HOOKAH,NONE,NONE
849523000308,FANTASIA INSTANT-LITE,5,NOVELTY,NOVELTY
849523003682,FANTASIA PEACHFUZZY NAVE,1,NONE,NONE
849523004917,WHITE LOTUS 100G,HOOKAH,NONE,NONE
849523005518,CACTUS BREEZE 250G,HOOKAH,NONE,NONE
849523006096,COTTON CANDY 200G,HOOKAH,NONE,NONE
849523006829,FANTASIA CHARCOAL,5,NOVELTY,NOVELTY
849523009264,CACTUS BREEZE,HOOKAH,NONE,NONE
849523009318,COTTON CANDY 100G,HOOKAH,NONE,NONE
849523009509,ORANGE SHERBET 100G,HOOKAH,NONE,NONE
849523009578,RAINBOW BURST 100G,HOOKAH,NONE,NONE
849523009653,STRAWBERRY LEMONADE 100G,HOOKAH,NONE,NONE
849523009691,TRIPLE X 100G,HOOKAH,NONE,NONE
849523010925,FANTASIA COCONUT,5,NOVELTY,NOVELTY
849523015203,4PLAY FANTASIA,5,NOVELTY,NOVELTY
849523015227,FANTASIA BLUEBERRY,5,NOVELTY,NOVELTY
849523015234,FANTASIA CUBAN MOJITO,5,NOVELTY,NOVELTY
849523015296,MAGIC DRAGON FANTASIA,5,NOVELTY,NOVELTY
849523015319,MENAGE FANTASIA,5,NOVELTY,NOVELTY
849523015333,PINK LEMONADE FANTASIA,5,NOVELTY,NOVELTY
849523015388,SURFER FANTASIA,5,NOVELTY,NOVELTY
849523015395,WILD MANGO FANTASIA,5,NOVELTY,NOVELTY
849523020658,MELON ICE 100G,HOOKAH,NONE,NONE
849523020665,PEACH ICE 100G,HOOKAH,NONE,NONE
849523020672,STRAWBERRY ICE 100G,HOOKAH,NONE,NONE
849847028187,Small TMcigar Torch,5,NOVELTY,NOVELTY
849847032429,VISOL CIGAR CUTTER,5,NOVELTY,NOVELTY
849847033587,Big TM Cigar Torch,5,NOVELTY,NOVELTY
849847034225,visol cardif quad flame lighte,5,NOVELTY,NOVELTY
849847034232,vertigo lighter,5,NOVELTY,NOVELTY
849855000229,SUPERVALUE AMARETTO 12OZ BAG,1,NONE,NONE
849855000236,SUPERVALUE BLACK CAVENDISH,1,NONE,NONE
849855000243,SUPERVALUE BLACK & GOLD,1,NONE,NONE
849855000250,SUPER VALUE PIPE TOBACCO,1,NONE,NONE
849855000267,SUPER VALUE CHERRY 12OZ,1,NONE,NONE
849855000274,SUPER VALUE CHOCOLATE,1,NONE,NONE
849855000281,SUPERVALUE NATURAL CAVANDISH,1,NONE,NONE
849855000298,super value ultramild 12oz,1,NONE,NONE
849855000304,SUPER VALUE VANILLA 12OZ BAG,1,NONE,NONE
849855000311,SUPERVALUE WHISKEY 12OZ,1,NONE,NONE
849855000328,AMARETTO 1.5oz,1,NONE,NONE
849855000335,BLACK CAVENDISH 1.5oz,1,NONE,NONE
849855000342,BLACK & GOLD 1.5oz,1,NONE,NONE
849855000359,BUTTERED RUM 1.5oz,1,NONE,NONE
849855000366,CHERRY CAVENDISH 1.5oz,1,NONE,NONE
849855000373,CHOCOLATE 1.5oz,1,NONE,NONE
849855000380,NATURAL CAVENDISH 1.5oz,1,NONE,NONE
849855000397,ULTRA 1.5oz,1,NONE,NONE
849855000403,VANILLA 1.5oz,1,NONE,NONE
849855000410,WHISKEY CAVENDISH 1.5oz,1,NONE,NONE
849855000489,ALMONDINE,1,NONE,NONE
849855000519,TOBACCO GALLERIA FOX & HOUND,1,NONE,NONE
849855000540,MONTEGO BAY,1,NONE,NONE
849855000557,TOBACCO GALLERIA NIGHTCAP,1,NONE,NONE
849855000564,RUM & MAPLE,1,NONE,NONE
849855000571,TOBACCO GALLERIA WILD CHERRY,1,NONE,NONE
849855000786,SUTLIFF PS MAPLE STREET,1,NONE,NONE
849855000809,SUTLIFF PS MOLTO DOLCE,1,NONE,NONE
849855000915,SUTLIFF PS TASTE OF SUMMER,1,NONE,NONE
849855002155,MIXTURE NO 79,1,NONE,NONE
849855002384,SUPER VALUE PEACH 12OZ,1,NONE,NONE
849855002391,SUPER VALUE MELLOW 12OZ,1,NONE,NONE
849855003091,BOURBON WHISKEY 1.5oz,1,NONE,NONE
849855003107,ENGLISH MIXTURE,1,NONE,NONE
849855006337,DARK & SILKY 1.5OZ TIN,1,NONE,NONE
849855006399,EASTFARTHING 1.5OZ TIN,1,NONE,NONE
849855006405,MOROCCAN SPICE 1.5OZ TIN,1,NONE,NONE
849855007570,CABBLESTONE BLK COFE 1.5OZ TIN,1,NONE,NONE
85,iCLEAR16 D-COIL 2.1 ohm,5,NOVELTY,NOVELTY
850005325413,VISO JALAPA TORO,6,PRMCIGAR,PREMIUM CIGAR
850005325994,CAVALIER GENEVE 4X60,6,PRMCIGAR,PREMIUM CIGAR
850006556380,PURLYF INDICA STRAWNANA,5,NOVELTY,NOVELTY
850006556557,PURLYF HYBRID TROP WATER,5,NOVELTY,NOVELTY
850006556564,PURLYF INDICA PINK BERRY,5,NOVELTY,NOVELTY
850006556793,HIXOTIC BLAZLEMO 2 GUMMY,5,NOVELTY,NOVELTY
850006556908,HIXOTIC STRAWBLASTED 2GUMMY,5,NOVELTY,NOVELTY
850006557004,ALADINO CORONA MAD,6,PRMCIGAR,PREMIUM CIGAR
850006557028,COROJO RESERVA TORO 52 X 6,6,PRMCIGAR,PREMIUM CIGAR
850006557042,ALADINO CONN ROBUSTO,6,PRMCIGAR,PREMIUM CIGAR
850006557103,ALADINO PERFECTO QUEENS,6,PRMCIGAR,PREMIUM CIGAR
850006557127,COROJO RESERVA NO. 4,6,PRMCIGAR,PREMIUM CIGAR
850006557141,HABANO GRANDE,6,PRMCIGAR,PREMIUM CIGAR
850006557165,habano grande 7x70,6,PRMCIGAR,PREMIUM CIGAR
850006557202,ALADINO HABANO ELEGANTE,6,PRMCIGAR,PREMIUM CIGAR
850006557226,ALADINO CAMEROON ROBUSTO,6,PRMCIGAR,PREMIUM CIGAR
850006557271,ALADINO ROTHCHILD HABANO,6,PRMCIGAR,PREMIUM CIGAR
850006557295,ALADINO TORO HABANO,6,PRMCIGAR,PREMIUM CIGAR
850006557318,ALADINO CAMEROON ELEGANTE,6,PRMCIGAR,PREMIUM CIGAR
850006557349,ALADINO RESERVACOROJO FIGURADO,6,PRMCIGAR,PREMIUM CIGAR
850006557387,aladino queens perfecto,6,PRMCIGAR,PREMIUM CIGAR
850006557547,ALADINO TORO SUMATRA,6,PRMCIGAR,PREMIUM CIGAR
850006557608,aladino fuma noche toro,6,PRMCIGAR,PREMIUM CIGAR
850006557752,ALADINO CHIMP,19,NONE,NONE
850006557776,ALADINO ORANG,6,PRMCIGAR,PREMIUM CIGAR
850006557790,ALADINO GORI 60X4/12,6,PRMCIGAR,PREMIUM CIGAR
850006557837,ALADINO 250TH TORO 52X6,6,PRMCIGAR,PREMIUM CIGAR
850007044022,GURKHA NICARA TORO,6,PRMCIGAR,PREMIUM CIGAR
850007044688,PRIZE FIGHTER MADURO ROBUSTO,6,PRMCIGAR,PREMIUM CIGAR
850007044718,PRIZE FIGHTER MADURO BUNDLE,6,PRMCIGAR,PREMIUM CIGAR
850010136165,CUBAGUA ROBUSTO,6,PRMCIGAR,PREMIUM CIGAR
850010136172,CABAGUA TORO,6,PRMCIGAR,PREMIUM CIGAR
850010136356,LARSTETENS SS ROBUSTO,6,PRMCIGAR,PREMIUM CIGAR
850010136363,LARS TETENS TORO,6,PRMCIGAR,PREMIUM CIGAR
850018987035,KING PALM MAGIC MINT MINI,1,NONE,NONE
850018987042,KINGPALM WATERMELON WAVE,1,NONE,NONE
850018987059,king palm banana cream,1,NONE,NONE
850018987318,KING PALM BERRY TERPS 2CT,1,NONE,NONE
850018987448,KING PALM MINI LEMON HAZE,1,NONE,NONE
850018987479,KING PALM MINI MANGO OG,1,NONE,NONE
850019741018,GURKHA BOUTIQUE SAMPLER,6,PRMCIGAR,PREMIUM CIGAR
850019741117,GURKHA BLUE NICA SAMPLER,6,PRMCIGAR,PREMIUM CIGAR
850019741209,GURKHA REVENANT MAD TORO,6,PRMCIGAR,PREMIUM CIGAR
850019741254,GURKHA SAMPLER,6,PRMCIGAR,PREMIUM CIGAR
850021474058,LiquidIV Strawberry Packets,5,NOVELTY,NOVELTY
850021474065,LiquidIV Watermelon Packets,5,NOVELTY,NOVELTY
850025435383,HYDE EDGE RASPBERRY WATERMELON,5,NOVELTY,NOVELTY
850025435420,HYDE EDGE PINA COLADA,5,NOVELTY,NOVELTY
850025765008,ODYSSEY ENERGY,10,NONE,NONE
850025765015,ODYSSEY MOOD BOOST,10,NONE,NONE
850025765039,ODYSSEY SLEEP,10,NONE,NONE
850025765046,ODYSSEY FOCUS,10,NONE,NONE
850027013336,Hyde retro rech stw crm,5,NOVELTY,NOVELTY
850027410005,Lucy BREAKERS MINT 8 MG,CHEW CAN,NONE,NONE
850027410012,Lucy Apple Ice 8MG,CHEW CAN,NONE,NONE
850027410029,Lucy Mango 8MG,CHEW CAN,NONE,NONE
850027410128,Lucy mint 12mg,CHEW CAN,NONE,NONE
850027410258,Lucy BREAKERS MINT 4 MG,CHEW CAN,NONE,NONE
850027410272,Lucy Apple Ice 4MG,CHEW CAN,NONE,NONE
850027410273,Lucy Apple Ice 8MG,CHEW CAN,NONE,NONE
850027410296,Lucy Mango 4MG,CHEW CAN,NONE,NONE
850027410777,LUCY EXPRESSO  4MG,CHEW CAN,NONE,NONE
850027410784,LUCY EXPRESSO  8MG,CHEW CAN,NONE,NONE
850027410838,Lucy Apple Cider 4MG,CHEW CAN,NONE,NONE
850027410845,Lucy Apple Cider 8MG,CHEW CAN,NONE,NONE
850027410869,Lucy Apple Cider 4MG,CHEW CAN,NONE,NONE
850027410876,Lucy Berry Citrus 8MG,CHEW CAN,NONE,NONE
850028846131,DIMO STRAWBERRY SOUR BELT 250M,5,NOVELTY,NOVELTY
850028846148,DIMO SOUR APPLE BELTS 250MG,5,NOVELTY,NOVELTY
850028846186,DIMO SOUR GUMMY WORMS 250MG,5,NOVELTY,NOVELTY
850028846193,DIMO SOUR PEACH RINGS 250MG,5,NOVELTY,NOVELTY
850028846735,DIMO WTRMLN BELT 1000MG D8,5,NOVELTY,NOVELTY
850028846742,DIMOd8 1000mg SOUR RAINBOW,5,NOVELTY,NOVELTY
850028846766,DIMO GUMMY WORMS 1000MG D8,5,NOVELTY,NOVELTY
850028846896,DFIMO 200MG WATER GUMMY,5,NOVELTY,NOVELTY
850029352143,HYDE EDGE TROPICAL,5,NOVELTY,NOVELTY
850029352150,HYDE BANANAS CREAM,5,NOVELTY,NOVELTY
850029352587,HYDE EDGE POWER(MONSTER),5,NOVELTY,NOVELTY
850029352600,HYDE EDGE MINTY OS,5,NOVELTY,NOVELTY
850029352624,HYDE EDGE SUMMER LUV,5,NOVELTY,NOVELTY
850033038460,HYDE EDGE OJ,5,NOVELTY,NOVELTY
850033038484,HYDE EDGE CHERRY PEACH LEMONAD,5,NOVELTY,NOVELTY
850033038507,HYDE EDGE MANGOPEACH & CREAM,5,NOVELTY,NOVELTY
850033038521,HYDE EDGE PEACH GUMMY,5,NOVELTY,NOVELTY
850033553161,FRUITIA ESCO BARS MANGOGUAVA I,5,NOVELTY,NOVELTY
850033553185,FRUITIA ESCO BARS FUJIAPPLE IC,5,NOVELTY,NOVELTY
850033553222,FRUITIA ESCO BARS BLUERASP LEM,5,NOVELTY,NOVELTY
850033702231,pacha mama thcO hybrid disp,5,NOVELTY,NOVELTY
850033702255,pacha thcO grapeape indica,5,NOVELTY,NOVELTY
850033702279,PACHA MAMA THCO SATIVA DISP,5,NOVELTY,NOVELTY
850033702286,pacha mama thcO hybrid afgoo,5,NOVELTY,NOVELTY
850033702804,pacha d8 weddingcake indica,5,NOVELTY,NOVELTY
850033702811,pacha d8 gelato hybrid,5,NOVELTY,NOVELTY
850038304430,HYDE EDGE DRAFRUIT LEMONADE,5,NOVELTY,NOVELTY
850038304447,HYDE EDGE WATER ICE CREAM,5,NOVELTY,NOVELTY
850038304454,HYDE EDGE STRAW ORANGE ICE,5,NOVELTY,NOVELTY
850046357565,HB 3G DISPO HAW SNOW,5,NOVELTY,NOVELTY
850046357602,HB 3G DISPO SB MAMBA,5,NOVELTY,NOVELTY
850046357626,HB THC A STRAW MAM 2GM CART,5,NOVELTY,NOVELTY
850046357640,HB 3G DISP BLUE FACE,5,NOVELTY,NOVELTY
850046357664,HB BLUE FACE 2G CART,5,NOVELTY,NOVELTY
850046357688,HB 3G DISPO LA COOKIE,5,NOVELTY,NOVELTY
850046357725,HB 3G DISPO SUPER HAZE,5,NOVELTY,NOVELTY
850046357749,HB 2G SUPER SILVER HAZE,5,NOVELTY,NOVELTY
850049202282,half bkd 840mg blurazz edible,5,NOVELTY,NOVELTY
850065196480,PIXI CUCUMBER CHILL 10MG,CHEW CAN,NONE,NONE
850065196497,PIXI BLK CHERRY ICE 10MG,CHEW CAN,NONE,NONE
850065196503,PIXI LEMON GINGER 10MG,CHEW CAN,NONE,NONE
850065638003,PIXI BLUE RAZZ FREEZE 5MG,CHEW CAN,NONE,NONE
850065638027,PIXI PEPPERMINT ICE 5MG,CHEW CAN,NONE,NONE
850065638034,PIXI WATERMELON FREEZE 5MG,CHEW CAN,NONE,NONE
850065638041,PIXI WINTERGREEN ICE 5MG,CHEW CAN,NONE,NONE
850065638102,PIXI BLUE RAZZ FREEZE 5MG,CHEW CAN,NONE,NONE
850065638126,PIXI PEPPERMINT ICE 10MG,CHEW CAN,NONE,NONE
850065638133,PIXI WATERMELON FREEZE 10MG,CHEW CAN,NONE,NONE
850065638140,PIXI WINTERGREEN ICE 10MG,CHEW CAN,NONE,NONE
850065638232,PIXI NAKED 10MG,CHEW CAN,NONE,NONE
850065638294,PIXI CUCUMBERCHILL 5MG,CHEW CAN,NONE,NONE
850068695140,ZOUR 2G WATERMELON HYBRID,5,NOVELTY,NOVELTY
850068695188,ZOUR 2G CIRUS SUN SATIVA,5,NOVELTY,NOVELTY
850070284431,seda 200mg tamblet cherry blas,5,NOVELTY,NOVELTY
850070284721,SEDA 30MG STRAW WATER,5,NOVELTY,NOVELTY
850070284745,SEDA 30MG CHERRY BLAST,5,NOVELTY,NOVELTY
850070284776,SEDA 30MG BLUERASPBERRY,5,NOVELTY,NOVELTY
850072393001,CHOICE RED KING,2,CGRTPACK,CIGRT PACK
850072393018,CHOICE RED KING,3,1,CIG CARTON
850072393025,CHOICE MENTHOL KING,2,CGRTPACK,CIGRT PACK
850072393032,CHOICE MENTHOL  KING,3,1,CIG CARTON
850073148075,ZOUR 2G BERRYBLAST INDICA,5,NOVELTY,NOVELTY
850075485062,ZOUR 2G STRAW PUNCH HYBRID,5,NOVELTY,NOVELTY
850250305451,PIXI CITRUS CHILL 5MG,CHEW CAN,NONE,NONE
850250305468,PIXI CITRUS CHILL 10MG,CHEW CAN,NONE,NONE
850460004007,EMPIRE DOKHA WHITE - BLUE,5,NOVELTY,NOVELTY
850460004014,EMPIRE DOKHA YELLOW,5,NOVELTY,NOVELTY
850460004021,EMPIRE DOKHA RED,5,NOVELTY,NOVELTY
850661003151,BOVEDA 72%HUMIDY PACK,5,NOVELTY,NOVELTY
850661003168,BOVEDA 69%,5,NOVELTY,NOVELTY
850661003939,BOVEDA 65% 8G,5,NOVELTY,NOVELTY
851350000116,GREEN 5PACK SAMPLER,6,PRMCIGAR,PREMIUM CIGAR
851350000901,NEW WORLD,6,PRMCIGAR,PREMIUM CIGAR
851350000932,GOBERNADOR TORO,6,PRMCIGAR,PREMIUM CIGAR
851350000963,ALMIRANTE BELICIOSO,6,PRMCIGAR,PREMIUM CIGAR
851350000994,NAVEGANTE ROBUSTO,6,PRMCIGAR,PREMIUM CIGAR
851350001403,FIGURADO ENCLAVE,6,PRMCIGAR,PREMIUM CIGAR
851350001465,ENCLAVE TORO,6,PRMCIGAR,PREMIUM CIGAR
851350001496,ENCLAVE ROBUSTO,6,PRMCIGAR,PREMIUM CIGAR
851350001908,CORONA GORDA,6,PRMCIGAR,PREMIUM CIGAR
851350001939,BELICOSO CONNECTICUT,6,PRMCIGAR,PREMIUM CIGAR
851350001960,CONNECTICUT TORO,6,PRMCIGAR,PREMIUM CIGAR
851350001991,NEWWORLD CT ROBUSTO,6,PRMCIGAR,PREMIUM CIGAR
851350003148,SAN LOTANO OVAL,6,PRMCIGAR,PREMIUM CIGAR
851350003162,SAN.L.OVAL MADURO,6,PRMCIGAR,PREMIUM CIGAR
851350003223,SANLOTANO HABANO,6,PRMCIGAR,PREMIUM CIGAR
851350003261,SAN.L. HABANO,6,PRMCIGAR,PREMIUM CIGAR
851350003735,GRAN TORO HABANO,6,PRMCIGAR,PREMIUM CIGAR
851350003780,SANLOTANO CHURCHIL,6,PRMCIGAR,PREMIUM CIGAR
851350003827,ROBUSTO CONNECTICUT,6,PRMCIGAR,PREMIUM CIGAR
851350003889,HABANO TORO REQUIEM,6,PRMCIGAR,PREMIUM CIGAR
851350003964,TORO MAUDORO,6,PRMCIGAR,PREMIUM CIGAR
851350003988,ROBUSTO MAUDORO,6,PRMCIGAR,PREMIUM CIGAR
851682002055,SC SWEET 100S,1,NONE,NONE
8516820020804,SMIKERS BEST CLOVE CIGAR,1,NONE,NONE
851682002406,SB FF100,1,NONE,NONE
851682002475,SB MEN,1,NONE,NONE
851682002482,SB MEN100,1,NONE,NONE
851682002611,SB LT KINGS,1,NONE,NONE
851682002642,SB LT 100,1,NONE,NONE
851741008158,LiquidIV Passion Fruit Packets,5,NOVELTY,NOVELTY
852032004002,AF DOUBLECHATUE FUENTE SAMPLE5,6,PRMCIGAR,PREMIUM CIGAR
8522190,STEAM TANK,5,NOVELTY,NOVELTY
852230007027,HERENCIA MAD TORPEDO,6,PRMCIGAR,PREMIUM CIGAR
852230007096,TORECEDORES CHURCHILL,6,PRMCIGAR,PREMIUM CIGAR
852230007126,TORCEDORES TORPEDO,6,PRMCIGAR,PREMIUM CIGAR
852369,D6 MADURO 5 PACK,6,PRMCIGAR,PREMIUM CIGAR
852527003220,LA PALINA BLACL LABEL ROBUSTO,6,PRMCIGAR,PREMIUM CIGAR
852527003442,LA PALINA BLACK LBL TORO,6,PRMCIGAR,PREMIUM CIGAR
852527003732,LA PALINA OSCURO,6,PRMCIGAR,PREMIUM CIGAR
852551005047,RAICES ROBUSTO,6,PRMCIGAR,PREMIUM CIGAR
852551005054,RAICES CUBANOS TORO,6,PRMCIGAR,PREMIUM CIGAR
852551005108,RAICES CUBANAS BELICOSO,6,PRMCIGAR,PREMIUM CIGAR
852558001400,HUMID-EZE,5,NOVELTY,NOVELTY
852662555400,PUFF BAR TANGERINE ICE 5%,5,NOVELTY,NOVELTY
852662557275,PUFF GLOW MANGO/APPLE/PEAR,5,NOVELTY,NOVELTY
852662557312,PUFF GLOW FROZEN BANANA,5,NOVELTY,NOVELTY
852662557459,PUFF BAR MANGO 5%,5,NOVELTY,NOVELTY
852662557497,PUFF BAR LUSH ICE 5%,5,NOVELTY,NOVELTY
852662557534,PUFF BAR STRAWBERRY,5,NOVELTY,NOVELTY
852662557572,PUFF BAR BLUEBERRY ICE 5%,5,NOVELTY,NOVELTY
852662557657,puff bar pink lemonade 5%,5,NOVELTY,NOVELTY
852662557695,PUFF BAR LYCHEE ICE 5%,5,NOVELTY,NOVELTY
852662557732,PUFF BAR O.M.G,5,NOVELTY,NOVELTY
852662557770,PUFF BAR PINEAPPLE-LEM 5%,5,NOVELTY,NOVELTY
852662557817,PUFF BAR BLUE RAZZ 5%,5,NOVELTY,NOVELTY
852662557893,PUFF BAR WATERMELON 5%,5,NOVELTY,NOVELTY
852662557930,PUFF BAR COOL MINT 5%,5,NOVELTY,NOVELTY
852662557978,PUFF PLUS POMOGRANATE,5,NOVELTY,NOVELTY
852662558012,PUFF BAR PEACH ICE 5%,5,NOVELTY,NOVELTY
852662558050,PUFF BAR GRAPE 5%,5,NOVELTY,NOVELTY
852662558135,PUFF BAR SOUR APPLE,5,NOVELTY,NOVELTY
852662558258,PUFF BAR BANANA ICE 5%,5,NOVELTY,NOVELTY
852662558265,PUFF PLUS BANANA ICE,5,NOVELTY,NOVELTY
852662558371,PUFF BAR MELON ICE,5,NOVELTY,NOVELTY
852662558418,PUFF BAR STRAW BANANA,5,NOVELTY,NOVELTY
852662558425,PUFF PLUS BANANA ICE CREAM,5,NOVELTY,NOVELTY
852662558630,PUFF PLUS STRAW MILK SHAKE,5,NOVELTY,NOVELTY
852662559453,PUFF BAR MANGO 2%,5,NOVELTY,NOVELTY
852662559491,PUFF BAR LUSH ICE 2%,5,NOVELTY,NOVELTY
852662561548,PUFF BAR WATERMELON 2%,5,NOVELTY,NOVELTY
852662564044,PUFF GLOW PEACH ICE 5%,5,NOVELTY,NOVELTY
852662564167,PUFF PLUS MOJITO,5,NOVELTY,NOVELTY
852662564204,PUF FPLUS COOL MINT,5,NOVELTY,NOVELTY
852662564242,PUFF PLUS WATERMELON,5,NOVELTY,NOVELTY
852662564327,PUFF PLUS MIXED BERRIES,5,NOVELTY,NOVELTY
852662564365,PUFF PLUS PINACOLADA,5,NOVELTY,NOVELTY
852662564372,PUFF PLUS LUSH ICE,5,NOVELTY,NOVELTY
852662564402,PUFF PLUS STRAW WATERMELON,5,NOVELTY,NOVELTY
852662564440,PUFF PLUS GUAVA ICE,5,NOVELTY,NOVELTY
852662564600,PUFF FLOW KIWI STRAWBERRY,5,NOVELTY,NOVELTY
852662788167,PUFF FLEX BANANA ICE,5,NOVELTY,NOVELTY
852662788204,PUFF FLEX LUSH ICE,5,NOVELTY,NOVELTY
852777007009,CHURCHILL 48x7,6,PRMCIGAR,PREMIUM CIGAR
852777007047,ELEGANTE 38x7 MAD,6,PRMCIGAR,PREMIUM CIGAR
852777007061,PALMAS 43x6,6,PRMCIGAR,PREMIUM CIGAR
852777007108,ROBUSTO 50x5,6,PRMCIGAR,PREMIUM CIGAR
852777007122,ROTHSCHILD 48x4 1/2,6,PRMCIGAR,PREMIUM CIGAR
852777007160,ALADINO COROJO  GORDO,6,PRMCIGAR,PREMIUM CIGAR
852777007184,CORONA 44x5,6,PRMCIGAR,PREMIUM CIGAR
852777007245,CAZADOR 46x6,6,PRMCIGAR,PREMIUM CIGAR
852777007276,ALADINO SANTI,6,PRMCIGAR,PREMIUM CIGAR
852777007306,ALADINO COROJO TORO,6,PRMCIGAR,PREMIUM CIGAR
852777007337,ALADINO MAD ROBUSTO,6,PRMCIGAR,PREMIUM CIGAR
852777007375,RANCHO LUNA HABANO TORO,6,PRMCIGAR,PREMIUM CIGAR
852777007382,RANCHO LUNA SAMPLER,6,PRMCIGAR,PREMIUM CIGAR
852777007436,ALADINO MAD TORO,6,PRMCIGAR,PREMIUM CIGAR
852777007450,RANCHO LUNA MAD ROBUSTO,6,PRMCIGAR,PREMIUM CIGAR
852777007474,RANCHO LUNA TORO MAD,6,PRMCIGAR,PREMIUM CIGAR
852777007573,TATSCAN CONN TORO,6,PRMCIGAR,PREMIUM CIGAR
852777007894,TATASCAN YELLOW 7X50,6,PRMCIGAR,PREMIUM CIGAR
852777007917,TATASCAN YELLOW ROBUSTO,6,PRMCIGAR,PREMIUM CIGAR
852777007931,TATASCAN YELLOW TORO,6,PRMCIGAR,PREMIUM CIGAR
852777007955,TATASCAN YELLOW 60X6,6,PRMCIGAR,PREMIUM CIGAR
852777007986,ALADINO ELEGANTE 38X7,6,PRMCIGAR,PREMIUM CIGAR
852812005328,GRAND HABANO LIGHTER,5,NOVELTY,NOVELTY
853,CORN COB LARGE,5,NOVELTY,NOVELTY
853195000542,BUTANE LIGHTER,5,NOVELTY,NOVELTY
853195000597,DOG LIGHTER,5,NOVELTY,NOVELTY
853195000641,TORCH LIGHTER,5,NOVELTY,NOVELTY
853195000986,EAGLE TORCH LIGHTER,5,NOVELTY,NOVELTY
853195000993,TORCH LIGHTER,5,NOVELTY,NOVELTY
853195005660,LED LIGHTER,5,NOVELTY,NOVELTY
853195010503,EAGLE TORCH,5,NOVELTY,NOVELTY
853202002002,PALERMO RED BOX,2,CGRTPACK,CIGRT PACK
853202002019,PALERMO RED BX CTN,3,1,CIG CARTON
853202002026,PALERMO BLUE BX,2,CGRTPACK,CIGRT PACK
853202002033,PALERMO BLUE BX CTN,3,1,CIG CARTON
853202002040,PALERMO MENTHOL BX,2,CGRTPACK,CIGRT PACK
853202002064,PALERMO MENTHOL 100BX,2,CGRTPACK,CIGRT PACK
853202002071,PALERMO MENTHOL 100BX CTN,3,1,CIG CARTON
853202002088,PALERMO MEN-GLD 100BX,2,CGRTPACK,CIGRT PACK
853202002095,PALERMO MEN-GLD 100BX CTN,3,1,CIG CARTON
853202002101,PALERMO SILVER 100 BX,2,CGRTPACK,CIGRT PACK
853202002118,PALERMO SILVER 100BX CTN,3,1,CIG CARTON
853202002125,PALERMO BLUE 100BX,2,CGRTPACK,CIGRT PACK
853202002132,PALERMO BLUE 100BX CTN,3,1,CIG CARTON
853202002149,PALERMO RED 100BX,2,CGRTPACK,CIGRT PACK
853202002156,PALERMO RED 100BX CTN,3,1,CIG CARTON
85345,SHORT STORY MADURO,6,PRMCIGAR,PREMIUM CIGAR
853547006000,NO 90 TUBOS NATURAL,6,PRMCIGAR,PREMIUM CIGAR
853547006017,NO 90 TUBOS MADURO,6,PRMCIGAR,PREMIUM CIGAR
853547006031,1964 ANNI SOBERANO,6,PRMCIGAR,PREMIUM CIGAR
853547006062,1964 PRESIDENT STX MAD,6,PRMCIGAR,PREMIUM CIGAR
853559040481,ESPINOSA ZUCAR TORO,6,PRMCIGAR,PREMIUM CIGAR
853559040825,espinosa cream lancero,6,PRMCIGAR,PREMIUM CIGAR
853559040849,ESPINOSA CREMA TORO,6,PRMCIGAR,PREMIUM CIGAR
853559041594,ESPINOSA SUMATRA TORO,6,PRMCIGAR,PREMIUM CIGAR
854,MAPLE & CHERRY,5,NOVELTY,NOVELTY
854029008048,KING PALM MINIS,1,NONE,NONE
854029008406,KING PALM MINI 5PCK,1,NONE,NONE
854029008468,KING PALM ROLLIE 5PCK,1,NONE,NONE
854029008482,KING PALM SILM 2 FOR $2.49,1,NONE,NONE
854029008666,KINGPALM MINI FRUIT PASSION,1,NONE,NONE
854029008697,KING PALM BANANA CREAM,1,NONE,NONE
854029008710,KING PALM SLIM MARGARITA,1,NONE,NONE
854029008734,KINGPALM MINI BERRY TERPS,1,NONE,NONE
854029008758,KINGPALM MAGIC MINT,1,NONE,NONE
854029008765,king palm watermelon wave,1,NONE,NONE
854055004335,BLU E-CIGS STARTER - TOBACCO,5,NOVELTY,NOVELTY
854055004342,BLU ECIGS -STARTER - MENTHOL,5,NOVELTY,NOVELTY
854185004441,CLE CONN 6X60,6,PRMCIGAR,PREMIUM CIGAR
854185004809,STRAIGHT JACKET 60X6,6,PRMCIGAR,PREMIUM CIGAR
85448,SUBTANK MINI,5,NOVELTY,NOVELTY
854485,OCC 0.15ohm NICKEL - BLUE COIL,5,NOVELTY,NOVELTY
854485005261,OCC COIL,5,NOVELTY,NOVELTY
854485005285,SUBTANK NANO,5,NOVELTY,NOVELTY
854485005292,KBOX 40 W,5,NOVELTY,NOVELTY
854485005360,5pk VOCC 1.5 ohm,5,NOVELTY,NOVELTY
854485005391,OCC 0.5 ohm - RED COIL,5,NOVELTY,NOVELTY
854485005407,SUBTANK NANO PURPLE,5,NOVELTY,NOVELTY
854485005483,SUBOX NANO BLACK,5,NOVELTY,NOVELTY
854485005568,NEBOX BLACK,5,NOVELTY,NOVELTY
854485005582,NEBOX WHITE,5,NOVELTY,NOVELTY
854485005599,SUBVOD KIT,5,NOVELTY,NOVELTY
854485005605,NEBOX RED STARTER KIT,5,NOVELTY,NOVELTY
854485005612,NEBOX BLUE KIT,5,NOVELTY,NOVELTY
854485005681,SSOCC COIL,5,NOVELTY,NOVELTY
854485005803,KBOX 70W TC,5,NOVELTY,NOVELTY
854485005902,KBOX 200W BLK MOD,5,NOVELTY,NOVELTY
854485005919,KBOX 200W MOD WHITE,5,NOVELTY,NOVELTY
854485005926,KBOX 200W RED,5,NOVELTY,NOVELTY
854486,TOPBOX NANO,5,NOVELTY,NOVELTY
85449,SUBTANK MINI V2,5,NOVELTY,NOVELTY
854672000123,LIGHTER LEASH,5,NOVELTY,NOVELTY
855122008034,GURKHA COFFEE ROBUSTO,6,PRMCIGAR,PREMIUM CIGAR
855122008041,GURKHA REDHEAD CHERRY,6,PRMCIGAR,PREMIUM CIGAR
855122008058,WHITE RASCAL VANILLA ROBUSTO,6,PRMCIGAR,PREMIUM CIGAR
855122008065,GURKHA CAFE TABAC COFFEE TIN,6,PRMCIGAR,PREMIUM CIGAR
855122008072,GURKHA REDHEAD CHERRY TIN,6,PRMCIGAR,PREMIUM CIGAR
855122008089,WHITE RASCAL VANILLA GURKGHA T,6,PRMCIGAR,PREMIUM CIGAR
855122008959,GURKHA NICARAGUAN SAMPLER,6,PRMCIGAR,PREMIUM CIGAR
855290006351,CLE PRIETO 6X60,6,PRMCIGAR,PREMIUM CIGAR
855290006405,ASYLUM 13 52X6,6,PRMCIGAR,PREMIUM CIGAR
855290006429,SCHIZO MAD 5X50,6,PRMCIGAR,PREMIUM CIGAR
855290006733,ALADINO GORDO,6,PRMCIGAR,PREMIUM CIGAR
855374008219,ASYLUM 13 OBLONGATA,6,PRMCIGAR,PREMIUM CIGAR
855374008233,ASYLUM 13 MEDULLA,6,PRMCIGAR,PREMIUM CIGAR
855374008363,CHAPARROS AZABACHE,6,PRMCIGAR,PREMIUM CIGAR
855374008554,ASYLUM INSIDIOUS MAD ROBUSTO,6,PRMCIGAR,PREMIUM CIGAR
855553008139,neon 11x butane,5,NOVELTY,NOVELTY
8563,WATER PIPE,5,NOVELTY,NOVELTY
856570000205,GOLDEN HARVEST FF KING TUBES,1,NONE,NONE
856570000212,GOLDEN HARVEST TUBES,1,NONE,NONE
856570000229,GOLDEN HARVEST MEN KING,1,NONE,NONE
856570000236,GOLDEN HARVEST FF 100mm,1,NONE,NONE
856570000243,GOLDEN HARVEST BLUE 100 TUBE,1,NONE,NONE
856570000250,GOLDEN HARVEST MEN 100mm,1,NONE,NONE
856605001122,VILLIGAR CLASSIC,6,PRMCIGAR,PREMIUM CIGAR
856605001276,VILLIGER EXPORT MADURO,6,PRMCIGAR,PREMIUM CIGAR
856713003933,MRBROWNSTONE SMACK TORO,6,PRMCIGAR,PREMIUM CIGAR
856713004015,EC HELL CAT ROBUSTO,6,PRMCIGAR,PREMIUM CIGAR
856713007139,EC UNFORSAKEN SUMATRA TOROGRAN,6,PRMCIGAR,PREMIUM CIGAR
856713007283,EC CASHMERE CONN 6X50,6,PRMCIGAR,PREMIUM CIGAR
856713007924,EC DEVILS HAND DRKCOROJO TORO,6,PRMCIGAR,PREMIUM CIGAR
856713007925,EC DEVILS HAND DRKCOROJO TORO,6,PRMCIGAR,PREMIUM CIGAR
856713008488,EC DEVILS HAND COROJO MAD TORO,6,PRMCIGAR,PREMIUM CIGAR
856985006304,HEMP2O TROPICAL SUNRISE,10,NONE,NONE
856985006359,SUNSET SHERBERT,10,NONE,NONE
856985006373,HEMP2 APRICOT BLUBERRY,10,NONE,NONE
856985006588,HEMP2O MANGO CHILI,10,NONE,NONE
857244005311,ASYLUM INSIDIOUS NAT ROBUSTO,6,PRMCIGAR,PREMIUM CIGAR
857244005342,INSIDIOUS 64X7,6,PRMCIGAR,PREMIUM CIGAR
857244005755,ASYLUM 13 ORGE 60X6,6,PRMCIGAR,PREMIUM CIGAR
857244005830,ALADINO ROBUSTO,6,PRMCIGAR,PREMIUM CIGAR
857588003158,ICONIC DOKHA PIPE,5,NOVELTY,NOVELTY
857908000737,DECADE RED BX CTN,3,1,CIG CARTON
857908000744,DECADE  RED 100BX CTN,3,1,CIG CARTON
857908000751,DECADE GOLD BX CTN,3,1,CIG CARTON
857908000768,DECADE GOLD 100BX CTN,3,1,CIG CARTON
857908000775,decade silver king box,3,1,CIG CARTON
857908000782,DECADE SILVER 100S BOX,3,1,CIG CARTON
857908000799,DECADE MENTHOL SHORT,3,1,CIG CARTON
857908000805,DECADE MENTHOL 100BX,3,1,CIG CARTON
857908000812,DECADE MEN SILVER BX CTN,3,1,CIG CARTON
857908000829,DECADE MENTHOL SILVER 100,3,1,CIG CARTON
857908000836,DECADE RED BOX,2,CGRTPACK,CIGRT PACK
857908000843,DECADE RED 100 BOX,2,CGRTPACK,CIGRT PACK
857908000850,DECADE GOLD BOX,2,CGRTPACK,CIGRT PACK
857908000867,DECADE GOLD 100 BOX,2,CGRTPACK,CIGRT PACK
857908000874,DECADE SILVER KING BOX,2,CGRTPACK,CIGRT PACK
857908000881,DECADE SILVER 100BX,2,CGRTPACK,CIGRT PACK
857908000898,DECADE MENTHOL BX,2,CGRTPACK,CIGRT PACK
857908000904,DECADE MENTHOL 100BX,2,CGRTPACK,CIGRT PACK
857908000911,DECADE MENTHOL SILVER KINGS,1,NONE,NONE
857908000928,DECADE MENTHOL LIGHT 100,2,CGRTPACK,CIGRT PACK
858099003491,BLU CHERRY CRUSH,1,NONE,NONE
858765009031,SHOW 5 FOR $1 MIX FLAVOR,1,NONE,NONE
8593,WATER PIPE,1,NONE,NONE
859654002003,BLU MENTHOL E CIGARETTE,5,NOVELTY,NOVELTY
859654002010,BLU CLASSIC E-CIG TOBACCO,1,NONE,NONE
859654002065,BLU CHERRY CRUSH,1,NONE,NONE
859654002072,BLU JAVA JOLT,1,NONE,NONE
859654002089,BLU CLASSIC TOBACCO,5,NOVELTY,NOVELTY
859654002096,BLU MAG MENTHOL,1,NONE,NONE
859654002232,BLU CHERRY CRUSH REFILL,1,NONE,NONE
860000749701,COCAINE RED 12OZ CAN,10,NONE,NONE
860000749718,COCAINE - BLUE,10,NONE,NONE
860000749725,COCAINE ENERGY 12OZ BLACK,10,NONE,NONE
860002769929,COCAINE 12OZ CINNAMON KOLA,10,NONE,NONE
860002769936,COCAINE ORANGE 12OZ,10,NONE,NONE
860007220104,SLAPS ALOE GRAPE DISP,5,NOVELTY,NOVELTY
860007220135,SLPAS LUSH ICE DISP,5,NOVELTY,NOVELTY
860007220142,SLAPS MIXED BERRY DISP,5,NOVELTY,NOVELTY
860007220159,SLAPS PINK LEMO DISP,5,NOVELTY,NOVELTY
860007220166,SLAPS STRAW BANANA DISP,5,NOVELTY,NOVELTY
860007220180,slaps WATEMEON GUAVA DISP,5,NOVELTY,NOVELTY
863737000138,LiquidIV Lemon Lime Packets,5,NOVELTY,NOVELTY
864023,TOP ROLLING MACHINE 70MM,5,NOVELTY,NOVELTY
864043,OCB 1 1/4,1,NONE,NONE
864093,1 1/4 JOB ORGANIC HEMP,1,NONE,NONE
864123,GAMBLER VENTURA 1 1/2 C/PAPERS,1,NONE,NONE
864183,SINGLE WIDE JOB ORGANIC HEMP,1,NONE,NONE
864223,OCB ORGANIC HEMP 1.25",1,NONE,NONE
864233,OCB ORGANIC KING SLIM,1,NONE,NONE
864253,JOB SLIM ORGANIC HEMP,1,NONE,NONE
864263,1 1/2 JOB ORGANIC HEMP,1,NONE,NONE
864283,JOB 1.5" WHITE CIG PAPERS,1,NONE,NONE
864303,OCB ORGANIC SINGLE WIDE,1,NONE,NONE
864313,Job Crystal 1.25 Cigarette Pap,1,NONE,NONE
864343,OCB VIRGIN SINGLE WIDE,1,NONE,NONE
864683,PAPER WITH TIPS,1,NONE,NONE
864833,JOB PAPERS 1.25",1,NONE,NONE
8650,LARGE GLASS,5,NOVELTY,NOVELTY
865324000118,HEMP2O - PINEAPPLE COCONUT,10,NONE,NONE
865324000125,HEMP2O WATERMELON STRAWBERRY,10,NONE,NONE
867530,50X4 MADURO,6,PRMCIGAR,PREMIUM CIGAR
867531,54X6 NATURAL,6,PRMCIGAR,PREMIUM CIGAR
86885611,BLACK OPS RUBICON,6,PRMCIGAR,PREMIUM CIGAR
869327000397,ASYLUM 13 MEDULLA 52X6,6,PRMCIGAR,PREMIUM CIGAR
869487000015,HEMP2O STRAWBERRY,10,NONE,NONE
869487000022,HEMP2 GRAPE,10,NONE,NONE
869487000039,HEMP2O PASSION FRUIT,10,NONE,NONE
869487000046,HEMP2O - RASPBERRY LIME,10,NONE,NONE
8710622600701,H.M.EXCALIBUR 20ct,6,PRMCIGAR,PREMIUM CIGAR
8710622603863,HOYO DE MONTERREY,6,PRMCIGAR,PREMIUM CIGAR
8715144009230,CONES,1,NONE,NONE
8719,GLASS OIL RIG,5,NOVELTY,NOVELTY
8720,GLASS OIL RIG SMALL,5,NOVELTY,NOVELTY
8720400000210,CAFE CREME,6,PRMCIGAR,PREMIUM CIGAR
8720400000425,CAFE CREME BLUE,6,PRMCIGAR,PREMIUM CIGAR
8720400083572,CAFE CREME AROME,6,PRMCIGAR,PREMIUM CIGAR
872083000044,NEOS JAVA,6,PRMCIGAR,PREMIUM CIGAR
872083000068,EXOTIC NEOS,6,PRMCIGAR,PREMIUM CIGAR
872083000228,NEOS CAPACINO,6,PRMCIGAR,PREMIUM CIGAR
872083000235,EXOTIC NEOS,6,PRMCIGAR,PREMIUM CIGAR
872083000280,NEOS VANILLA,6,PRMCIGAR,PREMIUM CIGAR
872083000310,NEOS CHOCLATE(BROWN),6,PRMCIGAR,PREMIUM CIGAR
872083000372,NEOS CHERRY,6,PRMCIGAR,PREMIUM CIGAR
873594000073,INCENSE,5,NOVELTY,NOVELTY
873594001278,INCENSE,5,NOVELTY,NOVELTY
873887003224,PICCOLO PT,1,NONE,NONE
874411000672,CHEYENNE FF LITTLE CIGAR CARTO,4,CIGARCTN,CIGAR CRTN
874411001532,AURA ROBUST RED,2,CGRTPACK,CIGRT PACK
874411001549,AURA RADIANT GOLD,2,CGRTPACK,CIGRT PACK
874411001556,AURA SKY BLUE,2,CGRTPACK,CIGRT PACK
874411001563,AURA MENTHOL GLEN,2,CGRTPACK,CIGRT PACK
874411001570,AURA ROBUST RED,3,1,CIG CARTON
874411001587,AURA RADIANT GOLD,3,1,CIG CARTON
874411001594,AURA SKY BLUE,3,1,CIG CARTON
874411001600,AURA MENTHOL GLEN,3,1,CIG CARTON
874411001884,CHEYENNE SWTIP LITTLE CIGAR,4,CIGARCTN,CIGAR CRTN
874411001885,CHEYENNE WCherry LITTLE CIGAR,4,CIGARCTN,CIGAR CRTN
874863004563,EZ - LIGHTER/SPLITTER,5,NOVELTY,NOVELTY
8750,CE4 KANGERTECH TANKS,5,NOVELTY,NOVELTY
87500,50% OFF 50G ALFAKHER,HOOKAH,NONE,NONE
875008007531,STRAWBERRY CANDLE,5,NOVELTY,NOVELTY
875008007715,COOL CITRUS BASIL CANDLE,5,NOVELTY,NOVELTY
875008007760,PUMPKIN SPICE CANDLE,5,NOVELTY,NOVELTY
875008007807,CREME BRULEE CANDLE,5,NOVELTY,NOVELTY
875008007814,PINEAPPLE CANDLE,5,NOVELTY,NOVELTY
875008007883,CHRISTMAS CUPCAKE CANDLE,5,NOVELTY,NOVELTY
875200,50% OFF STARBUZZ 50G,HOOKAH,NONE,NONE
875201,50% OFF 250g STARBUZZ,HOOKAH,NONE,NONE
875400,50% BLACK STARBUZZ 50G,HOOKAH,NONE,NONE
875600,50% OFF STARBUZZ 100G,HOOKAH,NONE,NONE
876258000013,650 THE BOURBAN,6,PRMCIGAR,PREMIUM CIGAR
876258000945,HOPZ,6,PRMCIGAR,PREMIUM CIGAR
8765309,VERTIGO DUET,5,NOVELTY,NOVELTY
876742000000,BLUE CONNECTICUT,6,PRMCIGAR,PREMIUM CIGAR
876742000017,ACID GOD SUMATRA TIN,6,PRMCIGAR,PREMIUM CIGAR
876742000215,UNDERCROWN GRAN TORO,6,PRMCIGAR,PREMIUM CIGAR
876742000253,UNDERCROWN MAD ROBUSTO,6,PRMCIGAR,PREMIUM CIGAR
876742000505,CORONA VIVA,6,PRMCIGAR,PREMIUM CIGAR
876742000598,TABAK COLADA NEGRA,6,PRMCIGAR,PREMIUM CIGAR
876742000628,TORO NEGRA,6,PRMCIGAR,PREMIUM CIGAR
876742000734,TABAK ESPECIAL CORONA,6,PRMCIGAR,PREMIUM CIGAR
876742000741,Tabak Special  Robusto Dulce,6,PRMCIGAR,PREMIUM CIGAR
876742000758,TABAK ESPECIAL TORO DULCE,6,PRMCIGAR,PREMIUM CIGAR
876742000802,TABAK ESPECIAL MADURO,6,PRMCIGAR,PREMIUM CIGAR
876742000826,TABAK ESPECIAL MAD TIN,6,PRMCIGAR,PREMIUM CIGAR
876742001021,AMBROSIA CLOVE TIKI,6,PRMCIGAR,PREMIUM CIGAR
876742001052,ACID KUBA KUBA TUBE,6,PRMCIGAR,PREMIUM CIGAR
876742001106,ACID ATOM MADURO,6,PRMCIGAR,PREMIUM CIGAR
876742001120,ACID COLD INFUSION,6,PRMCIGAR,PREMIUM CIGAR
876742001137,ACID BLONDIE ORIGINAL,6,PRMCIGAR,PREMIUM CIGAR
876742001144,ACID KUBA KUBA,6,PRMCIGAR,PREMIUM CIGAR
876742001151,ACID1400 CC,6,PRMCIGAR,PREMIUM CIGAR
876742001168,ACID KING CAMARON,6,PRMCIGAR,PREMIUM CIGAR
876742001175,ACID WAFE,6,PRMCIGAR,PREMIUM CIGAR
876742001182,ACID ROAM,6,PRMCIGAR,PREMIUM CIGAR
876742001199,ACID EXTRA ORDINARY LARRY,6,PRMCIGAR,PREMIUM CIGAR
876742001205,ACID CNOTES - CIGARILLOS,6,PRMCIGAR,PREMIUM CIGAR
876742001212,ACID ONE,6,PRMCIGAR,PREMIUM CIGAR
876742001519,ACID TOAST,6,PRMCIGAR,PREMIUM CIGAR
876742001700,ACID DEEP DISH,6,PRMCIGAR,PREMIUM CIGAR
876742001762,ACID 3 FAT TIPS,6,PRMCIGAR,PREMIUM CIGAR
876742001786,ACID 3 FAT TIPS,6,PRMCIGAR,PREMIUM CIGAR
876742001809,ACID 3 FAT TIPS,6,PRMCIGAR,PREMIUM CIGAR
876742001823,ACID 3 FAT TIPS,6,PRMCIGAR,PREMIUM CIGAR
876742001922,ACID KUBA KUBA,6,PRMCIGAR,PREMIUM CIGAR
876742001946,ACID BLONDIE BELICOSO,6,PRMCIGAR,PREMIUM CIGAR
876742002561,ACID KUBA KUBA,6,PRMCIGAR,PREMIUM CIGAR
876742002820,DREW ESTATE 1 EGG,6,PRMCIGAR,PREMIUM CIGAR
876742002837,LARUTAN EGG MADURO,6,PRMCIGAR,PREMIUM CIGAR
876742002899,DREW ESTATE NATURAL DIRT,6,PRMCIGAR,PREMIUM CIGAR
876742002905,NATURAL DIRT TORPEDO,6,PRMCIGAR,PREMIUM CIGAR
876742002981,ENGLISH 6X52,6,PRMCIGAR,PREMIUM CIGAR
876742003070,BLONDIE MADURO,6,PRMCIGAR,PREMIUM CIGAR
876742003414,KFCC PONIES TIN,6,PRMCIGAR,PREMIUM CIGAR
876742003582,KYOTOS,6,PRMCIGAR,PREMIUM CIGAR
876742004022,ROBUSTO GRANDE NORTENO,6,PRMCIGAR,PREMIUM CIGAR
876742004046,NORTENO TORO,6,PRMCIGAR,PREMIUM CIGAR
876742004060,UNDERCROWN MAD FLYING PIG,6,PRMCIGAR,PREMIUM CIGAR
876742004176,UNDERCROWN SHADE GRAN TORO,6,PRMCIGAR,PREMIUM CIGAR
876742004183,ROBUSTO SHADE,6,PRMCIGAR,PREMIUM CIGAR
876742004329,NORTENO CHURCHILL LIMITADA,6,PRMCIGAR,PREMIUM CIGAR
876742004367,UNDERCROWN SHADE TIN,6,PRMCIGAR,PREMIUM CIGAR
876742004480,SWAMP THANG TORO,6,PRMCIGAR,PREMIUM CIGAR
876742004497,SWAMP THANG ROBUSTO,6,PRMCIGAR,PREMIUM CIGAR
876742004527,UNDERCROWN MADURO TIN,6,PRMCIGAR,PREMIUM CIGAR
876742004732,SWAMP RAT,6,PRMCIGAR,PREMIUM CIGAR
876742004749,ACID CANDELLA TIN,6,PRMCIGAR,PREMIUM CIGAR
876742004855,UNDERCROWN JR CHURCHILL,6,PRMCIGAR,PREMIUM CIGAR
876742005098,DEADWOOD SWEET JANE,6,PRMCIGAR,PREMIUM CIGAR
876742005111,CRAZY ALICE deadwood,6,PRMCIGAR,PREMIUM CIGAR
876742005135,FAT BOTTOM BETTY ROBUSTO,6,PRMCIGAR,PREMIUM CIGAR
876742005234,PAPPY VAN WINKLE TORO,6,PRMCIGAR,PREMIUM CIGAR
876742008518,ACID FRESH BLONDE,6,PRMCIGAR,PREMIUM CIGAR
876742008525,ACID KUBA KUBA,6,PRMCIGAR,PREMIUM CIGAR
876742008969,JOYADE CABINETTA,6,PRMCIGAR,PREMIUM CIGAR
876742008983,UNDERCROWN DOGMA MAD,6,PRMCIGAR,PREMIUM CIGAR
876742009003,LIGA PRIVADA PAPAS FRITAS,6,PRMCIGAR,PREMIUM CIGAR
876742009140,SHADE FLYING PIG,6,PRMCIGAR,PREMIUM CIGAR
876742009508,liga pravada,6,PRMCIGAR,PREMIUM CIGAR
876742009539,HERRERA ESTELI TORO,6,PRMCIGAR,PREMIUM CIGAR
876742009553,HERRERA ESTELI ROBUSTO,6,PRMCIGAR,PREMIUM CIGAR
876742009614,HERRERA ESTELI LONSDALE,6,PRMCIGAR,PREMIUM CIGAR
876742009690,JUST A FRIEND 6X52,6,PRMCIGAR,PREMIUM CIGAR
876742009713,FAT MOLLY,6,PRMCIGAR,PREMIUM CIGAR
876742009737,KFC CHUNKY 4X46,6,PRMCIGAR,PREMIUM CIGAR
876742009812,DREW ESTATE BLACK,1,NONE,NONE
876742009829,DREW ESTATE CHERRY,1,NONE,NONE
876742009836,DREW STATE GATSBY,1,NONE,NONE
876742009843,DREW ESTATE HARVEST ON,1,NONE,NONE
876742009850,DREW ESTATE GRAND CENTRAL,1,NONE,NONE
876742009867,DREW ESTATE MEAT PIE,1,NONE,NONE
876742009874,DREW ESTATE BLONDE,1,NONE,NONE
876742009881,DREW ESTATE CENTRAL,1,NONE,NONE
87878585,N520 KAMRY,5,NOVELTY,NOVELTY
87878789,VAMO 5 E CIG KIT,5,NOVELTY,NOVELTY
8787879,AEROTANK,5,NOVELTY,NOVELTY
87878790,VAMO 5 BODY,5,NOVELTY,NOVELTY
878788,S. O. CONNECTICUT,6,PRMCIGAR,PREMIUM CIGAR
878945,PREMIUM HOUSE GORDO MADURO,6,PRMCIGAR,PREMIUM CIGAR
8792,MINI GLASS RIG,5,NOVELTY,NOVELTY
879502,NEW CUBA CHURCHILL,6,PRMCIGAR,PREMIUM CIGAR
879790000282,ANCIENT WARRIOR,6,PRMCIGAR,PREMIUM CIGAR
879790000527,ROBUSTO HABANO,6,PRMCIGAR,PREMIUM CIGAR
879790001326,GURKHA DRAGON CHURCHILL,6,PRMCIGAR,PREMIUM CIGAR
879790001418,GURKHA MONOGRAM ROBUSTO,6,PRMCIGAR,PREMIUM CIGAR
879790001661,GURKHA ASSASSIN,6,PRMCIGAR,PREMIUM CIGAR
879790001715,GURKHA EVIL TORPEDO,6,PRMCIGAR,PREMIUM CIGAR
879790002323,NINJA PERFECTO,6,PRMCIGAR,PREMIUM CIGAR
879790004013,ROYAL CHALLEGE CONNECTICUT,6,PRMCIGAR,PREMIUM CIGAR
879790004273,CELLAR 15Y KOI,6,PRMCIGAR,PREMIUM CIGAR
879790004310,CELLAR RESERVE KRAKEN XO,6,PRMCIGAR,PREMIUM CIGAR
879790004495,GHOST EXORCIST 6X60,6,PRMCIGAR,PREMIUM CIGAR
879790004600,RED WITCH ROBUSTO,6,PRMCIGAR,PREMIUM CIGAR
879790005034,GHOST 5/4PACKS,6,PRMCIGAR,PREMIUM CIGAR
879790005355,PRIZE FIGHTERS NATURAL ROBUSTO,6,PRMCIGAR,PREMIUM CIGAR
879790005362,GURKHA FIGHTERS,6,PRMCIGAR,PREMIUM CIGAR
879790005379,GURKHA FIGHTER,6,PRMCIGAR,PREMIUM CIGAR
879790005386,PRIZE FIGHTER NATURAL BUNDLE,6,PRMCIGAR,PREMIUM CIGAR
879790005416,GURKHA PRIZE FIGHTER,6,PRMCIGAR,PREMIUM CIGAR
879790005607,HAVANA LEGEND ROBUSTO,6,PRMCIGAR,PREMIUM CIGAR
879790005911,CELLAR LIMITADA KRAKEN XO,6,PRMCIGAR,PREMIUM CIGAR
879790005959,CELLAR LIMITADA SOLARA,6,PRMCIGAR,PREMIUM CIGAR
879790006055,GURKHA ROGUE,6,PRMCIGAR,PREMIUM CIGAR
879790006741,CLASSIC HAVANA TORO,6,PRMCIGAR,PREMIUM CIGAR
879790007380,CELLAR 12Y SOLARA,6,PRMCIGAR,PREMIUM CIGAR
879790007724,GURKHASAMPLER PACK 6,6,PRMCIGAR,PREMIUM CIGAR
879790008240,CELLAR 21Y SOLARA,6,PRMCIGAR,PREMIUM CIGAR
879790008943,HERITAGE MAD ROBUSTO,6,PRMCIGAR,PREMIUM CIGAR
879982001622,1839 MENTHOL 100S L/CIGAR CTN,1,NONE,NONE
879982001660,1839 LITTLE CIGAR MENTH PK,1,NONE,NONE
879982004197,TRAFFIC SMOOTH BLUE BAG,1,NONE,NONE
879982004203,TRAFFIC F/F RED BAG,1,NONE,NONE
879982004210,TRAFFIC MENTHOL GREEN BAG,1,NONE,NONE
8876,NAGCHAMPA HERBAL SOAP,5,NOVELTY,NOVELTY
8877,LEMON LIME SOAP,5,NOVELTY,NOVELTY
8878,HOOKAH HOSE,5,NOVELTY,NOVELTY
8879,WHITE HOOKAH HOSE,5,NOVELTY,NOVELTY
887969004887,BLU CLASSIC TANK,1,NONE,NONE
887969004900,BLU MENTHOL TANK,5,NOVELTY,NOVELTY
887969004931,BLU CHERRY CRUSH TANK,5,NOVELTY,NOVELTY
887969004962,VIVD VANILLA,1,NONE,NONE
887969005105,BLU PLUS KIT,5,NOVELTY,NOVELTY
887969005136,BLU PLUS EXPRESS KIT,5,NOVELTY,NOVELTY
887969005297,BLU VANILLA,1,NONE,NONE
887969007222,BLU DISPOSABLE,6,PRMCIGAR,PREMIUM CIGAR
887969008847,MY BLU STARTER KIT,1,NONE,NONE
887969008908,MY BLU,1,NONE,NONE
887969009028,MY BLU,1,NONE,NONE
887969009066,MY BLU,1,NONE,NONE
887969009127,MY BLU,1,NONE,NONE
887969009189,MY BLU,1,NONE,NONE
887969009882,BLU INTENSE CITRA ZING 2.5%,1,NONE,NONE
887969009981,MY BLU INTENSE MELON TIME 4%,1,NONE,NONE
887969010000,BLU INTENSE NEON DREAM 4%,1,NONE,NONE
887969010024,BLU INTENSE CITRA ZING 4%,1,NONE,NONE
887969010048,BLU INTENSE HONEYMOON 4%,1,NONE,NONE
887969010789,BLU INTENSE TOBACCO,1,NONE,NONE
887969010826,BLU INTENSE MINT-SATION,1,NONE,NONE
887969011083,MY BLUE DEVICE ONLY,1,NONE,NONE
887969011243,MY BLUE FRESH MINT,1,NONE,NONE
887969011649,Zone Dragon fruit 6MG,CHEW CAN,NONE,NONE
887969011663,Zone Dragon fruit 9MG,CHEW CAN,NONE,NONE
887969011687,CITRUS  9MG Zone,CHEW CAN,NONE,NONE
887969011700,Zone Mint 9MG,CHEW CAN,NONE,NONE
887969011724,Peppermint 9MG Zone,CHEW CAN,NONE,NONE
887969011748,Zone spearmint 9MG,CHEW CAN,NONE,NONE
887969011762,Zone wintergreen 9MG,CHEW CAN,NONE,NONE
887969011786,Zone Tobacco 9MG,CHEW CAN,NONE,NONE
887969011809,CITRUS  6MG Zone,CHEW CAN,NONE,NONE
887969011823,Zone Mint 6MG,CHEW CAN,NONE,NONE
887969011847,Peppermint 6MG Zone,CHEW CAN,NONE,NONE
887969011861,Zone spearmint 6MG,CHEW CAN,NONE,NONE
887969011885,Zone Wintergreen 6MG,CHEW CAN,NONE,NONE
887969011908,Zone Tobacco 6MG,CHEW CAN,NONE,NONE
887969011984,Zone Wintergreen 6MG $.50 off,CHEW CAN,NONE,NONE
887969012042,Zone wintergreen 9MG $.50 off,CHEW CAN,NONE,NONE
887969012103,Zone Dragon fruit 6MG $.50 off,CHEW CAN,NONE,NONE
887969012165,Zone Dragon fruit 9MG $.50 off,CHEW CAN,NONE,NONE
887969012301,zone 9mg,CHEW CAN,NONE,NONE
887969012325,zone 6mg,CHEW CAN,NONE,NONE
8881,NATURAL MASALA INCENSE,5,NOVELTY,NOVELTY
88856,EMOW KANGER AERO TANK,5,NOVELTY,NOVELTY
88857,EMOW AIR FLOW TANK,5,NOVELTY,NOVELTY
888787,PRIVATE STOCK,6,PRMCIGAR,PREMIUM CIGAR
8888,INCENSE HOLDER,5,NOVELTY,NOVELTY
88891,TORCHE LIGHTER,5,NOVELTY,NOVELTY
88893,LARGE WOOD PIPE,5,NOVELTY,NOVELTY
888941,C4 CLEAROMIZER,5,NOVELTY,NOVELTY
8899,GRIFFINS TORO,6,PRMCIGAR,PREMIUM CIGAR
88GIFTM5,GIFT PACK #88 MAD,6,PRMCIGAR,PREMIUM CIGAR
8901678014448,AGRAHATHI NAG CHAMPA 15G,5,NOVELTY,NOVELTY
8901802001023,NAG CHAMPA BLUE INCENSE,5,NOVELTY,NOVELTY
8901802001030,NAG CAHMPA 50G,5,NOVELTY,NOVELTY
8901802001078,NAG CHAMPA 5lb,5,NOVELTY,NOVELTY
8901802002020,NAG CHAMPA BLACK - SUPER HIT,5,NOVELTY,NOVELTY
8901802029478,Nag Champa,5,NOVELTY,NOVELTY
8901810001619,INCENSE,5,NOVELTY,NOVELTY
8901810003019,INCENSE,5,NOVELTY,NOVELTY
8902264004904,INCENSE,5,NOVELTY,NOVELTY
8902264006458,INCENSE,5,NOVELTY,NOVELTY
8902264010011,INCENSE,5,NOVELTY,NOVELTY
8902264010455,INCENSE,5,NOVELTY,NOVELTY
8902264010752,INCENSE,5,NOVELTY,NOVELTY
8902264011124,INCENSE,5,NOVELTY,NOVELTY
8902264011445,INCENSE,5,NOVELTY,NOVELTY
8902264016464,INCENSE,5,NOVELTY,NOVELTY
8902955105712,NAG CHAMPA DRAGON BLOOD,5,NOVELTY,NOVELTY
8902955105743,PPURE MONEY,5,NOVELTY,NOVELTY
8902955106535,NAG CHAMPA KAMASUTRA,5,NOVELTY,NOVELTY
8902955106610,NAG CHAMPA COPAL INCENSE,5,NOVELTY,NOVELTY
8902955106771,NAGCHAMPA PATCHOULI,5,NOVELTY,NOVELTY
8902955106979,NAG CHAMPA CANNABIS,5,NOVELTY,NOVELTY
8902955107433,DRACULA''S BLOOD,5,NOVELTY,NOVELTY
8904234400884,nag champa mantram,5,NOVELTY,NOVELTY
8904234401386,NATURAL SANDAL,5,NOVELTY,NOVELTY
8904234401409,NAGCHAMPA PATCHOULI,5,NOVELTY,NOVELTY
8904234401515,NATURAL LAVENDER,5,NOVELTY,NOVELTY
8904234401683,NAGCHAMPA JASMINE,5,NOVELTY,NOVELTY
8904234402475,NAG CHAMPA DRAGON''S BLOOD,5,NOVELTY,NOVELTY
8904234402499,NAG CHAMPA CALIFORNIA SAGE,5,NOVELTY,NOVELTY
8904234402635,NAG CHAMPA MONEY MATRIX,5,NOVELTY,NOVELTY
8904234404646,nag champa sandalwood,5,NOVELTY,NOVELTY
8904234404660,nag champa palo santo,5,NOVELTY,NOVELTY
8904234405063,Satya Rose Incense,5,NOVELTY,NOVELTY
8904234405209,NAG CHAMPA BLACK OPIUM,5,NOVELTY,NOVELTY
8904234405223,NAG CHAMPA FRANKINCENSE,5,NOVELTY,NOVELTY
8904234405728,nag champa copal,5,NOVELTY,NOVELTY
8904245400477,NAG CHAMPA BLUE,5,NOVELTY,NOVELTY
8906002457953,Vampire Blood Incense,5,NOVELTY,NOVELTY
8906015302219,SRI SAI FLORA INCENSE,5,NOVELTY,NOVELTY
8906034360214,NAG CHAMPA - KAMASUTRA INCENSE,5,NOVELTY,NOVELTY
8906034360344,NAG CHAMPA SANDALWOOD,5,NOVELTY,NOVELTY
890909005035,ORTEGA SERIE D NO 8,6,PRMCIGAR,PREMIUM CIGAR
890909005042,O.D NO 10,6,PRMCIGAR,PREMIUM CIGAR
890909005059,O.S. NO 12,6,PRMCIGAR,PREMIUM CIGAR
890909005172,ORTEGA D 20,6,PRMCIGAR,PREMIUM CIGAR
892,UPRIGHT GLASS,5,NOVELTY,NOVELTY
894135001144,GOOD STUFF MENTHOL CIG-TOBACCO,1,NONE,NONE
894236004808,ZPLUS EXTREME LIGHTER INSERT,5,NOVELTY,NOVELTY
894236004839,LOTUS T3B BLACK & CHROME,5,NOVELTY,NOVELTY
894236007007,LOTUS T3G GUN,5,NOVELTY,NOVELTY
894236007014,lotus butane 90ml,5,NOVELTY,NOVELTY
894236007182,LOTUS PREMIUM BUTANE,5,NOVELTY,NOVELTY
894236009308,VERTIGO VICTORY V-CUTTER,5,NOVELTY,NOVELTY
894236009483,BIG BOY 64RING CUTTER,5,NOVELTY,NOVELTY
894236010236,CYCLONE TORCH,5,NOVELTY,NOVELTY
894236010632,Tee Time vertigo Golf Lighter,5,NOVELTY,NOVELTY
894236011905,LOTUS T3,5,NOVELTY,NOVELTY
894236011906,LOTUS T3,5,NOVELTY,NOVELTY
894236011929,11MM CUT PUNCH,5,NOVELTY,NOVELTY
894236012476,BIG DADDY 80RING CUTTER,5,NOVELTY,NOVELTY
894236012513,Vertigo Champ,5,NOVELTY,NOVELTY
894236012889,VERTIGO TORPEDO,5,NOVELTY,NOVELTY
894236013534,vertigo lighter,5,NOVELTY,NOVELTY
894236013589,HORNET TORCH LIGHTER,5,NOVELTY,NOVELTY
894236013947,VERTIGO GLOCK,5,NOVELTY,NOVELTY
894236014098,VERTIGO LIL BRO,5,NOVELTY,NOVELTY
894236014203,Buddy beer vertigo lighter,5,NOVELTY,NOVELTY
894236014241,CUT600,5,NOVELTY,NOVELTY
894236014258,CUT600 CUTTER,5,NOVELTY,NOVELTY
894236014401,VERTIGO STINGER,5,NOVELTY,NOVELTY
894236014579,ROCKET TORCH,5,NOVELTY,NOVELTY
894236014654,LOTUS CUT 601,5,NOVELTY,NOVELTY
894236014661,LOTUS CUT602,5,NOVELTY,NOVELTY
894236014678,LOTUS CUT603,5,NOVELTY,NOVELTY
894236014692,VERTIGO SERPENT,5,NOVELTY,NOVELTY
894236015460,LOTUS 62 RG CIGAR CASE,5,NOVELTY,NOVELTY
894236015514,vertigo cigar buddy cutter,5,NOVELTY,NOVELTY
894236015569,LOTUS CUT 606,5,NOVELTY,NOVELTY
894236015613,RENEGADE GIFT SET HUMIDOR,5,NOVELTY,NOVELTY
894236015897,CUTV100 CUTTER,5,NOVELTY,NOVELTY
894236016030,Vertigo Cyclone 3 gift set,5,NOVELTY,NOVELTY
894236016061,WARRIOR TORCH,5,NOVELTY,NOVELTY
894236016269,LOTUS 70 RG CIGAR CASE,5,NOVELTY,NOVELTY
894236016320,Lotus Humitifier pouch,5,NOVELTY,NOVELTY
894236016443,GEMINI TORCH,5,NOVELTY,NOVELTY
894236016689,L6700 lotus67 lighter,5,NOVELTY,NOVELTY
894236016696,L6710 Lotus67 lighter,5,NOVELTY,NOVELTY
894236016764,VERTIGO USB LIGHTER,5,NOVELTY,NOVELTY
894236016931,GOLIAH BIG BUDDAH LIGHTER,5,NOVELTY,NOVELTY
894236016962,LOTUS 62 RG CARBONFIBER CASE,5,NOVELTY,NOVELTY
894236016979,LOTUS 70RG CARBONFIBER CASE,5,NOVELTY,NOVELTY
894236017013,VERTIGO IRONMAN 70G,5,NOVELTY,NOVELTY
894236018027,VERTIGO HAWK,5,NOVELTY,NOVELTY
894236018454,LOTUS CUT 608,5,NOVELTY,NOVELTY
894236018461,LOTUS CUT609,5,NOVELTY,NOVELTY
894236018508,HANGMAN V CUTTER,5,NOVELTY,NOVELTY
894236018553,LOTUS 3 FINGER cigar CASE,5,NOVELTY,NOVELTY
894236018973,ZEUS PREPACK LIGHTER,5,NOVELTY,NOVELTY
894236019000,VERTIGO HADES TORCH,5,NOVELTY,NOVELTY
894236020235,LOTUS 10CT HUMIDOR,5,NOVELTY,NOVELTY
894236020297,vertigo glasshopper,5,NOVELTY,NOVELTY
894236020440,VERTIGO Pinnacle Cutter,5,NOVELTY,NOVELTY
894236020990,Zephyr vertigo lighter kit,5,NOVELTY,NOVELTY
894236021195,LOTUS ANERICAN FLAG CUTTER,5,NOVELTY,NOVELTY
894236024127,LOTUS 150ML BUTANE CAN,5,NOVELTY,NOVELTY
894903001017,PORTABLE HUMIDIFIERS,5,NOVELTY,NOVELTY
895,SQUARE GLASS,5,NOVELTY,NOVELTY
8952,VINTAGE 2002,6,PRMCIGAR,PREMIUM CIGAR
895301001326,TWEAKER MANGO PEACH SHOTS,10,NONE,NONE
895660,PARTIAL CHAR,5,NOVELTY,NOVELTY
89600,50% OFF AL FAKHER,HOOKAH,NONE,NONE
89601,DOUBLE LIGERO DIGGER mad,6,PRMCIGAR,PREMIUM CIGAR
896605000039,BRANIFF NO 2,6,PRMCIGAR,PREMIUM CIGAR
896605000091,VILLIGER EXPORT,6,PRMCIGAR,PREMIUM CIGAR
8989891,XICAR TRAVEL HUMIDOR,5,NOVELTY,NOVELTY
8989895,S1000,5,NOVELTY,NOVELTY
8989897,CORAZON,6,PRMCIGAR,PREMIUM CIGAR
8993,REPOSADO,6,PRMCIGAR,PREMIUM CIGAR
899561130024,AVIDVAPE MEGA COLA,5,NOVELTY,NOVELTY
899561130031,AVIDVAPE MEGA STRAW SHAKE,5,NOVELTY,NOVELTY
899561130048,AVIDVAPE MEGA PINA COLODA,5,NOVELTY,NOVELTY
899561130055,AVIDVAPE MEGA MANGO,5,NOVELTY,NOVELTY
899561130062,AVIDVAPE MEGA LUSH ICE,5,NOVELTY,NOVELTY
899561130086,AVIDVAPE MEGA GRAPE,5,NOVELTY,NOVELTY
899561130093,AVIDVAPE MEGA COOL MINT,5,NOVELTY,NOVELTY
899561130109,AVIDVAPE MEGA BLUE RASP ICE,5,NOVELTY,NOVELTY
899561130116,AVIDVAPE MEGA RED BULL ICE,5,NOVELTY,NOVELTY
899561130123,AVIDVAPE MEGA GUMMY BEAR,5,NOVELTY,NOVELTY
900,GURKHA LEGEND 5PK,6,PRMCIGAR,PREMIUM CIGAR
900153,AF FORB XCARBON FIBER CASE,5,NOVELTY,NOVELTY
900156,ANGEL SHARE CARBON FIBER CASE,5,NOVELTY,NOVELTY
90023,5pk 1.8ohm KANGER DUAL COIL,5,NOVELTY,NOVELTY
9003003,VERTIGO CUTTER,5,NOVELTY,NOVELTY
900500,DOUBLE LIGERO DL600 MAD,6,PRMCIGAR,PREMIUM CIGAR
900501,DL-654 DOUBLE LIGERO,6,PRMCIGAR,PREMIUM CIGAR
900502,LFD L-500 CABINET LIGERO,6,PRMCIGAR,PREMIUM CIGAR
900504,F LANCERO,6,PRMCIGAR,PREMIUM CIGAR
900506,MADURO NO.10,6,PRMCIGAR,PREMIUM CIGAR
900507,SIGNATURE FIGURADO,6,PRMCIGAR,PREMIUM CIGAR
900508,TSUNAMI CLONE,5,NOVELTY,NOVELTY
900510,ATT3 CLONE,5,NOVELTY,NOVELTY
900511,CLONE VALOCITY V2,5,NOVELTY,NOVELTY
900512,BAALV2 CLONE,5,NOVELTY,NOVELTY
900514,T.MESSV2 CLONE,5,NOVELTY,NOVELTY
900516,TEMPLE CLONE RDA,5,NOVELTY,NOVELTY
900517,V4S CLONE,5,NOVELTY,NOVELTY
900518,PIRATE RUMRUNNER,6,PRMCIGAR,PREMIUM CIGAR
900521,CHISELITO MAUDORO,6,PRMCIGAR,PREMIUM CIGAR
900522,DOUBLE CLARO NO 50,6,PRMCIGAR,PREMIUM CIGAR
900523,CHAPTER 1 CHISEL,6,PRMCIGAR,PREMIUM CIGAR
900524,EL JOCKO MADURO,6,PRMCIGAR,PREMIUM CIGAR
900600,1994 ALDABA 58X6 1/2,6,PRMCIGAR,PREMIUM CIGAR
9006020,CRYSTAL TUBO ROBUSTO,6,PRMCIGAR,PREMIUM CIGAR
901,MISSOURI MEERSCHAUM,3,1,CIG CARTON
905003,WINSTON BLACK KING,2,CGRTPACK,CIGRT PACK
90502,GIBRALTAR PERFECTO,6,PRMCIGAR,PREMIUM CIGAR
905023,WINSTON BLACK 100,2,CGRTPACK,CIGRT PACK
905043,WINSTON GREEN BX SHORT,2,CGRTPACK,CIGRT PACK
905273,Kool Black king menthol black,2,CGRTPACK,CIGRT PACK
905283,Kool Black 100 Menthol black,2,CGRTPACK,CIGRT PACK
905293,WINSTON SELECT KING,2,CGRTPACK,CIGRT PACK
905303,WINSTON SELECT FULL 100,2,CGRTPACK,CIGRT PACK
905313,WINSTON SELECT MELLOW KING,2,CGRTPACK,CIGRT PACK
905323,WINTON SELECT MELLOW 100,2,CGRTPACK,CIGRT PACK
905873,KOOL BLUE 100,2,CGRTPACK,CIGRT PACK
905953,SALEM SILVER BX,2,CGRTPACK,CIGRT PACK
905963,SALEM SILVER 100,2,CGRTPACK,CIGRT PACK
906023,MONTCLAIR BLACK KING,2,CGRTPACK,CIGRT PACK
906113,USA GOLD RED 100 BX,2,CGRTPACK,CIGRT PACK
906163,USA GOLD RED BX,2,CGRTPACK,CIGRT PACK
906173,USA GOLD LIGHT BX,2,CGRTPACK,CIGRT PACK
906383,FORTUNA RED BX,2,CGRTPACK,CIGRT PACK
906393,FORTUNA BLUE BX,2,CGRTPACK,CIGRT PACK
906423,FORTUNA SILVER 100BX,2,CGRTPACK,CIGRT PACK
906693,SONOMA MENTHOL 100 BX,2,CGRTPACK,CIGRT PACK
906763,SONOMA RED KINGS BX,2,CGRTPACK,CIGRT PACK
906773,SONOMA FF 100BX PK,2,CGRTPACK,CIGRT PACK
906843,SONOMA GOLD BX PK,2,CGRTPACK,CIGRT PACK
906853,SONOMA GOLD 100 BX PK,2,CGRTPACK,CIGRT PACK
906933,MONTCLAIR FF BLACK 100 BX,2,CGRTPACK,CIGRT PACK
906953,MONTCLAIR BLUE 100 BX,2,CGRTPACK,CIGRT PACK
906963,MONTCLAIR SILVER 100BX,2,CGRTPACK,CIGRT PACK
906973,MONTCLAIR MENTHOL 100 BX,2,CGRTPACK,CIGRT PACK
9090904,FLUID LIGHTER,5,NOVELTY,NOVELTY
9090906,SCORCH TORCH,5,NOVELTY,NOVELTY
910,NORTENO,6,PRMCIGAR,PREMIUM CIGAR
910012,CHARTER OAK SHADE TORO,6,PRMCIGAR,PREMIUM CIGAR
910013,EL GUEGUENSE MAD TORO,6,PRMCIGAR,PREMIUM CIGAR
910014,CHARTER OAK MAD TORO,6,PRMCIGAR,PREMIUM CIGAR
910015,CHARTER OAK MAD GRANDE,6,PRMCIGAR,PREMIUM CIGAR
910016,EXQUISITOS MAD,6,PRMCIGAR,PREMIUM CIGAR
910019,CHARTER OAK SHADE GRANDE,6,PRMCIGAR,PREMIUM CIGAR
91006,CHATER OAK SHADE GRANDE,6,PRMCIGAR,PREMIUM CIGAR
912202,AF ROCKS GLASS,5,NOVELTY,NOVELTY
913680,CHIYOU MOD,5,NOVELTY,NOVELTY
91383096210,PANZER V2 MOD,5,NOVELTY,NOVELTY
91383096211,CHIYOU MOD,5,NOVELTY,NOVELTY
9138309622,AEROTANK V2,5,NOVELTY,NOVELTY
9138309624,SIR LANCELOT,5,NOVELTY,NOVELTY
9138309625,SCORPION MOD,5,NOVELTY,NOVELTY
9138309627,V3 FLIP MOD,5,NOVELTY,NOVELTY
9138309628,AR MOD,5,NOVELTY,NOVELTY
918810,A FATHER AND HIS SON SAMPLER,6,PRMCIGAR,PREMIUM CIGAR
919445,AF CHATUE FUENTE KING T ROSADO,6,PRMCIGAR,PREMIUM CIGAR
92,INCENSE PACK - HAND ROLLED,5,NOVELTY,NOVELTY
926603,AF ANEJO SHARK #66 MAD,6,PRMCIGAR,PREMIUM CIGAR
9392007123181,CURT D8 DISPOSABLE,5,NOVELTY,NOVELTY
950230,CASA CUBA DOBLE DOS 30,6,PRMCIGAR,PREMIUM CIGAR
951236,SUBEGO TC KIT,5,NOVELTY,NOVELTY
952,TITANIUM NAIL,5,NOVELTY,NOVELTY
95500,2012 MAD TORO RED,6,PRMCIGAR,PREMIUM CIGAR
9560,CONCENTRATE ATOMIZER,5,NOVELTY,NOVELTY
95959595,CONCENTRATE ATOMIZER,5,NOVELTY,NOVELTY
959895,WAX KIT,5,NOVELTY,NOVELTY
96969694,REPASADO CT,6,PRMCIGAR,PREMIUM CIGAR
96969696,REPOSADO HAB,6,PRMCIGAR,PREMIUM CIGAR
971151,M10 CARTRIDGES,1,NONE,NONE
971171,M10 CARTRIDGES,1,NONE,NONE
971221,MARK10 KIT E-CIG,1,NONE,NONE
971241,MARK10 KIT,1,NONE,NONE
971381,MARKTEN 2.5 CLASSIC,1,NONE,NONE
971391,MARKTEN 2.5 CLASSIC,1,NONE,NONE
971401,MARKTEN 2.5 MENTHOL,1,NONE,NONE
971411,MARKTEN 2.5 MENTHOL,1,NONE,NONE
971481,MARKTEN XL MENTHOL,1,NONE,NONE
971491,MARKTEN XL CARTRIDGE,1,NONE,NONE
971511,SUMMER FUSION CATRIDGES,1,NONE,NONE
971771,MARKTEN XL CARTRIDGE,1,NONE,NONE
971781,MARKTEN XL CLASSIC,1,NONE,NONE
980101,FF OPUSX BELICOSO,6,PRMCIGAR,PREMIUM CIGAR
980201,F.F. OpusX Petit Lancero,6,PRMCIGAR,PREMIUM CIGAR
980301,FF OPUSX PERFECXION #5,6,PRMCIGAR,PREMIUM CIGAR
980401,FF OPUSx FUE FUE 32,6,PRMCIGAR,PREMIUM CIGAR
980432,FFOX OSCURO FUENTE FUENTE,6,PRMCIGAR,PREMIUM CIGAR
980501,FF OPUSx RESd CHATEAU,6,PRMCIGAR,PREMIUM CIGAR
980530,OPUS X RES D CHATUE TIN,6,PRMCIGAR,PREMIUM CIGAR
980533,FFOX ORO RES DCHATUE TIN,6,PRMCIGAR,PREMIUM CIGAR
980601,FF OPUSX DOUBLE CORONA,6,PRMCIGAR,PREMIUM CIGAR
980704,FF OPUS x ROBUSTO,6,PRMCIGAR,PREMIUM CIGAR
980729,FFOX ORO OSCURO ROBUSTO,6,PRMCIGAR,PREMIUM CIGAR
980730,OPUS X ROBUSTO TIN,6,PRMCIGAR,PREMIUM CIGAR
980733,FFOX ORO ROBUSTO TIN,6,PRMCIGAR,PREMIUM CIGAR
980930,F.F. OPUSX PERFET,6,PRMCIGAR,PREMIUM CIGAR
980932,FFOX ORO OSCURO PART X,6,PRMCIGAR,PREMIUM CIGAR
980933,FFOX ORO PERFECTION TIN,6,PRMCIGAR,PREMIUM CIGAR
981101,FF OPUSX PERFECXION #4,6,PRMCIGAR,PREMIUM CIGAR
981142,FFOX ORO OSCURO PERF #4,6,PRMCIGAR,PREMIUM CIGAR
981201,FF OPUSX SUPER BELICOSO,6,PRMCIGAR,PREMIUM CIGAR
981229,FFOX ORO OSCURO SUP BELICOSO,6,PRMCIGAR,PREMIUM CIGAR
981301,FF OPUSX DOUBLE ROBUSTO,6,PRMCIGAR,PREMIUM CIGAR
981320,FF OPUSx TEMPLO DE ORO#3,6,PRMCIGAR,PREMIUM CIGAR
981342,FFOX ORO OSCORO D.ROBUSTO,6,PRMCIGAR,PREMIUM CIGAR
981401,FF OPUSx PERFECTION #77 SHARK,6,PRMCIGAR,PREMIUM CIGAR
981430,FF OPUSx BABY SHARK,6,PRMCIGAR,PREMIUM CIGAR
981501,F.F OPUSX MAGUM O,6,PRMCIGAR,PREMIUM CIGAR
981601,FF. OPUSx PUSSY CAT,6,PRMCIGAR,PREMIUM CIGAR
981701,OPUSx perfecxion 888,6,PRMCIGAR,PREMIUM CIGAR
981801,FF OPUSx REXIIient,6,PRMCIGAR,PREMIUM CIGAR
981926,FFOX EL TRECE MAGISTRAL 13,6,PRMCIGAR,PREMIUM CIGAR
981930,FFOX ANGELS SHARE,6,PRMCIGAR,PREMIUM CIGAR
982120,FF OPUSx TEMPLO DE ORO#1,6,PRMCIGAR,PREMIUM CIGAR
983105,FFOX BELICOSO XXX VIN 2014,6,PRMCIGAR,PREMIUM CIGAR
983203,FFOX LBMF VINTA 2015,6,PRMCIGAR,PREMIUM CIGAR
983302,FF OPUSx love affair,6,PRMCIGAR,PREMIUM CIGAR
983505,FFOX TOYMAKER VINTAGE,6,PRMCIGAR,PREMIUM CIGAR
983605,FFOX FORB FUNTEFUENT  2021,6,PRMCIGAR,PREMIUM CIGAR
983805,FFOX FORB GRAN ROB 2021,6,PRMCIGAR,PREMIUM CIGAR
983905,FFOX KEEPER OF THE FLAME 2020,6,PRMCIGAR,PREMIUM CIGAR
984005,FFOX FORB DBL ROBUS VINTAGE,6,PRMCIGAR,PREMIUM CIGAR
984105,FFOX FORB GROBUSTO 2021,6,PRMCIGAR,PREMIUM CIGAR
984520,FF OPUSX DESTINO SHARK,6,PRMCIGAR,PREMIUM CIGAR
984604,FFOX ANGELS SHARE FUE FUE,6,PRMCIGAR,PREMIUM CIGAR
984701,DONARTURO DESTSIGLO PASION 13,6,PRMCIGAR,PREMIUM CIGAR
984702,DONARTURO DESTSIGL FAMILIAS,6,PRMCIGAR,PREMIUM CIGAR
984703,DONARTURO DESTSIGLO AMISTAD,6,PRMCIGAR,PREMIUM CIGAR
984704,DONARTURO DEST SIGLO AMOR,6,PRMCIGAR,PREMIUM CIGAR
984821,FF OPUSx 20TH BELIEVE,6,PRMCIGAR,PREMIUM CIGAR
984822,FFOX 20TH POWER OF THE DREAM,6,PRMCIGAR,PREMIUM CIGAR
984823,FFOX 20TH FATHER & SON,6,PRMCIGAR,PREMIUM CIGAR
984824,FFOX 20TH GODS WHISPER,6,PRMCIGAR,PREMIUM CIGAR
984921,FFOX DUBAI SOL DMOR,6,PRMCIGAR,PREMIUM CIGAR
984922,FFOX DUBAI VIENTO DAMOR,6,PRMCIGAR,PREMIUM CIGAR
985123,SUNGROWN CHURHILL,6,PRMCIGAR,PREMIUM CIGAR
985620,FORBIDDEN X PASION DAMOR,6,PRMCIGAR,PREMIUM CIGAR
985720,FORBIDDEN X DESOS DAMOR,6,PRMCIGAR,PREMIUM CIGAR
985820,FORBIDDEN X EL BESO PROHIBIDO,6,PRMCIGAR,PREMIUM CIGAR
985920,FFOX FORBIDDEN X AMOR SENSUAL,6,PRMCIGAR,PREMIUM CIGAR
986052,FFOX DUBAI EXCL RED #52,6,PRMCIGAR,PREMIUM CIGAR
986056,FFOX DUBAI EXL BLACK#56,6,PRMCIGAR,PREMIUM CIGAR
987566,BREVAS ROYAL ITS A GIRL,6,PRMCIGAR,PREMIUM CIGAR
98757575,CLOUTANK M3,5,NOVELTY,NOVELTY
987654,LFD 25TH ANNIVERSARRY,6,PRMCIGAR,PREMIUM CIGAR
988025,AF CASA FUENTE 806 NAT,6,PRMCIGAR,PREMIUM CIGAR
988125,CASA FUENTE 807 NAT,6,PRMCIGAR,PREMIUM CIGAR
988225,CASA FUENTE 808 NAT,6,PRMCIGAR,PREMIUM CIGAR
988325,CASA FUENTE BELICOSO FINO,6,PRMCIGAR,PREMIUM CIGAR
988425,CASA FUENTE CHURCHILL,6,PRMCIGAR,PREMIUM CIGAR
988925,CASA FUENTE ROBUSTO,6,PRMCIGAR,PREMIUM CIGAR
989025,CASA FUENTE 806 MAD,6,PRMCIGAR,PREMIUM CIGAR
98987765,PROTANK PYREX,5,NOVELTY,NOVELTY
989997,TITANIUM NAIL,5,NOVELTY,NOVELTY
989998,GLASS POKER,5,NOVELTY,NOVELTY
9949,COHIBA ROBUSTO,6,PRMCIGAR,PREMIUM CIGAR
995320,AF SANGRE DE TORO BESTIA,6,PRMCIGAR,PREMIUM CIGAR
995961,5OZ PREMIUM TOBACCO,1,NONE,NONE
995962,4OZ PREMIUM TOBACCO,1,NONE,NONE
996095,AF DON CARLOS 90 DOS CAPAS,6,PRMCIGAR,PREMIUM CIGAR
996602,DON CARLOS EYE OFF THE BALL,6,PRMCIGAR,PREMIUM CIGAR
9981,SWISHER SWEETS - REGULAR- BOX,1,NONE,NONE
9994,WINDPROOF LIGHTER,5,NOVELTY,NOVELTY
999504,AF HEMINGWAY SIG SG,6,PRMCIGAR,PREMIUM CIGAR
999877,TITANIUM NAIL,5,NOVELTY,NOVELTY
9999,ARTURO FUENTE,6,PRMCIGAR,PREMIUM CIGAR
99991,M. G. CAFE,6,PRMCIGAR,PREMIUM CIGAR
99995678,VISION SPINNER II 1600,5,NOVELTY,NOVELTY
99999,AF DOUBLE CHATUE NATURAL,6,PRMCIGAR,PREMIUM CIGAR
999999,MT3 COIL 5PK,5,NOVELTY,NOVELTY
99999999,CFCF TOAST PACKET,6,PRMCIGAR,PREMIUM CIGAR
A.SWAG,AGING ROOM,6,PRMCIGAR,PREMIUM CIGAR
AB1234,PRENSADO ROBUSTO 5PK,6,PRMCIGAR,PREMIUM CIGAR
AB2NDRUN,ALEC BRADLEY 2ND RUN,6,PRMCIGAR,PREMIUM CIGAR
AB3156,LOST ART GRAND TORO 5PACK,6,PRMCIGAR,PREMIUM CIGAR
ABMAD1,AB 2ND HAND MAD TORO,6,PRMCIGAR,PREMIUM CIGAR
ABMAD2,AB 2ND HAND MAD 6X60,6,PRMCIGAR,PREMIUM CIGAR
ABTASTE,A.B.TASTE,6,PRMCIGAR,PREMIUM CIGAR
AF14,ARTURO FUENTE,6,PRMCIGAR,PREMIUM CIGAR
AFGLASS,AF GLASS SET,5,NOVELTY,NOVELTY
AGINGROOM,BUY2 GET 1 FREE,6,PRMCIGAR,PREMIUM CIGAR
ALPHADAWG,ESPINOSA,6,PRMCIGAR,PREMIUM CIGAR
american club Green,American Club Green 16oz,1,NONE,NONE
ANNIVERSARIO,5 ANNIVERSARIO SINGLES,6,PRMCIGAR,PREMIUM CIGAR
as2012,ASYLUM 60X6,6,PRMCIGAR,PREMIUM CIGAR
ASGBT650,SUNGROWN TORO MADURO,6,PRMCIGAR,PREMIUM CIGAR
ASHTREY,CIG ASHTREY,5,NOVELTY,NOVELTY
ashtrey1,ashtreys variety,5,NOVELTY,NOVELTY
AV13TUX,TATUAJE AVION13 D. PERFECTO,6,PRMCIGAR,PREMIUM CIGAR
AVACADO,AVACADO CLONE,5,NOVELTY,NOVELTY
B.POLE6X64,BARBER POLE GORDO,6,PRMCIGAR,PREMIUM CIGAR
BAHIA,BAHIA BUNDLE,6,PRMCIGAR,PREMIUM CIGAR
BANSHE,BANSHEE 5X50,6,PRMCIGAR,PREMIUM CIGAR
BDIADEMAS56,SERIES B DIADEMAS56,6,PRMCIGAR,PREMIUM CIGAR
BIGANDBEEFY,BIG ANF BEEFY,6,PRMCIGAR,PREMIUM CIGAR
BLACK123,FESS BLACK SPIRAL PIPE,5,NOVELTY,NOVELTY
BLACK124,WOOD PIPE,5,NOVELTY,NOVELTY
blkd8gummy,black diamond d8 250mg gummy,5,NOVELTY,NOVELTY
Blkdiamondd8cubes,Black Diamond Cubes 250mg,5,NOVELTY,NOVELTY
BLUNTEFFECT,BLUNTEFFECT INSENCE,5,NOVELTY,NOVELTY
BOWL,HOOKAH BOWL,5,NOVELTY,NOVELTY
brickhouse,BRICKHOUSE CORONA,6,PRMCIGAR,PREMIUM CIGAR
BS200,TITANIUM SKILLET,5,NOVELTY,NOVELTY
BS239,10MM NAIL,5,NOVELTY,NOVELTY
BSPINNER,BLUTTOTH SPINNER,5,NOVELTY,NOVELTY
BUP460,BUENAVENTURA PRALINES P460,6,PRMCIGAR,PREMIUM CIGAR
BUY2GET1,TORANO VAULT FREE CIGAR,6,PRMCIGAR,PREMIUM CIGAR
BV500,BV560 SEMILLA CUBANA,6,PRMCIGAR,PREMIUM CIGAR
CaesarB,CaesarB quad flame lighter,5,NOVELTY,NOVELTY
CAFE60,LIMITADA CAFE52,6,PRMCIGAR,PREMIUM CIGAR
Cainlighter1138,Cain Lighter,5,NOVELTY,NOVELTY
CANOF6,CAN OF 6 VINTAGE,6,PRMCIGAR,PREMIUM CIGAR
CARA,LFD EL CARAJON,6,PRMCIGAR,PREMIUM CIGAR
CASACUBA,CASA CUBA DOBLE CINCO,6,PRMCIGAR,PREMIUM CIGAR
CASSE100,ASHTON SMALL CIGAROLOS,6,PRMCIGAR,PREMIUM CIGAR
CASTANEDA,DOUBLE MAUDORO,6,PRMCIGAR,PREMIUM CIGAR
CASTLE,VICTORIAN HIGHCLERE CASTLE TOR,6,PRMCIGAR,PREMIUM CIGAR
CC10ROB,CHUPACABR 10TH ANNI ROBUSTOGRN,6,PRMCIGAR,PREMIUM CIGAR
CC10TORO,CHUPACABRA 10THANI MAD TORO,6,PRMCIGAR,PREMIUM CIGAR
CCHURCHIL,CARLITO CHURCHILL,6,PRMCIGAR,PREMIUM CIGAR
CCMRGRAN,CHUPA CABRA MAD GRAN ROBUSTO,6,PRMCIGAR,PREMIUM CIGAR
CCMSIX,CUPACABRA MAD SIXTY,6,PRMCIGAR,PREMIUM CIGAR
CGRX,GUAPOS,6,PRMCIGAR,PREMIUM CIGAR
CHURCHILL,CONNECTICUT CHURCHILL,6,PRMCIGAR,PREMIUM CIGAR
CLADCMABE,LA AROMA DE CUBA MI AMOR BELIC,6,PRMCIGAR,PREMIUM CIGAR
CLARO,SELECCION PRIVADA CLARO,6,PRMCIGAR,PREMIUM CIGAR
CLE10,CLE COROJO 5X50,6,PRMCIGAR,PREMIUM CIGAR
CLE123,CLE BUTANE LIGHTER,5,NOVELTY,NOVELTY
CLEAR1,CIG CLEARNCE,2,CGRTPACK,CIGRT PACK
clear123,as $1off,2,CGRTPACK,CIGRT PACK
clearence,vuse pod 2 pack,1,NONE,NONE
CLEARENCE1,PUFF CLEARENCE BOX DEAL,5,NOVELTY,NOVELTY
CLEARNCE,CLEARENCE,6,PRMCIGAR,PREMIUM CIGAR
CLOUTANK M4,CLOUTANK M4 CLONE,5,NOVELTY,NOVELTY
CLR123,CLEARENCE DISPO,5,NOVELTY,NOVELTY
COHIBA1,weller by COHIBA LIGHTER SET,5,NOVELTY,NOVELTY
CONN5X52,CONNECTICUT 5X52,6,PRMCIGAR,PREMIUM CIGAR
CONN6X50,CONNECTICUT 6X50,6,PRMCIGAR,PREMIUM CIGAR
CONN7X50,CHURCHILL CONNC 7X50,6,PRMCIGAR,PREMIUM CIGAR
CORAZON,CORAZON TORO,6,PRMCIGAR,PREMIUM CIGAR
COROJO,COROJO RESERVA ROBUSTO,6,PRMCIGAR,PREMIUM CIGAR
CORONADOG,CORONADO GORDA,6,PRMCIGAR,PREMIUM CIGAR
CPHS20FCHN,FUMAS CHRUCHILL NAT,6,PRMCIGAR,PREMIUM CIGAR
CPHS20FCHSG,CUBAN SANDWICH SUNGROWN CHURCH,6,PRMCIGAR,PREMIUM CIGAR
CPHS20FRON,CUBAN SANDWICH NAT ROBUST,6,PRMCIGAR,PREMIUM CIGAR
CPHS20FROSG,CUBAN SANDWICH SUNGROWN ROBUST,6,PRMCIGAR,PREMIUM CIGAR
CRUZADO,CRUZADO ROBUSTO,6,PRMCIGAR,PREMIUM CIGAR
CUBANOS,CUCHILOS CUBANOS,6,PRMCIGAR,PREMIUM CIGAR
curivarisampler,sampler 10 box,6,PRMCIGAR,PREMIUM CIGAR
D8blkdiamond2000,Black Diamond Delta 8 Cubes,5,NOVELTY,NOVELTY
DASANI,DASANI WATER,10,NONE,NONE
DCORONA,CARLITO DOUBLE CORONA,6,PRMCIGAR,PREMIUM CIGAR
DEGAULLE,DEGAULLE RED,6,PRMCIGAR,PREMIUM CIGAR
delirium1,D. DELIRIUM,6,PRMCIGAR,PREMIUM CIGAR
DELTA8CART,DELTA 8 CART,5,NOVELTY,NOVELTY
DELTA8GUMMIES,DELTA 8 GUMMMIES,5,NOVELTY,NOVELTY
DGODOFFIRE,SERIES B DOUBLE ROBUSTO,6,PRMCIGAR,PREMIUM CIGAR
DIADEMAS56,CARLITO DIADEMAS56,6,PRMCIGAR,PREMIUM CIGAR
DIMO,DIMO SATIVA PREROLL EACH,5,NOVELTY,NOVELTY
DIMO1,DIMO GELATO HYBRID EACH,5,NOVELTY,NOVELTY
DIMO2,DIMO OG KUSH INDICA EACH,5,NOVELTY,NOVELTY
DIMO3,DIMO 250MG 10 PIECE SOUR BELTS,5,NOVELTY,NOVELTY
DIRTYRAT,LIGA PRIVADA DIRTY RAT,6,PRMCIGAR,PREMIUM CIGAR
DISEL13,DISEL LIGHTER,5,NOVELTY,NOVELTY
DROBUSTO,CARLITO DOUBLE ROBUSTO,6,PRMCIGAR,PREMIUM CIGAR
EAGLE,EAGLE TORCH LIGHTER,5,NOVELTY,NOVELTY
EASYGREEN 5G,EASYGREEN 5G,5,NOVELTY,NOVELTY
EDICION,EDICION ANIV ROBUSTO,6,PRMCIGAR,PREMIUM CIGAR
EL2351,WISE MAN ROBUSTO MAD,6,PRMCIGAR,PREMIUM CIGAR
ELCUBANO,EL CUBANO CONN TORO,6,PRMCIGAR,PREMIUM CIGAR
ELTRIBUTO,OPUS X 25 EL TRIBUTO,6,PRMCIGAR,PREMIUM CIGAR
EMAMI,EMAMI LIGHTER,5,NOVELTY,NOVELTY
EMINENTES,SP MADURO EMINENTES,6,PRMCIGAR,PREMIUM CIGAR
EPITOME,EPITOME654,6,PRMCIGAR,PREMIUM CIGAR
EROBUSTO,EL GUEGUENSE ROBUSTO,6,PRMCIGAR,PREMIUM CIGAR
EXOTICS,EXOTICS PRE ROLL EACH,5,NOVELTY,NOVELTY
FFOX1,ANGELS SHARE ROBUSTO TIN,6,PRMCIGAR,PREMIUM CIGAR
FFOX2,ANGELS SHARE PERFECTO TIN,6,PRMCIGAR,PREMIUM CIGAR
FFOX3,ANGELS SHARK RDC TIN,6,PRMCIGAR,PREMIUM CIGAR
FINO2,BELICOSO FINO 2,6,PRMCIGAR,PREMIUM CIGAR
FLAS123,XIKAR LIGHTER,5,NOVELTY,NOVELTY
FLYING1,KFCC FLYING PIG,6,PRMCIGAR,PREMIUM CIGAR
FORBIDDENX,FORBIDDEN X 2006,6,PRMCIGAR,PREMIUM CIGAR
FORGEDSAMPLER,BUY 2 GET 2 FREE,6,PRMCIGAR,PREMIUM CIGAR
FOX400,OPUS X PERFEXCION 888,6,PRMCIGAR,PREMIUM CIGAR
FOX401,8-5-8 ROSADO SG,6,PRMCIGAR,PREMIUM CIGAR
FS1,FS MAD SINGLE EA,19,NONE,NONE
FS1234,FACTORY SMOKES MAD CHURCHILL,6,PRMCIGAR,PREMIUM CIGAR
FT187,FAUSTO F187 7/3/8 X60,6,PRMCIGAR,PREMIUM CIGAR
FUENTEASH,20TH ANNI FUENTE ASHTREY,5,NOVELTY,NOVELTY
FULLBODY,FULLBODY TORPEDO,6,PRMCIGAR,PREMIUM CIGAR
FULLMACE,FULLBODY MACE,6,PRMCIGAR,PREMIUM CIGAR
FUMAS,FUMAS ROBUSTO,6,PRMCIGAR,PREMIUM CIGAR
GARAGISTE,GARAGISTE ROBUSTO,6,PRMCIGAR,PREMIUM CIGAR
GEARBOX550,GEARBOX 5X50,6,PRMCIGAR,PREMIUM CIGAR
GENERAL,GENERAL SAMPLER,6,PRMCIGAR,PREMIUM CIGAR
GENESIS,GENESIS HABANO ROBUSTO,6,PRMCIGAR,PREMIUM CIGAR
GODFIRE,GOD OF FIRE ROBUSTO,6,PRMCIGAR,PREMIUM CIGAR
GORDONAT,PREMIUM HOUSE GORDO NAT,6,PRMCIGAR,PREMIUM CIGAR
GRANDE1,JAIME GARCIA ESP GORDO EXTRA,6,PRMCIGAR,PREMIUM CIGAR
GRUPOMAESTRO,GRUPO DE MAESTRO BATCH #4,6,PRMCIGAR,PREMIUM CIGAR
GSAMPLER,GRAND HABANAO SAMPLER WITH LIG,6,PRMCIGAR,PREMIUM CIGAR
GSAVSCB,ASHTON CUTTER,5,NOVELTY,NOVELTY
GURKHA,GURKHA,6,PRMCIGAR,PREMIUM CIGAR
H.BLEND,ROBUSTO,6,PRMCIGAR,PREMIUM CIGAR
HABANO,HABONO CHURCHILL,6,PRMCIGAR,PREMIUM CIGAR
HABANO6X52,TORO 6X52,6,PRMCIGAR,PREMIUM CIGAR
HABANO6X60,HABANO 6X60,6,PRMCIGAR,PREMIUM CIGAR
HABANO7X60,PCB GARAND TORO,6,PRMCIGAR,PREMIUM CIGAR
HABMTORO,EC HABANO MAD TORO,6,PRMCIGAR,PREMIUM CIGAR
HABNTORO,EC HABANO NATURAL  TORO,6,PRMCIGAR,PREMIUM CIGAR
HAIR123,D.HAIROF THEDOG,6,PRMCIGAR,PREMIUM CIGAR
HAVEN,HAVEN AND HELL OSCURO TORO,6,PRMCIGAR,PREMIUM CIGAR
hookah,TWO HOSE BLACK,5,NOVELTY,NOVELTY
hukkah123,blue hookah,5,NOVELTY,NOVELTY
HUM25CK,ARCADIAN HUMIDOR,5,NOVELTY,NOVELTY
HUM25LB,50CT HUMIDOR(MH40),5,NOVELTY,NOVELTY
HUMI-CARE,HUMIDOR LIQUID 16OZ,5,NOVELTY,NOVELTY
HUMICARE8OZ,HUMICARE 8OZ,5,NOVELTY,NOVELTY
HUMIDOR150,HUMIDOR SOLANA 100CT,5,NOVELTY,NOVELTY
HUMTR10,TRAVEL HUMIDOR,5,NOVELTY,NOVELTY
HYBRID1,CALI HYBRID 1GM FLOWER,5,NOVELTY,NOVELTY
HYDEAG,HYDE PLUS ALOE GRAPE,5,NOVELTY,NOVELTY
HYDEBR,HYDE PLUS BLUE RAZZ,5,NOVELTY,NOVELTY
HYDEBRI,HYDE PLUS BLUE RAZZ ICE,5,NOVELTY,NOVELTY
HYDECL,HYDE PLUS CHERRY LEMONADE,5,NOVELTY,NOVELTY
HYDELI,HYDE PLUS LISH ICE,5,NOVELTY,NOVELTY
HYDEMI,HYDE PLUS MANGO ICE,5,NOVELTY,NOVELTY
HYDEPI,HYDE PLUS PINAPLE ICE,5,NOVELTY,NOVELTY
HYDEPMW,HYDE PLUS PAE/MANGO/WAT,5,NOVELTY,NOVELTY
HYDEPPW,HYDE PLUS PINA/PEA/MANGO,5,NOVELTY,NOVELTY
INDICA,CALI INDICA 1GM FLOWER,5,NOVELTY,NOVELTY
INFERNO,INFERNO ROBUSTO,6,PRMCIGAR,PREMIUM CIGAR
INSENCE123,INSENCE HOLDER WOOD,5,NOVELTY,NOVELTY
ITALIA#57,ITALIA#57,6,PRMCIGAR,PREMIUM CIGAR
JAMON,PERFECTO,6,PRMCIGAR,PREMIUM CIGAR
JFRMAD,JFR MADORO ROBUSTO,6,PRMCIGAR,PREMIUM CIGAR
JIBARO2,JIBARO NO 2,6,PRMCIGAR,PREMIUM CIGAR
JJ20TH,DPG JJ 20TH ANNI LIMITED TORO,6,PRMCIGAR,PREMIUM CIGAR
KINGB,CHATUE FUENTE KING B,6,PRMCIGAR,PREMIUM CIGAR
KNIGHT1,KNIGHT COMMANDER TORPEDO,6,PRMCIGAR,PREMIUM CIGAR
KNOCKOUT,KNOCKOUT 5ML,5,NOVELTY,NOVELTY
L.MADURO,LUNATIC S.ROBUSTO MAD,6,PRMCIGAR,PREMIUM CIGAR
LATEL52,TATUAJE LATELIER LAT52,6,PRMCIGAR,PREMIUM CIGAR
LF0123456752,LFD CONN 6X60,6,PRMCIGAR,PREMIUM CIGAR
LFD123,LFD CONN GORDO,6,PRMCIGAR,PREMIUM CIGAR
LFD30TH,LFD 30TH ANIIVERSARY,6,PRMCIGAR,PREMIUM CIGAR
LFD50X5,CAMEROON 5X50 BUNDLE,6,PRMCIGAR,PREMIUM CIGAR
LFDCON1,LFD CONN 48X7 SINGLES,6,PRMCIGAR,PREMIUM CIGAR
LFDCONN60,CONN 60 BUNDLE,6,PRMCIGAR,PREMIUM CIGAR
LFDCUTTER,LFD CUTTER,5,NOVELTY,NOVELTY
LFDSAMPLER,LFD BULL AND 2 CIGAR,6,PRMCIGAR,PREMIUM CIGAR
LIGA123,LIGA PRIVADA HUMIDOE,5,NOVELTY,NOVELTY
LLSYRUP,LEAGL LEAN SYRUP,5,NOVELTY,NOVELTY
LONGHOLDER,LONGINSENCE HOLDER,5,NOVELTY,NOVELTY
LONGSTICK,NAGCHAMPA,5,NOVELTY,NOVELTY
lostart,prensado lost art churchill,6,PRMCIGAR,PREMIUM CIGAR
LUCKYCIGAR,L.C. GORDO,6,PRMCIGAR,PREMIUM CIGAR
MACANUDO,MACANUDO GOLD LIGHTER,5,NOVELTY,NOVELTY
MACORIX,ROBUSTO SUMATRA,6,PRMCIGAR,PREMIUM CIGAR
MAD#20,ASHTON AGED MAD # 20,6,PRMCIGAR,PREMIUM CIGAR
MAKERS,562 MAKERS MARK,6,PRMCIGAR,PREMIUM CIGAR
MASH12,TATUAJE MONSTER MASH EACH,6,PRMCIGAR,PREMIUM CIGAR
MASK,MASK,5,NOVELTY,NOVELTY
MATATAN,AIRBENDER MATATAN M,6,PRMCIGAR,PREMIUM CIGAR
MAXIMUS,MAXIMUS ROBUSTO #5,6,PRMCIGAR,PREMIUM CIGAR
MCABINET,LFD MADURO CABINET #6,6,PRMCIGAR,PREMIUM CIGAR
MEDICO,MEDICO PIPE,5,NOVELTY,NOVELTY
MEDICOBENT,MEDICOBENT,5,NOVELTY,NOVELTY
MEDWAKH250,MEDWAKH 250GM SISHA,HOOKAH,NONE,NONE
MICA12,MICALLEF GORDO SAMPLER,6,PRMCIGAR,PREMIUM CIGAR
MISTICO,MISTICO CAMEROON ROBUSTO,6,PRMCIGAR,PREMIUM CIGAR
mixblk,mix blackbird toro sampler,6,PRMCIGAR,PREMIUM CIGAR
MK,MK 5/18X42,6,PRMCIGAR,PREMIUM CIGAR
ML1,MELANIO V MAD CHURCHILL,6,PRMCIGAR,PREMIUM CIGAR
ML2,MELANIO MAD D.TORO 6x60,6,PRMCIGAR,PREMIUM CIGAR
ML3,MELANIO MAD TORO,6,PRMCIGAR,PREMIUM CIGAR
ML4,MEL MAD NO 4 MAD,6,PRMCIGAR,PREMIUM CIGAR
mn123,A.J.MANO WAR,6,PRMCIGAR,PREMIUM CIGAR
MOLDUSA,AB RECLAIMED SAMPLER 7CIGAR,6,PRMCIGAR,PREMIUM CIGAR
MONNO1,MONTESINO NO 1,6,PRMCIGAR,PREMIUM CIGAR
MONNO2,MONTESINO NO2 MAD,6,PRMCIGAR,PREMIUM CIGAR
NAPO12,MONTESINO NAPOLEON GRANDE,6,PRMCIGAR,PREMIUM CIGAR
NATURAL,NATURAL ROBUSTO,6,PRMCIGAR,PREMIUM CIGAR
NIRVANA,NIRVANA WOOD PIPE EACH,5,NOVELTY,NOVELTY
NO10,MAUDORO NO 20,6,PRMCIGAR,PREMIUM CIGAR
NO47MAD,NO 47 MADURO,6,PRMCIGAR,PREMIUM CIGAR
NO85MAD,FAMILY RES 85 MAD,6,PRMCIGAR,PREMIUM CIGAR
NO95M,FAM RES 95 MADURO,6,PRMCIGAR,PREMIUM CIGAR
NO95N,FAM RES 95 NATURAL,6,PRMCIGAR,PREMIUM CIGAR
NO96M,FAM RES 96 MADURO,6,PRMCIGAR,PREMIUM CIGAR
NO96N,FAM RES 96 NATURAL,6,PRMCIGAR,PREMIUM CIGAR
NOIR54,RESERVA LIMITADA CLASSIC,6,PRMCIGAR,PREMIUM CIGAR
NP394,EARRINGS,5,NOVELTY,NOVELTY
NP396,EARRINGS,5,NOVELTY,NOVELTY
NP397,NOSE STUDS,5,NOVELTY,NOVELTY
NP398,BRACELET,5,NOVELTY,NOVELTY
NP399,NECKLACE,5,NOVELTY,NOVELTY
NUB123,NUB SAMPLER,6,PRMCIGAR,PREMIUM CIGAR
Nublighter2187,Nub Lighter,5,NOVELTY,NOVELTY
NWF-TB,NEWMINISTER NO 17 ENG MIX,1,NONE,NONE
OLANCHO,OLANCHO ROBUSTO,6,PRMCIGAR,PREMIUM CIGAR
OLIVAMADURO,O. G MADURO,6,PRMCIGAR,PREMIUM CIGAR
OLNSDR,OLIVA NICA SERIES D.ROBUSTO MA,6,PRMCIGAR,PREMIUM CIGAR
OLNSDT,OLIVA NICA SERIES D. TORO MAD,6,PRMCIGAR,PREMIUM CIGAR
ONASIS T,ONASIS T,6,PRMCIGAR,PREMIUM CIGAR
OPUS22.1,OPUS 22 BOX 1 OF 4,6,PRMCIGAR,PREMIUM CIGAR
OPUS22.2,OPUS 22 BOX 2 OF 4,6,PRMCIGAR,PREMIUM CIGAR
OPUS22.3,OPUS 22 BOX 3 OF 4,6,PRMCIGAR,PREMIUM CIGAR
OPUS22.4,OPUS 22 BOX 4 OF 4,6,PRMCIGAR,PREMIUM CIGAR
ORAS12,ORACLE SALOMON 6.50X54,6,PRMCIGAR,PREMIUM CIGAR
OROCHISEL,ORO CHISEL  LFD,6,PRMCIGAR,PREMIUM CIGAR
OROMAD,ORO MADURO NO 6,6,PRMCIGAR,PREMIUM CIGAR
ORONAT,ORO NATURAL NO 6,6,PRMCIGAR,PREMIUM CIGAR
OSCAR,HABANO 6X52,6,PRMCIGAR,PREMIUM CIGAR
OSCAR10,OSCAR 10TH ANNI LIMITED,6,PRMCIGAR,PREMIUM CIGAR
OSCARPB,OSCAR PLANB CONN,6,PRMCIGAR,PREMIUM CIGAR
OSCARPH,OSCAR PLANB HABANO,6,PRMCIGAR,PREMIUM CIGAR
P48MAD,NO 48 MAD 1926,6,PRMCIGAR,PREMIUM CIGAR
P652,BUENAVENTURA PRALINES 6/4/3 X5,6,PRMCIGAR,PREMIUM CIGAR
PATTON1,ALADINO PATTON,6,PRMCIGAR,PREMIUM CIGAR
PCBCONN71/50,PCB CONN 7 1/2 X50,6,PRMCIGAR,PREMIUM CIGAR
PCBFHABANO,FIGURADO HABANO,6,PRMCIGAR,PREMIUM CIGAR
PCBFMAD,FIFURADO MADURO,6,PRMCIGAR,PREMIUM CIGAR
PCBH7X50,HABANO 7X50,6,PRMCIGAR,PREMIUM CIGAR
PCBHABANO7X54,HABANO 7X54,6,PRMCIGAR,PREMIUM CIGAR
PCBMAD,TORO MADURO 6X52,6,PRMCIGAR,PREMIUM CIGAR
PCBP61/56HABANO,PIGTAIL 6 1/2X56 HABANO,6,PRMCIGAR,PREMIUM CIGAR
PCBROBUSTO,ROBUSTO HABANO,6,PRMCIGAR,PREMIUM CIGAR
PCR,RESERVA,6,PRMCIGAR,PREMIUM CIGAR
PERDOMO1,PERDOMO,6,PRMCIGAR,PREMIUM CIGAR
PERFECTO1,JAIME GARCIA ESP FIGURADO,6,PRMCIGAR,PREMIUM CIGAR
PERSIANKINGTIGER,PERSIAN KING TIGER MAD 60X6,6,PRMCIGAR,PREMIUM CIGAR
PFA-TB,PS 24 NOUGAT 5OZ PIPE TOBACCO,1,NONE,NONE
PFB-TB,PS 3 CHERRY 6OZ PIPE TOBACCO,1,NONE,NONE
PFG-TB,PS 2 WHISKEY 4OZ TOBACCO,1,NONE,NONE
PFITB,PS 27 PISTACHIO 4OZ TOBACCO,1,NONE,NONE
PIPE,RUSTIC APPLE,5,NOVELTY,NOVELTY
PIRATE,RUM RUNNER PIRATE,6,PRMCIGAR,PREMIUM CIGAR
PKH30GR,PK GUARDSMAN HUMIDOR 30CT,5,NOVELTY,NOVELTY
PRINCIPES,PRINCIPES BELICOSO MADURO,6,PRMCIGAR,PREMIUM CIGAR
PSE-TB,PS 201 BLACK CAVANDISH,1,NONE,NONE
PSG-TB,PS 23 B&B PIPE TOBACCO,1,NONE,NONE
PSH-TB,PS 1 NATURAL 2OZ,1,NONE,NONE
PSI-TB,PS 17 ENG MIX 4OZ TOBACCO,1,NONE,NONE
PSLTB1,PS 306 ENGLISH ORIENTA/10OZ,1,NONE,NONE
PSP-TB,PS 52 PROPER ENG 4OZ TOBACCO,1,NONE,NONE
q0129030,liga l40 lancero,6,PRMCIGAR,PREMIUM CIGAR
q0129033,liga privada  uf13,6,PRMCIGAR,PREMIUM CIGAR
RAMONB,RAMON BUESS,6,PRMCIGAR,PREMIUM CIGAR
RES2000,RESERVA LIMITADA CLASSIC,6,PRMCIGAR,PREMIUM CIGAR
RESERVA1,EL REY DEL MUNDO NICA ROBUSTO,6,PRMCIGAR,PREMIUM CIGAR
RGORDO54,SERIES B ROBUSTO GORDO54,6,PRMCIGAR,PREMIUM CIGAR
rm101d,RM 101 DARUMA,6,PRMCIGAR,PREMIUM CIGAR
RPDTL,ROCKY PATEL DUAL,5,NOVELTY,NOVELTY
RWLO3,ROCKWELL QUAD TORCH,5,NOVELTY,NOVELTY
RYJ187,RYJ 1875 CHURCHILL,6,PRMCIGAR,PREMIUM CIGAR
sample1,curivari sampler 10ct,6,PRMCIGAR,PREMIUM CIGAR
SAN123,FDLA SAN ANDRES ROBUSTO,6,PRMCIGAR,PREMIUM CIGAR
SAN124,FDLA SAN ANDRES TORO,6,PRMCIGAR,PREMIUM CIGAR
SATIVA,CALI SATIVA 1GM FLOWER,5,NOVELTY,NOVELTY
SHAGGY,V SHAGGY ROBUSTO,6,PRMCIGAR,PREMIUM CIGAR
SKA123,THE UPSETTERS SKA,6,PRMCIGAR,PREMIUM CIGAR
SNUFFER,CERAMIC SNUFFER,1,NONE,NONE
SOCCER,OLIVA SOCCER EDITION EACH,6,PRMCIGAR,PREMIUM CIGAR
SOLERA,SOLERA FESTIVO MADURO,6,PRMCIGAR,PREMIUM CIGAR
SOLIS,LFD SOLIS,6,PRMCIGAR,PREMIUM CIGAR
sourced8,SOURCE D8 CART,5,NOVELTY,NOVELTY
SPCUBA,HABANO ROBUSTO,6,PRMCIGAR,PREMIUM CIGAR
SPLITZ,EZ - LIGHTER/SPLITTER,5,NOVELTY,NOVELTY
STRADA,STRADA ROBUSTO,6,PRMCIGAR,PREMIUM CIGAR
SUAVE#6,SUAVE #6 GRAND MAD,6,PRMCIGAR,PREMIUM CIGAR
SUCESOR1,JG SUCESOR SUMATRA TORO,6,PRMCIGAR,PREMIUM CIGAR
SUCESOR2,JG SUCESOR HABANO TORPEDO,6,PRMCIGAR,PREMIUM CIGAR
SUNGROWN,AF CHATEAU FUENTE SUNGROWN,6,PRMCIGAR,PREMIUM CIGAR
SUPERFLY,SUPERFLT TORO MAD,6,PRMCIGAR,PREMIUM CIGAR
SWAG000749,FREESTYLE LIVE 3 CIGARS,6,PRMCIGAR,PREMIUM CIGAR
T110TUX,TATUAJE T110 TUXTLA,6,PRMCIGAR,PREMIUM CIGAR
T12B,COJONU 2012 BROADLEAF,6,PRMCIGAR,PREMIUM CIGAR
T12H,COJONU 2012 HABANO,6,PRMCIGAR,PREMIUM CIGAR
T12S,COJONU 2012 SUMATRA,6,PRMCIGAR,PREMIUM CIGAR
T52,LP T52 FLYING PIG,6,PRMCIGAR,PREMIUM CIGAR
T7CE,7 CAPA ESPECIAL,6,PRMCIGAR,PREMIUM CIGAR
T7TUTUX,TATUAJE 7TH TUXTLA,6,PRMCIGAR,PREMIUM CIGAR
TABACT142,TABERNACLE HAVANA CT142 TORO,6,PRMCIGAR,PREMIUM CIGAR
TABER2,HAVANA CT DOUBLE CORONA,6,PRMCIGAR,PREMIUM CIGAR
TABER3,HAVANA CT LANCERO,6,PRMCIGAR,PREMIUM CIGAR
TABERBRT,TABERNACKLE BROADLEAF GREY TOR,6,PRMCIGAR,PREMIUM CIGAR
TABERH,THE TABERNACKLE BROADLEAF TORO,6,PRMCIGAR,PREMIUM CIGAR
TATC,TATTOO CABALLERO ROBUSTO,6,PRMCIGAR,PREMIUM CIGAR
TATUAJE15,MAIMI 15 TATUAJE,6,PRMCIGAR,PREMIUM CIGAR
TB3,BROADLEAF DOUBLE CORONA,6,PRMCIGAR,PREMIUM CIGAR
TBB,TABERNACKLE BROADLEAF,6,PRMCIGAR,PREMIUM CIGAR
TBPR,BLACK PETIT ROBUSTO,6,PRMCIGAR,PREMIUM CIGAR
TC2018,TATUAJE COJONU 2018,6,PRMCIGAR,PREMIUM CIGAR
TC2021,TATUAJE COJONU 2021 7X58,6,PRMCIGAR,PREMIUM CIGAR
TCPECC,CONNOISSEURS CHOICE,1,NONE,NONE
TCPEIW,PETERSON IRISH WHISKEY,1,NONE,NONE
TCPENC,PETERSON NUTTY CUT,1,NONE,NONE
TCPEOD,PETERSON OLD DUBLIN,1,NONE,NONE
TCPESB,PETERSON SUNSET BREEZE,1,NONE,NONE
TCPESK,PETERSON SWEET KILLARNEY,1,NONE,NONE
THECUBE,RYJ THE CUBE SAMPLER,6,PRMCIGAR,PREMIUM CIGAR
THEPACK,ESPINOSA THEPACK SAMPLER,6,PRMCIGAR,PREMIUM CIGAR
TN142,TABERNACLE HAVANA 142 TORO,6,PRMCIGAR,PREMIUM CIGAR
TORO4,DC MAXIMUS TORO,6,PRMCIGAR,PREMIUM CIGAR
TORPM20,1964 TORPEDO MAD,6,PRMCIGAR,PREMIUM CIGAR
TOSA001,OLIVA SAMPLER 6,6,PRMCIGAR,PREMIUM CIGAR
TOSA003,OLIVA MASTER BLEND SAMPLER,6,PRMCIGAR,PREMIUM CIGAR
TOSA045,OLIVA MELANIO SAMPLER 6,6,PRMCIGAR,PREMIUM CIGAR
TOVE030,SERIES V HAB MELANIO TORPEDO,6,PRMCIGAR,PREMIUM CIGAR
TOVE100,SERIES V HAB MELANIO TORO,6,PRMCIGAR,PREMIUM CIGAR
TOVX190,OLIVA 135TH ANNIVERSARY,6,PRMCIGAR,PREMIUM CIGAR
TREINTA,REINTA FIGURADO,6,PRMCIGAR,PREMIUM CIGAR
TRIUMPH 2021,TRIUMPH PACK SINGLE UNIT 3 CIG,6,PRMCIGAR,PREMIUM CIGAR
TUXBELLE,TATUAJE BELLE ENCRE TUXTLA,6,PRMCIGAR,PREMIUM CIGAR
TUXBON,TATUAJE BON CHASSEUR TUXLA,6,PRMCIGAR,PREMIUM CIGAR
VCUT,V CUT CIGAR CUTTER,5,NOVELTY,NOVELTY
VERTIGOBIGBOY,VERTIGO BIG BOY SET,5,NOVELTY,NOVELTY
VIKING,BJARNE VIKING PIPE,5,NOVELTY,NOVELTY
VILAZON,VILAZON LIGHTER/CUTTER,5,NOVELTY,NOVELTY
VMELAN,OLIVA V MELANIO MAD TORPEDO,6,PRMCIGAR,PREMIUM CIGAR
XIKAR,DIESEL STRATISPHERE,5,NOVELTY,NOVELTY
YAGUA1,YAGUA TORO,6,PRMCIGAR,PREMIUM CIGAR